time,open,high,low,close,tick_volume,spread,real_volume
2026.06.01 15:53:00,4470.47,4471.57,4470.44,4471.56,265,35,0
2026.06.01 15:54:00,4471.57,4472.1,4470.91,4471.06,249,35,0
2026.06.01 15:55:00,4471.04,4472.38,4471.01,4472.05,241,35,0
2026.06.01 15:56:00,4472.04,4474.77,4471.27,4474.53,302,35,0
2026.06.01 15:57:00,4474.53,4475.3,4473.68,4474.67,308,35,0
2026.06.01 15:58:00,4474.67,4474.67,4472.76,4473.57,293,35,0
2026.06.01 15:59:00,4473.65,4474.75,4473.28,4474.06,238,35,0
2026.06.01 16:00:00,4474.06,4478.37,4473.83,4477.0,329,35,0
2026.06.01 16:01:00,4476.99,4477.01,4473.58,4474.35,307,35,0
2026.06.01 16:02:00,4474.3,4474.65,4473.61,4474.14,249,35,0
2026.06.01 16:03:00,4474.33,4474.34,4472.46,4472.7,289,35,0
2026.06.01 16:04:00,4472.71,4474.07,4472.71,4473.21,230,35,0
2026.06.01 16:05:00,4473.23,4474.16,4472.93,4474.01,204,35,0
2026.06.01 16:06:00,4474.02,4474.16,4470.97,4471.46,278,35,0
2026.06.01 16:07:00,4471.46,4472.01,4470.82,4471.5,249,35,0
2026.06.01 16:08:00,4471.52,4471.84,4468.54,4468.92,279,35,0
2026.06.01 16:09:00,4468.9,4469.21,4468.28,4468.67,304,35,0
2026.06.01 16:10:00,4468.68,4468.74,4465.3,4466.4,344,35,0
2026.06.01 16:11:00,4466.4,4468.05,4465.12,4467.65,339,35,0
2026.06.01 16:12:00,4467.65,4467.89,4466.78,4467.87,276,35,0
2026.06.01 16:13:00,4467.86,4468.77,4467.67,4468.43,269,35,0
2026.06.01 16:14:00,4468.5,4468.5,4467.12,4467.12,249,35,0
2026.06.01 16:15:00,4467.03,4467.37,4466.1,4466.29,282,35,0
2026.06.01 16:16:00,4466.28,4466.72,4465.53,4465.53,258,35,0
2026.06.01 16:17:00,4465.55,4466.32,4463.63,4464.09,315,35,0
2026.06.01 16:18:00,4464.03,4464.57,4462.99,4463.84,285,35,0
2026.06.01 16:19:00,4463.85,4466.75,4463.83,4466.68,288,35,0
2026.06.01 16:20:00,4466.71,4467.17,4465.64,4466.05,287,35,0
2026.06.01 16:21:00,4466.03,4466.1,4465.2,4465.35,215,35,0
2026.06.01 16:22:00,4465.33,4465.74,4464.57,4465.36,265,35,0
2026.06.01 16:23:00,4465.36,4466.79,4465.18,4466.79,240,35,0
2026.06.01 16:24:00,4466.8,4468.7,4466.51,4468.17,249,35,0
2026.06.01 16:25:00,4468.16,4468.82,4467.74,4467.76,220,35,0
2026.06.01 16:26:00,4467.76,4468.27,4467.48,4467.74,243,35,0
2026.06.01 16:27:00,4467.73,4467.76,4466.75,4467.63,239,35,0
2026.06.01 16:28:00,4467.65,4467.76,4466.83,4466.92,236,35,0
2026.06.01 16:29:00,4466.94,4469.22,4466.69,4467.88,288,35,0
2026.06.01 16:30:00,4467.85,4470.92,4467.85,4469.11,329,35,0
2026.06.01 16:31:00,4469.15,4469.35,4468.27,4468.78,244,35,0
2026.06.01 16:32:00,4468.29,4470.82,4468.1,4469.72,247,35,0
2026.06.01 16:33:00,4469.72,4471.89,4469.19,4469.76,257,35,0
2026.06.01 16:34:00,4469.76,4469.76,4468.66,4469.35,253,35,0
2026.06.01 16:35:00,4469.34,4470.4,4468.16,4470.33,265,35,0
2026.06.01 16:36:00,4470.22,4471.01,4467.79,4467.89,266,35,0
2026.06.01 16:37:00,4467.95,4468.88,4467.78,4468.69,296,35,0
2026.06.01 16:38:00,4468.69,4469.47,4467.8,4469.41,250,35,0
2026.06.01 16:39:00,4469.34,4469.77,4468.55,4469.13,248,35,0
2026.06.01 16:40:00,4468.98,4469.9,4468.98,4469.13,235,35,0
2026.06.01 16:41:00,4469.13,4469.17,4467.71,4468.86,250,35,0
2026.06.01 16:42:00,4468.84,4469.96,4468.84,4469.39,236,35,0
2026.06.01 16:43:00,4469.5,4469.89,4468.43,4468.47,213,35,0
2026.06.01 16:44:00,4468.44,4468.86,4467.82,4467.96,185,35,0
2026.06.01 16:45:00,4467.98,4468.72,4467.36,4468.61,247,35,0
2026.06.01 16:46:00,4468.6,4469.06,4467.68,4468.95,227,35,0
2026.06.01 16:47:00,4468.89,4470.29,4468.65,4470.16,254,35,0
2026.06.01 16:48:00,4470.19,4471.44,4470.19,4471.2,261,35,0
2026.06.01 16:49:00,4471.22,4471.85,4470.56,4471.79,228,35,0
2026.06.01 16:50:00,4471.79,4473.58,4471.64,4472.44,308,35,0
2026.06.01 16:51:00,4472.44,4473.71,4472.15,4473.71,273,35,0
2026.06.01 16:52:00,4473.72,4476.35,4473.72,4476.29,349,35,0
2026.06.01 16:53:00,4476.05,4478.7,4476.05,4477.31,370,35,0
2026.06.01 16:54:00,4477.32,4480.66,4476.78,4479.76,350,35,0
2026.06.01 16:55:00,4479.81,4482.16,4478.83,4480.15,381,35,0
2026.06.01 16:56:00,4479.92,4481.27,4479.28,4480.36,333,35,0
2026.06.01 16:57:00,4480.33,4480.97,4478.49,4478.61,277,35,0
2026.06.01 16:58:00,4478.6,4479.56,4478.51,4479.22,273,35,0
2026.06.01 16:59:00,4479.14,4480.86,4479.03,4480.05,277,35,0
2026.06.01 17:00:00,4480.19,4480.84,4478.45,4479.68,333,35,0
2026.06.01 17:01:00,4479.67,4479.89,4476.86,4479.06,328,36,0
2026.06.01 17:02:00,4479.04,4479.86,4478.47,4479.19,293,43,0
2026.06.01 17:03:00,4479.15,4479.41,4475.49,4476.22,307,43,0
2026.06.01 17:04:00,4476.39,4477.3,4476.01,4476.19,298,43,0
2026.06.01 17:05:00,4476.2,4477.31,4475.65,4475.93,233,43,0
2026.06.01 17:06:00,4475.93,4476.28,4474.17,4474.2,253,43,0
2026.06.01 17:07:00,4474.21,4474.32,4472.51,4472.84,309,44,0
2026.06.01 17:08:00,4472.91,4473.38,4471.9,4472.56,296,43,0
2026.06.01 17:09:00,4472.43,4473.49,4471.37,4473.29,282,35,0
2026.06.01 17:10:00,4473.33,4474.75,4473.06,4474.33,261,43,0
2026.06.01 17:11:00,4474.35,4475.23,4474.23,4474.68,190,43,0
2026.06.01 17:12:00,4474.67,4475.25,4474.49,4475.01,186,43,0
2026.06.01 17:13:00,4475.02,4475.94,4474.91,4475.25,222,43,0
2026.06.01 17:14:00,4475.27,4475.5,4474.59,4474.88,210,43,0
2026.06.01 17:15:00,4474.87,4475.64,4474.46,4475.37,220,43,0
2026.06.01 17:16:00,4475.39,4475.51,4474.34,4474.4,203,43,0
2026.06.01 17:17:00,4474.42,4475.22,4473.98,4474.02,199,43,0
2026.06.01 17:18:00,4474.01,4474.13,4473.28,4473.8,214,43,0
2026.06.01 17:19:00,4473.83,4475.67,4473.82,4475.65,210,43,0
2026.06.01 17:20:00,4475.66,4475.93,4474.83,4475.81,200,35,0
2026.06.01 17:21:00,4475.82,4476.42,4475.79,4476.1,209,36,0
2026.06.01 17:22:00,4476.1,4476.5,4475.93,4476.29,205,38,0
2026.06.01 17:23:00,4476.3,4476.44,4475.32,4475.76,210,42,0
2026.06.01 17:24:00,4475.8,4476.46,4473.91,4475.0,251,42,0
2026.06.01 17:25:00,4474.99,4475.78,4474.54,4475.48,247,42,0
2026.06.01 17:26:00,4475.5,4476.76,4475.43,4476.51,222,42,0
2026.06.01 17:27:00,4476.64,4476.92,4476.1,4476.46,173,42,0
2026.06.01 17:28:00,4476.48,4476.54,4475.49,4475.71,191,42,0
2026.06.01 17:29:00,4475.76,4482.63,4472.18,4482.54,377,42,0
2026.06.01 17:30:00,4482.68,4485.38,4480.21,4484.05,460,35,0
2026.06.01 17:31:00,4484.05,4485.08,4482.61,4483.93,412,42,0
2026.06.01 17:32:00,4483.95,4484.31,4480.94,4481.68,332,42,0
2026.06.01 17:33:00,4481.74,4482.82,4481.16,4481.93,307,42,0
2026.06.01 17:34:00,4481.93,4482.04,4480.41,4481.15,318,42,0
2026.06.01 17:35:00,4481.16,4482.09,4480.46,4481.9,309,42,0
2026.06.01 17:36:00,4481.96,4483.04,4481.96,4482.34,285,42,0
2026.06.01 17:37:00,4482.41,4484.49,4482.29,4482.58,289,35,0
2026.06.01 17:38:00,4482.59,4483.17,4481.55,4482.25,287,43,0
2026.06.01 17:39:00,4482.24,4483.45,4481.96,4482.74,259,43,0
2026.06.01 17:40:00,4482.74,4485.21,4482.74,4484.61,299,43,0
2026.06.01 17:41:00,4484.62,4484.63,4483.31,4483.83,281,43,0
2026.06.01 17:42:00,4483.83,4484.72,4482.86,4484.64,265,43,0
2026.06.01 17:43:00,4484.62,4490.55,4483.82,4488.93,390,41,0
2026.06.01 17:44:00,4488.84,4491.32,4487.51,4491.3,387,43,0
2026.06.01 17:45:00,4491.31,4494.63,4491.21,4494.54,358,43,0
2026.06.01 17:46:00,4494.49,4495.47,4493.33,4495.09,320,35,0
2026.06.01 17:47:00,4494.98,4495.01,4493.98,4494.33,309,43,0
2026.06.01 17:48:00,4494.33,4494.51,4492.65,4493.32,287,35,0
2026.06.01 17:49:00,4493.32,4494.08,4491.12,4491.36,289,43,0
2026.06.01 17:50:00,4491.4,4491.69,4489.02,4491.69,301,43,0
2026.06.01 17:51:00,4491.77,4492.01,4490.54,4490.72,259,43,0
2026.06.01 17:52:00,4490.69,4490.98,4489.84,4490.29,252,43,0
2026.06.01 17:53:00,4490.29,4490.98,4489.48,4490.59,235,43,0
2026.06.01 17:54:00,4490.6,4491.44,4490.43,4491.27,255,43,0
2026.06.01 17:55:00,4491.28,4491.52,4490.82,4490.91,234,43,0
2026.06.01 17:56:00,4490.92,4491.0,4489.66,4490.36,222,43,0
2026.06.01 17:57:00,4490.37,4490.45,4488.93,4488.93,228,43,0
2026.06.01 17:58:00,4488.99,4489.04,4487.34,4487.52,258,43,0
2026.06.01 17:59:00,4487.53,4488.41,4487.38,4487.42,218,43,0
2026.06.01 18:00:00,4487.48,4488.24,4486.94,4487.66,215,43,0
2026.06.01 18:01:00,4487.66,4487.99,4486.76,4487.52,234,43,0
2026.06.01 18:02:00,4487.56,4488.38,4487.22,4487.25,198,43,0
2026.06.01 18:03:00,4487.25,4487.29,4486.24,4486.62,208,43,0
2026.06.01 18:04:00,4486.62,4486.94,4486.21,4486.7,216,35,0
2026.06.01 18:05:00,4486.74,4488.13,4486.6,4487.5,195,43,0
2026.06.01 18:06:00,4487.5,4488.44,4487.5,4488.15,195,43,0
2026.06.01 18:07:00,4488.15,4488.27,4487.43,4488.17,204,43,0
2026.06.01 18:08:00,4488.17,4488.4,4487.72,4488.05,164,43,0
2026.06.01 18:09:00,4488.03,4490.09,4487.72,4489.7,217,43,0
2026.06.01 18:10:00,4489.7,4489.89,4489.12,4489.17,158,43,0
2026.06.01 18:11:00,4489.17,4489.41,4488.11,4488.12,177,43,0
2026.06.01 18:12:00,4488.12,4488.86,4488.0,4488.82,163,43,0
2026.06.01 18:13:00,4488.82,4489.27,4487.97,4488.21,177,43,0
2026.06.01 18:14:00,4488.2,4488.62,4488.2,4488.45,138,43,0
2026.06.01 18:15:00,4488.45,4488.61,4486.91,4486.91,198,43,0
2026.06.01 18:16:00,4486.91,4487.52,4486.61,4486.9,186,43,0
2026.06.01 18:17:00,4486.91,4487.48,4486.7,4487.34,180,43,0
2026.06.01 18:18:00,4487.34,4488.01,4487.25,4487.88,143,43,0
2026.06.01 18:19:00,4487.88,4489.22,4487.88,4489.1,186,43,0
2026.06.01 18:20:00,4489.11,4489.93,4488.69,4489.92,167,43,0
2026.06.01 18:21:00,4489.91,4489.96,4489.4,4489.67,153,43,0
2026.06.01 18:22:00,4489.68,4489.86,4488.7,4488.97,174,43,0
2026.06.01 18:23:00,4488.97,4488.98,4488.45,4488.48,140,43,0
2026.06.01 18:24:00,4488.48,4489.1,4488.48,4489.1,147,43,0
2026.06.01 18:25:00,4489.09,4489.11,4488.2,4488.56,174,43,0
2026.06.01 18:26:00,4488.55,4488.55,4487.76,4488.31,160,43,0
2026.06.01 18:27:00,4488.31,4489.23,4487.54,4487.91,234,43,0
2026.06.01 18:28:00,4487.91,4488.26,4486.28,4486.32,185,43,0
2026.06.01 18:29:00,4486.43,4487.15,4486.42,4486.57,212,43,0
2026.06.01 18:30:00,4486.78,4487.16,4485.14,4485.54,192,43,0
2026.06.01 18:31:00,4485.54,4485.8,4484.77,4485.13,187,43,0
2026.06.01 18:32:00,4485.12,4485.81,4484.99,4485.45,158,43,0
2026.06.01 18:33:00,4485.45,4486.66,4485.03,4486.05,138,43,0
2026.06.01 18:34:00,4486.03,4486.38,4485.74,4485.97,149,43,0
2026.06.01 18:35:00,4485.98,4486.23,4485.84,4486.06,148,43,0
2026.06.01 18:36:00,4486.06,4487.16,4485.87,4487.13,133,43,0
2026.06.01 18:37:00,4487.12,4487.12,4486.45,4486.47,128,43,0
2026.06.01 18:38:00,4486.45,4486.75,4486.22,4486.39,130,43,0
2026.06.01 18:39:00,4486.4,4486.5,4485.68,4486.01,137,43,0
2026.06.01 18:40:00,4486.0,4486.57,4486.0,4486.25,149,43,0
2026.06.01 18:41:00,4486.26,4487.6,4485.73,4487.6,181,43,0
2026.06.01 18:42:00,4487.6,4488.15,4486.96,4487.14,163,43,0
2026.06.01 18:43:00,4487.13,4487.57,4487.13,4487.4,120,43,0
2026.06.01 18:44:00,4487.38,4488.16,4486.88,4487.95,138,43,0
2026.06.01 18:45:00,4487.89,4488.13,4487.67,4487.74,122,43,0
2026.06.01 18:46:00,4487.63,4488.22,4487.44,4488.04,142,43,0
2026.06.01 18:47:00,4488.04,4488.46,4487.79,4488.15,154,43,0
2026.06.01 18:48:00,4488.15,4488.29,4487.76,4487.85,138,43,0
2026.06.01 18:49:00,4487.9,4488.5,4487.86,4488.45,124,43,0
2026.06.01 18:50:00,4488.46,4488.46,4487.41,4487.7,177,43,0
2026.06.01 18:51:00,4487.63,4487.76,4487.23,4487.63,151,43,0
2026.06.01 18:52:00,4487.81,4488.07,4487.19,4487.31,162,43,0
2026.06.01 18:53:00,4487.28,4488.19,4487.28,4487.55,154,43,0
2026.06.01 18:54:00,4487.56,4487.69,4487.05,4487.08,136,43,0
2026.06.01 18:55:00,4487.05,4487.44,4486.92,4487.32,126,43,0
2026.06.01 18:56:00,4487.3,4488.27,4487.3,4488.13,166,43,0
2026.06.01 18:57:00,4488.06,4488.51,4487.83,4488.14,160,43,0
2026.06.01 18:58:00,4488.05,4488.18,4486.83,4487.02,170,43,0
2026.06.01 18:59:00,4487.03,4487.16,4486.45,4486.58,198,43,0
2026.06.01 19:00:00,4486.59,4487.66,4485.11,4485.44,255,36,0
2026.06.01 19:01:00,4485.27,4487.92,4485.27,4487.31,152,43,0
2026.06.01 19:02:00,4487.29,4487.65,4486.3,4487.29,199,43,0
2026.06.01 19:03:00,4487.31,4487.62,4487.02,4487.3,182,43,0
2026.06.01 19:04:00,4487.27,4488.13,4487.12,4487.74,169,35,0
2026.06.01 19:05:00,4487.69,4487.89,4486.92,4487.75,137,43,0
2026.06.01 19:06:00,4487.9,4488.03,4487.39,4487.49,117,43,0
2026.06.01 19:07:00,4487.48,4487.52,4485.21,4486.66,124,43,0
2026.06.01 19:08:00,4486.29,4486.94,4485.45,4485.9,168,43,0
2026.06.01 19:09:00,4485.91,4485.91,4484.62,4485.13,174,42,0
2026.06.01 19:10:00,4485.14,4486.15,4485.14,4485.95,192,43,0
2026.06.01 19:11:00,4485.95,4486.47,4485.67,4486.36,164,43,0
2026.06.01 19:12:00,4486.29,4486.66,4485.66,4486.56,159,43,0
2026.06.01 19:13:00,4486.5,4487.12,4486.09,4486.35,151,43,0
2026.06.01 19:14:00,4486.36,4486.36,4485.2,4485.31,164,43,0
2026.06.01 19:15:00,4485.31,4485.69,4485.06,4485.32,173,43,0
2026.06.01 19:16:00,4485.29,4485.32,4484.56,4484.82,178,43,0
2026.06.01 19:17:00,4484.82,4485.77,4484.79,4485.54,183,43,0
2026.06.01 19:18:00,4485.51,4486.39,4485.45,4486.16,143,43,0
2026.06.01 19:19:00,4486.15,4486.37,4485.63,4485.76,129,43,0
2026.06.01 19:20:00,4485.75,4486.4,4485.45,4485.89,156,43,0
2026.06.01 19:21:00,4485.89,4486.42,4485.65,4485.75,172,43,0
2026.06.01 19:22:00,4485.74,4485.85,4484.96,4485.3,179,43,0
2026.06.01 19:23:00,4485.35,4485.53,4485.03,4485.34,161,43,0
2026.06.01 19:24:00,4485.34,4485.81,4485.05,4485.64,182,43,0
2026.06.01 19:25:00,4485.63,4485.69,4484.96,4485.46,141,43,0
2026.06.01 19:26:00,4485.47,4485.66,4485.33,4485.57,141,43,0
2026.06.01 19:27:00,4485.57,4486.19,4485.23,4485.34,155,43,0
2026.06.01 19:28:00,4485.34,4485.51,4485.26,4485.34,114,43,0
2026.06.01 19:29:00,4485.34,4485.34,4484.26,4484.64,216,43,0
2026.06.01 19:30:00,4484.64,4485.54,4484.52,4485.19,171,43,0
2026.06.01 19:31:00,4485.19,4485.69,4483.48,4483.64,197,43,0
2026.06.01 19:32:00,4483.73,4484.6,4483.56,4483.67,182,43,0
2026.06.01 19:33:00,4483.68,4484.13,4483.61,4483.7,176,43,0
2026.06.01 19:34:00,4483.69,4483.93,4483.49,4483.74,122,43,0
2026.06.01 19:35:00,4483.74,4484.26,4482.93,4484.01,238,43,0
2026.06.01 19:36:00,4483.99,4484.29,4483.31,4484.08,175,43,0
2026.06.01 19:37:00,4484.03,4484.33,4483.15,4483.9,197,43,0
2026.06.01 19:38:00,4483.86,4485.21,4483.78,4485.18,188,43,0
2026.06.01 19:39:00,4485.14,4485.42,4484.34,4484.38,168,43,0
2026.06.01 19:40:00,4484.35,4484.85,4483.57,4484.85,164,43,0
2026.06.01 19:41:00,4484.89,4485.35,4484.39,4484.44,200,43,0
2026.06.01 19:42:00,4484.42,4484.69,4483.72,4483.88,187,43,0
2026.06.01 19:43:00,4483.89,4484.21,4483.68,4484.07,147,43,0
2026.06.01 19:44:00,4484.1,4484.16,4483.23,4483.52,186,43,0
2026.06.01 19:45:00,4483.51,4483.76,4482.73,4482.93,230,43,0
2026.06.01 19:46:00,4482.92,4483.68,4482.92,4483.31,155,43,0
2026.06.01 19:47:00,4483.31,4483.8,4483.26,4483.6,140,43,0
2026.06.01 19:48:00,4483.6,4484.28,4483.49,4483.62,198,43,0
2026.06.01 19:49:00,4483.62,4483.71,4483.11,4483.53,212,43,0
2026.06.01 19:50:00,4483.64,4483.64,4481.47,4481.84,248,43,0
2026.06.01 19:51:00,4481.97,4482.65,4481.94,4482.22,233,43,0
2026.06.01 19:52:00,4482.22,4482.47,4479.7,4480.02,260,43,0
2026.06.01 19:53:00,4480.03,4480.5,4479.8,4479.97,237,43,0
2026.06.01 19:54:00,4479.98,4480.65,4479.87,4480.02,204,43,0
2026.06.01 19:55:00,4480.05,4480.87,4479.79,4480.52,218,43,0
2026.06.01 19:56:00,4480.53,4481.03,4480.16,4480.3,215,43,0
2026.06.01 19:57:00,4480.31,4480.41,4478.91,4479.05,276,43,0
2026.06.01 19:58:00,4479.05,4480.99,4479.05,4480.43,233,43,0
2026.06.01 19:59:00,4480.73,4481.35,4479.92,4481.32,252,43,0
2026.06.01 20:00:00,4481.32,4481.55,4480.08,4481.16,172,43,0
2026.06.01 20:01:00,4481.16,4482.6,4481.16,4482.21,141,43,0
2026.06.01 20:02:00,4482.16,4483.64,4481.7,4483.0,165,43,0
2026.06.01 20:03:00,4483.0,4483.54,4482.08,4483.27,142,43,0
2026.06.01 20:04:00,4483.27,4483.72,4482.71,4482.71,115,35,0
2026.06.01 20:05:00,4482.67,4484.18,4482.35,4483.87,124,40,0
2026.06.01 20:06:00,4483.87,4484.1,4482.69,4483.43,133,43,0
2026.06.01 20:07:00,4483.45,4483.61,4482.67,4483.51,118,43,0
2026.06.01 20:08:00,4483.51,4483.9,4483.04,4483.1,105,43,0
2026.06.01 20:09:00,4483.11,4483.33,4482.82,4483.33,112,43,0
2026.06.01 20:10:00,4483.29,4483.29,4482.3,4482.77,104,43,0
2026.06.01 20:11:00,4482.77,4483.39,4482.77,4483.21,115,43,0
2026.06.01 20:12:00,4483.19,4483.86,4483.15,4483.86,114,43,0
2026.06.01 20:13:00,4483.84,4483.86,4483.16,4483.25,101,43,0
2026.06.01 20:14:00,4483.27,4483.47,4482.79,4483.33,97,43,0
2026.06.01 20:15:00,4483.39,4484.24,4483.01,4483.65,136,43,0
2026.06.01 20:16:00,4483.63,4483.66,4483.15,4483.42,84,43,0
2026.06.01 20:17:00,4483.39,4483.81,4483.28,4483.65,65,43,0
2026.06.01 20:18:00,4483.67,4483.67,4483.32,4483.47,48,43,0
2026.06.01 20:19:00,4483.49,4483.49,4482.82,4482.85,70,43,0
2026.06.01 20:20:00,4482.83,4483.1,4482.56,4482.86,70,43,0
2026.06.01 20:21:00,4482.86,4482.86,4482.09,4482.75,88,43,0
2026.06.01 20:22:00,4482.55,4482.92,4482.34,4482.86,65,43,0
2026.06.01 20:23:00,4482.86,4483.14,4482.03,4482.41,89,43,0
2026.06.01 20:24:00,4482.43,4482.63,4482.03,4482.44,56,43,0
2026.06.01 20:25:00,4482.45,4483.13,4482.32,4483.1,58,43,0
2026.06.01 20:26:00,4483.21,4483.24,4482.7,4483.1,89,43,0
2026.06.01 20:27:00,4483.18,4483.57,4482.83,4482.95,86,43,0
2026.06.01 20:28:00,4482.95,4483.0,4482.77,4482.84,51,43,0
2026.06.01 20:29:00,4482.84,4483.38,4482.83,4483.04,84,43,0
2026.06.01 20:30:00,4483.07,4483.11,4481.92,4482.1,98,43,0
2026.06.01 20:31:00,4482.13,4483.12,4482.09,4483.12,75,43,0
2026.06.01 20:32:00,4483.14,4483.49,4482.87,4483.49,62,43,0
2026.06.01 20:33:00,4483.72,4484.58,4483.72,4484.48,104,43,0
2026.06.01 20:34:00,4484.36,4484.47,4484.09,4484.45,72,43,0
2026.06.01 20:35:00,4484.46,4484.56,4483.71,4483.82,105,42,0
2026.06.01 20:36:00,4483.82,4484.44,4482.95,4483.01,113,42,0
2026.06.01 20:37:00,4483.08,4483.7,4483.02,4483.47,87,42,0
2026.06.01 20:38:00,4483.44,4483.83,4483.4,4483.62,57,42,0
2026.06.01 20:39:00,4483.62,4483.96,4483.52,4483.93,81,43,0
2026.06.01 20:40:00,4483.93,4484.6,4483.47,4483.52,139,43,0
2026.06.01 20:41:00,4483.41,4483.69,4483.17,4483.29,105,43,0
2026.06.01 20:42:00,4483.29,4483.84,4483.1,4483.24,117,43,0
2026.06.01 20:43:00,4483.24,4483.24,4482.35,4482.69,80,35,0
2026.06.01 20:44:00,4482.63,4483.01,4482.18,4482.33,88,42,0
2026.06.01 20:45:00,4482.15,4482.55,4481.22,4481.23,142,42,0
2026.06.01 20:46:00,4481.23,4482.23,4481.17,4482.17,113,42,0
2026.06.01 20:47:00,4482.18,4482.64,4482.06,4482.11,99,42,0
2026.06.01 20:48:00,4482.12,4483.25,4482.05,4483.16,95,42,0
2026.06.01 20:49:00,4483.16,4483.91,4483.04,4483.81,73,42,0
2026.06.01 20:50:00,4483.82,4484.06,4482.55,4482.84,89,42,0
2026.06.01 20:51:00,4482.84,4483.04,4482.5,4482.79,83,42,0
2026.06.01 20:52:00,4482.78,4482.86,4482.53,4482.74,60,42,0
2026.06.01 20:53:00,4482.75,4483.04,4482.49,4482.62,52,42,0
2026.06.01 20:54:00,4482.62,4483.14,4482.25,4483.04,69,42,0
2026.06.01 20:55:00,4483.0,4485.83,4482.69,4484.32,172,42,0
2026.06.01 20:56:00,4484.3,4484.54,4483.55,4483.55,86,42,0
2026.06.01 20:57:00,4483.55,4484.01,4483.55,4483.89,46,42,0
2026.06.01 20:58:00,4483.9,4484.66,4483.62,4484.66,57,42,0
2026.06.01 22:01:00,4486.08,4486.18,4483.69,4483.89,112,44,0
2026.06.01 22:02:00,4483.93,4484.11,4483.45,4484.11,69,43,0
2026.06.01 22:03:00,4483.91,4484.98,4482.57,4484.98,147,44,0
2026.06.01 22:04:00,4484.92,4484.92,4483.19,4483.19,75,43,0
2026.06.01 22:05:00,4483.17,4483.66,4482.56,4483.66,81,43,0
2026.06.01 22:06:00,4483.6,4483.6,4482.47,4482.85,60,43,0
2026.06.01 22:07:00,4482.86,4482.95,4481.9,4482.69,105,43,0
2026.06.01 22:08:00,4482.69,4483.6,4482.26,4482.49,90,43,0
2026.06.01 22:09:00,4482.49,4483.2,4481.81,4482.51,66,43,0
2026.06.01 22:10:00,4482.52,4482.84,4482.06,4482.39,96,43,0
2026.06.01 22:11:00,4482.42,4483.27,4482.24,4483.17,84,43,0
2026.06.01 22:12:00,4483.2,4484.11,4483.2,4483.81,88,43,0
2026.06.01 22:13:00,4483.81,4484.73,4483.61,4484.44,87,43,0
2026.06.01 22:14:00,4484.35,4484.63,4484.21,4484.63,57,43,0
2026.06.01 22:15:00,4484.54,4484.6,4483.85,4484.21,75,43,0
2026.06.01 22:16:00,4484.22,4484.62,4483.8,4484.55,65,43,0
2026.06.01 22:17:00,4484.55,4485.26,4484.5,4484.99,123,43,0
2026.06.01 22:18:00,4484.96,4485.14,4483.9,4484.46,90,43,0
2026.06.01 22:19:00,4484.43,4484.43,4483.86,4484.11,101,35,0
2026.06.01 22:20:00,4484.19,4484.7,4482.28,4482.63,185,35,0
2026.06.01 22:21:00,4482.64,4482.68,4481.88,4481.88,201,35,0
2026.06.01 22:22:00,4481.88,4482.48,4481.63,4482.4,133,43,0
2026.06.01 22:23:00,4482.41,4482.99,4481.97,4481.97,111,43,0
2026.06.01 22:24:00,4481.99,4482.88,4481.99,4482.65,69,37,0
2026.06.01 22:25:00,4482.64,4483.96,4482.57,4483.25,110,43,0
2026.06.01 22:26:00,4483.29,4483.48,4482.46,4482.53,112,43,0
2026.06.01 22:27:00,4482.51,4482.54,4481.59,4482.28,80,43,0
2026.06.01 22:28:00,4482.35,4482.41,4481.84,4482.4,86,43,0
2026.06.01 22:29:00,4482.38,4482.38,4481.33,4481.49,110,43,0
2026.06.01 22:30:00,4481.42,4482.32,4481.37,4482.28,67,43,0
2026.06.01 22:31:00,4482.34,4482.97,4482.24,4482.61,66,43,0
2026.06.01 22:32:00,4482.64,4483.18,4482.61,4483.02,46,43,0
2026.06.01 22:33:00,4482.99,4483.43,4482.78,4483.13,62,43,0
2026.06.01 22:34:00,4483.13,4483.14,4481.24,4481.29,95,43,0
2026.06.01 22:35:00,4481.24,4482.4,4480.56,4480.75,143,43,0
2026.06.01 22:36:00,4480.1,4481.66,4479.62,4481.33,102,43,0
2026.06.01 22:37:00,4481.32,4482.36,4481.26,4481.65,69,43,0
2026.06.01 22:38:00,4481.65,4482.32,4481.37,4481.94,98,43,0
2026.06.01 22:39:00,4481.93,4482.81,4481.85,4482.71,99,43,0
2026.06.01 22:40:00,4482.71,4483.44,4481.55,4482.23,137,43,0
2026.06.01 22:41:00,4482.22,4483.14,4482.14,4483.02,65,43,0
2026.06.01 22:42:00,4483.01,4483.03,4481.47,4481.84,101,43,0
2026.06.01 22:43:00,4481.84,4482.31,4481.79,4482.31,38,43,0
2026.06.01 22:44:00,4482.32,4482.47,4480.87,4481.4,83,43,0
2026.06.01 22:45:00,4481.4,4481.97,4481.38,4481.91,72,43,0
2026.06.01 22:46:00,4481.91,4482.72,4481.81,4482.62,42,43,0
2026.06.01 22:47:00,4482.61,4484.95,4482.47,4484.7,152,35,0
2026.06.01 22:48:00,4484.58,4485.59,4484.58,4485.25,85,43,0
2026.06.01 22:49:00,4485.24,4485.24,4484.01,4484.11,69,43,0
2026.06.01 22:50:00,4484.12,4484.16,4483.38,4483.98,73,43,0
2026.06.01 22:51:00,4483.94,4484.1,4483.64,4483.96,66,43,0
2026.06.01 22:52:00,4484.03,4484.09,4483.61,4483.64,35,43,0
2026.06.01 22:53:00,4483.63,4483.89,4483.46,4483.51,46,43,0
2026.06.01 22:54:00,4483.47,4484.7,4483.47,4483.82,77,43,0
2026.06.01 22:55:00,4483.79,4485.0,4483.76,4484.89,79,43,0
2026.06.01 22:56:00,4484.9,4485.5,4484.49,4485.49,100,43,0
2026.06.01 22:57:00,4485.6,4485.79,4484.33,4485.4,111,43,0
2026.06.01 22:58:00,4485.58,4485.6,4484.46,4485.05,112,43,0
2026.06.01 22:59:00,4485.08,4486.54,4483.96,4485.52,153,43,0
2026.06.01 23:00:00,4485.39,4486.32,4481.86,4484.68,206,37,0
2026.06.01 23:01:00,4484.93,4485.01,4482.92,4483.62,134,43,0
2026.06.01 23:02:00,4483.7,4485.26,4483.46,4485.25,93,43,0
2026.06.01 23:03:00,4485.28,4487.71,4485.2,4487.0,176,35,0
2026.06.01 23:04:00,4486.9,4487.08,4485.99,4486.21,95,43,0
2026.06.01 23:05:00,4486.23,4486.29,4485.84,4486.09,94,43,0
2026.06.01 23:06:00,4486.08,4486.13,4485.81,4486.0,93,43,0
2026.06.01 23:07:00,4485.99,4485.99,4485.72,4485.97,41,43,0
2026.06.01 23:08:00,4485.99,4486.21,4485.59,4485.72,37,43,0
2026.06.01 23:09:00,4485.39,4485.5,4484.73,4485.13,60,43,0
2026.06.01 23:10:00,4485.21,4485.82,4485.14,4485.47,86,43,0
2026.06.01 23:11:00,4485.57,4486.29,4485.57,4486.24,77,43,0
2026.06.01 23:12:00,4486.17,4486.4,4485.07,4485.34,91,43,0
2026.06.01 23:13:00,4485.44,4485.8,4485.25,4485.8,75,43,0
2026.06.01 23:14:00,4485.8,4486.16,4485.7,4486.07,73,43,0
2026.06.01 23:15:00,4486.05,4487.98,4485.96,4487.71,113,43,0
2026.06.01 23:16:00,4487.74,4487.94,4487.4,4487.5,79,35,0
2026.06.01 23:17:00,4487.51,4487.81,4486.44,4486.69,72,43,0
2026.06.01 23:18:00,4486.69,4486.76,4485.89,4486.57,74,43,0
2026.06.01 23:19:00,4486.57,4486.81,4486.44,4486.49,58,43,0
2026.06.01 23:20:00,4486.38,4486.7,4485.99,4486.62,56,43,0
2026.06.01 23:21:00,4486.63,4486.68,4486.03,4486.19,46,43,0
2026.06.01 23:22:00,4486.19,4486.19,4485.5,4485.53,97,43,0
2026.06.01 23:23:00,4485.55,4487.46,4485.36,4487.16,82,43,0
2026.06.01 23:24:00,4487.16,4487.64,4487.05,4487.62,55,43,0
2026.06.01 23:25:00,4487.62,4487.96,4487.44,4487.6,87,43,0
2026.06.01 23:26:00,4487.6,4488.17,4487.56,4487.79,58,43,0
2026.06.01 23:27:00,4487.79,4488.15,4487.68,4488.09,67,43,0
2026.06.01 23:28:00,4488.11,4488.11,4487.51,4487.55,68,43,0
2026.06.01 23:29:00,4487.54,4487.6,4487.06,4487.17,74,43,0
2026.06.01 23:30:00,4487.17,4487.43,4486.49,4486.73,125,43,0
2026.06.01 23:31:00,4486.74,4486.76,4484.83,4485.41,146,43,0
2026.06.01 23:32:00,4485.43,4485.74,4485.34,4485.47,84,43,0
2026.06.01 23:33:00,4485.48,4485.98,4485.08,4485.82,129,43,0
2026.06.01 23:34:00,4485.81,4485.81,4484.49,4484.64,106,43,0
2026.06.01 23:35:00,4484.63,4485.11,4482.18,4482.18,157,43,0
2026.06.01 23:36:00,4482.18,4483.02,4481.87,4482.18,174,43,0
2026.06.01 23:37:00,4482.18,4482.25,4480.43,4481.8,148,43,0
2026.06.01 23:38:00,4481.84,4484.07,4481.84,4483.82,150,43,0
2026.06.01 23:39:00,4483.83,4485.53,4483.18,4484.5,137,43,0
2026.06.01 23:40:00,4484.49,4485.1,4483.66,4484.95,179,43,0
2026.06.01 23:41:00,4484.93,4486.3,4484.91,4486.25,158,43,0
2026.06.01 23:42:00,4486.23,4486.72,4485.61,4486.08,152,43,0
2026.06.01 23:43:00,4486.08,4486.54,4485.07,4485.29,131,43,0
2026.06.01 23:44:00,4485.22,4485.25,4483.22,4483.37,157,39,0
2026.06.01 23:45:00,4483.36,4483.44,4480.73,4481.51,225,43,0
2026.06.01 23:46:00,4481.55,4483.31,4481.45,4483.25,180,42,0
2026.06.01 23:47:00,4483.24,4483.24,4481.46,4482.28,189,42,0
2026.06.01 23:48:00,4482.29,4482.69,4481.61,4482.0,129,42,0
2026.06.01 23:49:00,4481.98,4481.98,4479.45,4480.89,246,42,0
2026.06.01 23:50:00,4480.88,4482.6,4480.78,4482.4,172,43,0
2026.06.01 23:51:00,4482.35,4484.11,4482.32,4482.99,171,43,0
2026.06.01 23:52:00,4482.99,4483.99,4482.99,4483.41,140,43,0
2026.06.01 23:53:00,4483.42,4484.03,4483.24,4483.57,100,43,0
2026.06.01 23:54:00,4483.55,4484.82,4483.55,4484.68,164,36,0
2026.06.01 23:55:00,4484.67,4485.14,4484.4,4485.05,148,35,0
2026.06.01 23:56:00,4485.25,4485.32,4483.91,4484.05,128,43,0
2026.06.01 23:57:00,4484.06,4484.43,4484.03,4484.36,97,43,0
2026.06.01 23:58:00,4484.18,4484.92,4484.01,4484.83,95,43,0
2026.06.01 23:59:00,4484.9,4485.81,4484.27,4484.27,146,43,0
2026.06.02 00:00:00,4484.45,4485.01,4481.33,4484.24,280,43,0
2026.06.02 00:01:00,4483.99,4484.37,4482.17,4482.78,219,43,0
2026.06.02 00:02:00,4482.71,4483.19,4481.7,4482.11,203,43,0
2026.06.02 00:03:00,4482.11,4483.29,4481.51,4482.57,215,43,0
2026.06.02 00:04:00,4482.56,4485.06,4482.55,4484.45,248,43,0
2026.06.02 00:05:00,4484.43,4485.13,4480.36,4481.39,257,43,0
2026.06.02 00:06:00,4481.4,4481.56,4478.01,4479.0,276,43,0
2026.06.02 00:07:00,4479.0,4479.48,4478.31,4478.96,302,43,0
2026.06.02 00:08:00,4478.95,4478.95,4476.55,4477.27,299,43,0
2026.06.02 00:09:00,4477.27,4478.45,4476.61,4478.33,340,43,0
2026.06.02 00:10:00,4478.36,4480.44,4478.05,4478.27,321,43,0
2026.06.02 00:11:00,4478.29,4479.86,4478.29,4479.17,278,43,0
2026.06.02 00:12:00,4478.89,4479.96,4478.54,4478.73,257,43,0
2026.06.02 00:13:00,4478.69,4481.4,4478.4,4480.7,278,43,0
2026.06.02 00:14:00,4480.72,4481.5,4480.15,4481.12,220,43,0
2026.06.02 00:15:00,4481.0,4485.03,4480.9,4484.63,328,35,0
2026.06.02 00:16:00,4484.63,4484.95,4483.55,4484.04,281,43,0
2026.06.02 00:17:00,4484.05,4484.19,4483.19,4483.45,251,43,0
2026.06.02 00:18:00,4483.45,4483.93,4481.93,4482.41,261,43,0
2026.06.02 00:19:00,4482.44,4485.43,4482.39,4485.04,274,43,0
2026.06.02 00:20:00,4485.04,4485.3,4484.05,4484.87,197,43,0
2026.06.02 00:21:00,4484.94,4489.1,4484.81,4488.61,296,43,0
2026.06.02 00:22:00,4488.6,4489.42,4487.96,4488.87,243,43,0
2026.06.02 00:23:00,4488.87,4489.32,4487.49,4487.66,233,43,0
2026.06.02 00:24:00,4487.65,4489.52,4487.17,4489.49,236,43,0
2026.06.02 00:25:00,4489.43,4490.48,4488.51,4490.2,276,42,0
2026.06.02 00:26:00,4490.42,4492.21,4489.34,4490.09,274,42,0
2026.06.02 00:27:00,4489.86,4492.34,4489.65,4492.24,223,42,0
2026.06.02 00:28:00,4492.25,4492.25,4490.88,4491.95,189,42,0
2026.06.02 00:29:00,4491.92,4493.7,4491.63,4493.69,239,42,0
2026.06.02 00:30:00,4493.74,4494.36,4492.56,4494.34,253,42,0
2026.06.02 00:31:00,4494.36,4494.48,4492.5,4494.22,212,42,0
2026.06.02 00:32:00,4494.13,4497.0,4493.92,4495.1,284,43,0
2026.06.02 00:33:00,4495.15,4495.15,4491.68,4492.09,282,43,0
2026.06.02 00:34:00,4492.14,4492.93,4488.74,4489.24,266,43,0
2026.06.02 00:35:00,4489.3,4490.35,4488.7,4489.98,273,43,0
2026.06.02 00:36:00,4489.95,4491.39,4489.66,4489.7,221,43,0
2026.06.02 00:37:00,4489.67,4489.67,4488.69,4489.07,196,43,0
2026.06.02 00:38:00,4489.06,4490.32,4488.38,4489.94,232,43,0
2026.06.02 00:39:00,4489.94,4490.14,4488.62,4489.05,209,43,0
2026.06.02 00:40:00,4489.05,4489.25,4487.87,4489.12,211,43,0
2026.06.02 00:41:00,4489.13,4489.34,4488.29,4488.69,199,43,0
2026.06.02 00:42:00,4488.69,4488.69,4484.87,4486.55,263,43,0
2026.06.02 00:43:00,4486.7,4487.68,4485.8,4485.88,261,43,0
2026.06.02 00:44:00,4485.88,4487.03,4485.8,4487.0,217,43,0
2026.06.02 00:45:00,4486.96,4487.13,4485.94,4487.13,227,43,0
2026.06.02 00:46:00,4487.09,4487.71,4486.66,4487.09,223,43,0
2026.06.02 00:47:00,4487.07,4487.23,4485.46,4486.42,192,43,0
2026.06.02 00:48:00,4486.37,4486.42,4484.69,4484.92,203,43,0
2026.06.02 00:49:00,4484.92,4485.19,4480.66,4481.4,288,43,0
2026.06.02 00:50:00,4481.37,4483.06,4481.25,4482.36,253,43,0
2026.06.02 00:51:00,4482.35,4483.86,4482.35,4483.44,254,43,0
2026.06.02 00:52:00,4483.27,4483.27,4481.67,4482.59,238,43,0
2026.06.02 00:53:00,4482.73,4483.28,4482.27,4482.75,215,43,0
2026.06.02 00:54:00,4482.71,4483.01,4481.4,4481.59,244,43,0
2026.06.02 00:55:00,4481.55,4481.61,4480.94,4481.46,231,43,0
2026.06.02 00:56:00,4481.51,4482.64,4481.3,4482.21,206,43,0
2026.06.02 00:57:00,4482.28,4484.07,4481.83,4482.2,231,43,0
2026.06.02 00:58:00,4482.19,4482.99,4481.73,4482.63,219,43,0
2026.06.02 00:59:00,4482.68,4483.05,4480.64,4481.48,284,42,0
2026.06.02 01:00:00,4481.31,4482.99,4478.56,4478.74,391,42,0
2026.06.02 01:01:00,4478.82,4478.87,4473.8,4477.92,397,41,0
2026.06.02 01:02:00,4477.92,4480.43,4475.63,4478.96,355,35,0
2026.06.02 01:03:00,4479.04,4486.89,4478.86,4482.81,397,42,0
2026.06.02 01:04:00,4482.82,4483.78,4481.03,4481.53,350,42,0
2026.06.02 01:05:00,4481.49,4485.74,4481.23,4482.54,335,43,0
2026.06.02 01:06:00,4482.59,4484.21,4482.36,4483.84,285,42,0
2026.06.02 01:07:00,4483.87,4485.79,4483.01,4484.2,320,42,0
2026.06.02 01:08:00,4484.21,4484.28,4481.53,4482.37,317,42,0
2026.06.02 01:09:00,4482.38,4482.39,4478.96,4479.46,361,42,0
2026.06.02 01:10:00,4479.49,4480.87,4478.87,4479.17,327,43,0
2026.06.02 01:11:00,4479.18,4481.16,4479.04,4480.81,269,42,0
2026.06.02 01:12:00,4480.89,4488.2,4480.89,4487.51,404,43,0
2026.06.02 01:13:00,4487.51,4490.28,4486.91,4489.96,384,43,0
2026.06.02 01:14:00,4489.95,4491.87,4488.94,4489.8,375,43,0
2026.06.02 01:15:00,4489.79,4489.97,4483.28,4483.9,353,38,0
2026.06.02 01:16:00,4483.96,4484.6,4481.95,4484.51,364,44,0
2026.06.02 01:17:00,4484.24,4485.08,4481.82,4481.82,328,43,0
2026.06.02 01:18:00,4481.73,4484.03,4481.56,4482.32,320,42,0
2026.06.02 01:19:00,4482.24,4486.85,4482.24,4485.92,363,43,0
2026.06.02 01:20:00,4485.94,4486.76,4484.86,4486.24,328,43,0
2026.06.02 01:21:00,4486.23,4487.71,4485.36,4486.87,304,42,0
2026.06.02 01:22:00,4486.82,4488.34,4485.11,4485.2,289,42,0
2026.06.02 01:23:00,4485.21,4485.52,4482.38,4483.2,274,42,0
2026.06.02 01:24:00,4483.24,4484.36,4481.0,4482.99,331,42,0
2026.06.02 01:25:00,4483.08,4484.68,4482.92,4484.63,290,43,0
2026.06.02 01:26:00,4484.61,4486.25,4484.52,4485.14,317,43,0
2026.06.02 01:27:00,4485.27,4489.74,4484.71,4488.42,344,43,0
2026.06.02 01:28:00,4488.43,4489.58,4488.23,4488.96,291,43,0
2026.06.02 01:29:00,4489.12,4492.3,4484.2,4486.31,333,42,0
2026.06.02 01:30:00,4486.3,4488.78,4486.3,4488.17,347,42,0
2026.06.02 01:31:00,4488.11,4489.35,4486.45,4488.32,327,42,0
2026.06.02 01:32:00,4488.39,4489.07,4487.55,4487.92,249,43,0
2026.06.02 01:33:00,4488.03,4489.07,4487.14,4487.94,232,43,0
2026.06.02 01:34:00,4488.03,4489.03,4485.95,4487.12,258,43,0
2026.06.02 01:35:00,4487.18,4488.24,4486.38,4487.03,249,43,0
2026.06.02 01:36:00,4487.02,4489.26,4485.72,4487.07,273,43,0
2026.06.02 01:37:00,4487.14,4487.14,4485.14,4485.97,271,43,0
2026.06.02 01:38:00,4485.98,4486.24,4480.88,4481.64,313,43,0
2026.06.02 01:39:00,4481.63,4482.62,4480.51,4481.74,297,41,0
2026.06.02 01:40:00,4481.74,4482.71,4480.98,4482.13,270,42,0
2026.06.02 01:41:00,4482.13,4483.07,4479.9,4480.4,288,42,0
2026.06.02 01:42:00,4480.4,4481.43,4479.7,4481.14,261,43,0
2026.06.02 01:43:00,4481.18,4485.19,4479.45,4482.95,285,43,0
2026.06.02 01:44:00,4482.98,4482.99,4479.5,4479.88,315,43,0
2026.06.02 01:45:00,4479.85,4481.56,4479.15,4481.32,361,44,0
2026.06.02 01:46:00,4481.28,4482.25,4477.65,4478.01,286,43,0
2026.06.02 01:47:00,4477.86,4477.95,4473.26,4474.18,373,35,0
2026.06.02 01:48:00,4474.2,4474.94,4471.86,4471.87,294,35,0
2026.06.02 01:49:00,4471.97,4475.46,4471.97,4475.22,289,43,0
2026.06.02 01:50:00,4475.19,4476.17,4469.89,4470.49,328,43,0
2026.06.02 01:51:00,4470.49,4470.71,4464.53,4465.44,349,43,0
2026.06.02 01:52:00,4465.44,4466.41,4462.73,4466.29,340,43,0
2026.06.02 01:53:00,4466.26,4468.77,4465.06,4468.73,360,43,0
2026.06.02 01:54:00,4468.5,4473.33,4467.17,4473.32,330,43,0
2026.06.02 01:55:00,4473.12,4475.1,4472.75,4473.56,381,44,0
2026.06.02 01:56:00,4473.18,4474.14,4471.18,4473.27,313,43,0
2026.06.02 01:57:00,4473.08,4475.48,4473.08,4475.35,299,43,0
2026.06.02 01:58:00,4475.31,4476.6,4474.58,4475.91,306,43,0
2026.06.02 01:59:00,4475.89,4476.2,4474.03,4474.04,282,43,0
2026.06.02 02:00:00,4473.95,4480.48,4473.79,4480.42,366,43,0
2026.06.02 02:01:00,4480.11,4480.88,4477.07,4477.07,369,42,0
2026.06.02 02:02:00,4477.12,4478.89,4476.51,4477.99,341,42,0
2026.06.02 02:03:00,4478.0,4478.52,4474.44,4475.0,337,43,0
2026.06.02 02:04:00,4474.99,4476.29,4472.6,4473.42,332,43,0
2026.06.02 02:05:00,4473.84,4474.79,4472.55,4473.6,304,43,0
2026.06.02 02:06:00,4473.6,4473.8,4472.14,4472.92,256,43,0
2026.06.02 02:07:00,4472.77,4474.79,4472.54,4473.71,263,43,0
2026.06.02 02:08:00,4473.79,4474.61,4472.96,4474.27,243,43,0
2026.06.02 02:09:00,4474.26,4474.93,4472.99,4474.65,243,43,0
2026.06.02 02:10:00,4474.64,4476.76,4473.84,4475.78,262,43,0
2026.06.02 02:11:00,4475.76,4476.49,4475.37,4476.1,239,43,0
2026.06.02 02:12:00,4476.12,4478.07,4476.07,4476.46,267,43,0
2026.06.02 02:13:00,4476.49,4477.91,4476.47,4477.65,265,43,0
2026.06.02 02:14:00,4477.67,4480.54,4477.47,4480.42,307,43,0
2026.06.02 02:15:00,4480.39,4481.58,4478.53,4479.74,262,43,0
2026.06.02 02:16:00,4479.74,4480.34,4479.07,4479.92,212,43,0
2026.06.02 02:17:00,4479.92,4482.0,4479.33,4481.24,235,43,0
2026.06.02 02:18:00,4481.2,4481.31,4480.72,4480.8,217,35,0
2026.06.02 02:19:00,4480.76,4481.22,4480.33,4480.9,230,43,0
2026.06.02 02:20:00,4480.97,4483.0,4480.97,4482.98,229,43,0
2026.06.02 02:21:00,4482.98,4483.92,4482.08,4482.44,246,43,0
2026.06.02 02:22:00,4482.44,4483.24,4482.44,4483.19,195,43,0
2026.06.02 02:23:00,4483.18,4484.3,4482.22,4483.98,214,43,0
2026.06.02 02:24:00,4483.98,4484.67,4483.36,4483.84,210,43,0
2026.06.02 02:25:00,4483.82,4484.47,4482.28,4482.69,214,43,0
2026.06.02 02:26:00,4482.69,4484.01,4482.6,4482.74,188,43,0
2026.06.02 02:27:00,4482.77,4484.34,4482.76,4483.52,195,43,0
2026.06.02 02:28:00,4483.48,4484.42,4482.68,4484.04,192,43,0
2026.06.02 02:29:00,4484.02,4484.03,4481.43,4481.8,232,43,0
2026.06.02 02:30:00,4481.81,4485.31,4481.81,4483.49,283,43,0
2026.06.02 02:31:00,4483.58,4485.51,4483.39,4483.75,246,43,0
2026.06.02 02:32:00,4483.78,4484.02,4480.52,4480.98,298,43,0
2026.06.02 02:33:00,4480.97,4481.41,4479.76,4480.13,270,43,0
2026.06.02 02:34:00,4480.15,4481.52,4480.15,4481.09,232,43,0
2026.06.02 02:35:00,4481.08,4481.39,4480.42,4480.72,224,43,0
2026.06.02 02:36:00,4480.69,4482.2,4480.46,4481.07,218,43,0
2026.06.02 02:37:00,4481.1,4483.76,4480.96,4483.12,201,43,0
2026.06.02 02:38:00,4483.13,4483.55,4482.02,4482.06,204,43,0
2026.06.02 02:39:00,4482.06,4482.34,4478.78,4478.81,273,43,0
2026.06.02 02:40:00,4478.81,4479.17,4476.74,4476.85,286,43,0
2026.06.02 02:41:00,4476.88,4478.3,4475.93,4477.37,225,43,0
2026.06.02 02:42:00,4477.39,4478.25,4476.33,4476.41,249,43,0
2026.06.02 02:43:00,4476.4,4477.27,4476.2,4476.39,172,43,0
2026.06.02 02:44:00,4476.38,4477.73,4474.18,4476.32,273,43,0
2026.06.02 02:45:00,4476.37,4477.71,4475.91,4477.46,230,43,0
2026.06.02 02:46:00,4477.49,4477.73,4476.28,4476.75,202,43,0
2026.06.02 02:47:00,4476.77,4477.1,4474.1,4474.63,236,42,0
2026.06.02 02:48:00,4474.63,4475.82,4473.84,4475.79,278,42,0
2026.06.02 02:49:00,4475.78,4475.87,4473.54,4474.46,242,43,0
2026.06.02 02:50:00,4474.4,4476.07,4474.16,4475.83,232,43,0
2026.06.02 02:51:00,4475.82,4479.29,4475.81,4477.93,264,43,0
2026.06.02 02:52:00,4477.93,4479.26,4477.82,4478.94,192,43,0
2026.06.02 02:53:00,4478.95,4479.76,4478.64,4479.69,190,43,0
2026.06.02 02:54:00,4479.69,4479.69,4478.33,4478.61,181,43,0
2026.06.02 02:55:00,4478.61,4480.7,4478.56,4480.59,188,43,0
2026.06.02 02:56:00,4480.68,4482.74,4480.68,4482.0,213,43,0
2026.06.02 02:57:00,4482.0,4482.9,4481.51,4482.79,210,43,0
2026.06.02 02:58:00,4482.82,4486.27,4482.49,4485.93,268,43,0
2026.06.02 02:59:00,4485.94,4486.3,4485.39,4485.84,213,43,0
2026.06.02 03:00:00,4485.84,4490.79,4485.54,4490.6,293,35,0
2026.06.02 03:01:00,4490.63,4492.36,4490.12,4491.6,310,43,0
2026.06.02 03:02:00,4491.6,4491.78,4488.42,4488.51,284,43,0
2026.06.02 03:03:00,4488.51,4490.33,4486.81,4487.49,281,43,0
2026.06.02 03:04:00,4487.47,4489.05,4486.9,4488.07,216,43,0
2026.06.02 03:05:00,4488.1,4488.82,4487.43,4488.12,222,43,0
2026.06.02 03:06:00,4488.11,4488.42,4487.75,4488.04,226,43,0
2026.06.02 03:07:00,4488.07,4489.4,4488.02,4489.07,201,43,0
2026.06.02 03:08:00,4489.02,4489.46,4488.12,4488.54,190,43,0
2026.06.02 03:09:00,4488.52,4488.56,4485.54,4486.51,263,43,0
2026.06.02 03:10:00,4486.51,4487.37,4486.51,4486.91,173,43,0
2026.06.02 03:11:00,4486.91,4487.93,4486.16,4487.93,238,43,0
2026.06.02 03:12:00,4488.01,4488.54,4487.44,4488.18,219,43,0
2026.06.02 03:13:00,4488.15,4488.81,4487.72,4488.8,212,43,0
2026.06.02 03:14:00,4488.8,4489.13,4487.31,4488.16,234,43,0
2026.06.02 03:15:00,4488.08,4489.8,4487.99,4488.5,232,43,0
2026.06.02 03:16:00,4488.5,4488.9,4487.98,4488.58,178,43,0
2026.06.02 03:17:00,4488.58,4490.03,4488.09,4490.03,194,43,0
2026.06.02 03:18:00,4490.03,4491.3,4489.55,4490.22,266,43,0
2026.06.02 03:19:00,4490.21,4490.21,4488.41,4489.76,209,43,0
2026.06.02 03:20:00,4489.76,4489.89,4486.93,4487.56,249,43,0
2026.06.02 03:21:00,4487.44,4487.76,4486.29,4486.35,253,43,0
2026.06.02 03:22:00,4486.36,4487.9,4485.72,4487.84,225,43,0
2026.06.02 03:23:00,4487.93,4488.27,4486.2,4486.36,242,43,0
2026.06.02 03:24:00,4486.39,4490.01,4486.32,4490.01,206,43,0
2026.06.02 03:25:00,4490.0,4491.13,4489.24,4491.07,233,42,0
2026.06.02 03:26:00,4491.07,4492.28,4491.07,4491.83,254,42,0
2026.06.02 03:27:00,4491.86,4493.75,4491.86,4493.53,238,42,0
2026.06.02 03:28:00,4493.58,4496.06,4493.51,4495.39,275,42,0
2026.06.02 03:29:00,4495.37,4497.25,4494.13,4494.96,281,43,0
2026.06.02 03:30:00,4494.96,4496.89,4494.24,4496.16,284,43,0
2026.06.02 03:31:00,4496.16,4498.19,4496.01,4497.55,284,43,0
2026.06.02 03:32:00,4497.55,4498.61,4495.56,4497.33,265,43,0
2026.06.02 03:33:00,4497.34,4499.33,4496.41,4498.8,247,35,0
2026.06.02 03:34:00,4498.78,4498.84,4492.74,4493.9,268,35,0
2026.06.02 03:35:00,4493.9,4496.5,4493.68,4496.32,264,35,0
2026.06.02 03:36:00,4496.42,4498.25,4495.96,4497.93,241,43,0
2026.06.02 03:37:00,4497.92,4498.78,4495.28,4495.83,206,43,0
2026.06.02 03:38:00,4495.83,4495.95,4494.29,4494.89,172,43,0
2026.06.02 03:39:00,4494.89,4494.91,4493.93,4494.49,194,43,0
2026.06.02 03:40:00,4494.48,4495.95,4494.19,4495.12,194,43,0
2026.06.02 03:41:00,4495.11,4495.85,4495.0,4495.6,183,43,0
2026.06.02 03:42:00,4495.6,4496.68,4495.13,4495.91,192,43,0
2026.06.02 03:43:00,4495.92,4496.42,4495.38,4495.85,194,43,0
2026.06.02 03:44:00,4495.95,4497.15,4495.9,4497.06,152,43,0
2026.06.02 03:45:00,4496.82,4497.55,4496.38,4496.72,162,43,0
2026.06.02 03:46:00,4496.73,4497.53,4495.24,4496.19,162,43,0
2026.06.02 03:47:00,4496.19,4497.67,4495.85,4496.94,159,43,0
2026.06.02 03:48:00,4496.94,4498.44,4496.94,4497.73,169,43,0
2026.06.02 03:49:00,4497.73,4499.35,4497.37,4498.02,156,43,0
2026.06.02 03:50:00,4497.79,4497.98,4497.45,4497.72,154,43,0
2026.06.02 03:51:00,4497.71,4497.91,4496.94,4497.23,142,43,0
2026.06.02 03:52:00,4497.3,4497.74,4497.02,4497.55,128,43,0
2026.06.02 03:53:00,4497.55,4498.3,4496.83,4497.77,165,43,0
2026.06.02 03:54:00,4497.77,4497.97,4497.31,4497.31,156,43,0
2026.06.02 03:55:00,4497.31,4498.19,4497.3,4497.77,159,43,0
2026.06.02 03:56:00,4497.77,4498.42,4497.48,4498.06,136,43,0
2026.06.02 03:57:00,4498.03,4498.61,4497.94,4498.37,84,43,0
2026.06.02 03:58:00,4498.37,4498.38,4497.9,4498.19,120,43,0
2026.06.02 03:59:00,4498.19,4499.25,4498.19,4499.2,175,43,0
2026.06.02 04:00:00,4499.19,4499.4,4498.01,4498.06,189,43,0
2026.06.02 04:01:00,4498.09,4501.27,4497.74,4500.66,233,35,0
2026.06.02 04:02:00,4500.66,4500.72,4498.66,4499.05,182,43,0
2026.06.02 04:03:00,4499.04,4500.84,4499.04,4500.5,155,43,0
2026.06.02 04:04:00,4500.49,4501.4,4500.09,4500.26,169,43,0
2026.06.02 04:05:00,4500.26,4501.27,4500.24,4500.3,181,43,0
2026.06.02 04:06:00,4500.3,4503.19,4500.25,4502.88,204,43,0
2026.06.02 04:07:00,4502.86,4502.86,4502.13,4502.3,205,43,0
2026.06.02 04:08:00,4502.37,4502.45,4501.32,4501.32,134,43,0
2026.06.02 04:09:00,4501.31,4502.58,4501.31,4502.08,173,43,0
2026.06.02 04:10:00,4502.08,4503.52,4502.08,4503.5,156,43,0
2026.06.02 04:11:00,4503.39,4505.34,4503.12,4504.83,196,43,0
2026.06.02 04:12:00,4504.81,4504.95,4503.78,4503.87,190,43,0
2026.06.02 04:13:00,4504.02,4504.4,4503.84,4504.19,138,43,0
2026.06.02 04:14:00,4504.19,4505.16,4503.86,4504.56,159,43,0
2026.06.02 04:15:00,4504.5,4505.83,4504.02,4505.75,153,43,0
2026.06.02 04:16:00,4505.69,4508.28,4505.63,4506.99,219,36,0
2026.06.02 04:17:00,4507.01,4508.44,4506.85,4508.31,232,36,0
2026.06.02 04:18:00,4508.4,4510.0,4507.32,4508.87,252,43,0
2026.06.02 04:19:00,4508.89,4509.05,4507.37,4507.65,178,43,0
2026.06.02 04:20:00,4507.69,4508.09,4505.91,4506.1,187,43,0
2026.06.02 04:21:00,4506.2,4507.0,4505.22,4506.74,197,43,0
2026.06.02 04:22:00,4506.73,4507.29,4505.56,4506.21,211,43,0
2026.06.02 04:23:00,4506.22,4507.61,4506.22,4506.66,193,43,0
2026.06.02 04:24:00,4506.64,4507.42,4505.44,4505.44,166,43,0
2026.06.02 04:25:00,4505.44,4505.69,4504.68,4504.95,183,43,0
2026.06.02 04:26:00,4504.95,4505.96,4504.15,4505.82,212,42,0
2026.06.02 04:27:00,4505.76,4505.78,4504.39,4504.95,143,42,0
2026.06.02 04:28:00,4504.97,4505.39,4504.22,4505.19,179,42,0
2026.06.02 04:29:00,4505.25,4505.44,4504.11,4504.52,202,42,0
2026.06.02 04:30:00,4504.51,4505.29,4503.78,4505.21,203,43,0
2026.06.02 04:31:00,4505.22,4505.68,4503.59,4504.86,237,43,0
2026.06.02 04:32:00,4504.85,4504.95,4503.31,4503.59,213,43,0
2026.06.02 04:33:00,4503.59,4507.41,4503.59,4506.02,205,43,0
2026.06.02 04:34:00,4506.04,4507.75,4505.65,4507.61,157,43,0
2026.06.02 04:35:00,4507.62,4508.81,4507.34,4507.73,187,43,0
2026.06.02 04:36:00,4507.74,4508.8,4507.33,4508.39,181,43,0
2026.06.02 04:37:00,4508.37,4508.82,4507.98,4508.17,158,43,0
2026.06.02 04:38:00,4508.17,4508.2,4507.14,4507.86,159,43,0
2026.06.02 04:39:00,4507.86,4508.89,4507.63,4508.73,152,43,0
2026.06.02 04:40:00,4508.72,4509.32,4508.16,4508.71,214,43,0
2026.06.02 04:41:00,4508.7,4510.86,4508.45,4510.56,205,43,0
2026.06.02 04:42:00,4510.55,4510.78,4509.42,4510.36,187,43,0
2026.06.02 04:43:00,4510.36,4510.89,4510.17,4510.54,172,43,0
2026.06.02 04:44:00,4510.59,4510.77,4509.95,4510.09,130,43,0
2026.06.02 04:45:00,4510.09,4510.74,4509.69,4510.51,139,43,0
2026.06.02 04:46:00,4510.51,4512.54,4510.43,4511.75,160,43,0
2026.06.02 04:47:00,4511.75,4515.82,4511.75,4513.64,184,43,0
2026.06.02 04:48:00,4513.64,4514.15,4512.55,4512.88,167,43,0
2026.06.02 04:49:00,4512.87,4512.87,4511.66,4512.49,147,43,0
2026.06.02 04:50:00,4512.52,4514.27,4512.43,4513.78,173,43,0
2026.06.02 04:51:00,4513.7,4514.13,4512.2,4512.5,168,43,0
2026.06.02 04:52:00,4512.48,4512.56,4511.66,4512.2,146,43,0
2026.06.02 04:53:00,4512.2,4513.54,4512.2,4513.23,191,43,0
2026.06.02 04:54:00,4513.22,4513.49,4512.38,4512.76,163,43,0
2026.06.02 04:55:00,4512.76,4514.2,4512.69,4513.64,167,43,0
2026.06.02 04:56:00,4513.67,4515.03,4513.23,4513.7,166,43,0
2026.06.02 04:57:00,4513.68,4514.65,4512.95,4514.48,165,43,0
2026.06.02 04:58:00,4514.49,4518.07,4514.46,4517.17,279,43,0
2026.06.02 04:59:00,4517.06,4517.48,4516.42,4517.25,213,43,0
2026.06.02 05:00:00,4517.27,4517.7,4515.97,4517.07,240,35,0
2026.06.02 05:01:00,4517.07,4518.13,4516.49,4517.78,198,35,0
2026.06.02 05:02:00,4517.68,4517.68,4516.23,4517.21,158,43,0
2026.06.02 05:03:00,4517.1,4517.49,4516.76,4516.76,140,43,0
2026.06.02 05:04:00,4516.77,4517.3,4515.21,4515.74,198,43,0
2026.06.02 05:05:00,4515.74,4517.42,4515.36,4517.08,197,43,0
2026.06.02 05:06:00,4517.08,4517.09,4516.39,4516.78,138,43,0
2026.06.02 05:07:00,4516.79,4517.12,4515.82,4516.51,195,43,0
2026.06.02 05:08:00,4516.46,4516.84,4515.8,4516.69,181,43,0
2026.06.02 05:09:00,4516.7,4516.91,4515.76,4515.99,148,43,0
2026.06.02 05:10:00,4515.95,4517.48,4514.91,4517.42,185,35,0
2026.06.02 05:11:00,4517.46,4518.19,4516.2,4517.79,174,43,0
2026.06.02 05:12:00,4517.59,4518.08,4517.28,4517.3,136,43,0
2026.06.02 05:13:00,4517.27,4517.35,4516.43,4516.91,178,43,0
2026.06.02 05:14:00,4516.89,4518.54,4516.78,4518.39,195,40,0
2026.06.02 05:15:00,4518.39,4519.36,4517.07,4518.8,227,43,0
2026.06.02 05:16:00,4518.79,4519.12,4516.95,4518.04,223,43,0
2026.06.02 05:17:00,4518.04,4518.94,4518.04,4518.74,188,43,0
2026.06.02 05:18:00,4518.73,4519.37,4518.44,4519.31,175,35,0
2026.06.02 05:19:00,4519.34,4519.51,4517.62,4518.51,200,43,0
2026.06.02 05:20:00,4518.55,4519.32,4517.79,4517.99,190,43,0
2026.06.02 05:21:00,4517.99,4519.38,4517.99,4519.22,178,43,0
2026.06.02 05:22:00,4519.21,4520.52,4519.01,4519.01,183,43,0
2026.06.02 05:23:00,4518.94,4519.58,4517.77,4518.14,179,43,0
2026.06.02 05:24:00,4518.14,4518.75,4517.3,4518.68,199,43,0
2026.06.02 05:25:00,4518.44,4518.61,4516.44,4517.9,227,43,0
2026.06.02 05:26:00,4517.96,4518.16,4516.57,4517.92,210,43,0
2026.06.02 05:27:00,4518.06,4521.84,4517.92,4520.86,263,43,0
2026.06.02 05:28:00,4520.87,4521.47,4520.35,4520.96,203,43,0
2026.06.02 05:29:00,4520.94,4520.96,4519.14,4519.63,175,43,0
2026.06.02 05:30:00,4519.69,4525.69,4519.56,4524.67,411,43,0
2026.06.02 05:31:00,4524.75,4525.58,4523.27,4525.49,338,43,0
2026.06.02 05:32:00,4525.5,4526.46,4522.99,4523.15,359,43,0
2026.06.02 05:33:00,4523.15,4524.28,4522.34,4523.24,331,43,0
2026.06.02 05:34:00,4523.1,4526.38,4522.57,4524.81,341,43,0
2026.06.02 05:35:00,4526.36,4527.97,4525.44,4525.93,320,43,0
2026.06.02 05:36:00,4525.96,4528.05,4525.8,4526.89,301,43,0
2026.06.02 05:37:00,4526.89,4526.89,4524.06,4524.52,274,43,0
2026.06.02 05:38:00,4524.52,4524.57,4523.08,4524.2,288,42,0
2026.06.02 05:39:00,4524.17,4524.43,4523.1,4523.48,234,43,0
2026.06.02 05:40:00,4523.5,4524.22,4522.63,4523.41,250,43,0
2026.06.02 05:41:00,4523.41,4524.83,4522.75,4524.83,245,43,0
2026.06.02 05:42:00,4524.58,4526.2,4524.18,4526.2,227,43,0
2026.06.02 05:43:00,4526.27,4526.79,4523.36,4523.4,261,43,0
2026.06.02 05:44:00,4523.39,4524.44,4523.29,4524.3,209,43,0
2026.06.02 05:45:00,4524.3,4526.16,4523.87,4524.63,264,42,0
2026.06.02 05:46:00,4524.53,4525.01,4523.59,4523.7,265,42,0
2026.06.02 05:47:00,4523.71,4523.96,4523.06,4523.55,244,42,0
2026.06.02 05:48:00,4523.55,4523.55,4521.76,4522.57,273,42,0
2026.06.02 05:49:00,4522.43,4523.65,4522.35,4523.32,229,42,0
2026.06.02 05:50:00,4522.94,4523.65,4521.21,4521.21,216,42,0
2026.06.02 05:51:00,4521.28,4521.4,4518.54,4518.83,311,43,0
2026.06.02 05:52:00,4518.83,4519.83,4518.24,4518.36,258,43,0
2026.06.02 05:53:00,4518.3,4520.85,4518.29,4520.48,253,43,0
2026.06.02 05:54:00,4520.46,4520.59,4519.43,4519.43,211,43,0
2026.06.02 05:55:00,4519.41,4519.66,4516.31,4516.76,258,43,0
2026.06.02 05:56:00,4516.76,4518.08,4516.41,4516.53,284,43,0
2026.06.02 05:57:00,4516.6,4518.02,4515.93,4517.89,302,35,0
2026.06.02 05:58:00,4517.89,4518.72,4517.24,4518.1,240,43,0
2026.06.02 05:59:00,4518.1,4518.28,4516.57,4516.91,225,42,0
2026.06.02 06:00:00,4516.91,4520.28,4516.8,4519.72,285,35,0
2026.06.02 06:01:00,4519.58,4520.58,4519.11,4520.13,290,42,0
2026.06.02 06:02:00,4519.89,4520.28,4519.09,4519.66,242,42,0
2026.06.02 06:03:00,4519.66,4520.41,4519.65,4519.82,248,42,0
2026.06.02 06:04:00,4519.82,4520.8,4519.14,4520.59,257,43,0
2026.06.02 06:05:00,4520.59,4522.65,4520.31,4521.87,310,42,0
2026.06.02 06:06:00,4521.89,4524.61,4520.51,4524.42,253,43,0
2026.06.02 06:07:00,4524.42,4524.51,4521.74,4522.17,288,43,0
2026.06.02 06:08:00,4522.18,4522.64,4520.97,4522.35,195,42,0
2026.06.02 06:09:00,4522.35,4522.66,4520.23,4520.71,200,42,0
2026.06.02 06:10:00,4520.74,4521.42,4520.46,4520.96,244,42,0
2026.06.02 06:11:00,4520.9,4522.17,4520.61,4521.14,251,35,0
2026.06.02 06:12:00,4521.14,4522.52,4520.25,4520.89,251,42,0
2026.06.02 06:13:00,4520.89,4521.74,4520.16,4520.41,221,42,0
2026.06.02 06:14:00,4520.39,4521.29,4518.64,4518.97,261,42,0
2026.06.02 06:15:00,4518.97,4520.12,4517.91,4520.11,290,44,0
2026.06.02 06:16:00,4520.09,4524.11,4519.67,4523.34,298,43,0
2026.06.02 06:17:00,4523.28,4524.08,4521.9,4522.52,267,35,0
2026.06.02 06:18:00,4522.52,4522.85,4521.33,4521.49,236,43,0
2026.06.02 06:19:00,4521.48,4521.79,4519.89,4520.11,258,43,0
2026.06.02 06:20:00,4520.13,4524.73,4520.13,4524.5,273,43,0
2026.06.02 06:21:00,4524.49,4528.73,4524.48,4527.69,290,35,0
2026.06.02 06:22:00,4527.74,4530.79,4527.6,4530.25,275,43,0
2026.06.02 06:23:00,4530.25,4530.74,4529.06,4530.38,285,43,0
2026.06.02 06:24:00,4530.41,4530.81,4529.1,4529.57,246,43,0
2026.06.02 06:25:00,4529.56,4529.56,4526.99,4527.29,307,43,0
2026.06.02 06:26:00,4527.11,4529.38,4525.99,4529.02,315,44,0
2026.06.02 06:27:00,4529.02,4530.72,4528.88,4530.62,295,43,0
2026.06.02 06:28:00,4530.49,4533.1,4530.35,4533.1,303,39,0
2026.06.02 06:29:00,4533.1,4533.92,4532.26,4532.95,296,43,0
2026.06.02 06:30:00,4532.95,4535.43,4532.85,4534.85,331,43,0
2026.06.02 06:31:00,4534.8,4537.09,4533.34,4536.2,323,43,0
2026.06.02 06:32:00,4536.16,4536.44,4533.11,4534.1,288,43,0
2026.06.02 06:33:00,4534.13,4535.07,4533.46,4534.36,243,43,0
2026.06.02 06:34:00,4534.66,4535.54,4534.65,4535.44,209,43,0
2026.06.02 06:35:00,4535.21,4537.99,4534.25,4537.08,263,35,0
2026.06.02 06:36:00,4538.22,4538.4,4534.94,4535.58,349,35,0
2026.06.02 06:37:00,4535.59,4535.72,4533.8,4535.44,273,35,0
2026.06.02 06:38:00,4535.27,4535.71,4534.75,4535.17,222,35,0
2026.06.02 06:39:00,4535.24,4535.26,4533.67,4533.83,167,35,0
2026.06.02 06:40:00,4533.84,4533.98,4533.28,4533.9,117,35,0
2026.06.02 06:41:00,4533.89,4534.29,4532.71,4532.75,157,35,0
2026.06.02 06:42:00,4532.64,4533.38,4531.89,4532.72,147,43,0
2026.06.02 06:43:00,4532.68,4533.1,4531.6,4532.28,174,43,0
2026.06.02 06:44:00,4532.26,4533.46,4531.86,4532.61,144,43,0
2026.06.02 06:45:00,4532.62,4535.46,4532.34,4535.46,140,43,0
2026.06.02 06:46:00,4535.33,4535.33,4532.28,4532.31,157,43,0
2026.06.02 06:47:00,4532.36,4534.19,4532.36,4533.46,144,43,0
2026.06.02 06:48:00,4533.48,4533.74,4533.24,4533.66,99,43,0
2026.06.02 06:49:00,4533.58,4534.36,4533.34,4533.57,112,43,0
2026.06.02 06:50:00,4533.54,4533.55,4531.84,4532.37,123,43,0
2026.06.02 06:51:00,4532.35,4533.88,4532.16,4533.79,140,43,0
2026.06.02 06:52:00,4533.9,4534.08,4533.18,4533.18,142,43,0
2026.06.02 06:53:00,4533.19,4533.41,4532.24,4532.59,131,43,0
2026.06.02 06:54:00,4532.7,4533.1,4532.47,4532.83,136,43,0
2026.06.02 06:55:00,4532.87,4534.12,4532.56,4534.09,126,43,0
2026.06.02 06:56:00,4534.0,4534.08,4532.85,4533.7,151,43,0
2026.06.02 06:57:00,4533.57,4533.88,4533.24,4533.68,128,43,0
2026.06.02 06:58:00,4533.66,4535.01,4533.64,4534.87,157,43,0
2026.06.02 06:59:00,4534.89,4536.68,4534.7,4535.63,175,43,0
2026.06.02 07:00:00,4535.74,4537.75,4535.69,4537.06,164,35,0
2026.06.02 07:01:00,4537.05,4537.05,4534.2,4535.04,125,35,0
2026.06.02 07:02:00,4535.06,4535.26,4533.62,4533.89,148,35,0
2026.06.02 07:03:00,4534.0,4535.22,4533.23,4534.56,155,35,0
2026.06.02 07:04:00,4534.58,4537.15,4534.35,4535.89,142,35,0
2026.06.02 07:05:00,4535.9,4536.67,4535.0,4535.59,156,35,0
2026.06.02 07:06:00,4535.58,4535.61,4533.87,4534.21,154,35,0
2026.06.02 07:07:00,4534.15,4537.61,4534.06,4536.92,163,35,0
2026.06.02 07:08:00,4536.91,4537.07,4535.2,4536.22,175,35,0
2026.06.02 07:09:00,4536.37,4537.92,4535.77,4537.77,135,35,0
2026.06.02 07:10:00,4537.71,4539.55,4537.71,4539.23,152,35,0
2026.06.02 07:11:00,4539.25,4540.65,4538.99,4539.79,172,35,0
2026.06.02 07:12:00,4539.71,4540.19,4539.41,4539.99,155,35,0
2026.06.02 07:13:00,4540.02,4540.81,4538.5,4538.57,132,35,0
2026.06.02 07:14:00,4538.6,4541.35,4538.27,4539.95,168,35,0
2026.06.02 07:15:00,4539.78,4540.45,4538.96,4539.2,137,35,0
2026.06.02 07:16:00,4539.37,4539.63,4538.22,4538.64,146,35,0
2026.06.02 07:17:00,4538.65,4539.81,4537.91,4538.11,165,35,0
2026.06.02 07:18:00,4538.05,4539.9,4537.48,4539.81,151,35,0
2026.06.02 07:19:00,4539.64,4539.7,4538.46,4539.25,176,35,0
2026.06.02 07:20:00,4539.24,4539.26,4537.63,4537.82,154,35,0
2026.06.02 07:21:00,4537.84,4538.66,4537.49,4537.5,155,35,0
2026.06.02 07:22:00,4537.44,4537.55,4536.56,4537.08,149,35,0
2026.06.02 07:23:00,4537.07,4537.29,4536.51,4536.6,153,35,0
2026.06.02 07:24:00,4536.64,4537.27,4536.56,4536.82,147,35,0
2026.06.02 07:25:00,4536.74,4537.08,4535.21,4535.52,147,35,0
2026.06.02 07:26:00,4535.55,4536.28,4535.55,4536.03,147,35,0
2026.06.02 07:27:00,4536.02,4536.39,4535.39,4535.43,137,35,0
2026.06.02 07:28:00,4535.44,4535.46,4533.26,4533.33,140,35,0
2026.06.02 07:29:00,4533.51,4534.5,4533.51,4533.98,131,35,0
2026.06.02 07:30:00,4533.91,4534.08,4531.81,4532.63,165,35,0
2026.06.02 07:31:00,4532.7,4535.24,4532.58,4535.08,151,35,0
2026.06.02 07:32:00,4535.12,4535.12,4533.49,4534.2,143,35,0
2026.06.02 07:33:00,4534.21,4534.59,4533.18,4533.18,121,35,0
2026.06.02 07:34:00,4533.35,4533.66,4532.24,4533.57,136,35,0
2026.06.02 07:35:00,4533.54,4533.65,4531.91,4532.79,147,35,0
2026.06.02 07:36:00,4532.81,4532.92,4531.73,4531.82,155,35,0
2026.06.02 07:37:00,4531.79,4534.03,4531.79,4533.25,159,35,0
2026.06.02 07:38:00,4533.26,4533.52,4532.41,4533.43,143,35,0
2026.06.02 07:39:00,4533.46,4533.46,4532.65,4532.84,113,35,0
2026.06.02 07:40:00,4532.83,4533.52,4532.19,4533.36,159,35,0
2026.06.02 07:41:00,4533.35,4534.69,4533.12,4533.47,161,35,0
2026.06.02 07:42:00,4533.48,4533.69,4532.9,4532.93,142,35,0
2026.06.02 07:43:00,4532.92,4533.01,4531.11,4532.06,155,35,0
2026.06.02 07:44:00,4532.04,4532.45,4531.53,4531.8,130,35,0
2026.06.02 07:45:00,4531.79,4532.24,4530.97,4531.36,163,35,0
2026.06.02 07:46:00,4531.41,4531.8,4530.94,4530.94,142,35,0
2026.06.02 07:47:00,4530.91,4531.25,4530.44,4531.12,139,35,0
2026.06.02 07:48:00,4531.1,4531.34,4530.37,4530.76,155,35,0
2026.06.02 07:49:00,4530.81,4532.22,4529.76,4531.57,154,35,0
2026.06.02 07:50:00,4531.56,4532.01,4531.21,4531.27,131,35,0
2026.06.02 07:51:00,4531.25,4531.35,4530.48,4530.59,132,35,0
2026.06.02 07:52:00,4530.61,4530.64,4530.01,4530.13,139,35,0
2026.06.02 07:53:00,4530.08,4530.12,4527.92,4528.71,152,35,0
2026.06.02 07:54:00,4528.78,4530.71,4527.96,4530.58,154,35,0
2026.06.02 07:55:00,4530.62,4532.98,4530.6,4532.46,155,35,0
2026.06.02 07:56:00,4532.47,4533.7,4532.22,4533.66,168,35,0
2026.06.02 07:57:00,4533.41,4533.96,4532.35,4533.77,161,35,0
2026.06.02 07:58:00,4533.76,4535.15,4533.09,4533.89,184,35,0
2026.06.02 07:59:00,4533.93,4535.43,4533.76,4535.02,138,35,0
2026.06.02 08:00:00,4535.08,4536.24,4534.71,4535.41,167,35,0
2026.06.02 08:01:00,4535.56,4537.06,4535.25,4536.18,162,35,0
2026.06.02 08:02:00,4536.09,4536.18,4533.78,4533.89,163,35,0
2026.06.02 08:03:00,4533.83,4534.48,4533.04,4534.29,157,35,0
2026.06.02 08:04:00,4534.28,4534.81,4533.4,4534.35,153,35,0
2026.06.02 08:05:00,4534.36,4536.7,4533.49,4536.13,170,35,0
2026.06.02 08:06:00,4536.08,4539.04,4536.08,4537.23,162,35,0
2026.06.02 08:07:00,4537.26,4538.63,4536.2,4536.47,151,35,0
2026.06.02 08:08:00,4536.32,4536.32,4535.44,4535.8,157,35,0
2026.06.02 08:09:00,4535.81,4536.57,4535.43,4535.43,152,35,0
2026.06.02 08:10:00,4535.4,4535.69,4534.29,4535.45,164,35,0
2026.06.02 08:11:00,4535.44,4535.81,4535.03,4535.39,139,35,0
2026.06.02 08:12:00,4535.33,4536.9,4535.08,4536.61,136,35,0
2026.06.02 08:13:00,4536.59,4537.4,4535.36,4535.97,140,35,0
2026.06.02 08:14:00,4535.79,4535.97,4534.7,4534.7,144,35,0
2026.06.02 08:15:00,4534.71,4535.4,4533.99,4533.99,169,35,0
2026.06.02 08:16:00,4534.04,4535.02,4532.83,4532.89,148,35,0
2026.06.02 08:17:00,4532.86,4532.91,4531.5,4532.05,150,35,0
2026.06.02 08:18:00,4532.07,4533.12,4531.72,4532.3,153,35,0
2026.06.02 08:19:00,4532.42,4532.54,4532.01,4532.45,124,35,0
2026.06.02 08:20:00,4532.47,4532.81,4532.16,4532.57,140,35,0
2026.06.02 08:21:00,4532.64,4533.56,4532.64,4533.39,137,35,0
2026.06.02 08:22:00,4533.23,4533.98,4533.09,4533.52,143,35,0
2026.06.02 08:23:00,4533.32,4534.61,4530.17,4533.78,168,35,0
2026.06.02 08:24:00,4533.83,4534.39,4533.7,4534.1,150,35,0
2026.06.02 08:25:00,4534.09,4534.24,4532.83,4532.88,144,35,0
2026.06.02 08:26:00,4532.94,4533.58,4532.67,4532.95,144,35,0
2026.06.02 08:27:00,4533.11,4533.11,4531.83,4532.48,161,35,0
2026.06.02 08:28:00,4532.54,4532.56,4531.56,4531.7,139,35,0
2026.06.02 08:29:00,4531.71,4531.71,4529.93,4531.09,163,35,0
2026.06.02 08:30:00,4530.97,4532.05,4530.62,4530.97,158,35,0
2026.06.02 08:31:00,4531.19,4532.41,4530.69,4531.97,172,35,0
2026.06.02 08:32:00,4532.0,4532.84,4531.93,4532.37,157,35,0
2026.06.02 08:33:00,4532.22,4532.92,4531.48,4532.77,142,35,0
2026.06.02 08:34:00,4532.82,4533.29,4531.74,4531.93,132,35,0
2026.06.02 08:35:00,4532.05,4532.05,4531.03,4531.64,125,35,0
2026.06.02 08:36:00,4531.57,4532.17,4531.43,4532.17,133,35,0
2026.06.02 08:37:00,4532.09,4532.09,4530.04,4530.76,145,35,0
2026.06.02 08:38:00,4530.77,4530.82,4529.33,4529.43,141,35,0
2026.06.02 08:39:00,4529.54,4530.83,4529.3,4530.1,167,35,0
2026.06.02 08:40:00,4530.08,4530.53,4529.32,4530.53,139,35,0
2026.06.02 08:41:00,4530.43,4530.44,4529.08,4529.19,139,35,0
2026.06.02 08:42:00,4529.16,4529.84,4528.4,4529.53,139,35,0
2026.06.02 08:43:00,4529.52,4530.03,4528.89,4529.24,144,35,0
2026.06.02 08:44:00,4529.15,4529.5,4528.2,4528.71,141,35,0
2026.06.02 08:45:00,4528.63,4529.81,4528.4,4529.8,140,35,0
2026.06.02 08:46:00,4529.81,4530.16,4529.2,4529.6,147,35,0
2026.06.02 08:47:00,4529.55,4529.84,4528.93,4529.23,140,35,0
2026.06.02 08:48:00,4529.22,4529.43,4527.63,4527.92,154,35,0
2026.06.02 08:49:00,4527.91,4529.47,4527.91,4529.46,137,35,0
2026.06.02 08:50:00,4529.45,4529.64,4528.69,4529.0,136,35,0
2026.06.02 08:51:00,4529.03,4529.03,4527.57,4527.89,149,35,0
2026.06.02 08:52:00,4527.88,4529.35,4527.8,4528.26,145,35,0
2026.06.02 08:53:00,4528.27,4529.4,4528.26,4529.06,117,35,0
2026.06.02 08:54:00,4528.76,4529.1,4527.58,4527.8,146,35,0
2026.06.02 08:55:00,4527.76,4528.09,4527.1,4527.2,149,35,0
2026.06.02 08:56:00,4527.19,4528.31,4526.34,4526.61,153,35,0
2026.06.02 08:57:00,4526.66,4526.84,4526.14,4526.39,175,35,0
2026.06.02 08:58:00,4526.38,4526.83,4525.88,4526.46,164,35,0
2026.06.02 08:59:00,4526.52,4526.88,4525.95,4526.6,163,35,0
2026.06.02 09:00:00,4526.7,4527.07,4525.4,4525.96,170,35,0
2026.06.02 09:01:00,4525.91,4526.11,4525.22,4525.7,135,35,0
2026.06.02 09:02:00,4525.73,4527.42,4525.61,4527.07,146,35,0
2026.06.02 09:03:00,4527.08,4527.1,4525.89,4526.65,170,35,0
2026.06.02 09:04:00,4526.61,4527.78,4526.5,4527.32,148,35,0
2026.06.02 09:05:00,4527.36,4528.71,4527.35,4528.71,179,35,0
2026.06.02 09:06:00,4528.7,4529.65,4528.16,4529.59,148,35,0
2026.06.02 09:07:00,4529.56,4530.78,4529.39,4530.11,166,35,0
2026.06.02 09:08:00,4530.04,4530.27,4528.33,4528.99,148,35,0
2026.06.02 09:09:00,4529.08,4529.08,4527.77,4528.87,123,35,0
2026.06.02 09:10:00,4528.78,4530.49,4528.78,4530.04,136,35,0
2026.06.02 09:11:00,4530.05,4531.8,4529.99,4531.1,131,35,0
2026.06.02 09:12:00,4531.11,4533.48,4531.07,4532.8,144,35,0
2026.06.02 09:13:00,4532.81,4533.39,4531.36,4533.31,149,35,0
2026.06.02 09:14:00,4533.32,4534.17,4533.27,4533.87,149,35,0
2026.06.02 09:15:00,4533.9,4534.49,4532.76,4533.72,148,35,0
2026.06.02 09:16:00,4533.73,4534.53,4532.9,4534.39,150,35,0
2026.06.02 09:17:00,4534.4,4535.67,4533.61,4533.85,166,35,0
2026.06.02 09:18:00,4533.81,4534.72,4533.61,4533.92,147,35,0
2026.06.02 09:19:00,4533.98,4535.45,4533.98,4534.6,167,35,0
2026.06.02 09:20:00,4534.59,4534.6,4532.71,4532.96,153,35,0
2026.06.02 09:21:00,4532.97,4532.97,4530.21,4530.61,161,35,0
2026.06.02 09:22:00,4530.66,4530.66,4529.06,4529.06,151,35,0
2026.06.02 09:23:00,4529.05,4529.94,4528.69,4528.78,158,35,0
2026.06.02 09:24:00,4528.76,4529.32,4528.66,4529.15,150,35,0
2026.06.02 09:25:00,4529.17,4529.58,4528.58,4529.54,142,35,0
2026.06.02 09:26:00,4529.53,4530.09,4529.03,4529.31,148,35,0
2026.06.02 09:27:00,4529.27,4529.3,4528.22,4528.67,174,35,0
2026.06.02 09:28:00,4528.31,4528.81,4526.75,4527.47,173,35,0
2026.06.02 09:29:00,4527.48,4527.5,4525.38,4526.73,163,35,0
2026.06.02 09:30:00,4526.72,4527.25,4524.31,4524.46,170,35,0
2026.06.02 09:31:00,4524.49,4525.27,4521.91,4522.71,192,35,0
2026.06.02 09:32:00,4522.88,4524.66,4522.21,4524.39,209,35,0
2026.06.02 09:33:00,4524.41,4526.31,4523.49,4526.24,162,35,0
2026.06.02 09:34:00,4526.25,4526.32,4524.41,4525.56,189,35,0
2026.06.02 09:35:00,4525.54,4526.36,4525.17,4526.09,167,35,0
2026.06.02 09:36:00,4526.11,4526.67,4525.88,4526.51,113,35,0
2026.06.02 09:37:00,4526.42,4526.43,4524.41,4525.15,146,35,0
2026.06.02 09:38:00,4525.13,4525.28,4523.75,4524.25,137,35,0
2026.06.02 09:39:00,4524.24,4524.3,4523.42,4524.3,136,35,0
2026.06.02 09:40:00,4524.29,4524.96,4522.11,4524.42,171,35,0
2026.06.02 09:41:00,4524.43,4525.61,4523.42,4525.61,179,35,0
2026.06.02 09:42:00,4525.59,4525.96,4524.84,4524.84,147,35,0
2026.06.02 09:43:00,4524.8,4525.04,4523.44,4524.07,150,35,0
2026.06.02 09:44:00,4524.11,4525.54,4523.64,4525.54,143,35,0
2026.06.02 09:45:00,4525.38,4526.15,4524.98,4525.57,137,35,0
2026.06.02 09:46:00,4525.61,4526.13,4525.37,4525.58,149,35,0
2026.06.02 09:47:00,4525.61,4525.97,4525.12,4525.93,154,35,0
2026.06.02 09:48:00,4525.9,4527.21,4525.56,4526.68,141,35,0
2026.06.02 09:49:00,4526.64,4526.75,4526.07,4526.27,145,35,0
2026.06.02 09:50:00,4526.29,4527.84,4525.84,4527.37,151,35,0
2026.06.02 09:51:00,4527.36,4529.94,4527.34,4529.88,138,35,0
2026.06.02 09:52:00,4529.89,4531.11,4529.87,4530.56,142,35,0
2026.06.02 09:53:00,4530.55,4531.09,4530.42,4530.6,106,35,0
2026.06.02 09:54:00,4530.63,4530.74,4530.39,4530.45,92,35,0
2026.06.02 09:55:00,4530.46,4530.78,4530.29,4530.47,111,35,0
2026.06.02 09:56:00,4530.49,4531.45,4530.28,4530.45,123,35,0
2026.06.02 09:57:00,4530.41,4530.96,4530.17,4530.19,122,35,0
2026.06.02 09:58:00,4530.2,4530.41,4527.32,4528.09,173,35,0
2026.06.02 09:59:00,4528.04,4530.37,4527.71,4529.91,148,35,0
2026.06.02 10:00:00,4529.74,4530.74,4529.74,4529.97,153,35,0
2026.06.02 10:01:00,4530.0,4530.35,4528.89,4529.79,135,35,0
2026.06.02 10:02:00,4529.8,4530.25,4528.2,4528.35,129,35,0
2026.06.02 10:03:00,4528.34,4528.46,4527.8,4528.2,126,35,0
2026.06.02 10:04:00,4528.19,4528.38,4527.58,4528.23,124,35,0
2026.06.02 10:05:00,4528.28,4529.21,4528.24,4529.21,128,35,0
2026.06.02 10:06:00,4529.21,4529.65,4528.68,4529.25,147,35,0
2026.06.02 10:07:00,4529.24,4530.27,4528.56,4529.79,136,35,0
2026.06.02 10:08:00,4529.81,4529.98,4528.82,4529.1,133,35,0
2026.06.02 10:09:00,4529.09,4530.03,4529.05,4529.32,117,35,0
2026.06.02 10:10:00,4529.33,4531.64,4529.11,4531.14,116,35,0
2026.06.02 10:11:00,4531.18,4531.38,4530.86,4531.26,131,35,0
2026.06.02 10:12:00,4531.28,4531.32,4529.23,4529.32,125,35,0
2026.06.02 10:13:00,4529.38,4530.03,4528.21,4528.64,118,35,0
2026.06.02 10:14:00,4528.61,4528.98,4528.35,4528.86,149,35,0
2026.06.02 10:15:00,4528.63,4529.55,4528.59,4528.59,135,35,0
2026.06.02 10:16:00,4528.61,4528.95,4528.03,4528.29,132,35,0
2026.06.02 10:17:00,4528.27,4529.39,4528.27,4528.68,142,35,0
2026.06.02 10:18:00,4528.56,4528.62,4528.12,4528.41,128,35,0
2026.06.02 10:19:00,4528.32,4529.05,4528.12,4529.02,107,35,0
2026.06.02 10:20:00,4529.05,4529.05,4528.1,4528.37,135,35,0
2026.06.02 10:21:00,4528.32,4528.54,4525.57,4525.68,150,35,0
2026.06.02 10:22:00,4525.61,4525.87,4524.57,4525.18,165,35,0
2026.06.02 10:23:00,4525.27,4525.98,4524.93,4525.87,118,35,0
2026.06.02 10:24:00,4525.83,4525.86,4525.12,4525.22,93,35,0
2026.06.02 10:25:00,4525.26,4527.42,4524.99,4527.33,140,35,0
2026.06.02 10:26:00,4527.45,4528.09,4526.55,4527.21,133,35,0
2026.06.02 10:27:00,4527.23,4527.77,4526.75,4527.75,106,35,0
2026.06.02 10:28:00,4527.67,4528.56,4527.67,4528.24,133,35,0
2026.06.02 10:29:00,4528.23,4528.49,4528.04,4528.33,103,35,0
2026.06.02 10:30:00,4528.31,4528.65,4527.53,4527.92,128,35,0
2026.06.02 10:31:00,4527.95,4528.12,4527.3,4527.82,123,35,0
2026.06.02 10:32:00,4527.84,4528.39,4527.83,4527.95,122,35,0
2026.06.02 10:33:00,4527.93,4528.25,4526.95,4527.98,116,35,0
2026.06.02 10:34:00,4527.87,4528.07,4527.55,4527.95,101,35,0
2026.06.02 10:35:00,4527.91,4528.4,4527.46,4527.51,126,35,0
2026.06.02 10:36:00,4527.55,4528.2,4527.43,4527.67,143,35,0
2026.06.02 10:37:00,4527.7,4527.79,4526.87,4527.48,104,35,0
2026.06.02 10:38:00,4527.5,4527.59,4525.38,4525.46,120,35,0
2026.06.02 10:39:00,4525.48,4526.94,4525.44,4526.59,113,35,0
2026.06.02 10:40:00,4526.6,4527.09,4526.51,4527.01,104,35,0
2026.06.02 10:41:00,4527.0,4527.57,4526.88,4527.02,126,35,0
2026.06.02 10:42:00,4527.01,4527.38,4526.61,4526.87,118,35,0
2026.06.02 10:43:00,4526.89,4527.17,4526.14,4527.11,96,35,0
2026.06.02 10:44:00,4527.1,4528.72,4527.06,4528.72,137,35,0
2026.06.02 10:45:00,4528.73,4530.4,4528.72,4529.81,127,35,0
2026.06.02 10:46:00,4529.79,4530.78,4529.71,4530.38,131,35,0
2026.06.02 10:47:00,4530.39,4532.2,4530.35,4531.33,145,35,0
2026.06.02 10:48:00,4530.79,4532.89,4530.21,4530.52,183,35,0
2026.06.02 10:49:00,4530.48,4530.99,4530.05,4530.62,142,35,0
2026.06.02 10:50:00,4530.61,4531.05,4530.26,4530.87,129,35,0
2026.06.02 10:51:00,4530.9,4531.29,4530.85,4531.1,106,35,0
2026.06.02 10:52:00,4531.09,4531.23,4529.54,4529.57,119,35,0
2026.06.02 10:53:00,4530.05,4531.03,4529.48,4530.86,127,35,0
2026.06.02 10:54:00,4530.88,4532.35,4530.72,4532.25,119,35,0
2026.06.02 10:55:00,4532.26,4532.36,4531.26,4531.39,113,35,0
2026.06.02 10:56:00,4531.15,4532.69,4531.15,4532.05,127,35,0
2026.06.02 10:57:00,4532.08,4532.96,4531.92,4532.95,130,35,0
2026.06.02 10:58:00,4532.76,4533.46,4532.48,4533.08,137,35,0
2026.06.02 10:59:00,4533.06,4533.91,4533.06,4533.1,149,35,0
2026.06.02 11:00:00,4533.13,4534.17,4533.09,4533.84,142,35,0
2026.06.02 11:01:00,4533.83,4533.98,4533.41,4533.51,133,35,0
2026.06.02 11:02:00,4533.5,4534.59,4533.28,4534.45,127,35,0
2026.06.02 11:03:00,4534.44,4534.44,4533.72,4533.96,157,35,0
2026.06.02 11:04:00,4533.94,4533.95,4530.79,4531.04,139,35,0
2026.06.02 11:05:00,4531.03,4531.27,4529.98,4530.3,141,35,0
2026.06.02 11:06:00,4530.27,4531.14,4529.92,4530.59,154,35,0
2026.06.02 11:07:00,4530.64,4530.84,4530.05,4530.71,137,35,0
2026.06.02 11:08:00,4530.67,4530.75,4529.74,4530.07,152,35,0
2026.06.02 11:09:00,4530.09,4530.13,4529.08,4529.83,146,35,0
2026.06.02 11:10:00,4529.84,4530.49,4529.37,4529.85,122,35,0
2026.06.02 11:11:00,4529.84,4530.28,4529.66,4530.26,122,35,0
2026.06.02 11:12:00,4530.25,4531.31,4529.27,4529.7,162,35,0
2026.06.02 11:13:00,4529.72,4529.74,4528.84,4528.93,132,35,0
2026.06.02 11:14:00,4529.11,4529.63,4528.68,4528.8,131,35,0
2026.06.02 11:15:00,4528.75,4528.96,4526.6,4526.6,140,35,0
2026.06.02 11:16:00,4526.64,4529.27,4526.64,4529.16,115,35,0
2026.06.02 11:17:00,4529.11,4529.57,4528.36,4529.12,127,35,0
2026.06.02 11:18:00,4529.07,4529.26,4528.5,4528.65,129,35,0
2026.06.02 11:19:00,4528.68,4528.86,4527.86,4527.89,124,35,0
2026.06.02 11:20:00,4527.91,4528.71,4527.57,4528.23,138,35,0
2026.06.02 11:21:00,4528.25,4528.95,4527.85,4528.31,171,35,0
2026.06.02 11:22:00,4528.3,4528.96,4527.39,4528.3,122,35,0
2026.06.02 11:23:00,4528.14,4528.25,4527.6,4527.77,128,35,0
2026.06.02 11:24:00,4528.32,4528.78,4528.14,4528.66,135,35,0
2026.06.02 11:25:00,4528.69,4529.07,4528.27,4529.06,118,35,0
2026.06.02 11:26:00,4529.08,4529.12,4528.71,4529.01,111,35,0
2026.06.02 11:27:00,4529.04,4529.05,4527.26,4527.26,143,35,0
2026.06.02 11:28:00,4527.22,4529.13,4527.22,4529.01,143,35,0
2026.06.02 11:29:00,4529.0,4529.96,4528.8,4529.96,121,35,0
2026.06.02 11:30:00,4530.32,4530.66,4530.02,4530.58,124,35,0
2026.06.02 11:31:00,4530.57,4530.69,4529.54,4530.01,166,35,0
2026.06.02 11:32:00,4529.85,4529.96,4528.75,4529.0,137,35,0
2026.06.02 11:33:00,4528.99,4530.61,4528.74,4530.17,130,35,0
2026.06.02 11:34:00,4530.18,4530.54,4529.8,4529.86,140,35,0
2026.06.02 11:35:00,4529.85,4529.97,4528.87,4528.87,161,35,0
2026.06.02 11:36:00,4528.86,4528.94,4527.48,4527.61,134,35,0
2026.06.02 11:37:00,4527.56,4527.87,4526.12,4526.5,137,35,0
2026.06.02 11:38:00,4526.48,4527.44,4526.3,4527.14,129,35,0
2026.06.02 11:39:00,4527.27,4527.66,4527.03,4527.28,153,35,0
2026.06.02 11:40:00,4527.17,4527.39,4526.97,4527.12,135,35,0
2026.06.02 11:41:00,4527.13,4527.53,4527.09,4527.24,133,35,0
2026.06.02 11:42:00,4527.25,4528.33,4526.91,4528.26,125,35,0
2026.06.02 11:43:00,4528.19,4528.61,4527.88,4528.18,140,35,0
2026.06.02 11:44:00,4528.14,4528.21,4526.71,4526.83,152,35,0
2026.06.02 11:45:00,4526.83,4528.28,4526.83,4527.42,140,35,0
2026.06.02 11:46:00,4527.43,4527.76,4526.22,4526.81,156,35,0
2026.06.02 11:47:00,4526.76,4526.9,4525.52,4525.6,127,35,0
2026.06.02 11:48:00,4525.62,4529.07,4525.56,4529.07,200,35,0
2026.06.02 11:49:00,4529.1,4529.64,4528.81,4529.03,140,35,0
2026.06.02 11:50:00,4529.01,4529.26,4528.48,4529.2,163,35,0
2026.06.02 11:51:00,4529.17,4529.35,4528.47,4528.74,140,35,0
2026.06.02 11:52:00,4528.75,4529.53,4528.7,4529.15,143,35,0
2026.06.02 11:53:00,4529.17,4529.17,4528.71,4528.77,113,35,0
2026.06.02 11:54:00,4528.75,4529.22,4528.37,4528.49,128,35,0
2026.06.02 11:55:00,4528.56,4530.44,4528.49,4530.08,148,35,0
2026.06.02 11:56:00,4530.08,4530.38,4529.44,4530.17,163,35,0
2026.06.02 11:57:00,4530.19,4530.19,4528.11,4528.11,139,35,0
2026.06.02 11:58:00,4528.13,4528.52,4526.35,4526.35,162,35,0
2026.06.02 11:59:00,4526.38,4527.43,4525.52,4527.43,155,35,0
2026.06.02 12:00:00,4527.61,4528.52,4526.52,4526.58,155,35,0
2026.06.02 12:01:00,4526.56,4527.07,4525.93,4526.74,158,35,0
2026.06.02 12:02:00,4526.71,4527.14,4526.35,4527.08,151,35,0
2026.06.02 12:03:00,4527.12,4528.48,4526.84,4528.33,150,35,0
2026.06.02 12:04:00,4528.53,4528.57,4527.53,4527.75,144,35,0
2026.06.02 12:05:00,4527.74,4527.74,4525.76,4526.26,156,35,0
2026.06.02 12:06:00,4526.22,4527.1,4525.52,4526.15,145,35,0
2026.06.02 12:07:00,4526.24,4526.86,4524.86,4526.86,178,35,0
2026.06.02 12:08:00,4526.87,4528.2,4526.81,4527.4,156,35,0
2026.06.02 12:09:00,4527.42,4527.87,4527.16,4527.29,146,35,0
2026.06.02 12:10:00,4527.27,4527.79,4526.54,4526.6,158,35,0
2026.06.02 12:11:00,4526.59,4527.06,4525.92,4526.76,142,35,0
2026.06.02 12:12:00,4526.67,4527.46,4526.54,4527.06,132,35,0
2026.06.02 12:13:00,4527.05,4527.57,4526.47,4527.33,142,35,0
2026.06.02 12:14:00,4527.24,4527.3,4526.22,4526.22,132,35,0
2026.06.02 12:15:00,4526.21,4526.27,4523.96,4524.34,179,35,0
2026.06.02 12:16:00,4524.32,4525.43,4523.96,4525.18,148,35,0
2026.06.02 12:17:00,4526.69,4527.74,4526.6,4526.76,184,35,0
2026.06.02 12:18:00,4526.73,4526.78,4525.28,4526.74,141,35,0
2026.06.02 12:19:00,4526.76,4527.44,4526.53,4526.74,144,35,0
2026.06.02 12:20:00,4526.82,4528.87,4526.36,4527.94,195,35,0
2026.06.02 12:21:00,4527.95,4531.94,4527.43,4531.36,186,35,0
2026.06.02 12:22:00,4531.51,4532.16,4530.21,4531.84,193,35,0
2026.06.02 12:23:00,4531.86,4531.86,4529.7,4529.81,172,35,0
2026.06.02 12:24:00,4529.84,4530.87,4529.26,4530.82,153,35,0
2026.06.02 12:25:00,4531.17,4533.85,4530.93,4532.8,202,35,0
2026.06.02 12:26:00,4532.78,4532.78,4529.28,4529.53,162,35,0
2026.06.02 12:27:00,4529.46,4529.46,4527.91,4528.94,200,35,0
2026.06.02 12:28:00,4528.92,4529.14,4527.71,4528.44,170,35,0
2026.06.02 12:29:00,4528.4,4529.71,4528.28,4529.22,167,35,0
2026.06.02 12:30:00,4529.1,4529.29,4522.01,4523.08,198,35,0
2026.06.02 12:31:00,4522.93,4525.84,4522.93,4525.71,168,35,0
2026.06.02 12:32:00,4526.04,4526.5,4525.63,4526.42,176,35,0
2026.06.02 12:33:00,4526.46,4527.37,4526.31,4527.05,139,35,0
2026.06.02 12:34:00,4527.15,4528.4,4526.71,4528.04,141,35,0
2026.06.02 12:35:00,4527.25,4533.56,4527.17,4533.45,197,35,0
2026.06.02 12:36:00,4533.27,4533.42,4529.12,4529.9,179,35,0
2026.06.02 12:37:00,4529.88,4529.96,4523.38,4523.74,184,35,0
2026.06.02 12:38:00,4523.76,4525.07,4523.08,4524.33,175,35,0
2026.06.02 12:39:00,4524.31,4525.11,4523.33,4524.75,165,35,0
2026.06.02 12:40:00,4524.72,4526.54,4524.51,4526.54,174,35,0
2026.06.02 12:41:00,4526.5,4527.12,4525.79,4526.56,145,35,0
2026.06.02 12:42:00,4526.55,4527.17,4523.83,4525.26,154,35,0
2026.06.02 12:43:00,4525.29,4525.43,4524.13,4524.35,151,35,0
2026.06.02 12:44:00,4524.38,4525.13,4524.13,4524.79,134,35,0
2026.06.02 12:45:00,4525.06,4525.88,4524.4,4524.96,131,35,0
2026.06.02 12:46:00,4524.91,4525.05,4522.66,4522.66,154,35,0
2026.06.02 12:47:00,4522.83,4523.34,4520.89,4521.37,190,35,0
2026.06.02 12:48:00,4521.41,4523.26,4521.39,4523.11,158,35,0
2026.06.02 12:49:00,4523.1,4523.91,4519.88,4520.2,164,35,0
2026.06.02 12:50:00,4520.19,4521.2,4518.99,4519.17,175,35,0
2026.06.02 12:51:00,4519.12,4520.23,4519.12,4519.54,162,35,0
2026.06.02 12:52:00,4519.53,4519.55,4517.08,4517.65,179,35,0
2026.06.02 12:53:00,4517.64,4517.73,4515.94,4516.68,181,35,0
2026.06.02 12:54:00,4516.7,4517.33,4514.09,4514.91,220,35,0
2026.06.02 12:55:00,4514.9,4516.22,4514.26,4514.79,215,35,0
2026.06.02 12:56:00,4514.78,4516.32,4514.35,4516.25,192,35,0
2026.06.02 12:57:00,4516.23,4517.43,4515.26,4516.79,173,35,0
2026.06.02 12:58:00,4516.8,4517.03,4513.88,4513.92,187,35,0
2026.06.02 12:59:00,4513.93,4514.46,4513.44,4514.2,177,35,0
2026.06.02 13:00:00,4514.94,4517.2,4513.29,4515.95,197,35,0
2026.06.02 13:01:00,4516.03,4517.43,4514.49,4516.23,192,35,0
2026.06.02 13:02:00,4516.08,4518.33,4514.98,4518.11,185,35,0
2026.06.02 13:03:00,4518.07,4519.09,4516.84,4518.62,194,35,0
2026.06.02 13:04:00,4518.57,4520.49,4517.83,4520.06,200,35,0
2026.06.02 13:05:00,4520.05,4522.44,4520.05,4522.44,193,35,0
2026.06.02 13:06:00,4522.53,4524.71,4521.33,4521.44,206,35,0
2026.06.02 13:07:00,4521.47,4521.54,4519.44,4520.1,178,35,0
2026.06.02 13:08:00,4520.13,4520.34,4513.43,4515.13,212,35,0
2026.06.02 13:09:00,4515.45,4517.33,4515.37,4516.43,200,35,0
2026.06.02 13:10:00,4516.39,4518.22,4515.41,4516.56,181,35,0
2026.06.02 13:11:00,4516.57,4516.71,4515.3,4516.62,180,35,0
2026.06.02 13:12:00,4516.84,4517.51,4511.97,4512.87,186,35,0
2026.06.02 13:13:00,4513.39,4514.35,4512.5,4513.6,195,35,0
2026.06.02 13:14:00,4513.65,4514.63,4512.84,4513.89,181,35,0
2026.06.02 13:15:00,4514.05,4517.04,4513.79,4514.13,186,35,0
2026.06.02 13:16:00,4514.18,4514.72,4513.53,4514.67,168,35,0
2026.06.02 13:17:00,4514.66,4516.06,4514.5,4515.42,172,35,0
2026.06.02 13:18:00,4515.39,4515.7,4513.47,4513.86,174,35,0
2026.06.02 13:19:00,4513.91,4514.03,4512.52,4512.7,193,35,0
2026.06.02 13:20:00,4512.73,4514.44,4512.06,4513.29,181,35,0
2026.06.02 13:21:00,4513.28,4514.62,4510.78,4510.92,218,35,0
2026.06.02 13:22:00,4510.81,4512.05,4510.29,4511.53,187,35,0
2026.06.02 13:23:00,4511.58,4512.07,4510.57,4511.79,179,35,0
2026.06.02 13:24:00,4511.78,4513.73,4511.78,4513.06,192,35,0
2026.06.02 13:25:00,4513.05,4513.76,4512.42,4513.18,169,35,0
2026.06.02 13:26:00,4513.3,4515.04,4513.3,4514.53,170,35,0
2026.06.02 13:27:00,4514.52,4515.57,4513.24,4513.42,172,35,0
2026.06.02 13:28:00,4513.45,4513.69,4511.62,4512.43,180,35,0
2026.06.02 13:29:00,4512.44,4512.44,4509.87,4510.73,182,35,0
2026.06.02 13:30:00,4510.72,4510.99,4506.67,4508.38,221,35,0
2026.06.02 13:31:00,4508.32,4510.21,4506.91,4509.07,212,35,0
2026.06.02 13:32:00,4509.03,4510.81,4507.43,4509.14,200,35,0
2026.06.02 13:33:00,4509.3,4509.83,4508.13,4508.41,193,35,0
2026.06.02 13:34:00,4508.07,4509.12,4507.42,4508.05,196,35,0
2026.06.02 13:35:00,4508.04,4511.2,4506.71,4510.66,208,35,0
2026.06.02 13:36:00,4510.83,4511.03,4507.88,4508.4,193,35,0
2026.06.02 13:37:00,4508.46,4509.21,4506.16,4507.52,188,35,0
2026.06.02 13:38:00,4507.56,4508.82,4506.88,4508.36,198,35,0
2026.06.02 13:39:00,4508.44,4511.94,4508.44,4510.97,193,35,0
2026.06.02 13:40:00,4510.63,4514.36,4509.33,4513.81,201,35,0
2026.06.02 13:41:00,4513.65,4513.98,4512.0,4512.31,209,35,0
2026.06.02 13:42:00,4512.32,4513.0,4510.68,4511.22,184,35,0
2026.06.02 13:43:00,4511.25,4511.64,4508.74,4510.45,191,35,0
2026.06.02 13:44:00,4510.47,4510.5,4507.56,4508.37,183,35,0
2026.06.02 13:45:00,4508.35,4510.65,4508.03,4509.83,200,35,0
2026.06.02 13:46:00,4509.92,4510.87,4508.67,4508.87,194,35,0
2026.06.02 13:47:00,4508.83,4509.62,4506.52,4508.43,184,35,0
2026.06.02 13:48:00,4508.42,4509.26,4507.01,4508.89,180,35,0
2026.06.02 13:49:00,4508.9,4510.91,4508.73,4509.66,176,35,0
2026.06.02 13:50:00,4509.55,4513.61,4509.31,4513.4,193,35,0
2026.06.02 13:51:00,4513.45,4513.45,4509.08,4509.48,175,35,0
2026.06.02 13:52:00,4509.46,4510.08,4507.95,4508.74,194,35,0
2026.06.02 13:53:00,4508.73,4510.67,4508.72,4509.71,179,35,0
2026.06.02 13:54:00,4509.69,4509.76,4504.63,4504.63,197,35,0
2026.06.02 13:55:00,4504.45,4506.02,4503.92,4504.93,203,35,0
2026.06.02 13:56:00,4505.15,4505.2,4503.08,4504.46,220,35,0
2026.06.02 13:57:00,4504.47,4505.54,4503.4,4504.85,229,35,0
2026.06.02 13:58:00,4504.84,4505.49,4504.04,4504.62,241,35,0
2026.06.02 13:59:00,4504.63,4504.63,4502.58,4502.58,213,35,0
2026.06.02 14:00:00,4502.4,4504.02,4498.31,4502.57,219,35,0
2026.06.02 14:01:00,4502.62,4503.81,4500.51,4502.78,207,35,0
2026.06.02 14:02:00,4502.85,4505.51,4501.78,4504.61,181,35,0
2026.06.02 14:03:00,4504.51,4505.36,4503.21,4504.66,194,35,0
2026.06.02 14:04:00,4504.41,4505.76,4501.94,4502.27,204,35,0
2026.06.02 14:05:00,4502.29,4504.47,4501.57,4504.47,195,35,0
2026.06.02 14:06:00,4504.34,4504.85,4502.23,4502.93,186,35,0
2026.06.02 14:07:00,4502.96,4504.38,4502.38,4502.48,194,35,0
2026.06.02 14:08:00,4502.34,4503.96,4500.53,4503.44,192,35,0
2026.06.02 14:09:00,4503.64,4504.12,4502.51,4502.79,188,35,0
2026.06.02 14:10:00,4502.81,4504.03,4502.71,4504.02,183,35,0
2026.06.02 14:11:00,4504.06,4506.97,4503.91,4506.48,196,35,0
2026.06.02 14:12:00,4506.5,4506.5,4503.45,4504.38,192,35,0
2026.06.02 14:13:00,4504.4,4505.78,4503.37,4505.24,188,35,0
2026.06.02 14:14:00,4505.23,4506.05,4503.97,4504.1,203,35,0
2026.06.02 14:15:00,4504.11,4504.96,4502.07,4502.22,211,35,0
2026.06.02 14:16:00,4502.21,4502.21,4496.99,4499.41,209,35,0
2026.06.02 14:17:00,4499.54,4499.56,4494.08,4494.2,197,35,0
2026.06.02 14:18:00,4493.85,4495.47,4492.58,4494.81,206,35,0
2026.06.02 14:19:00,4494.85,4496.76,4493.37,4495.85,197,35,0
2026.06.02 14:20:00,4496.05,4498.12,4495.18,4495.26,202,35,0
2026.06.02 14:21:00,4495.22,4496.44,4493.11,4493.42,200,35,0
2026.06.02 14:22:00,4493.4,4493.79,4490.25,4491.58,213,35,0
2026.06.02 14:23:00,4491.6,4492.65,4490.93,4491.64,206,35,0
2026.06.02 14:24:00,4491.81,4493.05,4490.87,4493.04,195,35,0
2026.06.02 14:25:00,4492.93,4496.92,4492.07,4495.17,202,35,0
2026.06.02 14:26:00,4494.97,4497.05,4494.12,4496.09,197,35,0
2026.06.02 14:27:00,4496.15,4496.44,4493.28,4494.23,189,35,0
2026.06.02 14:28:00,4494.21,4496.16,4493.39,4495.62,188,35,0
2026.06.02 14:29:00,4495.63,4496.3,4495.24,4495.53,181,35,0
2026.06.02 14:30:00,4495.86,4497.89,4495.54,4495.87,187,35,0
2026.06.02 14:31:00,4495.89,4497.67,4495.61,4497.55,181,35,0
2026.06.02 14:32:00,4497.57,4499.48,4496.84,4499.02,178,35,0
2026.06.02 14:33:00,4498.99,4499.6,4498.33,4499.22,183,35,0
2026.06.02 14:34:00,4499.26,4499.64,4498.8,4499.27,170,35,0
2026.06.02 14:35:00,4499.2,4502.19,4499.19,4502.07,177,35,0
2026.06.02 14:36:00,4502.02,4502.22,4501.47,4501.67,176,35,0
2026.06.02 14:37:00,4501.72,4503.89,4501.49,4503.86,178,35,0
2026.06.02 14:38:00,4503.89,4504.31,4502.97,4503.33,165,35,0
2026.06.02 14:39:00,4503.35,4504.04,4502.15,4502.39,167,35,0
2026.06.02 14:40:00,4502.74,4504.21,4501.27,4501.59,180,35,0
2026.06.02 14:41:00,4501.6,4503.29,4501.04,4503.28,162,35,0
2026.06.02 14:42:00,4503.26,4503.61,4502.02,4502.03,184,35,0
2026.06.02 14:43:00,4501.92,4503.16,4501.54,4503.11,169,35,0
2026.06.02 14:44:00,4503.13,4505.27,4503.13,4504.4,167,35,0
2026.06.02 14:45:00,4504.23,4505.69,4504.15,4504.9,179,35,0
2026.06.02 14:46:00,4504.88,4506.3,4504.7,4505.77,164,35,0
2026.06.02 14:47:00,4505.79,4506.27,4505.52,4505.75,166,35,0
2026.06.02 14:48:00,4505.56,4505.68,4503.85,4504.21,173,35,0
2026.06.02 14:49:00,4504.2,4504.45,4502.98,4503.74,176,35,0
2026.06.02 14:50:00,4503.73,4504.05,4500.79,4502.43,176,35,0
2026.06.02 14:51:00,4502.38,4503.35,4502.1,4503.02,169,35,0
2026.06.02 14:52:00,4503.04,4503.14,4502.2,4502.76,165,35,0
2026.06.02 14:53:00,4502.8,4503.54,4502.04,4503.15,172,35,0
2026.06.02 14:54:00,4503.11,4504.25,4502.99,4504.11,175,35,0
2026.06.02 14:55:00,4504.06,4504.35,4503.22,4503.49,167,35,0
2026.06.02 14:56:00,4503.48,4505.45,4502.78,4505.06,158,35,0
2026.06.02 14:57:00,4504.69,4504.69,4502.49,4503.11,169,35,0
2026.06.02 14:58:00,4503.12,4503.21,4501.15,4501.3,194,35,0
2026.06.02 14:59:00,4501.31,4504.08,4501.31,4504.01,175,35,0
2026.06.02 15:00:00,4504.0,4506.78,4504.0,4505.89,181,35,0
2026.06.02 15:01:00,4505.82,4506.64,4503.67,4504.73,177,35,0
2026.06.02 15:02:00,4504.75,4506.2,4504.43,4505.34,159,35,0
2026.06.02 15:03:00,4505.36,4505.52,4503.21,4504.31,176,35,0
2026.06.02 15:04:00,4504.32,4504.62,4502.62,4502.65,162,35,0
2026.06.02 15:05:00,4502.98,4503.31,4501.5,4503.08,168,35,0
2026.06.02 15:06:00,4503.04,4506.14,4503.04,4505.94,176,35,0
2026.06.02 15:07:00,4505.96,4507.84,4505.96,4507.63,179,35,0
2026.06.02 15:08:00,4507.38,4507.57,4506.39,4506.92,161,35,0
2026.06.02 15:09:00,4507.07,4508.06,4506.58,4506.71,163,35,0
2026.06.02 15:10:00,4506.71,4507.47,4506.0,4506.62,169,35,0
2026.06.02 15:11:00,4506.53,4507.03,4505.14,4505.14,183,35,0
2026.06.02 15:12:00,4505.15,4505.48,4502.7,4502.84,175,35,0
2026.06.02 15:13:00,4503.03,4503.36,4502.43,4502.6,164,35,0
2026.06.02 15:14:00,4502.64,4503.72,4502.64,4503.42,160,35,0
2026.06.02 15:15:00,4503.34,4505.17,4503.31,4503.95,172,35,0
2026.06.02 15:16:00,4504.12,4504.88,4503.78,4503.89,180,35,0
2026.06.02 15:17:00,4503.88,4504.97,4503.31,4504.48,170,35,0
2026.06.02 15:18:00,4504.31,4504.72,4503.57,4504.09,167,35,0
2026.06.02 15:19:00,4504.05,4504.78,4503.88,4504.3,174,35,0
2026.06.02 15:20:00,4504.41,4505.88,4504.26,4505.09,155,35,0
2026.06.02 15:21:00,4505.07,4506.15,4504.85,4505.08,160,35,0
2026.06.02 15:22:00,4505.1,4506.08,4504.52,4504.72,145,35,0
2026.06.02 15:23:00,4504.75,4504.87,4502.43,4502.56,170,35,0
2026.06.02 15:24:00,4502.62,4503.85,4502.16,4503.85,159,35,0
2026.06.02 15:25:00,4503.73,4504.81,4503.47,4504.81,167,35,0
2026.06.02 15:26:00,4504.64,4505.28,4504.18,4504.28,159,35,0
2026.06.02 15:27:00,4504.29,4505.68,4503.98,4505.09,169,35,0
2026.06.02 15:28:00,4503.77,4504.51,4501.47,4504.29,178,35,0
2026.06.02 15:29:00,4504.39,4505.86,4504.39,4505.34,165,35,0
2026.06.02 15:30:00,4505.49,4505.54,4502.92,4503.55,186,35,0
2026.06.02 15:31:00,4503.52,4505.27,4503.06,4504.87,167,35,0
2026.06.02 15:32:00,4505.06,4506.45,4503.64,4504.25,168,35,0
2026.06.02 15:33:00,4504.29,4506.72,4504.29,4506.49,155,35,0
2026.06.02 15:34:00,4505.68,4506.24,4504.55,4506.19,164,35,0
2026.06.02 15:35:00,4506.15,4508.29,4505.98,4508.12,138,35,0
2026.06.02 15:36:00,4508.13,4508.41,4507.34,4507.91,179,35,0
2026.06.02 15:37:00,4507.9,4508.29,4506.85,4507.27,157,35,0
2026.06.02 15:38:00,4507.31,4508.47,4506.1,4506.39,160,35,0
2026.06.02 15:39:00,4506.41,4506.56,4504.42,4504.42,170,35,0
2026.06.02 15:40:00,4504.41,4504.68,4501.65,4501.89,170,35,0
2026.06.02 15:41:00,4501.9,4502.34,4500.07,4501.99,182,35,0
2026.06.02 15:42:00,4502.02,4502.82,4501.57,4502.51,153,35,0
2026.06.02 15:43:00,4502.49,4503.45,4501.74,4503.26,161,35,0
2026.06.02 15:44:00,4503.25,4503.36,4502.19,4502.32,173,35,0
2026.06.02 15:45:00,4502.41,4503.31,4501.71,4502.36,178,35,0
2026.06.02 15:46:00,4502.43,4504.06,4502.39,4503.64,152,35,0
2026.06.02 15:47:00,4503.66,4506.5,4503.35,4505.89,168,35,0
2026.06.02 15:48:00,4505.88,4506.99,4504.09,4505.31,185,35,0
2026.06.02 15:49:00,4505.38,4506.76,4504.99,4505.51,174,35,0
2026.06.02 15:50:00,4505.68,4505.74,4503.17,4504.45,145,35,0
2026.06.02 15:51:00,4504.43,4504.96,4504.19,4504.72,136,35,0
2026.06.02 15:52:00,4504.6,4504.61,4502.45,4503.26,161,35,0
2026.06.02 15:53:00,4503.28,4504.38,4503.28,4503.96,137,35,0
2026.06.02 15:54:00,4503.95,4504.39,4503.03,4503.78,146,35,0
2026.06.02 15:55:00,4503.68,4503.82,4502.74,4503.02,138,35,0
2026.06.02 15:56:00,4502.99,4503.32,4502.51,4502.63,173,35,0
2026.06.02 15:57:00,4502.6,4503.19,4501.31,4501.31,178,35,0
2026.06.02 15:58:00,4501.32,4502.58,4501.27,4502.24,157,35,0
2026.06.02 15:59:00,4502.23,4502.32,4501.76,4502.02,154,35,0
2026.06.02 16:00:00,4502.0,4502.37,4500.73,4501.47,163,35,0
2026.06.02 16:01:00,4501.45,4501.81,4500.42,4501.2,168,35,0
2026.06.02 16:02:00,4501.19,4502.84,4501.19,4501.83,158,35,0
2026.06.02 16:03:00,4501.84,4501.85,4500.32,4500.53,188,35,0
2026.06.02 16:04:00,4500.51,4501.29,4499.73,4500.82,186,35,0
2026.06.02 16:05:00,4500.75,4501.27,4499.84,4499.92,195,35,0
2026.06.02 16:06:00,4499.97,4500.28,4498.25,4498.49,203,35,0
2026.06.02 16:07:00,4498.4,4502.62,4498.12,4501.46,169,35,0
2026.06.02 16:08:00,4501.16,4501.71,4499.94,4500.04,177,35,0
2026.06.02 16:09:00,4500.13,4502.11,4499.28,4501.92,179,35,0
2026.06.02 16:10:00,4502.03,4502.03,4500.94,4501.21,166,35,0
2026.06.02 16:11:00,4500.97,4502.08,4500.5,4500.5,169,35,0
2026.06.02 16:12:00,4500.43,4500.61,4498.84,4498.93,174,35,0
2026.06.02 16:13:00,4498.9,4499.84,4498.9,4499.24,181,35,0
2026.06.02 16:14:00,4499.23,4499.57,4498.05,4498.12,171,35,0
2026.06.02 16:15:00,4498.07,4498.36,4496.38,4496.82,164,35,0
2026.06.02 16:16:00,4496.84,4497.12,4495.49,4495.81,168,35,0
2026.06.02 16:17:00,4495.86,4496.59,4495.57,4495.86,162,35,0
2026.06.02 16:18:00,4495.87,4495.87,4494.47,4494.78,157,35,0
2026.06.02 16:19:00,4494.84,4495.19,4494.28,4494.68,169,35,0
2026.06.02 16:20:00,4494.72,4494.97,4493.9,4493.98,170,35,0
2026.06.02 16:21:00,4493.93,4494.16,4492.42,4492.97,202,35,0
2026.06.02 16:22:00,4493.04,4495.77,4492.75,4495.68,201,35,0
2026.06.02 16:23:00,4495.78,4496.15,4495.46,4495.8,189,35,0
2026.06.02 16:24:00,4495.79,4496.02,4494.57,4494.59,189,35,0
2026.06.02 16:25:00,4494.84,4494.89,4492.68,4493.23,171,35,0
2026.06.02 16:26:00,4493.3,4493.3,4490.32,4490.78,191,35,0
2026.06.02 16:27:00,4490.8,4491.68,4490.45,4491.36,209,35,0
2026.06.02 16:28:00,4491.31,4492.19,4490.36,4491.54,179,35,0
2026.06.02 16:29:00,4491.56,4491.58,4490.25,4490.25,168,35,0
2026.06.02 16:30:00,4490.27,4490.54,4489.14,4489.52,196,35,0
2026.06.02 16:31:00,4489.8,4491.4,4489.37,4489.79,195,35,0
2026.06.02 16:32:00,4489.84,4490.9,4489.36,4489.84,189,35,0
2026.06.02 16:33:00,4489.76,4490.8,4489.28,4490.62,171,35,0
2026.06.02 16:34:00,4490.65,4490.68,4489.17,4489.61,184,35,0
2026.06.02 16:35:00,4489.52,4489.98,4488.44,4489.04,170,35,0
2026.06.02 16:36:00,4489.01,4489.24,4487.87,4488.07,176,35,0
2026.06.02 16:37:00,4488.0,4488.84,4487.85,4488.84,164,35,0
2026.06.02 16:38:00,4488.85,4488.85,4486.37,4487.61,159,35,0
2026.06.02 16:39:00,4487.51,4487.81,4487.09,4487.63,170,35,0
2026.06.02 16:40:00,4487.58,4488.04,4486.47,4487.2,186,35,0
2026.06.02 16:41:00,4487.22,4489.26,4487.1,4489.21,188,35,0
2026.06.02 16:42:00,4489.2,4489.72,4488.72,4489.7,174,35,0
2026.06.02 16:43:00,4489.72,4490.3,4489.22,4489.24,185,35,0
2026.06.02 16:44:00,4489.23,4490.81,4488.99,4489.73,207,35,0
2026.06.02 16:45:00,4489.66,4490.9,4489.08,4489.78,181,35,0
2026.06.02 16:46:00,4489.77,4490.41,4489.43,4490.17,155,35,0
2026.06.02 16:47:00,4490.24,4491.24,4490.24,4490.58,175,35,0
2026.06.02 16:48:00,4490.57,4491.2,4489.86,4491.2,133,35,0
2026.06.02 16:49:00,4491.22,4491.81,4490.62,4490.9,151,35,0
2026.06.02 16:50:00,4490.88,4491.61,4490.88,4491.44,150,35,0
2026.06.02 16:51:00,4491.42,4491.44,4489.75,4489.86,168,35,0
2026.06.02 16:52:00,4489.85,4490.79,4489.79,4490.79,164,35,0
2026.06.02 16:53:00,4490.77,4490.77,4489.62,4490.09,173,35,0
2026.06.02 16:54:00,4490.08,4490.39,4489.27,4489.4,158,35,0
2026.06.02 16:55:00,4489.36,4490.61,4489.29,4490.3,152,35,0
2026.06.02 16:56:00,4490.26,4490.68,4489.93,4490.29,139,35,0
2026.06.02 16:57:00,4490.28,4490.53,4489.76,4490.31,152,35,0
2026.06.02 16:58:00,4490.16,4491.18,4489.92,4490.98,160,35,0
2026.06.02 16:59:00,4490.86,4491.9,4490.52,4491.82,188,35,0
2026.06.02 17:00:00,4491.78,4492.9,4490.64,4492.69,189,35,0
2026.06.02 17:01:00,4492.66,4492.67,4490.32,4490.32,170,43,0
2026.06.02 17:02:00,4490.43,4491.24,4490.34,4490.89,172,43,0
2026.06.02 17:03:00,4490.9,4491.43,4490.44,4490.61,147,43,0
2026.06.02 17:04:00,4490.69,4490.69,4489.45,4490.29,175,43,0
2026.06.02 17:05:00,4490.12,4491.93,4490.07,4491.64,201,43,0
2026.06.02 17:06:00,4491.62,4491.91,4489.52,4489.64,151,43,0
2026.06.02 17:07:00,4489.65,4490.15,4488.66,4489.04,188,43,0
2026.06.02 17:08:00,4489.12,4491.41,4488.44,4490.38,189,43,0
2026.06.02 17:09:00,4490.32,4490.35,4486.92,4486.93,190,43,0
2026.06.02 17:10:00,4486.96,4487.5,4486.68,4487.41,194,43,0
2026.06.02 17:11:00,4487.37,4488.3,4486.99,4488.28,194,43,0
2026.06.02 17:12:00,4488.16,4488.75,4487.57,4488.0,184,43,0
2026.06.02 17:13:00,4487.93,4488.9,4487.83,4488.05,210,43,0
2026.06.02 17:14:00,4487.99,4489.87,4487.85,4489.48,189,43,0
2026.06.02 17:15:00,4489.49,4490.06,4489.41,4489.7,163,43,0
2026.06.02 17:16:00,4489.61,4489.73,4486.67,4487.72,177,43,0
2026.06.02 17:17:00,4487.63,4488.73,4487.63,4488.26,172,43,0
2026.06.02 17:18:00,4488.29,4488.8,4487.41,4487.97,174,43,0
2026.06.02 17:19:00,4487.94,4487.94,4486.68,4487.12,217,43,0
2026.06.02 17:20:00,4487.14,4487.95,4486.71,4487.55,162,43,0
2026.06.02 17:21:00,4487.52,4487.64,4487.07,4487.64,197,43,0
2026.06.02 17:22:00,4487.53,4487.88,4486.32,4487.57,186,43,0
2026.06.02 17:23:00,4487.6,4488.63,4487.36,4487.74,179,43,0
2026.06.02 17:24:00,4487.66,4488.23,4487.1,4488.09,201,43,0
2026.06.02 17:25:00,4488.22,4488.24,4487.35,4488.24,188,43,0
2026.06.02 17:26:00,4488.25,4489.01,4488.16,4488.56,182,43,0
2026.06.02 17:27:00,4488.58,4488.83,4488.1,4488.34,198,43,0
2026.06.02 17:28:00,4488.36,4489.31,4487.82,4488.61,179,43,0
2026.06.02 17:29:00,4488.46,4491.49,4488.33,4491.0,303,43,0
2026.06.02 17:30:00,4490.79,4490.83,4489.22,4490.13,186,43,0
2026.06.02 17:31:00,4490.16,4491.13,4488.87,4490.13,186,43,0
2026.06.02 17:32:00,4490.1,4491.22,4489.84,4490.67,177,43,0
2026.06.02 17:33:00,4490.7,4491.62,4490.7,4491.25,178,43,0
2026.06.02 17:34:00,4491.23,4491.23,4488.39,4488.42,205,43,0
2026.06.02 17:35:00,4488.4,4488.72,4487.13,4487.18,182,43,0
2026.06.02 17:36:00,4487.21,4487.52,4482.34,4483.52,243,43,0
2026.06.02 17:37:00,4483.35,4484.77,4482.72,4484.57,216,43,0
2026.06.02 17:38:00,4484.63,4484.64,4482.86,4483.44,223,43,0
2026.06.02 17:39:00,4483.43,4483.81,4482.02,4482.78,234,43,0
2026.06.02 17:40:00,4482.87,4484.82,4482.61,4484.39,222,43,0
2026.06.02 17:41:00,4484.37,4484.59,4483.1,4483.36,205,43,0
2026.06.02 17:42:00,4483.26,4484.89,4483.01,4484.85,204,43,0
2026.06.02 17:43:00,4484.84,4485.34,4484.46,4485.03,203,43,0
2026.06.02 17:44:00,4485.02,4485.05,4484.21,4484.48,185,43,0
2026.06.02 17:45:00,4484.46,4485.2,4484.17,4484.39,179,43,0
2026.06.02 17:46:00,4484.4,4485.72,4484.3,4485.45,176,43,0
2026.06.02 17:47:00,4485.42,4486.18,4485.12,4485.77,184,43,0
2026.06.02 17:48:00,4485.78,4485.8,4485.06,4485.62,147,43,0
2026.06.02 17:49:00,4485.6,4485.92,4485.1,4485.87,163,43,0
2026.06.02 17:50:00,4485.83,4486.47,4485.7,4485.77,175,43,0
2026.06.02 17:51:00,4485.75,4486.21,4485.08,4485.24,193,43,0
2026.06.02 17:52:00,4485.22,4485.64,4483.49,4483.54,199,43,0
2026.06.02 17:53:00,4483.55,4484.37,4483.48,4484.12,175,43,0
2026.06.02 17:54:00,4484.13,4484.54,4483.52,4483.77,166,43,0
2026.06.02 17:55:00,4483.76,4483.76,4482.41,4483.19,211,43,0
2026.06.02 17:56:00,4483.21,4484.29,4483.2,4484.02,176,43,0
2026.06.02 17:57:00,4484.08,4484.57,4483.96,4484.33,161,43,0
2026.06.02 17:58:00,4484.37,4484.64,4484.01,4484.3,159,43,0
2026.06.02 17:59:00,4484.27,4484.88,4484.25,4484.52,196,43,0
2026.06.02 18:00:00,4484.57,4486.57,4484.26,4486.16,212,43,0
2026.06.02 18:01:00,4486.16,4488.45,4486.07,4488.1,167,43,0
2026.06.02 18:02:00,4488.14,4488.17,4486.6,4486.6,184,43,0
2026.06.02 18:03:00,4486.63,4487.07,4486.16,4486.17,158,43,0
2026.06.02 18:04:00,4486.16,4486.81,4485.64,4486.35,182,43,0
2026.06.02 18:05:00,4486.34,4487.26,4486.09,4486.49,179,43,0
2026.06.02 18:06:00,4486.51,4486.52,4485.15,4485.35,186,43,0
2026.06.02 18:07:00,4485.4,4486.8,4485.26,4486.76,156,43,0
2026.06.02 18:08:00,4486.75,4487.48,4486.75,4486.93,159,43,0
2026.06.02 18:09:00,4486.9,4487.48,4486.64,4487.41,149,43,0
2026.06.02 18:10:00,4487.4,4487.51,4486.35,4486.74,167,43,0
2026.06.02 18:11:00,4486.73,4486.75,4485.01,4485.45,156,43,0
2026.06.02 18:12:00,4485.47,4487.86,4485.47,4485.8,164,43,0
2026.06.02 18:13:00,4485.78,4486.19,4485.65,4485.97,182,43,0
2026.06.02 18:14:00,4485.88,4485.88,4484.93,4485.05,135,43,0
2026.06.02 18:15:00,4485.02,4485.02,4483.96,4484.04,194,43,0
2026.06.02 18:16:00,4484.1,4485.28,4484.1,4484.53,180,43,0
2026.06.02 18:17:00,4484.55,4485.57,4484.52,4485.4,188,43,0
2026.06.02 18:18:00,4485.44,4486.01,4484.83,4485.4,164,43,0
2026.06.02 18:19:00,4485.43,4485.5,4484.55,4484.86,172,43,0
2026.06.02 18:20:00,4484.82,4484.92,4484.38,4484.81,148,43,0
2026.06.02 18:21:00,4484.82,4485.34,4484.42,4484.74,167,43,0
2026.06.02 18:22:00,4484.76,4487.02,4484.75,4486.86,155,43,0
2026.06.02 18:23:00,4486.82,4487.26,4486.65,4486.95,159,43,0
2026.06.02 18:24:00,4487.04,4487.57,4486.7,4487.42,171,43,0
2026.06.02 18:25:00,4487.42,4489.17,4487.24,4489.15,193,43,0
2026.06.02 18:26:00,4489.13,4490.52,4488.94,4489.76,174,43,0
2026.06.02 18:27:00,4489.77,4490.52,4489.62,4490.5,175,43,0
2026.06.02 18:28:00,4490.64,4490.85,4488.92,4488.94,184,43,0
2026.06.02 18:29:00,4488.96,4489.16,4488.25,4488.25,176,43,0
2026.06.02 18:30:00,4488.32,4489.23,4487.5,4487.61,160,43,0
2026.06.02 18:31:00,4487.56,4488.22,4486.75,4488.09,173,43,0
2026.06.02 18:32:00,4488.11,4488.82,4487.98,4488.46,150,43,0
2026.06.02 18:33:00,4488.47,4488.96,4488.25,4488.33,178,43,0
2026.06.02 18:34:00,4488.34,4488.89,4487.85,4488.12,162,43,0
2026.06.02 18:35:00,4488.09,4488.13,4487.32,4487.65,157,43,0
2026.06.02 18:36:00,4487.64,4487.78,4487.16,4487.3,166,43,0
2026.06.02 18:37:00,4487.31,4487.33,4486.11,4486.11,163,43,0
2026.06.02 18:38:00,4486.12,4486.6,4484.59,4486.0,185,43,0
2026.06.02 18:39:00,4486.03,4486.28,4485.23,4485.23,185,43,0
2026.06.02 18:40:00,4485.15,4485.42,4483.36,4484.29,186,43,0
2026.06.02 18:41:00,4484.28,4484.29,4481.52,4481.52,214,43,0
2026.06.02 18:42:00,4481.57,4482.49,4480.79,4480.89,178,43,0
2026.06.02 18:43:00,4480.88,4480.94,4478.88,4479.29,233,43,0
2026.06.02 18:44:00,4479.21,4480.47,4478.62,4480.45,219,43,0
2026.06.02 18:45:00,4480.42,4481.9,4480.14,4481.36,196,43,0
2026.06.02 18:46:00,4481.44,4483.39,4481.03,4483.21,166,43,0
2026.06.02 18:47:00,4483.23,4483.84,4482.66,4483.68,135,43,0
2026.06.02 18:48:00,4483.65,4485.64,4483.62,4485.31,174,43,0
2026.06.02 18:49:00,4485.25,4486.53,4485.2,4486.51,167,43,0
2026.06.02 18:50:00,4486.54,4488.66,4485.83,4488.61,196,43,0
2026.06.02 18:51:00,4488.6,4489.53,4488.53,4489.33,167,43,0
2026.06.02 18:52:00,4489.38,4490.39,4489.29,4489.31,184,43,0
2026.06.02 18:53:00,4489.34,4489.51,4488.28,4488.39,163,43,0
2026.06.02 18:54:00,4488.42,4488.71,4487.26,4487.27,155,43,0
2026.06.02 18:55:00,4487.29,4487.96,4487.2,4487.96,171,43,0
2026.06.02 18:56:00,4488.0,4488.73,4487.52,4488.22,146,43,0
2026.06.02 18:57:00,4488.19,4488.42,4487.45,4487.5,128,43,0
2026.06.02 18:58:00,4487.59,4487.74,4486.96,4487.64,143,43,0
2026.06.02 18:59:00,4487.63,4488.07,4487.24,4487.27,138,43,0
2026.06.02 19:00:00,4487.34,4488.2,4487.28,4488.11,153,43,0
2026.06.02 19:01:00,4488.13,4488.51,4487.94,4488.45,141,43,0
2026.06.02 19:02:00,4488.63,4488.82,4487.89,4488.81,157,43,0
2026.06.02 19:03:00,4488.57,4489.05,4488.48,4488.64,161,43,0
2026.06.02 19:04:00,4488.61,4488.66,4487.9,4488.63,135,43,0
2026.06.02 19:05:00,4488.62,4488.99,4488.41,4488.56,163,43,0
2026.06.02 19:06:00,4488.55,4488.92,4488.45,4488.48,154,43,0
2026.06.02 19:07:00,4488.47,4488.84,4488.41,4488.41,139,43,0
2026.06.02 19:08:00,4488.4,4488.76,4488.0,4488.73,148,43,0
2026.06.02 19:09:00,4488.77,4488.82,4488.25,4488.46,132,43,0
2026.06.02 19:10:00,4488.43,4488.78,4488.33,4488.76,147,43,0
2026.06.02 19:11:00,4488.72,4488.72,4487.78,4487.84,152,43,0
2026.06.02 19:12:00,4487.97,4488.32,4487.97,4488.24,121,43,0
2026.06.02 19:13:00,4488.23,4488.36,4487.65,4487.74,130,43,0
2026.06.02 19:14:00,4487.66,4487.78,4487.12,4487.17,133,43,0
2026.06.02 19:15:00,4487.15,4487.68,4486.61,4486.68,167,43,0
2026.06.02 19:16:00,4486.67,4487.16,4486.32,4487.13,171,43,0
2026.06.02 19:17:00,4487.12,4487.35,4486.29,4487.25,150,43,0
2026.06.02 19:18:00,4487.28,4487.46,4486.48,4486.58,152,43,0
2026.06.02 19:19:00,4486.57,4486.77,4486.48,4486.58,129,43,0
2026.06.02 19:20:00,4486.59,4486.96,4486.52,4486.91,129,43,0
2026.06.02 19:21:00,4486.94,4486.95,4485.6,4485.89,133,43,0
2026.06.02 19:22:00,4485.88,4486.6,4485.86,4486.04,129,43,0
2026.06.02 19:23:00,4486.02,4486.8,4485.63,4486.67,173,43,0
2026.06.02 19:24:00,4486.66,4486.71,4486.08,4486.15,128,43,0
2026.06.02 19:25:00,4486.16,4487.04,4486.04,4486.83,134,43,0
2026.06.02 19:26:00,4486.86,4488.08,4486.8,4488.06,157,43,0
2026.06.02 19:27:00,4488.16,4488.79,4487.8,4488.7,155,43,0
2026.06.02 19:28:00,4488.71,4488.98,4488.15,4488.97,120,43,0
2026.06.02 19:29:00,4488.98,4489.53,4488.83,4489.47,157,43,0
2026.06.02 19:30:00,4489.42,4490.24,4489.33,4489.46,144,43,0
2026.06.02 19:31:00,4489.47,4490.03,4488.66,4488.79,130,43,0
2026.06.02 19:32:00,4488.81,4488.89,4487.71,4487.71,110,43,0
2026.06.02 19:33:00,4487.48,4487.63,4485.97,4486.23,148,43,0
2026.06.02 19:34:00,4486.24,4487.3,4485.9,4486.4,165,43,0
2026.06.02 19:35:00,4486.41,4486.57,4485.75,4486.17,152,43,0
2026.06.02 19:36:00,4486.18,4486.38,4485.57,4485.6,161,43,0
2026.06.02 19:37:00,4485.58,4485.81,4483.33,4484.28,190,43,0
2026.06.02 19:38:00,4484.32,4484.84,4483.7,4484.51,205,43,0
2026.06.02 19:39:00,4484.53,4484.76,4484.25,4484.39,136,43,0
2026.06.02 19:40:00,4484.38,4484.76,4483.86,4484.07,172,43,0
2026.06.02 19:41:00,4484.05,4484.64,4483.72,4484.43,147,43,0
2026.06.02 19:42:00,4484.46,4484.64,4484.28,4484.43,138,43,0
2026.06.02 19:43:00,4484.45,4486.61,4484.43,4486.49,160,43,0
2026.06.02 19:44:00,4486.5,4487.37,4486.45,4487.2,146,43,0
2026.06.02 19:45:00,4487.25,4487.69,4486.99,4487.08,165,43,0
2026.06.02 19:46:00,4487.09,4487.16,4485.57,4486.5,169,43,0
2026.06.02 19:47:00,4486.47,4487.43,4486.47,4487.42,164,43,0
2026.06.02 19:48:00,4487.39,4487.89,4487.15,4487.25,170,43,0
2026.06.02 19:49:00,4487.3,4487.52,4486.71,4486.87,170,43,0
2026.06.02 19:50:00,4486.63,4487.39,4486.25,4486.46,159,43,0
2026.06.02 19:51:00,4486.65,4486.79,4485.66,4486.68,193,43,0
2026.06.02 19:52:00,4486.66,4486.78,4485.8,4485.93,161,43,0
2026.06.02 19:53:00,4485.94,4487.18,4485.94,4486.64,148,43,0
2026.06.02 19:54:00,4486.66,4486.66,4486.08,4486.08,151,43,0
2026.06.02 19:55:00,4486.32,4487.35,4486.22,4487.33,177,43,0
2026.06.02 19:56:00,4487.31,4488.47,4486.93,4487.19,189,43,0
2026.06.02 19:57:00,4487.15,4487.75,4487.1,4487.21,171,43,0
2026.06.02 19:58:00,4487.2,4487.68,4487.03,4487.52,210,43,0
2026.06.02 19:59:00,4487.81,4488.02,4487.14,4487.97,170,43,0
2026.06.02 20:00:00,4487.87,4487.96,4487.32,4487.32,116,43,0
2026.06.02 20:01:00,4487.35,4487.68,4486.07,4486.1,103,43,0
2026.06.02 20:02:00,4486.16,4487.0,4486.11,4486.68,117,43,0
2026.06.02 20:03:00,4486.69,4487.39,4486.53,4487.3,137,43,0
2026.06.02 20:04:00,4487.29,4487.33,4487.03,4487.3,54,43,0
2026.06.02 20:05:00,4487.33,4488.23,4487.21,4487.79,99,43,0
2026.06.02 20:06:00,4487.77,4487.86,4487.22,4487.28,93,43,0
2026.06.02 20:07:00,4487.3,4487.94,4487.11,4487.91,71,43,0
2026.06.02 20:08:00,4487.96,4488.57,4487.92,4488.23,101,43,0
2026.06.02 20:09:00,4488.24,4488.33,4487.89,4487.95,88,43,0
2026.06.02 20:10:00,4487.96,4488.19,4487.82,4487.85,82,43,0
2026.06.02 20:11:00,4487.88,4489.26,4487.85,4489.13,108,43,0
2026.06.02 20:12:00,4489.1,4489.37,4489.0,4489.21,82,43,0
2026.06.02 20:13:00,4489.17,4489.46,4488.97,4489.44,84,43,0
2026.06.02 20:14:00,4489.41,4489.8,4489.29,4489.75,100,43,0
2026.06.02 20:15:00,4489.77,4490.66,4489.44,4490.26,101,43,0
2026.06.02 20:16:00,4490.2,4490.2,4489.47,4489.7,81,43,0
2026.06.02 20:17:00,4489.82,4490.8,4489.41,4490.8,96,43,0
2026.06.02 20:18:00,4490.76,4490.96,4490.03,4490.04,95,43,0
2026.06.02 20:19:00,4490.03,4490.33,4490.03,4490.28,42,43,0
2026.06.02 20:20:00,4490.26,4490.27,4489.0,4489.05,66,43,0
2026.06.02 20:21:00,4489.04,4489.52,4488.89,4489.34,93,43,0
2026.06.02 20:22:00,4489.3,4489.82,4489.28,4489.7,62,43,0
2026.06.02 20:23:00,4489.67,4490.03,4489.61,4489.63,60,43,0
2026.06.02 20:24:00,4489.71,4489.75,4489.17,4489.21,63,43,0
2026.06.02 20:25:00,4489.38,4489.82,4488.42,4489.48,80,43,0
2026.06.02 20:26:00,4489.43,4489.64,4489.2,4489.21,39,43,0
2026.06.02 20:27:00,4489.22,4489.55,4489.22,4489.47,36,43,0
2026.06.02 20:28:00,4489.45,4489.87,4489.33,4489.79,40,43,0
2026.06.02 20:29:00,4489.78,4489.8,4489.51,4489.66,39,43,0
2026.06.02 20:30:00,4489.69,4490.83,4489.67,4490.42,98,43,0
2026.06.02 20:31:00,4490.43,4490.53,4489.01,4489.94,63,52,0
2026.06.02 20:32:00,4489.93,4490.44,4489.89,4490.33,61,52,0
2026.06.02 20:33:00,4490.42,4490.5,4489.61,4489.63,57,52,0
2026.06.02 20:34:00,4489.62,4489.79,4489.45,4489.45,50,52,0
2026.06.02 20:35:00,4489.44,4489.45,4489.24,4489.27,50,52,0
2026.06.02 20:36:00,4489.24,4489.72,4489.05,4489.7,73,52,0
2026.06.02 20:37:00,4489.64,4489.83,4489.57,4489.83,68,52,0
2026.06.02 20:38:00,4489.81,4490.3,4489.8,4489.92,76,52,0
2026.06.02 20:39:00,4489.96,4490.27,4489.32,4489.44,69,52,0
2026.06.02 20:40:00,4489.31,4489.73,4489.23,4489.69,57,52,0
2026.06.02 20:41:00,4489.67,4489.79,4489.05,4489.13,56,51,0
2026.06.02 20:42:00,4489.17,4490.17,4489.02,4489.59,93,52,0
2026.06.02 20:43:00,4489.57,4489.77,4489.37,4489.42,59,52,0
2026.06.02 20:44:00,4489.52,4489.53,4488.72,4488.84,60,52,0
2026.06.02 20:45:00,4488.79,4489.19,4488.52,4489.04,65,52,0
2026.06.02 20:46:00,4489.03,4489.15,4488.48,4488.71,58,51,0
2026.06.02 20:47:00,4488.68,4489.24,4488.49,4489.14,81,52,0
2026.06.02 20:48:00,4489.1,4489.51,4489.08,4489.51,64,52,0
2026.06.02 20:49:00,4489.56,4489.75,4488.6,4488.6,75,52,0
2026.06.02 20:50:00,4488.59,4488.63,4487.66,4488.27,75,51,0
2026.06.02 20:51:00,4488.26,4488.27,4487.94,4488.25,77,52,0
2026.06.02 20:52:00,4488.24,4488.5,4488.01,4488.17,77,52,0
2026.06.02 20:53:00,4488.16,4488.17,4487.53,4487.93,63,52,0
2026.06.02 20:54:00,4488.04,4488.13,4487.45,4487.45,97,52,0
2026.06.02 20:55:00,4487.46,4488.05,4486.64,4487.95,101,48,0
2026.06.02 20:56:00,4488.02,4488.58,4487.78,4488.06,72,48,0
2026.06.02 20:57:00,4488.02,4488.14,4487.64,4488.11,64,48,0
2026.06.02 20:58:00,4488.15,4488.15,4487.24,4487.25,61,48,0
2026.06.02 22:01:00,4492.18,4492.19,4490.93,4490.95,64,43,0
2026.06.02 22:02:00,4490.99,4491.12,4490.48,4490.99,46,43,0
2026.06.02 22:03:00,4491.09,4492.15,4489.56,4489.58,62,43,0
2026.06.02 22:04:00,4489.82,4490.72,4489.82,4490.24,61,43,0
2026.06.02 22:05:00,4490.23,4490.23,4488.07,4489.95,75,43,0
2026.06.02 22:06:00,4489.61,4490.66,4489.35,4490.31,76,43,0
2026.06.02 22:07:00,4490.34,4491.45,4489.62,4491.31,95,43,0
2026.06.02 22:08:00,4491.31,4493.03,4491.31,4492.43,115,43,0
2026.06.02 22:09:00,4492.38,4492.64,4491.65,4491.71,85,43,0
2026.06.02 22:10:00,4491.67,4491.89,4490.23,4490.93,91,43,0
2026.06.02 22:11:00,4490.98,4491.9,4490.52,4491.8,96,43,0
2026.06.02 22:12:00,4491.84,4491.87,4490.57,4490.69,84,43,0
2026.06.02 22:13:00,4490.78,4490.97,4489.73,4489.98,102,43,0
2026.06.02 22:14:00,4489.87,4490.26,4489.3,4489.3,101,43,0
2026.06.02 22:15:00,4489.28,4490.84,4488.97,4489.02,95,43,0
2026.06.02 22:16:00,4489.0,4489.38,4488.59,4489.38,64,43,0
2026.06.02 22:17:00,4489.36,4489.37,4488.33,4488.56,81,43,0
2026.06.02 22:18:00,4488.59,4489.62,4488.58,4488.93,70,43,0
2026.06.02 22:19:00,4488.84,4489.29,4488.66,4489.03,77,43,0
2026.06.02 22:20:00,4489.04,4490.61,4488.15,4490.6,125,43,0
2026.06.02 22:21:00,4490.61,4491.52,4490.11,4490.39,119,43,0
2026.06.02 22:22:00,4490.35,4490.63,4489.59,4489.59,94,43,0
2026.06.02 22:23:00,4489.58,4490.08,4488.46,4488.46,92,43,0
2026.06.02 22:24:00,4488.48,4489.2,4488.25,4488.58,87,43,0
2026.06.02 22:25:00,4488.53,4489.16,4487.47,4487.57,130,43,0
2026.06.02 22:26:00,4487.55,4488.57,4487.55,4487.92,90,43,0
2026.06.02 22:27:00,4487.92,4489.49,4487.92,4489.45,114,43,0
2026.06.02 22:28:00,4489.43,4489.93,4488.84,4488.84,97,43,0
2026.06.02 22:29:00,4488.72,4490.11,4488.71,4489.92,95,43,0
2026.06.02 22:30:00,4489.75,4490.43,4489.36,4489.36,89,43,0
2026.06.02 22:31:00,4489.44,4490.13,4489.41,4489.88,121,43,0
2026.06.02 22:32:00,4489.89,4491.02,4489.89,4490.87,128,43,0
2026.06.02 22:33:00,4491.14,4491.14,4489.07,4489.14,81,43,0
2026.06.02 22:34:00,4489.18,4489.2,4488.18,4488.2,101,43,0
2026.06.02 22:35:00,4488.45,4488.67,4487.12,4487.49,93,43,0
2026.06.02 22:36:00,4487.44,4488.08,4487.38,4487.91,78,43,0
2026.06.02 22:37:00,4487.94,4488.61,4487.66,4488.5,69,43,0
2026.06.02 22:38:00,4488.44,4489.03,4488.27,4488.52,97,43,0
2026.06.02 22:39:00,4488.49,4488.8,4488.06,4488.53,76,43,0
2026.06.02 22:40:00,4488.49,4489.64,4488.08,4489.19,80,43,0
2026.06.02 22:41:00,4489.03,4489.19,4487.86,4488.64,83,43,0
2026.06.02 22:42:00,4488.77,4489.29,4488.77,4489.07,49,43,0
2026.06.02 22:43:00,4489.03,4489.03,4488.25,4488.33,64,43,0
2026.06.02 22:44:00,4488.58,4489.05,4488.43,4488.86,83,43,0
2026.06.02 22:45:00,4488.82,4492.11,4484.0,4486.3,212,43,0
2026.06.02 22:46:00,4486.33,4486.89,4485.52,4485.97,137,43,0
2026.06.02 22:47:00,4485.91,4488.7,4485.91,4488.44,143,43,0
2026.06.02 22:48:00,4488.56,4488.85,4487.22,4488.3,109,43,0
2026.06.02 22:49:00,4488.33,4489.01,4487.74,4488.9,87,43,0
2026.06.02 22:50:00,4488.93,4489.47,4487.88,4489.41,125,43,0
2026.06.02 22:51:00,4489.45,4490.16,4487.73,4489.16,135,43,0
2026.06.02 22:52:00,4489.35,4489.73,4488.39,4489.21,129,43,0
2026.06.02 22:53:00,4489.26,4489.92,4486.79,4486.91,166,43,0
2026.06.02 22:54:00,4486.93,4487.45,4486.75,4486.85,124,43,0
2026.06.02 22:55:00,4486.87,4487.76,4486.26,4487.6,130,43,0
2026.06.02 22:56:00,4487.67,4488.17,4487.0,4487.58,128,43,0
2026.06.02 22:57:00,4487.81,4487.9,4486.62,4487.28,138,43,0
2026.06.02 22:58:00,4487.26,4487.26,4485.36,4485.42,123,43,0
2026.06.02 22:59:00,4485.44,4486.72,4484.63,4484.69,147,43,0
2026.06.02 23:00:00,4484.68,4488.62,4484.68,4486.76,141,43,0
2026.06.02 23:01:00,4486.86,4487.5,4486.32,4487.36,131,43,0
2026.06.02 23:02:00,4487.39,4487.39,4484.73,4484.73,150,43,0
2026.06.02 23:03:00,4484.79,4485.11,4483.0,4483.02,138,43,0
2026.06.02 23:04:00,4483.02,4484.87,4482.41,4484.8,178,43,0
2026.06.02 23:05:00,4484.82,4486.78,4483.44,4483.81,194,43,0
2026.06.02 23:06:00,4483.82,4483.85,4481.98,4482.83,162,43,0
2026.06.02 23:07:00,4482.87,4483.14,4481.69,4481.71,143,43,0
2026.06.02 23:08:00,4481.69,4483.05,4480.6,4482.16,157,43,0
2026.06.02 23:09:00,4482.15,4482.91,4481.59,4482.04,128,43,0
2026.06.02 23:10:00,4482.13,4483.14,4474.76,4474.76,206,43,0
2026.06.02 23:11:00,4475.22,4480.13,4475.22,4479.23,232,43,0
2026.06.02 23:12:00,4479.26,4479.4,4476.88,4479.18,166,43,0
2026.06.02 23:13:00,4479.24,4479.24,4474.37,4476.4,226,43,0
2026.06.02 23:14:00,4476.42,4477.62,4476.24,4477.34,165,43,0
2026.06.02 23:15:00,4477.21,4477.21,4475.63,4476.25,157,43,0
2026.06.02 23:16:00,4476.25,4476.27,4473.53,4473.71,173,43,0
2026.06.02 23:17:00,4473.72,4474.26,4472.66,4472.91,192,43,0
2026.06.02 23:18:00,4473.26,4476.22,4473.06,4476.2,194,43,0
2026.06.02 23:19:00,4476.23,4476.23,4469.11,4470.09,226,43,0
2026.06.02 23:20:00,4470.08,4472.1,4469.04,4470.4,203,43,0
2026.06.02 23:21:00,4470.48,4470.61,4468.05,4468.22,181,43,0
2026.06.02 23:22:00,4468.25,4469.67,4467.83,4469.42,172,43,0
2026.06.02 23:23:00,4469.45,4470.3,4466.54,4467.92,192,43,0
2026.06.02 23:24:00,4467.92,4469.02,4466.52,4467.7,189,43,0
2026.06.02 23:25:00,4467.62,4468.89,4466.94,4467.56,176,43,0
2026.06.02 23:26:00,4467.53,4470.68,4467.4,4470.59,160,43,0
2026.06.02 23:27:00,4470.51,4471.13,4468.49,4469.06,201,43,0
2026.06.02 23:28:00,4468.95,4469.42,4462.26,4463.48,261,43,0
2026.06.02 23:29:00,4463.53,4467.39,4462.16,4467.39,194,43,0
2026.06.02 23:30:00,4467.44,4468.86,4463.13,4463.59,196,43,0
2026.06.02 23:31:00,4463.59,4465.7,4462.94,4463.77,159,43,0
2026.06.02 23:32:00,4463.85,4463.85,4462.44,4462.79,155,43,0
2026.06.02 23:33:00,4462.84,4466.88,4462.69,4466.45,178,43,0
2026.06.02 23:34:00,4466.41,4467.22,4465.29,4466.27,163,43,0
2026.06.02 23:35:00,4466.26,4466.95,4463.43,4465.81,200,43,0
2026.06.02 23:36:00,4465.73,4468.0,4465.55,4466.39,207,43,0
2026.06.02 23:37:00,4466.55,4467.24,4463.6,4466.76,194,43,0
2026.06.02 23:38:00,4466.86,4467.31,4466.04,4466.93,175,43,0
2026.06.02 23:39:00,4466.86,4467.62,4465.45,4465.66,190,43,0
2026.06.02 23:40:00,4465.48,4465.9,4464.08,4465.24,179,43,0
2026.06.02 23:41:00,4465.21,4469.55,4465.18,4469.09,205,43,0
2026.06.02 23:42:00,4469.16,4472.1,4467.09,4470.71,190,43,0
2026.06.02 23:43:00,4470.72,4471.29,4470.02,4470.69,173,43,0
2026.06.02 23:44:00,4470.69,4474.81,4469.72,4474.75,208,43,0
2026.06.02 23:45:00,4474.77,4475.13,4470.43,4470.85,199,43,0
2026.06.02 23:46:00,4470.66,4472.64,4470.58,4472.19,177,43,0
2026.06.02 23:47:00,4472.15,4472.74,4471.61,4472.03,175,43,0
2026.06.02 23:48:00,4472.04,4472.04,4468.84,4469.49,162,43,0
2026.06.02 23:49:00,4469.53,4471.89,4469.5,4471.82,133,43,0
2026.06.02 23:50:00,4471.52,4473.5,4470.74,4473.47,143,43,0
2026.06.02 23:51:00,4473.35,4474.32,4472.52,4474.08,147,43,0
2026.06.02 23:52:00,4474.18,4474.3,4472.09,4472.12,151,43,0
2026.06.02 23:53:00,4472.33,4472.33,4471.02,4471.33,135,43,0
2026.06.02 23:54:00,4471.58,4473.78,4471.2,4473.78,146,43,0
2026.06.02 23:55:00,4473.14,4473.14,4471.34,4471.73,168,43,0
2026.06.02 23:56:00,4471.76,4472.41,4471.64,4472.4,145,43,0
2026.06.02 23:57:00,4472.39,4474.1,4472.22,4473.92,162,43,0
2026.06.02 23:58:00,4474.01,4474.26,4473.53,4474.08,173,43,0
2026.06.02 23:59:00,4474.06,4474.38,4473.7,4474.29,182,43,0
2026.06.03 00:00:00,4474.2,4478.52,4473.87,4478.42,191,43,0
2026.06.03 00:01:00,4478.43,4479.17,4477.7,4478.35,181,43,0
2026.06.03 00:02:00,4478.51,4478.51,4476.96,4477.0,147,43,0
2026.06.03 00:03:00,4476.69,4478.93,4476.69,4478.15,138,43,0
2026.06.03 00:04:00,4478.16,4479.12,4478.16,4478.53,153,43,0
2026.06.03 00:05:00,4478.49,4479.17,4477.65,4478.75,131,43,0
2026.06.03 00:06:00,4478.76,4479.73,4477.9,4478.58,145,43,0
2026.06.03 00:07:00,4478.6,4478.73,4475.81,4475.97,148,43,0
2026.06.03 00:08:00,4475.96,4476.38,4475.32,4475.65,136,43,0
2026.06.03 00:09:00,4475.68,4476.87,4475.4,4476.53,148,43,0
2026.06.03 00:10:00,4476.52,4476.65,4474.72,4475.5,131,43,0
2026.06.03 00:11:00,4475.49,4476.63,4475.47,4476.22,103,43,0
2026.06.03 00:12:00,4476.31,4476.31,4474.82,4474.88,140,43,0
2026.06.03 00:13:00,4474.81,4476.63,4474.08,4475.95,157,43,0
2026.06.03 00:14:00,4475.96,4476.56,4475.57,4475.73,140,43,0
2026.06.03 00:15:00,4475.77,4475.8,4474.22,4475.29,163,43,0
2026.06.03 00:16:00,4475.32,4476.1,4474.6,4475.56,126,43,0
2026.06.03 00:17:00,4475.56,4478.92,4475.56,4478.55,127,43,0
2026.06.03 00:18:00,4478.3,4479.09,4477.62,4477.8,130,43,0
2026.06.03 00:19:00,4477.78,4477.97,4477.22,4477.4,125,43,0
2026.06.03 00:20:00,4477.37,4478.31,4477.14,4477.85,124,43,0
2026.06.03 00:21:00,4477.83,4482.34,4477.76,4481.67,138,43,0
2026.06.03 00:22:00,4481.67,4482.08,4480.29,4480.78,146,43,0
2026.06.03 00:23:00,4480.85,4481.31,4479.7,4479.92,146,43,0
2026.06.03 00:24:00,4479.94,4479.98,4478.66,4478.73,153,43,0
2026.06.03 00:25:00,4478.73,4479.37,4478.62,4479.2,126,43,0
2026.06.03 00:26:00,4479.37,4480.44,4479.12,4479.99,110,43,0
2026.06.03 00:27:00,4480.0,4481.1,4479.61,4481.1,110,43,0
2026.06.03 00:28:00,4481.09,4482.94,4481.05,4482.78,112,43,0
2026.06.03 00:29:00,4482.72,4483.16,4482.31,4482.99,129,43,0
2026.06.03 00:30:00,4482.99,4483.93,4482.95,4483.09,146,43,0
2026.06.03 00:31:00,4483.08,4483.51,4481.11,4482.87,156,43,0
2026.06.03 00:32:00,4482.85,4482.85,4481.44,4481.84,131,43,0
2026.06.03 00:33:00,4481.82,4484.66,4481.77,4483.98,127,43,0
2026.06.03 00:34:00,4484.13,4485.17,4484.11,4484.94,106,43,0
2026.06.03 00:35:00,4484.95,4487.57,4484.53,4487.43,127,43,0
2026.06.03 00:36:00,4487.42,4487.43,4485.72,4486.22,145,43,0
2026.06.03 00:37:00,4486.22,4487.14,4486.22,4487.05,148,43,0
2026.06.03 00:38:00,4487.09,4488.45,4486.91,4487.93,124,43,0
2026.06.03 00:39:00,4487.92,4491.72,4487.92,4491.45,183,43,0
2026.06.03 00:40:00,4491.46,4494.16,4491.27,4494.16,178,43,0
2026.06.03 00:41:00,4494.18,4496.12,4493.92,4495.48,189,43,0
2026.06.03 00:42:00,4495.53,4496.33,4493.86,4495.15,187,43,0
2026.06.03 00:43:00,4495.32,4496.68,4494.49,4494.49,191,43,0
2026.06.03 00:44:00,4494.68,4496.36,4494.21,4495.75,167,43,0
2026.06.03 00:45:00,4495.8,4495.83,4493.4,4493.4,176,43,0
2026.06.03 00:46:00,4493.41,4494.2,4491.27,4491.88,183,43,0
2026.06.03 00:47:00,4491.86,4492.22,4490.95,4491.02,144,43,0
2026.06.03 00:48:00,4490.99,4491.03,4489.52,4489.94,125,43,0
2026.06.03 00:49:00,4489.68,4491.25,4489.0,4490.91,127,43,0
2026.06.03 00:50:00,4491.01,4491.81,4490.67,4491.3,133,43,0
2026.06.03 00:51:00,4491.41,4492.02,4491.0,4491.44,127,43,0
2026.06.03 00:52:00,4491.27,4492.09,4489.96,4490.5,146,43,0
2026.06.03 00:53:00,4490.54,4490.54,4488.98,4489.07,151,43,0
2026.06.03 00:54:00,4489.05,4489.43,4488.65,4488.99,152,43,0
2026.06.03 00:55:00,4488.96,4489.0,4487.39,4488.0,148,43,0
2026.06.03 00:56:00,4487.99,4488.31,4486.93,4488.03,142,43,0
2026.06.03 00:57:00,4488.04,4488.91,4487.18,4487.18,146,43,0
2026.06.03 00:58:00,4487.19,4488.04,4485.87,4485.92,125,43,0
2026.06.03 00:59:00,4485.9,4487.3,4485.87,4486.04,137,43,0
2026.06.03 01:00:00,4486.03,4487.31,4480.27,4481.18,221,43,0
2026.06.03 01:01:00,4481.1,4481.97,4474.57,4474.71,237,43,0
2026.06.03 01:02:00,4474.86,4476.29,4473.27,4476.21,220,43,0
2026.06.03 01:03:00,4476.13,4479.08,4475.14,4477.05,184,43,0
2026.06.03 01:04:00,4476.93,4477.49,4473.31,4473.71,188,43,0
2026.06.03 01:05:00,4473.64,4475.47,4471.6,4473.94,197,43,0
2026.06.03 01:06:00,4474.03,4474.03,4469.7,4470.53,221,43,0
2026.06.03 01:07:00,4470.74,4470.97,4467.06,4467.53,188,43,0
2026.06.03 01:08:00,4467.46,4471.95,4467.35,4471.4,236,43,0
2026.06.03 01:09:00,4471.49,4474.21,4471.04,4474.15,228,43,0
2026.06.03 01:10:00,4474.12,4477.37,4473.03,4476.76,204,43,0
2026.06.03 01:11:00,4476.87,4476.96,4474.83,4476.04,190,43,0
2026.06.03 01:12:00,4475.74,4475.74,4471.01,4471.23,218,43,0
2026.06.03 01:13:00,4471.24,4473.18,4468.69,4472.45,270,43,0
2026.06.03 01:14:00,4472.42,4474.27,4471.34,4471.34,240,43,0
2026.06.03 01:15:00,4471.42,4471.51,4468.11,4470.5,214,43,0
2026.06.03 01:16:00,4470.53,4472.39,4469.72,4471.33,176,43,0
2026.06.03 01:17:00,4471.35,4472.43,4469.29,4472.41,186,43,0
2026.06.03 01:18:00,4472.4,4472.56,4470.65,4471.85,215,43,0
2026.06.03 01:19:00,4471.87,4471.89,4468.88,4469.38,258,43,0
2026.06.03 01:20:00,4469.42,4470.11,4468.57,4469.45,231,43,0
2026.06.03 01:21:00,4469.46,4471.21,4469.46,4470.21,186,43,0
2026.06.03 01:22:00,4470.2,4470.5,4468.6,4468.83,214,43,0
2026.06.03 01:23:00,4468.6,4469.89,4467.5,4468.22,176,43,0
2026.06.03 01:24:00,4468.29,4469.95,4465.8,4466.11,204,43,0
2026.06.03 01:25:00,4465.8,4467.22,4463.81,4467.13,224,43,0
2026.06.03 01:26:00,4467.12,4467.37,4464.71,4464.91,231,43,0
2026.06.03 01:27:00,4464.93,4466.93,4464.87,4465.96,192,43,0
2026.06.03 01:28:00,4465.95,4467.49,4463.21,4466.79,206,43,0
2026.06.03 01:29:00,4466.81,4467.93,4466.26,4467.06,196,43,0
2026.06.03 01:30:00,4467.26,4472.84,4466.73,4471.02,207,43,0
2026.06.03 01:31:00,4471.03,4471.93,4467.8,4470.65,218,43,0
2026.06.03 01:32:00,4470.56,4471.35,4469.17,4470.83,175,43,0
2026.06.03 01:33:00,4470.72,4471.09,4469.48,4469.83,149,43,0
2026.06.03 01:34:00,4469.71,4471.26,4469.53,4471.2,168,43,0
2026.06.03 01:35:00,4471.21,4472.59,4470.93,4471.91,197,43,0
2026.06.03 01:36:00,4471.93,4472.59,4470.9,4471.23,169,43,0
2026.06.03 01:37:00,4471.1,4472.44,4467.34,4468.3,161,43,0
2026.06.03 01:38:00,4468.2,4469.85,4468.0,4469.54,181,43,0
2026.06.03 01:39:00,4469.55,4469.81,4466.27,4466.27,179,43,0
2026.06.03 01:40:00,4465.84,4467.35,4464.79,4467.35,189,43,0
2026.06.03 01:41:00,4467.34,4470.5,4467.34,4469.62,208,43,0
2026.06.03 01:42:00,4469.61,4469.88,4468.71,4469.54,186,43,0
2026.06.03 01:43:00,4469.72,4471.26,4469.53,4469.86,160,43,0
2026.06.03 01:44:00,4469.87,4471.26,4469.87,4470.34,171,43,0
2026.06.03 01:45:00,4470.35,4472.0,4470.01,4470.23,165,43,0
2026.06.03 01:46:00,4470.13,4474.74,4470.13,4474.71,167,43,0
2026.06.03 01:47:00,4474.59,4474.95,4473.64,4473.65,155,43,0
2026.06.03 01:48:00,4473.62,4475.14,4473.31,4475.03,178,43,0
2026.06.03 01:49:00,4475.05,4475.67,4474.58,4475.54,159,43,0
2026.06.03 01:50:00,4475.49,4476.2,4474.11,4474.36,128,43,0
2026.06.03 01:51:00,4474.53,4476.94,4474.37,4476.94,180,43,0
2026.06.03 01:52:00,4476.91,4477.04,4474.84,4475.15,175,43,0
2026.06.03 01:53:00,4475.12,4475.15,4473.76,4474.03,165,43,0
2026.06.03 01:54:00,4474.0,4475.11,4473.3,4473.94,151,43,0
2026.06.03 01:55:00,4473.9,4476.75,4473.24,4476.15,212,43,0
2026.06.03 01:56:00,4476.13,4476.13,4473.97,4474.56,165,43,0
2026.06.03 01:57:00,4474.64,4474.84,4472.22,4473.01,192,43,0
2026.06.03 01:58:00,4473.1,4475.68,4472.92,4474.38,160,43,0
2026.06.03 01:59:00,4474.39,4476.08,4474.01,4475.63,161,43,0
2026.06.03 02:00:00,4475.72,4476.11,4473.73,4473.95,138,43,0
2026.06.03 02:01:00,4474.04,4475.18,4473.0,4473.09,132,43,0
2026.06.03 02:02:00,4473.1,4473.81,4472.66,4473.53,174,43,0
2026.06.03 02:03:00,4473.51,4474.92,4473.51,4474.65,169,43,0
2026.06.03 02:04:00,4474.7,4474.94,4473.51,4473.62,141,43,0
2026.06.03 02:05:00,4473.61,4474.92,4473.16,4474.92,175,43,0
2026.06.03 02:06:00,4475.17,4475.2,4474.13,4474.68,151,43,0
2026.06.03 02:07:00,4475.11,4475.67,4474.53,4474.67,168,43,0
2026.06.03 02:08:00,4474.71,4475.87,4474.31,4475.8,145,43,0
2026.06.03 02:09:00,4475.86,4479.05,4475.36,4478.58,175,43,0
2026.06.03 02:10:00,4478.58,4479.51,4477.87,4477.99,196,43,0
2026.06.03 02:11:00,4477.97,4478.99,4475.39,4476.65,204,43,0
2026.06.03 02:12:00,4476.82,4479.65,4476.32,4479.1,208,43,0
2026.06.03 02:13:00,4479.12,4480.84,4479.08,4480.84,163,43,0
2026.06.03 02:14:00,4480.86,4481.31,4480.21,4480.48,184,43,0
2026.06.03 02:15:00,4480.55,4480.93,4478.58,4480.4,148,43,0
2026.06.03 02:16:00,4480.32,4480.36,4478.46,4478.79,145,43,0
2026.06.03 02:17:00,4478.77,4480.02,4478.68,4478.94,144,43,0
2026.06.03 02:18:00,4478.98,4478.98,4476.62,4476.62,153,43,0
2026.06.03 02:19:00,4476.61,4476.7,4474.04,4476.16,169,43,0
2026.06.03 02:20:00,4476.17,4476.37,4475.22,4475.45,142,43,0
2026.06.03 02:21:00,4475.45,4476.67,4475.06,4476.23,140,43,0
2026.06.03 02:22:00,4476.2,4477.38,4475.95,4477.27,157,43,0
2026.06.03 02:23:00,4477.28,4477.76,4477.11,4477.5,149,43,0
2026.06.03 02:24:00,4477.48,4478.56,4477.07,4478.21,139,43,0
2026.06.03 02:25:00,4478.22,4478.95,4477.87,4478.49,149,43,0
2026.06.03 02:26:00,4478.48,4480.74,4478.45,4479.69,125,43,0
2026.06.03 02:27:00,4479.7,4479.71,4478.53,4478.83,146,43,0
2026.06.03 02:28:00,4478.84,4479.17,4478.06,4478.17,127,43,0
2026.06.03 02:29:00,4478.19,4479.43,4478.19,4478.74,125,43,0
2026.06.03 02:30:00,4478.81,4478.91,4476.89,4477.47,196,43,0
2026.06.03 02:31:00,4477.45,4478.24,4476.77,4477.15,174,43,0
2026.06.03 02:32:00,4477.15,4477.19,4474.73,4476.68,168,43,0
2026.06.03 02:33:00,4476.82,4477.04,4476.31,4476.78,156,43,0
2026.06.03 02:34:00,4476.81,4479.81,4476.65,4478.92,198,43,0
2026.06.03 02:35:00,4478.89,4479.41,4478.04,4478.78,186,43,0
2026.06.03 02:36:00,4478.8,4480.06,4478.11,4479.81,163,43,0
2026.06.03 02:37:00,4479.78,4482.04,4479.4,4481.93,176,43,0
2026.06.03 02:38:00,4481.91,4482.1,4480.6,4481.2,149,43,0
2026.06.03 02:39:00,4481.21,4481.21,4480.23,4481.01,151,43,0
2026.06.03 02:40:00,4481.02,4482.99,4480.83,4482.99,139,43,0
2026.06.03 02:41:00,4482.96,4483.94,4482.7,4483.47,176,43,0
2026.06.03 02:42:00,4483.58,4483.71,4482.44,4483.66,179,43,0
2026.06.03 02:43:00,4483.55,4485.03,4483.27,4483.74,200,43,0
2026.06.03 02:44:00,4483.69,4483.69,4478.97,4479.11,191,43,0
2026.06.03 02:45:00,4478.98,4479.32,4475.7,4476.25,194,43,0
2026.06.03 02:46:00,4476.26,4476.8,4472.91,4473.04,190,43,0
2026.06.03 02:47:00,4473.27,4475.76,4473.23,4474.01,170,43,0
2026.06.03 02:48:00,4473.9,4476.67,4473.9,4476.44,172,43,0
2026.06.03 02:49:00,4476.46,4476.83,4475.54,4475.55,159,43,0
2026.06.03 02:50:00,4475.2,4476.64,4475.2,4475.85,160,43,0
2026.06.03 02:51:00,4475.86,4476.52,4475.12,4475.42,167,43,0
2026.06.03 02:52:00,4475.41,4475.49,4474.05,4475.48,184,43,0
2026.06.03 02:53:00,4475.51,4478.75,4475.5,4477.93,179,43,0
2026.06.03 02:54:00,4478.1,4480.11,4477.95,4479.48,171,43,0
2026.06.03 02:55:00,4479.56,4480.47,4479.11,4479.45,167,43,0
2026.06.03 02:56:00,4479.49,4480.28,4479.03,4479.71,166,43,0
2026.06.03 02:57:00,4479.72,4479.72,4477.11,4479.58,207,43,0
2026.06.03 02:58:00,4479.56,4481.14,4479.56,4481.07,162,43,0
2026.06.03 02:59:00,4481.04,4481.89,4480.66,4481.88,158,43,0
2026.06.03 03:00:00,4481.8,4484.64,4481.8,4483.91,206,43,0
2026.06.03 03:01:00,4483.97,4483.97,4482.48,4483.02,157,43,0
2026.06.03 03:02:00,4483.18,4486.17,4483.1,4485.22,199,43,0
2026.06.03 03:03:00,4485.32,4485.41,4485.04,4485.27,176,43,0
2026.06.03 03:04:00,4485.23,4487.2,4484.91,4485.89,176,43,0
2026.06.03 03:05:00,4485.88,4487.47,4485.65,4486.99,181,43,0
2026.06.03 03:06:00,4486.97,4487.42,4485.79,4485.94,162,43,0
2026.06.03 03:07:00,4485.84,4485.96,4484.73,4484.73,161,43,0
2026.06.03 03:08:00,4484.7,4485.66,4484.62,4484.98,124,43,0
2026.06.03 03:09:00,4485.0,4485.3,4484.6,4485.29,142,43,0
2026.06.03 03:10:00,4485.25,4485.98,4485.25,4485.58,125,43,0
2026.06.03 03:11:00,4485.6,4485.73,4484.26,4484.58,162,43,0
2026.06.03 03:12:00,4484.58,4484.87,4483.8,4483.8,184,43,0
2026.06.03 03:13:00,4483.83,4485.13,4483.52,4484.96,173,43,0
2026.06.03 03:14:00,4484.93,4485.32,4484.42,4485.3,146,43,0
2026.06.03 03:15:00,4485.39,4485.39,4483.25,4483.71,170,43,0
2026.06.03 03:16:00,4483.67,4486.01,4483.54,4485.23,154,43,0
2026.06.03 03:17:00,4485.41,4486.33,4485.14,4486.31,137,43,0
2026.06.03 03:18:00,4486.32,4486.38,4485.15,4485.24,100,43,0
2026.06.03 03:19:00,4485.27,4485.67,4484.93,4485.23,123,43,0
2026.06.03 03:20:00,4485.25,4487.11,4485.22,4485.88,160,43,0
2026.06.03 03:21:00,4485.86,4485.89,4484.89,4485.37,147,43,0
2026.06.03 03:22:00,4485.38,4486.58,4485.38,4486.01,137,43,0
2026.06.03 03:23:00,4486.02,4486.5,4485.63,4486.46,137,43,0
2026.06.03 03:24:00,4486.47,4486.49,4485.15,4485.3,135,43,0
2026.06.03 03:25:00,4485.32,4485.55,4484.07,4484.21,162,43,0
2026.06.03 03:26:00,4484.26,4484.26,4483.03,4483.68,139,43,0
2026.06.03 03:27:00,4483.65,4484.71,4483.64,4484.69,98,43,0
2026.06.03 03:28:00,4484.68,4484.82,4483.92,4484.29,117,43,0
2026.06.03 03:29:00,4484.26,4484.72,4483.32,4483.32,145,43,0
2026.06.03 03:30:00,4483.4,4484.61,4483.05,4484.61,120,43,0
2026.06.03 03:31:00,4484.64,4484.74,4483.52,4484.29,113,43,0
2026.06.03 03:32:00,4484.31,4484.52,4483.9,4483.94,103,43,0
2026.06.03 03:33:00,4483.93,4485.41,4483.72,4484.61,119,43,0
2026.06.03 03:34:00,4484.59,4484.63,4483.87,4483.97,107,43,0
2026.06.03 03:35:00,4484.09,4484.19,4483.67,4483.87,93,43,0
2026.06.03 03:36:00,4483.86,4484.48,4483.71,4484.06,78,43,0
2026.06.03 03:37:00,4484.07,4485.2,4483.65,4485.19,92,43,0
2026.06.03 03:38:00,4485.18,4485.2,4483.41,4483.41,97,43,0
2026.06.03 03:39:00,4483.36,4485.63,4483.36,4484.63,109,43,0
2026.06.03 03:40:00,4484.61,4484.97,4484.61,4484.91,73,43,0
2026.06.03 03:41:00,4484.93,4485.03,4484.34,4484.36,89,43,0
2026.06.03 03:42:00,4484.37,4484.47,4483.71,4483.85,62,43,0
2026.06.03 03:43:00,4483.74,4484.45,4483.44,4484.06,85,43,0
2026.06.03 03:44:00,4484.06,4485.1,4484.06,4484.31,84,43,0
2026.06.03 03:45:00,4484.34,4484.55,4483.89,4484.55,112,43,0
2026.06.03 03:46:00,4484.57,4484.57,4483.39,4483.56,116,43,0
2026.06.03 03:47:00,4483.48,4483.72,4482.39,4483.05,94,43,0
2026.06.03 03:48:00,4483.02,4483.27,4482.64,4483.1,111,43,0
2026.06.03 03:49:00,4483.05,4483.26,4482.63,4482.76,79,43,0
2026.06.03 03:50:00,4482.77,4483.24,4482.61,4482.83,78,43,0
2026.06.03 03:51:00,4482.82,4485.33,4482.82,4485.07,87,43,0
2026.06.03 03:52:00,4485.05,4486.12,4484.46,4484.48,91,43,0
2026.06.03 03:53:00,4484.48,4484.7,4484.1,4484.44,73,43,0
2026.06.03 03:54:00,4484.17,4485.51,4483.68,4483.74,79,43,0
2026.06.03 03:55:00,4483.7,4484.35,4483.7,4484.32,89,43,0
2026.06.03 03:56:00,4484.3,4484.65,4484.16,4484.16,63,43,0
2026.06.03 03:57:00,4484.17,4484.38,4483.75,4483.77,82,43,0
2026.06.03 03:58:00,4483.79,4484.35,4483.2,4484.06,71,43,0
2026.06.03 03:59:00,4484.04,4484.47,4484.04,4484.26,49,43,0
2026.06.03 04:00:00,4484.4,4485.58,4484.36,4484.87,96,43,0
2026.06.03 04:01:00,4484.86,4486.05,4483.99,4485.63,113,43,0
2026.06.03 04:02:00,4485.63,4486.13,4485.06,4485.25,81,43,0
2026.06.03 04:03:00,4485.26,4486.38,4485.13,4486.19,94,43,0
2026.06.03 04:04:00,4486.19,4486.36,4485.69,4485.8,93,43,0
2026.06.03 04:05:00,4485.79,4486.75,4485.69,4486.61,72,43,0
2026.06.03 04:06:00,4486.62,4486.73,4485.55,4485.61,91,43,0
2026.06.03 04:07:00,4485.59,4486.87,4484.76,4486.62,111,43,0
2026.06.03 04:08:00,4486.6,4486.82,4484.78,4484.88,119,43,0
2026.06.03 04:09:00,4484.9,4486.12,4484.89,4486.03,110,43,0
2026.06.03 04:10:00,4485.98,4486.45,4485.12,4486.16,91,43,0
2026.06.03 04:11:00,4486.12,4486.49,4485.33,4485.56,86,43,0
2026.06.03 04:12:00,4485.6,4486.47,4484.67,4485.45,106,43,0
2026.06.03 04:13:00,4485.45,4485.45,4484.46,4484.87,105,43,0
2026.06.03 04:14:00,4484.85,4486.77,4484.76,4486.68,98,43,0
2026.06.03 04:15:00,4486.72,4488.09,4486.72,4486.94,113,43,0
2026.06.03 04:16:00,4486.63,4486.94,4485.05,4485.38,95,43,0
2026.06.03 04:17:00,4485.4,4485.4,4482.24,4482.24,148,43,0
2026.06.03 04:18:00,4482.1,4482.5,4481.4,4481.76,121,43,0
2026.06.03 04:19:00,4481.81,4482.54,4481.19,4481.26,120,43,0
2026.06.03 04:20:00,4481.39,4481.71,4480.54,4480.58,101,43,0
2026.06.03 04:21:00,4480.56,4481.17,4480.54,4481.14,73,43,0
2026.06.03 04:22:00,4481.14,4481.38,4480.71,4481.33,66,43,0
2026.06.03 04:23:00,4481.25,4481.25,4480.21,4480.4,67,43,0
2026.06.03 04:24:00,4480.41,4480.73,4480.3,4480.57,68,43,0
2026.06.03 04:25:00,4480.43,4480.54,4480.18,4480.54,77,43,0
2026.06.03 04:26:00,4480.57,4480.7,4480.12,4480.23,80,43,0
2026.06.03 04:27:00,4480.24,4480.24,4478.86,4479.06,114,43,0
2026.06.03 04:28:00,4479.05,4479.88,4478.98,4479.47,91,43,0
2026.06.03 04:29:00,4479.47,4479.47,4477.0,4477.0,115,43,0
2026.06.03 04:30:00,4476.7,4477.23,4476.36,4476.54,118,43,0
2026.06.03 04:31:00,4476.51,4476.58,4474.86,4474.92,130,43,0
2026.06.03 04:32:00,4474.88,4475.3,4473.84,4474.32,128,43,0
2026.06.03 04:33:00,4474.3,4475.15,4473.5,4474.55,142,43,0
2026.06.03 04:34:00,4474.5,4475.1,4474.45,4474.58,100,43,0
2026.06.03 04:35:00,4474.59,4475.3,4473.86,4474.83,113,43,0
2026.06.03 04:36:00,4474.84,4474.86,4472.49,4473.35,135,43,0
2026.06.03 04:37:00,4473.21,4473.93,4471.28,4473.9,141,43,0
2026.06.03 04:38:00,4473.78,4473.81,4472.62,4472.81,98,43,0
2026.06.03 04:39:00,4472.83,4473.15,4470.74,4471.48,125,43,0
2026.06.03 04:40:00,4471.47,4472.63,4471.29,4472.63,113,43,0
2026.06.03 04:41:00,4472.68,4473.04,4472.27,4472.59,89,43,0
2026.06.03 04:42:00,4472.55,4472.96,4471.95,4472.26,93,43,0
2026.06.03 04:43:00,4472.24,4473.26,4472.13,4473.03,95,43,0
2026.06.03 04:44:00,4473.11,4473.66,4472.31,4473.34,97,43,0
2026.06.03 04:45:00,4473.34,4473.98,4472.53,4472.58,90,43,0
2026.06.03 04:46:00,4472.57,4472.57,4470.41,4470.42,153,43,0
2026.06.03 04:47:00,4470.44,4472.01,4470.23,4471.48,104,43,0
2026.06.03 04:48:00,4471.47,4471.71,4471.06,4471.48,90,43,0
2026.06.03 04:49:00,4471.44,4471.75,4471.05,4471.35,81,43,0
2026.06.03 04:50:00,4471.37,4471.37,4470.68,4471.22,95,43,0
2026.06.03 04:51:00,4471.25,4471.27,4469.87,4470.55,91,43,0
2026.06.03 04:52:00,4470.52,4470.84,4470.14,4470.63,78,43,0
2026.06.03 04:53:00,4470.64,4471.4,4470.6,4470.89,64,43,0
2026.06.03 04:54:00,4470.73,4470.75,4470.12,4470.14,67,43,0
2026.06.03 04:55:00,4470.15,4470.46,4469.3,4469.45,96,43,0
2026.06.03 04:56:00,4469.47,4470.49,4468.95,4468.95,98,43,0
2026.06.03 04:57:00,4468.93,4469.53,4468.75,4468.91,114,43,0
2026.06.03 04:58:00,4468.93,4469.83,4468.3,4469.48,130,43,0
2026.06.03 04:59:00,4469.47,4470.48,4469.25,4469.25,104,43,0
2026.06.03 05:00:00,4469.27,4469.89,4467.59,4468.24,162,43,0
2026.06.03 05:01:00,4468.29,4469.41,4467.92,4468.4,170,43,0
2026.06.03 05:02:00,4468.41,4470.5,4468.37,4469.07,134,43,0
2026.06.03 05:03:00,4469.11,4469.8,4467.94,4469.8,127,43,0
2026.06.03 05:04:00,4469.95,4471.48,4469.71,4470.71,156,43,0
2026.06.03 05:05:00,4470.73,4471.96,4469.25,4469.56,129,43,0
2026.06.03 05:06:00,4469.52,4470.17,4469.23,4469.62,115,43,0
2026.06.03 05:07:00,4469.64,4469.78,4467.62,4467.62,122,43,0
2026.06.03 05:08:00,4467.64,4468.87,4467.05,4468.87,148,43,0
2026.06.03 05:09:00,4468.86,4470.91,4468.64,4470.47,166,43,0
2026.06.03 05:10:00,4470.48,4470.76,4469.8,4470.34,144,43,0
2026.06.03 05:11:00,4470.31,4471.58,4470.07,4471.36,121,43,0
2026.06.03 05:12:00,4471.36,4471.68,4470.77,4470.99,136,43,0
2026.06.03 05:13:00,4471.12,4473.48,4471.1,4473.13,141,43,0
2026.06.03 05:14:00,4473.16,4473.35,4472.29,4473.19,131,43,0
2026.06.03 05:15:00,4473.15,4474.11,4473.14,4473.94,104,43,0
2026.06.03 05:16:00,4473.96,4473.96,4472.46,4472.58,129,43,0
2026.06.03 05:17:00,4472.57,4472.99,4472.24,4472.92,104,43,0
2026.06.03 05:18:00,4472.91,4473.01,4472.3,4472.51,112,43,0
2026.06.03 05:19:00,4472.52,4472.69,4471.88,4472.2,105,43,0
2026.06.03 05:20:00,4472.16,4472.43,4471.27,4471.63,143,43,0
2026.06.03 05:21:00,4471.6,4472.89,4471.6,4472.6,112,43,0
2026.06.03 05:22:00,4472.57,4472.97,4472.03,4472.06,137,43,0
2026.06.03 05:23:00,4472.02,4472.08,4471.15,4471.2,112,43,0
2026.06.03 05:24:00,4470.99,4471.4,4468.46,4468.46,151,43,0
2026.06.03 05:25:00,4468.42,4469.59,4468.26,4469.41,138,43,0
2026.06.03 05:26:00,4469.38,4469.56,4468.68,4468.68,140,43,0
2026.06.03 05:27:00,4468.7,4468.76,4466.32,4467.34,162,43,0
2026.06.03 05:28:00,4467.4,4468.13,4467.02,4467.53,132,43,0
2026.06.03 05:29:00,4467.51,4468.63,4467.42,4468.45,148,43,0
2026.06.03 05:30:00,4468.8,4468.8,4461.37,4462.26,230,43,0
2026.06.03 05:31:00,4462.15,4462.53,4458.97,4460.22,210,43,0
2026.06.03 05:32:00,4460.2,4461.96,4459.77,4461.78,233,43,0
2026.06.03 05:33:00,4461.82,4464.58,4461.77,4464.29,221,43,0
2026.06.03 05:34:00,4464.37,4465.11,4464.13,4464.97,171,43,0
2026.06.03 05:35:00,4464.98,4465.88,4464.41,4465.69,214,43,0
2026.06.03 05:36:00,4465.68,4467.17,4465.57,4466.35,186,43,0
2026.06.03 05:37:00,4466.35,4468.75,4465.82,4468.75,195,43,0
2026.06.03 05:38:00,4468.76,4468.76,4462.99,4463.9,176,43,0
2026.06.03 05:39:00,4463.95,4467.29,4463.9,4466.76,192,43,0
2026.06.03 05:40:00,4466.71,4466.88,4465.33,4465.99,150,43,0
2026.06.03 05:41:00,4466.03,4466.39,4463.32,4463.4,215,43,0
2026.06.03 05:42:00,4463.42,4463.74,4460.04,4461.46,236,43,0
2026.06.03 05:43:00,4462.37,4462.67,4461.73,4462.49,141,43,0
2026.06.03 05:44:00,4462.49,4462.8,4461.68,4461.9,131,43,0
2026.06.03 05:45:00,4461.8,4464.07,4461.06,4462.8,188,43,0
2026.06.03 05:46:00,4462.8,4465.21,4462.71,4465.21,174,43,0
2026.06.03 05:47:00,4465.24,4465.24,4462.45,4465.01,192,43,0
2026.06.03 05:48:00,4465.05,4466.68,4464.27,4465.4,180,43,0
2026.06.03 05:49:00,4465.34,4465.94,4464.49,4465.89,158,43,0
2026.06.03 05:50:00,4465.84,4468.16,4465.45,4466.24,182,43,0
2026.06.03 05:51:00,4466.25,4466.59,4463.01,4464.16,176,43,0
2026.06.03 05:52:00,4464.17,4465.25,4463.5,4464.76,157,43,0
2026.06.03 05:53:00,4464.79,4464.95,4462.31,4462.77,180,43,0
2026.06.03 05:54:00,4462.7,4463.61,4462.55,4463.18,158,43,0
2026.06.03 05:55:00,4463.07,4463.91,4461.51,4461.79,156,43,0
2026.06.03 05:56:00,4461.51,4461.78,4461.06,4461.41,143,43,0
2026.06.03 05:57:00,4461.39,4461.45,4460.19,4460.81,162,43,0
2026.06.03 05:58:00,4460.79,4461.16,4457.37,4458.47,208,43,0
2026.06.03 05:59:00,4458.43,4458.43,4456.54,4456.84,161,43,0
2026.06.03 06:00:00,4456.91,4460.8,4456.8,4460.76,177,43,0
2026.06.03 06:01:00,4460.74,4461.53,4457.96,4457.96,172,43,0
2026.06.03 06:02:00,4457.84,4465.92,4457.59,4465.85,193,43,0
2026.06.03 06:03:00,4466.16,4467.19,4465.41,4465.83,212,43,0
2026.06.03 06:04:00,4465.82,4467.09,4464.67,4466.86,192,43,0
2026.06.03 06:05:00,4466.85,4466.86,4463.97,4465.12,178,43,0
2026.06.03 06:06:00,4464.95,4465.5,4464.09,4464.62,186,43,0
2026.06.03 06:07:00,4464.42,4464.48,4462.98,4463.54,147,43,0
2026.06.03 06:08:00,4463.59,4465.38,4462.0,4465.22,181,43,0
2026.06.03 06:09:00,4465.25,4466.62,4464.58,4464.99,198,43,0
2026.06.03 06:10:00,4465.0,4466.25,4464.45,4465.49,185,43,0
2026.06.03 06:11:00,4465.47,4466.25,4464.34,4464.47,163,43,0
2026.06.03 06:12:00,4464.41,4464.41,4462.77,4462.94,159,43,0
2026.06.03 06:13:00,4462.88,4465.95,4462.69,4464.96,191,43,0
2026.06.03 06:14:00,4464.93,4466.01,4464.59,4465.97,184,43,0
2026.06.03 06:15:00,4465.95,4466.95,4465.45,4466.39,164,43,0
2026.06.03 06:16:00,4466.33,4467.15,4465.5,4466.78,174,43,0
2026.06.03 06:17:00,4466.79,4468.25,4466.57,4467.8,189,43,0
2026.06.03 06:18:00,4467.86,4470.77,4467.47,4470.06,188,43,0
2026.06.03 06:19:00,4470.07,4470.07,4467.63,4468.1,189,43,0
2026.06.03 06:20:00,4468.09,4470.16,4467.35,4468.38,173,43,0
2026.06.03 06:21:00,4468.36,4468.47,4464.74,4465.78,194,43,0
2026.06.03 06:22:00,4465.77,4465.77,4462.83,4463.11,189,43,0
2026.06.03 06:23:00,4463.03,4464.2,4460.9,4461.26,205,43,0
2026.06.03 06:24:00,4461.09,4461.09,4459.18,4460.17,177,43,0
2026.06.03 06:25:00,4460.12,4460.87,4459.32,4460.01,184,43,0
2026.06.03 06:26:00,4459.85,4460.98,4458.83,4460.25,162,43,0
2026.06.03 06:27:00,4460.24,4461.98,4460.23,4460.95,190,43,0
2026.06.03 06:28:00,4460.96,4461.95,4459.58,4461.95,162,43,0
2026.06.03 06:29:00,4461.92,4463.01,4461.27,4462.32,176,43,0
2026.06.03 06:30:00,4462.35,4463.16,4461.61,4462.41,168,43,0
2026.06.03 06:31:00,4462.44,4464.65,4461.17,4462.85,171,43,0
2026.06.03 06:32:00,4462.85,4464.88,4461.29,4461.85,170,43,0
2026.06.03 06:33:00,4461.87,4462.27,4459.4,4459.64,178,43,0
2026.06.03 06:34:00,4459.65,4459.97,4457.05,4459.25,184,43,0
2026.06.03 06:35:00,4459.55,4460.75,4458.82,4460.71,185,43,0
2026.06.03 06:36:00,4460.9,4463.8,4460.16,4462.23,172,43,0
2026.06.03 06:37:00,4462.26,4463.34,4461.18,4463.3,165,43,0
2026.06.03 06:38:00,4463.26,4463.43,4461.62,4462.39,170,43,0
2026.06.03 06:39:00,4462.33,4463.25,4461.58,4462.8,169,43,0
2026.06.03 06:40:00,4462.81,4462.91,4460.35,4461.42,170,43,0
2026.06.03 06:41:00,4461.44,4461.68,4460.48,4460.59,169,43,0
2026.06.03 06:42:00,4460.6,4463.04,4460.6,4462.89,188,43,0
2026.06.03 06:43:00,4462.94,4463.46,4458.06,4462.31,167,43,0
2026.06.03 06:44:00,4462.33,4462.4,4459.84,4460.42,175,43,0
2026.06.03 06:45:00,4460.32,4460.32,4456.04,4456.38,185,43,0
2026.06.03 06:46:00,4456.39,4456.39,4455.12,4455.7,182,43,0
2026.06.03 06:47:00,4455.68,4457.54,4455.12,4457.4,170,43,0
2026.06.03 06:48:00,4457.45,4458.62,4456.85,4458.25,166,43,0
2026.06.03 06:49:00,4458.32,4459.48,4457.72,4458.88,205,43,0
2026.06.03 06:50:00,4458.73,4458.75,4457.66,4458.36,171,43,0
2026.06.03 06:51:00,4458.37,4458.93,4457.6,4458.67,165,43,0
2026.06.03 06:52:00,4458.63,4460.4,4458.47,4459.15,163,43,0
2026.06.03 06:53:00,4459.14,4459.19,4458.59,4459.04,150,43,0
2026.06.03 06:54:00,4459.06,4459.08,4457.57,4458.21,183,43,0
2026.06.03 06:55:00,4458.24,4459.69,4458.24,4459.67,149,43,0
2026.06.03 06:56:00,4459.55,4461.61,4459.1,4461.17,176,43,0
2026.06.03 06:57:00,4461.2,4461.58,4460.18,4460.65,169,43,0
2026.06.03 06:58:00,4460.64,4462.29,4460.64,4462.29,152,43,0
2026.06.03 06:59:00,4462.31,4462.85,4461.4,4462.85,178,43,0
2026.06.03 07:00:00,4462.94,4463.15,4460.24,4461.27,172,35,0
2026.06.03 07:01:00,4461.3,4461.44,4459.82,4460.83,167,35,0
2026.06.03 07:02:00,4460.82,4464.23,4460.49,4464.23,167,35,0
2026.06.03 07:03:00,4464.22,4466.74,4463.65,4466.46,183,35,0
2026.06.03 07:04:00,4466.38,4466.43,4463.2,4465.15,177,35,0
2026.06.03 07:05:00,4465.13,4466.39,4464.28,4465.25,166,35,0
2026.06.03 07:06:00,4465.01,4465.58,4464.44,4464.68,148,35,0
2026.06.03 07:07:00,4464.69,4465.27,4464.23,4465.08,153,35,0
2026.06.03 07:08:00,4465.15,4466.83,4464.93,4466.56,154,35,0
2026.06.03 07:09:00,4466.58,4469.04,4465.82,4468.66,153,35,0
2026.06.03 07:10:00,4468.62,4470.95,4468.11,4470.31,184,35,0
2026.06.03 07:11:00,4470.3,4470.86,4469.0,4470.53,172,35,0
2026.06.03 07:12:00,4470.48,4472.12,4470.06,4471.2,176,35,0
2026.06.03 07:13:00,4471.22,4471.66,4468.94,4469.69,167,35,0
2026.06.03 07:14:00,4469.7,4471.74,4468.53,4469.56,185,35,0
2026.06.03 07:15:00,4469.57,4469.9,4466.62,4467.26,195,35,0
2026.06.03 07:16:00,4467.34,4467.8,4466.91,4467.62,151,35,0
2026.06.03 07:17:00,4467.6,4469.27,4467.42,4468.73,160,35,0
2026.06.03 07:18:00,4468.68,4469.06,4465.82,4466.24,176,35,0
2026.06.03 07:19:00,4466.28,4466.28,4462.82,4463.74,157,35,0
2026.06.03 07:20:00,4463.83,4463.86,4461.96,4462.11,177,35,0
2026.06.03 07:21:00,4462.06,4463.87,4461.86,4463.71,155,35,0
2026.06.03 07:22:00,4463.7,4464.75,4463.37,4463.74,159,35,0
2026.06.03 07:23:00,4463.96,4463.97,4461.9,4462.9,154,35,0
2026.06.03 07:24:00,4462.84,4463.36,4462.62,4463.33,141,35,0
2026.06.03 07:25:00,4463.35,4464.45,4462.23,4462.65,163,35,0
2026.06.03 07:26:00,4462.62,4462.68,4458.52,4458.85,167,35,0
2026.06.03 07:27:00,4458.95,4459.7,4457.38,4459.35,189,35,0
2026.06.03 07:28:00,4459.37,4460.32,4459.27,4459.64,182,35,0
2026.06.03 07:29:00,4459.63,4459.75,4456.17,4456.17,187,35,0
2026.06.03 07:30:00,4456.15,4457.18,4454.26,4456.37,171,35,0
2026.06.03 07:31:00,4456.31,4457.32,4455.58,4456.45,157,35,0
2026.06.03 07:32:00,4456.4,4458.68,4456.36,4458.11,164,35,0
2026.06.03 07:33:00,4458.12,4458.63,4457.66,4458.23,151,35,0
2026.06.03 07:34:00,4458.24,4461.73,4458.24,4461.45,162,35,0
2026.06.03 07:35:00,4461.36,4463.18,4460.75,4461.01,185,35,0
2026.06.03 07:36:00,4460.8,4460.91,4459.68,4459.68,162,35,0
2026.06.03 07:37:00,4459.67,4460.39,4459.53,4459.63,154,35,0
2026.06.03 07:38:00,4459.59,4460.4,4458.33,4460.37,153,35,0
2026.06.03 07:39:00,4460.43,4460.49,4458.03,4458.25,162,35,0
2026.06.03 07:40:00,4458.26,4458.56,4457.3,4457.3,157,35,0
2026.06.03 07:41:00,4457.29,4457.53,4455.21,4456.05,163,35,0
2026.06.03 07:42:00,4456.14,4456.78,4454.61,4456.48,159,35,0
2026.06.03 07:43:00,4456.5,4461.31,4456.06,4460.07,167,35,0
2026.06.03 07:44:00,4460.15,4460.15,4458.43,4458.7,153,35,0
2026.06.03 07:45:00,4458.71,4459.11,4457.95,4458.43,160,35,0
2026.06.03 07:46:00,4458.36,4458.43,4455.73,4455.82,171,35,0
2026.06.03 07:47:00,4455.81,4459.33,4455.81,4459.1,172,35,0
2026.06.03 07:48:00,4459.09,4459.82,4458.84,4459.53,138,35,0
2026.06.03 07:49:00,4459.51,4459.97,4458.72,4458.8,152,35,0
2026.06.03 07:50:00,4458.54,4460.64,4458.54,4460.62,161,35,0
2026.06.03 07:51:00,4460.56,4460.92,4459.95,4460.55,143,35,0
2026.06.03 07:52:00,4460.47,4463.51,4460.29,4463.42,143,35,0
2026.06.03 07:53:00,4463.39,4463.86,4461.02,4461.21,152,35,0
2026.06.03 07:54:00,4461.25,4461.46,4459.39,4459.62,148,35,0
2026.06.03 07:55:00,4459.66,4459.71,4457.65,4457.88,164,35,0
2026.06.03 07:56:00,4457.86,4458.8,4456.44,4456.79,153,35,0
2026.06.03 07:57:00,4456.81,4457.23,4454.5,4454.55,171,35,0
2026.06.03 07:58:00,4454.65,4455.9,4453.49,4453.92,170,35,0
2026.06.03 07:59:00,4453.91,4454.06,4452.86,4453.22,180,35,0
2026.06.03 08:00:00,4453.33,4453.33,4451.15,4451.79,176,35,0
2026.06.03 08:01:00,4451.75,4455.52,4450.95,4453.97,182,35,0
2026.06.03 08:02:00,4454.01,4455.53,4453.36,4454.8,166,35,0
2026.06.03 08:03:00,4454.81,4456.63,4454.77,4456.48,159,35,0
2026.06.03 08:04:00,4456.51,4458.97,4456.35,4457.56,166,35,0
2026.06.03 08:05:00,4457.8,4458.11,4453.36,4455.58,174,35,0
2026.06.03 08:06:00,4455.74,4456.3,4455.36,4455.58,158,35,0
2026.06.03 08:07:00,4455.56,4456.39,4455.37,4456.34,167,35,0
2026.06.03 08:08:00,4456.37,4457.25,4455.94,4456.14,152,35,0
2026.06.03 08:09:00,4456.18,4456.46,4454.85,4455.11,164,35,0
2026.06.03 08:10:00,4455.1,4455.35,4454.28,4454.38,162,35,0
2026.06.03 08:11:00,4454.36,4456.3,4454.22,4456.08,171,35,0
2026.06.03 08:12:00,4456.1,4457.01,4455.61,4456.69,141,35,0
2026.06.03 08:13:00,4456.67,4457.73,4456.51,4457.0,176,35,0
2026.06.03 08:14:00,4457.01,4457.09,4455.34,4455.35,151,35,0
2026.06.03 08:15:00,4455.36,4456.97,4455.36,4455.8,167,35,0
2026.06.03 08:16:00,4455.75,4455.86,4453.89,4454.13,170,35,0
2026.06.03 08:17:00,4454.14,4454.36,4452.3,4453.46,164,35,0
2026.06.03 08:18:00,4453.49,4455.09,4453.49,4454.3,153,35,0
2026.06.03 08:19:00,4454.17,4454.28,4452.76,4453.95,134,35,0
2026.06.03 08:20:00,4453.98,4455.21,4453.15,4455.21,152,35,0
2026.06.03 08:21:00,4455.17,4455.32,4453.24,4453.32,142,35,0
2026.06.03 08:22:00,4453.33,4453.59,4451.59,4453.46,163,35,0
2026.06.03 08:23:00,4453.39,4453.98,4450.71,4450.81,167,35,0
2026.06.03 08:24:00,4451.03,4452.02,4450.63,4451.38,177,35,0
2026.06.03 08:25:00,4451.36,4452.7,4450.72,4452.62,179,35,0
2026.06.03 08:26:00,4452.6,4453.67,4451.51,4453.1,183,35,0
2026.06.03 08:27:00,4453.06,4455.28,4452.99,4455.03,186,35,0
2026.06.03 08:28:00,4455.01,4456.7,4454.71,4456.39,181,35,0
2026.06.03 08:29:00,4456.47,4457.57,4455.42,4457.42,173,35,0
2026.06.03 08:30:00,4457.36,4457.79,4456.65,4457.79,134,35,0
2026.06.03 08:31:00,4457.74,4458.42,4456.72,4456.85,173,35,0
2026.06.03 08:32:00,4456.81,4457.4,4455.69,4455.73,171,35,0
2026.06.03 08:33:00,4455.8,4455.8,4454.83,4455.36,167,35,0
2026.06.03 08:34:00,4455.43,4456.93,4455.42,4456.56,150,35,0
2026.06.03 08:35:00,4456.59,4456.96,4455.62,4456.11,148,35,0
2026.06.03 08:36:00,4456.17,4456.41,4454.34,4455.74,146,35,0
2026.06.03 08:37:00,4455.71,4456.69,4455.68,4456.25,141,35,0
2026.06.03 08:38:00,4456.23,4457.0,4455.36,4456.51,130,35,0
2026.06.03 08:39:00,4456.5,4457.47,4455.55,4455.55,127,35,0
2026.06.03 08:40:00,4455.53,4456.79,4455.53,4456.67,141,35,0
2026.06.03 08:41:00,4457.1,4458.38,4456.62,4458.28,132,35,0
2026.06.03 08:42:00,4458.12,4458.96,4457.51,4458.42,166,35,0
2026.06.03 08:43:00,4458.06,4458.1,4456.08,4456.08,146,35,0
2026.06.03 08:44:00,4456.09,4456.43,4455.35,4456.41,130,35,0
2026.06.03 08:45:00,4456.39,4457.73,4454.5,4454.89,168,35,0
2026.06.03 08:46:00,4454.92,4456.09,4454.47,4455.97,149,35,0
2026.06.03 08:47:00,4456.02,4457.25,4455.39,4456.37,159,35,0
2026.06.03 08:48:00,4456.4,4456.57,4454.05,4454.59,167,35,0
2026.06.03 08:49:00,4454.41,4454.97,4454.02,4454.21,138,35,0
2026.06.03 08:50:00,4454.15,4454.87,4453.76,4453.91,129,35,0
2026.06.03 08:51:00,4453.9,4454.42,4442.64,4443.09,168,35,0
2026.06.03 08:52:00,4443.0,4447.3,4443.0,4446.07,245,35,0
2026.06.03 08:53:00,4446.22,4447.44,4445.54,4446.99,199,35,0
2026.06.03 08:54:00,4447.0,4448.24,4444.59,4444.82,205,35,0
2026.06.03 08:55:00,4444.8,4445.23,4443.1,4443.71,197,35,0
2026.06.03 08:56:00,4443.74,4444.52,4442.51,4443.97,227,35,0
2026.06.03 08:57:00,4443.92,4445.75,4442.85,4443.82,193,35,0
2026.06.03 08:58:00,4443.79,4443.79,4440.1,4442.49,225,35,0
2026.06.03 08:59:00,4442.77,4443.93,4442.04,4443.93,194,35,0
2026.06.03 09:00:00,4443.91,4444.79,4441.89,4444.22,182,35,0
2026.06.03 09:01:00,4444.25,4446.32,4444.02,4445.77,178,35,0
2026.06.03 09:02:00,4445.72,4447.09,4445.39,4446.5,173,35,0
2026.06.03 09:03:00,4446.47,4451.4,4446.13,4451.0,187,35,0
2026.06.03 09:04:00,4450.96,4451.85,4450.72,4451.0,191,35,0
2026.06.03 09:05:00,4451.06,4452.96,4451.06,4452.21,182,35,0
2026.06.03 09:06:00,4452.22,4454.56,4452.22,4454.08,191,35,0
2026.06.03 09:07:00,4454.07,4458.4,4453.71,4458.4,197,35,0
2026.06.03 09:08:00,4458.33,4458.92,4457.54,4457.83,166,35,0
2026.06.03 09:09:00,4457.91,4457.91,4455.92,4456.79,178,35,0
2026.06.03 09:10:00,4456.37,4456.83,4455.79,4456.7,162,35,0
2026.06.03 09:11:00,4456.84,4456.86,4454.41,4454.41,170,35,0
2026.06.03 09:12:00,4454.43,4454.8,4452.56,4453.12,189,35,0
2026.06.03 09:13:00,4453.1,4454.42,4453.06,4453.53,164,35,0
2026.06.03 09:14:00,4453.6,4453.62,4451.27,4451.29,174,35,0
2026.06.03 09:15:00,4451.22,4451.68,4447.49,4449.06,213,35,0
2026.06.03 09:16:00,4449.08,4449.1,4447.56,4447.73,186,35,0
2026.06.03 09:17:00,4447.65,4448.63,4447.02,4447.81,174,35,0
2026.06.03 09:18:00,4447.74,4448.51,4447.42,4448.21,154,35,0
2026.06.03 09:19:00,4447.92,4450.6,4447.88,4450.06,161,35,0
2026.06.03 09:20:00,4450.05,4451.87,4450.04,4451.56,181,35,0
2026.06.03 09:21:00,4451.71,4451.71,4450.4,4451.09,170,35,0
2026.06.03 09:22:00,4451.08,4451.27,4449.54,4449.58,177,35,0
2026.06.03 09:23:00,4449.63,4450.42,4449.23,4450.28,195,35,0
2026.06.03 09:24:00,4450.26,4450.36,4447.05,4447.69,181,35,0
2026.06.03 09:25:00,4447.71,4448.75,4447.54,4448.23,156,35,0
2026.06.03 09:26:00,4448.22,4448.61,4447.64,4448.47,154,35,0
2026.06.03 09:27:00,4448.48,4448.94,4446.5,4446.52,145,35,0
2026.06.03 09:28:00,4446.43,4447.35,4445.34,4445.96,184,35,0
2026.06.03 09:29:00,4445.99,4446.01,4439.36,4439.81,222,35,0
2026.06.03 09:30:00,4440.1,4442.25,4439.8,4441.21,194,35,0
2026.06.03 09:31:00,4441.65,4442.34,4440.61,4441.72,207,35,0
2026.06.03 09:32:00,4441.76,4443.95,4441.19,4443.4,180,35,0
2026.06.03 09:33:00,4443.43,4444.25,4442.32,4443.42,180,35,0
2026.06.03 09:34:00,4443.52,4444.2,4441.68,4441.87,168,35,0
2026.06.03 09:35:00,4441.78,4442.11,4440.12,4440.61,181,35,0
2026.06.03 09:36:00,4440.67,4444.05,4438.92,4443.82,178,35,0
2026.06.03 09:37:00,4443.83,4445.33,4443.66,4445.32,172,35,0
2026.06.03 09:38:00,4445.43,4446.55,4445.43,4445.65,176,35,0
2026.06.03 09:39:00,4445.67,4447.07,4445.65,4446.88,145,35,0
2026.06.03 09:40:00,4446.87,4448.3,4446.48,4446.68,188,35,0
2026.06.03 09:41:00,4446.64,4446.64,4445.69,4445.87,163,35,0
2026.06.03 09:42:00,4445.85,4445.85,4444.21,4445.32,147,35,0
2026.06.03 09:43:00,4445.34,4447.5,4445.3,4446.61,142,35,0
2026.06.03 09:44:00,4446.67,4447.45,4446.36,4446.6,150,35,0
2026.06.03 09:45:00,4446.12,4446.59,4444.08,4446.37,170,35,0
2026.06.03 09:46:00,4446.38,4446.68,4445.16,4445.59,161,35,0
2026.06.03 09:47:00,4445.58,4446.85,4445.28,4445.31,171,35,0
2026.06.03 09:48:00,4445.35,4445.81,4444.43,4445.6,140,35,0
2026.06.03 09:49:00,4445.55,4447.43,4445.55,4446.93,127,35,0
2026.06.03 09:50:00,4446.87,4447.87,4446.83,4447.1,126,35,0
2026.06.03 09:51:00,4447.13,4447.34,4445.86,4445.99,138,35,0
2026.06.03 09:52:00,4445.88,4446.0,4445.14,4445.4,139,35,0
2026.06.03 09:53:00,4445.42,4445.78,4444.6,4444.69,165,35,0
2026.06.03 09:54:00,4444.71,4445.35,4443.38,4443.38,164,35,0
2026.06.03 09:55:00,4443.34,4444.22,4442.93,4443.84,170,35,0
2026.06.03 09:56:00,4443.85,4444.12,4443.3,4443.6,155,35,0
2026.06.03 09:57:00,4443.58,4444.06,4441.38,4441.52,168,35,0
2026.06.03 09:58:00,4441.5,4442.09,4440.81,4441.28,188,35,0
2026.06.03 09:59:00,4441.29,4443.03,4441.29,4442.95,182,35,0
2026.06.03 10:00:00,4442.98,4443.41,4440.87,4442.12,148,35,0
2026.06.03 10:01:00,4442.13,4442.89,4441.56,4442.37,156,35,0
2026.06.03 10:02:00,4442.35,4446.33,4442.31,4446.33,185,35,0
2026.06.03 10:03:00,4446.34,4447.64,4445.86,4447.0,173,35,0
2026.06.03 10:04:00,4446.92,4447.87,4445.99,4447.87,168,35,0
2026.06.03 10:05:00,4447.88,4452.49,4447.01,4452.36,190,35,0
2026.06.03 10:06:00,4452.29,4459.18,4451.88,4455.99,221,35,0
2026.06.03 10:07:00,4455.94,4465.46,4455.94,4458.03,219,35,0
2026.06.03 10:08:00,4458.09,4466.63,4457.65,4461.25,215,35,0
2026.06.03 10:09:00,4461.52,4461.81,4457.52,4461.5,192,35,0
2026.06.03 10:10:00,4461.54,4464.54,4460.32,4462.29,204,35,0
2026.06.03 10:11:00,4462.31,4463.32,4461.43,4462.72,195,35,0
2026.06.03 10:12:00,4462.75,4462.9,4459.59,4460.14,196,35,0
2026.06.03 10:13:00,4460.1,4462.7,4459.45,4461.42,193,35,0
2026.06.03 10:14:00,4461.43,4464.31,4461.38,4462.94,188,35,0
2026.06.03 10:15:00,4462.89,4462.95,4460.49,4460.82,162,35,0
2026.06.03 10:16:00,4460.81,4463.31,4460.69,4462.63,176,35,0
2026.06.03 10:17:00,4462.06,4463.41,4461.21,4461.21,179,35,0
2026.06.03 10:18:00,4461.32,4463.49,4460.96,4462.57,191,35,0
2026.06.03 10:19:00,4462.54,4463.78,4462.3,4462.49,179,35,0
2026.06.03 10:20:00,4462.56,4463.59,4460.74,4462.22,185,35,0
2026.06.03 10:21:00,4462.26,4464.23,4461.1,4461.66,181,35,0
2026.06.03 10:22:00,4461.59,4461.96,4459.36,4459.87,202,35,0
2026.06.03 10:23:00,4459.84,4459.92,4456.72,4456.72,168,35,0
2026.06.03 10:24:00,4456.65,4457.35,4456.23,4456.82,173,35,0
2026.06.03 10:25:00,4457.14,4457.19,4455.84,4456.41,167,35,0
2026.06.03 10:26:00,4456.4,4456.46,4454.14,4454.21,170,35,0
2026.06.03 10:27:00,4454.22,4455.65,4453.52,4455.65,196,35,0
2026.06.03 10:28:00,4455.45,4458.62,4455.36,4458.54,195,35,0
2026.06.03 10:29:00,4458.52,4460.65,4457.69,4459.91,210,35,0
2026.06.03 10:30:00,4459.95,4462.22,4458.7,4461.08,190,35,0
2026.06.03 10:31:00,4461.1,4461.69,4460.69,4460.71,178,35,0
2026.06.03 10:32:00,4460.69,4461.89,4460.45,4461.58,195,35,0
2026.06.03 10:33:00,4461.59,4462.45,4459.39,4460.62,168,35,0
2026.06.03 10:34:00,4460.66,4461.01,4459.41,4460.08,177,35,0
2026.06.03 10:35:00,4460.09,4460.36,4459.12,4459.52,143,35,0
2026.06.03 10:36:00,4459.5,4459.72,4458.14,4458.7,168,35,0
2026.06.03 10:37:00,4458.71,4459.55,4458.71,4458.99,164,35,0
2026.06.03 10:38:00,4459.11,4460.03,4458.99,4459.33,147,35,0
2026.06.03 10:39:00,4459.32,4460.01,4458.44,4458.93,150,35,0
2026.06.03 10:40:00,4459.04,4459.12,4458.12,4458.12,134,35,0
2026.06.03 10:41:00,4458.14,4458.26,4456.08,4456.47,152,35,0
2026.06.03 10:42:00,4456.5,4456.89,4455.38,4455.89,151,35,0
2026.06.03 10:43:00,4455.85,4455.85,4454.59,4455.65,184,35,0
2026.06.03 10:44:00,4455.61,4456.57,4453.16,4454.03,174,35,0
2026.06.03 10:45:00,4453.99,4455.66,4453.91,4454.62,168,35,0
2026.06.03 10:46:00,4454.66,4455.01,4454.07,4454.13,136,35,0
2026.06.03 10:47:00,4454.14,4455.04,4453.77,4455.0,176,35,0
2026.06.03 10:48:00,4455.02,4456.32,4454.99,4456.24,158,35,0
2026.06.03 10:49:00,4456.31,4456.6,4455.53,4455.93,170,35,0
2026.06.03 10:50:00,4456.06,4458.65,4456.06,4458.56,180,35,0
2026.06.03 10:51:00,4458.55,4458.69,4457.56,4457.99,154,35,0
2026.06.03 10:52:00,4457.97,4459.46,4457.97,4459.31,175,35,0
2026.06.03 10:53:00,4459.15,4459.32,4456.98,4457.03,165,35,0
2026.06.03 10:54:00,4457.04,4459.23,4456.66,4459.03,168,35,0
2026.06.03 10:55:00,4459.1,4461.13,4458.55,4460.64,161,35,0
2026.06.03 10:56:00,4460.63,4460.94,4460.09,4460.74,158,35,0
2026.06.03 10:57:00,4460.71,4460.78,4459.4,4459.56,119,35,0
2026.06.03 10:58:00,4459.53,4459.95,4459.05,4459.58,162,35,0
2026.06.03 10:59:00,4459.64,4459.65,4458.29,4458.9,135,35,0
2026.06.03 11:00:00,4458.89,4460.91,4458.89,4459.68,181,35,0
2026.06.03 11:01:00,4459.74,4460.82,4459.42,4459.44,155,35,0
2026.06.03 11:02:00,4459.59,4463.39,4459.43,4463.38,175,35,0
2026.06.03 11:03:00,4463.43,4464.38,4462.9,4464.04,188,35,0
2026.06.03 11:04:00,4464.01,4464.55,4463.03,4464.3,183,35,0
2026.06.03 11:05:00,4464.32,4464.88,4462.44,4462.63,184,35,0
2026.06.03 11:06:00,4462.65,4464.37,4462.57,4463.79,185,35,0
2026.06.03 11:07:00,4463.82,4465.45,4463.81,4465.45,168,35,0
2026.06.03 11:08:00,4465.71,4467.97,4464.71,4466.77,217,35,0
2026.06.03 11:09:00,4466.7,4466.71,4463.01,4463.18,204,35,0
2026.06.03 11:10:00,4463.17,4464.15,4462.38,4462.67,184,35,0
2026.06.03 11:11:00,4462.65,4463.39,4460.93,4461.34,194,35,0
2026.06.03 11:12:00,4461.38,4462.37,4460.98,4461.56,189,35,0
2026.06.03 11:13:00,4461.9,4463.66,4461.59,4462.68,187,35,0
2026.06.03 11:14:00,4462.71,4462.94,4461.87,4461.88,157,35,0
2026.06.03 11:15:00,4461.9,4462.58,4461.67,4461.91,160,35,0
2026.06.03 11:16:00,4461.99,4462.11,4460.82,4461.03,186,35,0
2026.06.03 11:17:00,4461.04,4461.67,4459.13,4459.21,171,35,0
2026.06.03 11:18:00,4459.15,4460.07,4459.08,4459.63,175,35,0
2026.06.03 11:19:00,4459.67,4461.05,4459.41,4460.95,205,35,0
2026.06.03 11:20:00,4460.94,4465.42,4460.94,4465.26,202,35,0
2026.06.03 11:21:00,4465.28,4465.73,4463.37,4463.45,176,35,0
2026.06.03 11:22:00,4463.5,4463.5,4461.92,4462.09,166,35,0
2026.06.03 11:23:00,4462.19,4462.78,4461.55,4461.63,174,35,0
2026.06.03 11:24:00,4461.62,4463.07,4461.62,4462.76,171,35,0
2026.06.03 11:25:00,4462.78,4463.27,4462.26,4462.87,147,35,0
2026.06.03 11:26:00,4462.89,4463.26,4462.31,4463.1,149,35,0
2026.06.03 11:27:00,4463.04,4464.52,4461.9,4464.21,155,35,0
2026.06.03 11:28:00,4464.19,4464.62,4462.8,4462.95,164,35,0
2026.06.03 11:29:00,4463.17,4464.68,4463.06,4464.46,139,35,0
2026.06.03 11:30:00,4464.36,4467.12,4464.36,4466.04,201,35,0
2026.06.03 11:31:00,4466.07,4466.07,4464.48,4464.76,154,35,0
2026.06.03 11:32:00,4464.87,4465.75,4464.79,4464.98,179,35,0
2026.06.03 11:33:00,4464.97,4464.98,4463.76,4464.09,167,35,0
2026.06.03 11:34:00,4464.08,4466.15,4463.86,4465.77,178,35,0
2026.06.03 11:35:00,4465.82,4466.22,4464.9,4465.23,146,35,0
2026.06.03 11:36:00,4465.19,4465.36,4463.62,4463.62,160,35,0
2026.06.03 11:37:00,4463.68,4464.58,4463.54,4464.42,124,35,0
2026.06.03 11:38:00,4464.46,4464.54,4463.24,4463.41,147,35,0
2026.06.03 11:39:00,4463.4,4464.02,4462.86,4463.34,155,35,0
2026.06.03 11:40:00,4463.35,4463.46,4462.59,4463.0,161,35,0
2026.06.03 11:41:00,4463.01,4464.56,4463.01,4464.26,150,35,0
2026.06.03 11:42:00,4464.38,4464.55,4462.37,4462.39,164,35,0
2026.06.03 11:43:00,4462.4,4462.41,4459.6,4459.69,173,35,0
2026.06.03 11:44:00,4459.72,4460.95,4459.41,4460.2,185,35,0
2026.06.03 11:45:00,4460.31,4460.38,4459.09,4459.88,184,35,0
2026.06.03 11:46:00,4459.86,4463.35,4458.4,4462.12,174,35,0
2026.06.03 11:47:00,4462.11,4463.1,4460.9,4461.97,167,35,0
2026.06.03 11:48:00,4461.95,4462.08,4460.5,4461.4,179,35,0
2026.06.03 11:49:00,4461.41,4462.24,4460.55,4462.13,163,35,0
2026.06.03 11:50:00,4462.19,4462.92,4461.6,4462.71,160,35,0
2026.06.03 11:51:00,4462.79,4464.73,4462.53,4464.22,180,35,0
2026.06.03 11:52:00,4464.23,4464.26,4462.99,4463.54,164,35,0
2026.06.03 11:53:00,4463.43,4463.44,4461.76,4463.19,160,35,0
2026.06.03 11:54:00,4463.45,4463.62,4462.44,4462.49,153,35,0
2026.06.03 11:55:00,4462.48,4463.19,4462.34,4463.19,144,35,0
2026.06.03 11:56:00,4463.26,4463.33,4461.85,4462.21,173,35,0
2026.06.03 11:57:00,4462.22,4462.69,4461.55,4461.58,150,35,0
2026.06.03 11:58:00,4461.58,4462.51,4461.29,4462.4,146,35,0
2026.06.03 11:59:00,4462.37,4463.18,4461.96,4462.33,152,35,0
2026.06.03 12:00:00,4462.71,4463.98,4461.01,4461.19,169,35,0
2026.06.03 12:01:00,4461.2,4461.51,4459.71,4460.63,173,35,0
2026.06.03 12:02:00,4460.67,4463.02,4460.48,4462.98,163,35,0
2026.06.03 12:03:00,4463.03,4464.46,4462.28,4462.5,184,35,0
2026.06.03 12:04:00,4462.51,4464.17,4462.51,4463.63,142,35,0
2026.06.03 12:05:00,4463.65,4463.82,4462.9,4463.03,162,35,0
2026.06.03 12:06:00,4463.11,4464.37,4462.37,4462.39,175,35,0
2026.06.03 12:07:00,4462.38,4463.38,4459.79,4459.88,190,35,0
2026.06.03 12:08:00,4459.83,4459.83,4457.13,4457.32,192,35,0
2026.06.03 12:09:00,4457.29,4458.43,4457.26,4458.27,191,35,0
2026.06.03 12:10:00,4458.68,4461.41,4458.32,4460.49,195,35,0
2026.06.03 12:11:00,4460.46,4460.71,4458.52,4459.99,170,35,0
2026.06.03 12:12:00,4459.94,4461.1,4459.74,4459.99,147,35,0
2026.06.03 12:13:00,4460.02,4460.02,4458.41,4458.57,181,35,0
2026.06.03 12:14:00,4458.47,4459.05,4458.21,4459.05,172,35,0
2026.06.03 12:15:00,4458.98,4459.02,4457.1,4458.14,161,35,0
2026.06.03 12:16:00,4458.15,4458.22,4455.81,4456.4,181,35,0
2026.06.03 12:17:00,4456.22,4457.71,4456.0,4457.16,175,35,0
2026.06.03 12:18:00,4457.14,4458.12,4456.34,4456.52,166,35,0
2026.06.03 12:19:00,4456.51,4457.08,4456.04,4456.22,156,35,0
2026.06.03 12:20:00,4455.68,4461.4,4455.68,4461.01,222,35,0
2026.06.03 12:21:00,4461.02,4462.25,4460.5,4460.62,170,35,0
2026.06.03 12:22:00,4460.64,4461.35,4459.55,4459.72,196,35,0
2026.06.03 12:23:00,4459.73,4460.15,4457.83,4457.88,178,35,0
2026.06.03 12:24:00,4457.86,4458.71,4457.45,4457.89,169,35,0
2026.06.03 12:25:00,4457.81,4457.98,4454.69,4455.29,179,35,0
2026.06.03 12:26:00,4455.37,4456.22,4454.36,4454.36,235,35,0
2026.06.03 12:27:00,4454.37,4454.62,4453.0,4453.7,189,35,0
2026.06.03 12:28:00,4453.93,4454.15,4451.96,4453.96,194,35,0
2026.06.03 12:29:00,4454.03,4454.16,4452.43,4452.67,182,35,0
2026.06.03 12:30:00,4452.99,4455.14,4451.92,4454.72,186,35,0
2026.06.03 12:31:00,4454.76,4455.01,4452.95,4454.93,175,35,0
2026.06.03 12:32:00,4454.55,4456.88,4454.55,4456.46,167,35,0
2026.06.03 12:33:00,4456.48,4456.61,4452.25,4452.39,190,35,0
2026.06.03 12:34:00,4452.43,4452.52,4450.95,4451.37,198,35,0
2026.06.03 12:35:00,4451.44,4451.52,4449.09,4450.96,177,35,0
2026.06.03 12:36:00,4451.25,4453.82,4450.8,4452.66,179,35,0
2026.06.03 12:37:00,4452.72,4452.85,4448.11,4448.9,170,35,0
2026.06.03 12:38:00,4448.86,4450.15,4448.75,4449.93,179,35,0
2026.06.03 12:39:00,4449.94,4450.23,4448.6,4449.45,165,35,0
2026.06.03 12:40:00,4449.72,4454.67,4449.72,4454.43,175,35,0
2026.06.03 12:41:00,4454.44,4457.41,4453.93,4456.92,187,35,0
2026.06.03 12:42:00,4456.93,4457.09,4454.72,4454.72,198,35,0
2026.06.03 12:43:00,4454.53,4457.85,4453.56,4457.82,184,35,0
2026.06.03 12:44:00,4458.1,4460.47,4458.1,4458.99,187,35,0
2026.06.03 12:45:00,4458.76,4459.27,4456.73,4457.86,192,35,0
2026.06.03 12:46:00,4457.94,4459.01,4456.71,4457.11,169,35,0
2026.06.03 12:47:00,4457.35,4460.08,4457.35,4459.33,165,35,0
2026.06.03 12:48:00,4459.27,4460.43,4457.87,4460.3,195,35,0
2026.06.03 12:49:00,4460.29,4461.62,4459.17,4461.22,207,35,0
2026.06.03 12:50:00,4461.27,4465.18,4460.7,4464.99,192,35,0
2026.06.03 12:51:00,4465.17,4467.15,4464.3,4466.46,191,35,0
2026.06.03 12:52:00,4466.71,4466.98,4463.16,4464.94,198,35,0
2026.06.03 12:53:00,4464.88,4465.01,4463.27,4464.43,182,35,0
2026.06.03 12:54:00,4464.42,4465.04,4460.5,4460.5,180,35,0
2026.06.03 12:55:00,4460.2,4460.38,4455.37,4458.48,201,35,0
2026.06.03 12:56:00,4458.75,4460.32,4458.02,4459.94,177,35,0
2026.06.03 12:57:00,4459.92,4461.26,4459.7,4460.95,154,35,0
2026.06.03 12:58:00,4460.92,4462.37,4460.68,4461.44,179,35,0
2026.06.03 12:59:00,4461.38,4461.39,4459.07,4460.26,208,35,0
2026.06.03 13:00:00,4460.22,4460.5,4457.97,4458.18,198,35,0
2026.06.03 13:01:00,4457.97,4462.5,4457.92,4461.24,194,35,0
2026.06.03 13:02:00,4461.39,4462.26,4460.54,4461.53,188,35,0
2026.06.03 13:03:00,4461.55,4465.26,4460.52,4463.96,194,35,0
2026.06.03 13:04:00,4464.01,4464.14,4461.02,4463.17,195,35,0
2026.06.03 13:05:00,4463.16,4464.86,4462.7,4463.65,186,35,0
2026.06.03 13:06:00,4463.6,4464.6,4462.5,4463.38,202,35,0
2026.06.03 13:07:00,4463.37,4465.2,4462.66,4464.91,189,35,0
2026.06.03 13:08:00,4464.94,4465.26,4462.0,4463.23,178,35,0
2026.06.03 13:09:00,4463.15,4463.87,4462.51,4462.51,163,35,0
2026.06.03 13:10:00,4462.53,4465.65,4461.82,4464.96,209,35,0
2026.06.03 13:11:00,4464.73,4465.43,4464.08,4464.09,178,35,0
2026.06.03 13:12:00,4464.17,4464.4,4462.47,4462.47,176,35,0
2026.06.03 13:13:00,4462.39,4463.45,4462.15,4463.32,180,35,0
2026.06.03 13:14:00,4463.35,4465.06,4462.18,4462.18,192,35,0
2026.06.03 13:15:00,4462.39,4463.11,4461.49,4462.37,162,35,0
2026.06.03 13:16:00,4462.39,4463.19,4458.86,4459.41,167,35,0
2026.06.03 13:17:00,4459.65,4459.68,4457.09,4457.34,181,35,0
2026.06.03 13:18:00,4457.38,4457.85,4455.33,4456.03,185,35,0
2026.06.03 13:19:00,4456.02,4457.9,4455.63,4457.33,181,35,0
2026.06.03 13:20:00,4457.37,4457.44,4453.27,4453.76,181,35,0
2026.06.03 13:21:00,4453.84,4457.92,4453.13,4456.35,198,35,0
2026.06.03 13:22:00,4456.29,4457.11,4455.41,4455.41,178,35,0
2026.06.03 13:23:00,4455.22,4455.22,4450.64,4450.77,200,35,0
2026.06.03 13:24:00,4450.8,4451.32,4446.99,4450.23,238,35,0
2026.06.03 13:25:00,4450.19,4450.56,4447.83,4449.05,193,35,0
2026.06.03 13:26:00,4449.09,4449.34,4445.81,4447.13,183,35,0
2026.06.03 13:27:00,4447.09,4449.36,4447.09,4448.68,206,35,0
2026.06.03 13:28:00,4448.67,4449.14,4446.33,4447.85,181,35,0
2026.06.03 13:29:00,4447.81,4449.38,4447.76,4448.49,167,35,0
2026.06.03 13:30:00,4448.96,4453.12,4447.8,4452.31,218,35,0
2026.06.03 13:31:00,4452.58,4453.03,4448.2,4449.46,206,35,0
2026.06.03 13:32:00,4449.48,4452.62,4448.68,4452.06,201,35,0
2026.06.03 13:33:00,4452.05,4452.05,4449.92,4450.01,199,35,0
2026.06.03 13:34:00,4449.97,4449.97,4446.36,4448.02,189,35,0
2026.06.03 13:35:00,4448.33,4448.73,4446.22,4447.85,198,35,0
2026.06.03 13:36:00,4447.93,4450.45,4447.48,4450.42,192,35,0
2026.06.03 13:37:00,4450.47,4451.55,4449.49,4449.87,197,35,0
2026.06.03 13:38:00,4449.77,4451.41,4448.65,4450.36,195,35,0
2026.06.03 13:39:00,4450.29,4450.29,4446.56,4448.58,198,35,0
2026.06.03 13:40:00,4448.49,4450.03,4446.75,4448.82,196,35,0
2026.06.03 13:41:00,4448.77,4448.95,4444.39,4445.72,201,35,0
2026.06.03 13:42:00,4445.64,4446.21,4435.19,4435.23,209,35,0
2026.06.03 13:43:00,4435.3,4436.53,4433.49,4434.29,220,35,0
2026.06.03 13:44:00,4434.19,4435.6,4427.42,4427.53,211,35,0
2026.06.03 13:45:00,4427.15,4431.97,4426.27,4431.46,215,35,0
2026.06.03 13:46:00,4431.43,4434.43,4429.07,4430.19,218,35,0
2026.06.03 13:47:00,4430.15,4433.3,4428.93,4433.16,212,35,0
2026.06.03 13:48:00,4433.0,4434.93,4431.68,4433.53,209,35,0
2026.06.03 13:49:00,4433.64,4438.16,4432.39,4436.92,217,35,0
2026.06.03 13:50:00,4436.91,4441.31,4435.31,4441.03,220,35,0
2026.06.03 13:51:00,4441.08,4444.28,4440.2,4443.03,210,35,0
2026.06.03 13:52:00,4443.0,4446.61,4442.91,4444.44,213,35,0
2026.06.03 13:53:00,4444.43,4446.43,4442.39,4445.85,205,35,0
2026.06.03 13:54:00,4445.96,4446.37,4443.88,4444.44,201,35,0
2026.06.03 13:55:00,4444.36,4450.05,4444.31,4446.97,203,35,0
2026.06.03 13:56:00,4447.01,4447.08,4444.22,4444.65,201,35,0
2026.06.03 13:57:00,4445.01,4446.19,4443.0,4444.33,202,35,0
2026.06.03 13:58:00,4444.05,4445.74,4441.68,4444.82,196,35,0
2026.06.03 13:59:00,4444.9,4446.11,4444.24,4445.73,221,35,0
2026.06.03 14:00:00,4446.0,4451.45,4443.91,4445.41,212,35,0
2026.06.03 14:01:00,4445.37,4447.64,4443.44,4444.0,203,35,0
2026.06.03 14:02:00,4443.91,4445.61,4442.36,4444.93,194,35,0
2026.06.03 14:03:00,4444.88,4446.23,4442.85,4444.53,210,35,0
2026.06.03 14:04:00,4444.43,4446.51,4444.19,4446.34,207,35,0
2026.06.03 14:05:00,4446.15,4448.79,4444.93,4446.11,201,35,0
2026.06.03 14:06:00,4446.19,4449.66,4445.81,4449.41,205,35,0
2026.06.03 14:07:00,4449.43,4451.97,4448.84,4451.51,203,35,0
2026.06.03 14:08:00,4451.26,4451.28,4448.41,4448.83,198,35,0
2026.06.03 14:09:00,4448.86,4452.15,4448.82,4450.36,205,35,0
2026.06.03 14:10:00,4450.38,4454.29,4450.38,4453.46,199,35,0
2026.06.03 14:11:00,4453.16,4456.57,4453.16,4454.32,211,35,0
2026.06.03 14:12:00,4454.06,4456.33,4453.68,4454.77,196,35,0
2026.06.03 14:13:00,4454.85,4456.66,4453.81,4453.99,205,35,0
2026.06.03 14:14:00,4453.8,4456.45,4453.6,4454.47,198,35,0
2026.06.03 14:15:00,4454.88,4455.63,4451.1,4452.73,204,35,0
2026.06.03 14:16:00,4452.81,4458.12,4452.81,4455.22,204,35,0
2026.06.03 14:17:00,4455.26,4455.66,4451.61,4452.78,206,35,0
2026.06.03 14:18:00,4452.66,4453.23,4450.19,4451.04,208,35,0
2026.06.03 14:19:00,4451.23,4451.23,4445.87,4449.05,208,35,0
2026.06.03 14:20:00,4448.0,4450.02,4447.04,4449.23,211,35,0
2026.06.03 14:21:00,4449.25,4450.45,4447.83,4448.54,200,35,0
2026.06.03 14:22:00,4448.58,4451.47,4447.64,4451.47,201,35,0
2026.06.03 14:23:00,4451.39,4451.4,4447.3,4447.31,205,35,0
2026.06.03 14:24:00,4447.09,4449.9,4447.09,4449.52,196,35,0
2026.06.03 14:25:00,4449.49,4449.8,4446.88,4447.66,202,35,0
2026.06.03 14:26:00,4447.63,4449.62,4447.06,4447.11,206,35,0
2026.06.03 14:27:00,4446.78,4448.74,4446.48,4448.29,196,35,0
2026.06.03 14:28:00,4448.21,4449.52,4447.7,4449.49,179,35,0
2026.06.03 14:29:00,4449.66,4452.16,4449.25,4451.99,186,35,0
2026.06.03 14:30:00,4451.96,4453.2,4450.21,4450.48,192,35,0
2026.06.03 14:31:00,4450.53,4452.43,4450.51,4450.74,179,35,0
2026.06.03 14:32:00,4450.51,4451.03,4448.3,4448.52,201,35,0
2026.06.03 14:33:00,4448.5,4449.71,4447.44,4448.99,193,35,0
2026.06.03 14:34:00,4449.03,4449.27,4447.52,4449.05,184,35,0
2026.06.03 14:35:00,4449.11,4451.29,4449.11,4450.23,187,35,0
2026.06.03 14:36:00,4450.27,4450.89,4448.96,4449.83,184,35,0
2026.06.03 14:37:00,4449.8,4453.57,4449.19,4452.32,199,35,0
2026.06.03 14:38:00,4452.62,4453.24,4450.34,4450.73,184,35,0
2026.06.03 14:39:00,4450.87,4452.14,4450.48,4451.6,182,35,0
2026.06.03 14:40:00,4451.73,4452.34,4449.06,4449.51,190,35,0
2026.06.03 14:41:00,4449.73,4451.27,4449.33,4451.06,185,35,0
2026.06.03 14:42:00,4451.02,4451.02,4447.09,4447.39,184,35,0
2026.06.03 14:43:00,4447.37,4451.18,4447.37,4449.89,184,35,0
2026.06.03 14:44:00,4449.88,4450.17,4447.44,4448.17,185,35,0
2026.06.03 14:45:00,4448.04,4450.38,4447.92,4449.75,192,35,0
2026.06.03 14:46:00,4449.97,4450.91,4449.56,4450.68,172,35,0
2026.06.03 14:47:00,4450.63,4452.99,4450.43,4452.77,195,35,0
2026.06.03 14:48:00,4452.81,4453.67,4452.33,4453.62,177,35,0
2026.06.03 14:49:00,4453.6,4455.02,4453.03,4454.06,170,35,0
2026.06.03 14:50:00,4453.78,4454.4,4450.77,4450.94,183,35,0
2026.06.03 14:51:00,4451.04,4457.56,4451.03,4456.1,203,35,0
2026.06.03 14:52:00,4456.16,4456.16,4454.16,4455.04,186,35,0
2026.06.03 14:53:00,4454.97,4459.51,4454.44,4457.97,198,35,0
2026.06.03 14:54:00,4458.22,4459.52,4458.11,4458.77,192,35,0
2026.06.03 14:55:00,4458.68,4458.9,4456.98,4457.0,184,35,0
2026.06.03 14:56:00,4457.12,4457.73,4455.91,4455.91,189,35,0
2026.06.03 14:57:00,4455.97,4458.48,4455.45,4457.35,184,35,0
2026.06.03 14:58:00,4457.32,4458.19,4456.4,4456.63,178,35,0
2026.06.03 14:59:00,4456.67,4457.17,4455.46,4457.16,166,35,0
2026.06.03 15:00:00,4457.21,4458.19,4456.38,4456.85,189,35,0
2026.06.03 15:01:00,4457.02,4458.31,4456.45,4456.45,177,35,0
2026.06.03 15:02:00,4456.49,4456.9,4455.4,4456.0,188,35,0
2026.06.03 15:03:00,4456.12,4456.44,4453.94,4455.04,175,35,0
2026.06.03 15:04:00,4454.93,4455.07,4452.64,4452.85,176,35,0
2026.06.03 15:05:00,4452.81,4452.96,4449.94,4450.19,187,35,0
2026.06.03 15:06:00,4450.1,4451.0,4449.2,4449.21,186,35,0
2026.06.03 15:07:00,4449.35,4450.46,4447.96,4447.96,194,35,0
2026.06.03 15:08:00,4448.03,4451.42,4448.03,4450.92,187,35,0
2026.06.03 15:09:00,4450.93,4450.93,4448.97,4449.13,179,35,0
2026.06.03 15:10:00,4449.11,4451.57,4448.35,4451.48,178,35,0
2026.06.03 15:11:00,4451.49,4451.96,4450.06,4450.07,167,35,0
2026.06.03 15:12:00,4450.05,4450.5,4445.81,4446.38,190,35,0
2026.06.03 15:13:00,4446.6,4447.08,4445.78,4447.08,181,35,0
2026.06.03 15:14:00,4446.76,4447.62,4445.03,4445.86,190,35,0
2026.06.03 15:15:00,4445.8,4447.37,4445.8,4446.73,189,35,0
2026.06.03 15:16:00,4446.75,4449.47,4446.06,4449.34,201,35,0
2026.06.03 15:17:00,4449.29,4449.29,4447.02,4447.38,189,35,0
2026.06.03 15:18:00,4447.42,4450.84,4447.08,4450.08,203,35,0
2026.06.03 15:19:00,4449.96,4450.82,4444.9,4445.88,202,35,0
2026.06.03 15:20:00,4445.89,4446.5,4443.7,4443.7,199,35,0
2026.06.03 15:21:00,4443.71,4445.05,4443.28,4444.98,186,35,0
2026.06.03 15:22:00,4445.01,4445.07,4441.48,4441.51,197,35,0
2026.06.03 15:23:00,4441.37,4441.64,4439.53,4441.6,194,35,0
2026.06.03 15:24:00,4441.64,4443.44,4441.14,4443.11,193,35,0
2026.06.03 15:25:00,4443.08,4443.08,4439.83,4440.02,189,35,0
2026.06.03 15:26:00,4440.03,4441.14,4439.76,4440.7,196,35,0
2026.06.03 15:27:00,4440.71,4444.18,4440.53,4444.06,194,35,0
2026.06.03 15:28:00,4444.03,4444.03,4440.25,4442.1,193,35,0
2026.06.03 15:29:00,4442.14,4445.09,4442.05,4445.09,187,35,0
2026.06.03 15:30:00,4444.54,4445.36,4443.2,4445.1,210,35,0
2026.06.03 15:31:00,4445.09,4445.42,4442.85,4443.61,194,35,0
2026.06.03 15:32:00,4443.68,4444.52,4442.97,4443.38,181,35,0
2026.06.03 15:33:00,4443.42,4443.63,4441.76,4442.09,188,35,0
2026.06.03 15:34:00,4442.14,4442.33,4440.46,4440.97,174,35,0
2026.06.03 15:35:00,4440.88,4442.3,4440.48,4442.02,181,35,0
2026.06.03 15:36:00,4442.0,4442.66,4441.03,4441.03,170,35,0
2026.06.03 15:37:00,4440.95,4441.76,4436.79,4437.24,182,35,0
2026.06.03 15:38:00,4437.24,4439.52,4437.24,4438.98,188,35,0
2026.06.03 15:39:00,4438.97,4439.67,4438.8,4438.99,161,35,0
2026.06.03 15:40:00,4438.99,4440.49,4438.83,4439.26,170,35,0
2026.06.03 15:41:00,4439.22,4440.76,4438.49,4439.92,177,35,0
2026.06.03 15:42:00,4439.99,4441.62,4439.99,4440.78,188,35,0
2026.06.03 15:43:00,4440.81,4442.18,4440.08,4442.1,187,35,0
2026.06.03 15:44:00,4442.05,4442.09,4439.94,4440.03,179,35,0
2026.06.03 15:45:00,4439.92,4441.55,4439.63,4439.95,169,35,0
2026.06.03 15:46:00,4439.92,4440.13,4437.92,4438.21,182,35,0
2026.06.03 15:47:00,4438.35,4440.19,4438.29,4439.97,168,35,0
2026.06.03 15:48:00,4439.99,4441.62,4439.95,4440.9,171,35,0
2026.06.03 15:49:00,4440.89,4442.3,4440.48,4441.73,168,35,0
2026.06.03 15:50:00,4441.49,4443.91,4441.38,4442.66,170,35,0
2026.06.03 15:51:00,4442.65,4443.2,4441.71,4441.73,158,35,0
2026.06.03 15:52:00,4441.72,4442.04,4439.95,4440.69,185,35,0
2026.06.03 15:53:00,4440.93,4442.01,4440.44,4440.59,155,35,0
2026.06.03 15:54:00,4440.65,4441.54,4440.41,4441.2,169,35,0
2026.06.03 15:55:00,4441.0,4442.82,4440.58,4442.6,171,35,0
2026.06.03 15:56:00,4442.59,4442.59,4440.97,4441.17,168,35,0
2026.06.03 15:57:00,4441.14,4441.91,4440.76,4441.35,180,35,0
2026.06.03 15:58:00,4441.38,4441.96,4441.36,4441.68,174,35,0
2026.06.03 15:59:00,4441.7,4442.47,4441.46,4442.17,163,35,0
2026.06.03 16:00:00,4442.42,4443.05,4441.6,4442.25,180,35,0
2026.06.03 16:01:00,4441.99,4441.99,4439.66,4440.49,178,35,0
2026.06.03 16:02:00,4440.5,4441.64,4440.17,4441.07,156,35,0
2026.06.03 16:03:00,4441.08,4442.31,4440.57,4441.8,170,35,0
2026.06.03 16:04:00,4441.78,4442.76,4441.19,4442.75,171,35,0
2026.06.03 16:05:00,4442.66,4443.61,4442.25,4442.82,171,35,0
2026.06.03 16:06:00,4442.79,4442.97,4441.63,4441.89,158,35,0
2026.06.03 16:07:00,4441.87,4441.87,4437.23,4438.33,172,35,0
2026.06.03 16:08:00,4438.36,4439.93,4437.92,4438.46,181,35,0
2026.06.03 16:09:00,4438.44,4440.19,4438.39,4439.37,163,35,0
2026.06.03 16:10:00,4439.39,4439.47,4437.5,4439.28,170,35,0
2026.06.03 16:11:00,4439.36,4439.96,4438.92,4439.49,187,35,0
2026.06.03 16:12:00,4439.66,4440.56,4439.42,4440.4,169,35,0
2026.06.03 16:13:00,4440.0,4440.0,4438.46,4438.46,187,35,0
2026.06.03 16:14:00,4438.42,4439.59,4438.42,4439.12,166,35,0
2026.06.03 16:15:00,4439.37,4439.8,4438.52,4439.02,164,35,0
2026.06.03 16:16:00,4438.92,4440.93,4438.8,4440.71,160,35,0
2026.06.03 16:17:00,4440.66,4441.25,4438.53,4438.65,168,35,0
2026.06.03 16:18:00,4438.62,4438.63,4436.56,4436.91,175,35,0
2026.06.03 16:19:00,4436.92,4438.48,4436.9,4438.44,180,35,0
2026.06.03 16:20:00,4438.39,4438.39,4436.79,4436.8,164,35,0
2026.06.03 16:21:00,4436.82,4437.9,4436.52,4437.9,173,35,0
2026.06.03 16:22:00,4438.02,4439.36,4437.66,4438.5,178,35,0
2026.06.03 16:23:00,4438.53,4438.56,4434.85,4435.27,180,35,0
2026.06.03 16:24:00,4435.22,4436.28,4434.16,4436.28,187,35,0
2026.06.03 16:25:00,4436.09,4437.27,4435.63,4437.27,194,35,0
2026.06.03 16:26:00,4437.3,4437.72,4436.78,4436.86,175,35,0
2026.06.03 16:27:00,4436.8,4437.14,4433.86,4436.11,181,35,0
2026.06.03 16:28:00,4436.25,4437.58,4436.04,4436.72,176,35,0
2026.06.03 16:29:00,4436.64,4437.74,4436.31,4437.52,175,35,0
2026.06.03 16:30:00,4437.48,4439.36,4437.1,4438.19,183,35,0
2026.06.03 16:31:00,4438.18,4440.1,4438.11,4439.43,181,35,0
2026.06.03 16:32:00,4439.44,4440.64,4438.83,4439.75,179,35,0
2026.06.03 16:33:00,4439.67,4439.96,4438.38,4439.32,179,35,0
2026.06.03 16:34:00,4439.46,4440.71,4439.3,4440.11,176,35,0
2026.06.03 16:35:00,4440.08,4440.27,4438.54,4438.61,190,35,0
2026.06.03 16:36:00,4438.67,4439.17,4438.1,4438.63,174,35,0
2026.06.03 16:37:00,4438.6,4439.23,4437.47,4437.69,169,35,0
2026.06.03 16:38:00,4437.81,4437.99,4437.01,4437.38,170,35,0
2026.06.03 16:39:00,4437.3,4437.74,4436.14,4436.48,206,35,0
2026.06.03 16:40:00,4436.38,4437.88,4436.0,4437.33,168,35,0
2026.06.03 16:41:00,4437.36,4438.06,4436.55,4436.73,167,35,0
2026.06.03 16:42:00,4436.61,4437.2,4436.41,4436.44,182,35,0
2026.06.03 16:43:00,4436.43,4437.31,4435.31,4436.83,188,35,0
2026.06.03 16:44:00,4436.8,4439.0,4436.74,4438.93,159,35,0
2026.06.03 16:45:00,4438.73,4440.36,4437.67,4438.53,191,35,0
2026.06.03 16:46:00,4438.56,4438.9,4437.48,4438.77,185,35,0
2026.06.03 16:47:00,4438.76,4440.02,4437.95,4439.78,178,35,0
2026.06.03 16:48:00,4439.58,4440.14,4438.5,4439.67,181,35,0
2026.06.03 16:49:00,4439.66,4439.66,4437.77,4437.85,164,35,0
2026.06.03 16:50:00,4437.86,4439.39,4437.53,4439.35,154,35,0
2026.06.03 16:51:00,4439.31,4439.54,4437.79,4438.15,157,35,0
2026.06.03 16:52:00,4438.14,4439.39,4436.8,4439.2,163,35,0
2026.06.03 16:53:00,4439.13,4439.17,4437.06,4437.46,182,35,0
2026.06.03 16:54:00,4437.5,4438.81,4437.5,4437.91,159,35,0
2026.06.03 16:55:00,4437.9,4439.26,4437.29,4437.67,160,35,0
2026.06.03 16:56:00,4437.91,4439.3,4437.91,4439.09,160,35,0
2026.06.03 16:57:00,4439.12,4442.78,4439.07,4442.48,168,35,0
2026.06.03 16:58:00,4442.45,4442.67,4441.55,4441.72,187,35,0
2026.06.03 16:59:00,4441.71,4442.41,4441.16,4441.76,166,35,0
2026.06.03 17:00:00,4442.29,4443.65,4441.65,4442.99,181,43,0
2026.06.03 17:01:00,4443.06,4444.84,4443.0,4443.65,191,43,0
2026.06.03 17:02:00,4443.63,4444.04,4442.6,4443.93,193,43,0
2026.06.03 17:03:00,4444.01,4444.81,4443.98,4444.45,202,43,0
2026.06.03 17:04:00,4444.48,4444.84,4444.05,4444.53,176,43,0
2026.06.03 17:05:00,4444.54,4445.08,4443.78,4443.99,188,43,0
2026.06.03 17:06:00,4444.02,4444.28,4443.17,4444.28,223,43,0
2026.06.03 17:07:00,4444.46,4445.79,4443.87,4445.18,182,43,0
2026.06.03 17:08:00,4445.2,4446.14,4445.15,4445.55,175,43,0
2026.06.03 17:09:00,4445.6,4448.23,4445.35,4446.92,196,43,0
2026.06.03 17:10:00,4446.84,4447.09,4446.17,4446.25,158,43,0
2026.06.03 17:11:00,4446.3,4446.64,4445.01,4445.33,177,43,0
2026.06.03 17:12:00,4445.35,4445.76,4443.82,4443.93,172,43,0
2026.06.03 17:13:00,4443.9,4444.17,4441.54,4441.82,211,43,0
2026.06.03 17:14:00,4441.63,4442.92,4441.59,4441.73,192,43,0
2026.06.03 17:15:00,4441.88,4443.33,4441.53,4443.06,176,43,0
2026.06.03 17:16:00,4443.14,4443.32,4442.53,4443.0,171,43,0
2026.06.03 17:17:00,4442.91,4442.93,4441.26,4441.81,199,43,0
2026.06.03 17:18:00,4441.87,4442.47,4441.66,4441.67,165,43,0
2026.06.03 17:19:00,4441.71,4442.78,4441.65,4442.32,167,43,0
2026.06.03 17:20:00,4442.31,4442.59,4440.97,4441.07,201,43,0
2026.06.03 17:21:00,4441.0,4441.84,4440.05,4441.67,184,43,0
2026.06.03 17:22:00,4441.69,4441.8,4440.47,4441.08,187,43,0
2026.06.03 17:23:00,4441.05,4442.01,4440.88,4442.01,186,43,0
2026.06.03 17:24:00,4442.03,4442.12,4441.4,4441.93,246,43,0
2026.06.03 17:25:00,4441.89,4442.76,4441.12,4441.38,182,43,0
2026.06.03 17:26:00,4441.48,4441.83,4441.07,4441.68,179,43,0
2026.06.03 17:27:00,4441.7,4442.02,4440.83,4440.87,147,43,0
2026.06.03 17:28:00,4441.09,4441.11,4438.88,4439.11,196,43,0
2026.06.03 17:29:00,4438.85,4439.67,4437.63,4438.85,251,43,0
2026.06.03 17:30:00,4438.04,4438.04,4435.45,4435.58,197,43,0
2026.06.03 17:31:00,4435.61,4437.52,4435.59,4437.4,185,43,0
2026.06.03 17:32:00,4437.32,4437.59,4436.43,4437.58,172,43,0
2026.06.03 17:33:00,4437.56,4439.96,4437.27,4439.87,186,43,0
2026.06.03 17:34:00,4439.81,4440.56,4439.32,4439.92,178,43,0
2026.06.03 17:35:00,4439.83,4440.27,4438.82,4439.74,179,43,0
2026.06.03 17:36:00,4439.72,4439.82,4438.59,4438.8,155,43,0
2026.06.03 17:37:00,4438.78,4438.86,4437.89,4438.86,190,43,0
2026.06.03 17:38:00,4438.9,4439.12,4438.51,4438.92,181,43,0
2026.06.03 17:39:00,4438.87,4440.28,4438.87,4440.06,196,43,0
2026.06.03 17:40:00,4440.09,4440.13,4439.57,4439.86,176,43,0
2026.06.03 17:41:00,4439.84,4440.66,4439.35,4440.57,178,43,0
2026.06.03 17:42:00,4440.58,4442.13,4440.43,4440.55,223,43,0
2026.06.03 17:43:00,4440.6,4441.42,4440.57,4441.18,171,43,0
2026.06.03 17:44:00,4441.23,4441.25,4440.13,4440.49,190,43,0
2026.06.03 17:45:00,4440.48,4440.73,4439.44,4439.44,205,43,0
2026.06.03 17:46:00,4439.45,4440.27,4438.88,4439.15,180,43,0
2026.06.03 17:47:00,4438.99,4439.71,4438.61,4438.61,171,43,0
2026.06.03 17:48:00,4438.64,4439.25,4438.25,4438.27,170,43,0
2026.06.03 17:49:00,4438.32,4438.64,4437.62,4438.15,185,43,0
2026.06.03 17:50:00,4438.25,4438.41,4437.76,4438.27,195,43,0
2026.06.03 17:51:00,4438.22,4439.52,4438.14,4438.88,183,43,0
2026.06.03 17:52:00,4438.87,4439.33,4438.66,4439.13,147,43,0
2026.06.03 17:53:00,4439.15,4439.2,4438.54,4438.65,166,43,0
2026.06.03 17:54:00,4438.29,4438.66,4436.96,4437.91,203,43,0
2026.06.03 17:55:00,4437.89,4438.31,4437.65,4438.31,196,43,0
2026.06.03 17:56:00,4438.32,4439.28,4438.13,4438.56,163,43,0
2026.06.03 17:57:00,4438.57,4438.9,4438.1,4438.39,152,43,0
2026.06.03 17:58:00,4438.37,4438.9,4438.01,4438.53,139,43,0
2026.06.03 17:59:00,4438.56,4439.14,4438.48,4438.91,178,43,0
2026.06.03 18:00:00,4438.89,4439.42,4437.96,4438.17,183,43,0
2026.06.03 18:01:00,4438.19,4439.73,4438.16,4439.48,171,43,0
2026.06.03 18:02:00,4439.47,4439.68,4439.21,4439.47,170,43,0
2026.06.03 18:03:00,4439.5,4440.47,4439.37,4440.42,176,43,0
2026.06.03 18:04:00,4440.35,4440.48,4439.38,4439.38,159,43,0
2026.06.03 18:05:00,4439.41,4439.42,4438.4,4438.5,190,43,0
2026.06.03 18:06:00,4438.49,4439.14,4438.26,4438.44,177,43,0
2026.06.03 18:07:00,4438.4,4438.43,4437.63,4437.79,182,43,0
2026.06.03 18:08:00,4437.83,4438.17,4436.24,4436.76,177,43,0
2026.06.03 18:09:00,4436.78,4437.56,4436.73,4437.42,177,43,0
2026.06.03 18:10:00,4437.41,4438.46,4437.14,4438.39,202,43,0
2026.06.03 18:11:00,4438.33,4438.33,4437.47,4437.88,170,43,0
2026.06.03 18:12:00,4437.9,4438.05,4437.07,4437.14,171,43,0
2026.06.03 18:13:00,4437.25,4437.41,4436.36,4436.52,226,43,0
2026.06.03 18:14:00,4436.5,4436.79,4435.39,4436.78,190,43,0
2026.06.03 18:15:00,4436.77,4436.85,4435.75,4436.58,162,43,0
2026.06.03 18:16:00,4436.57,4436.7,4435.46,4435.95,199,43,0
2026.06.03 18:17:00,4435.94,4437.46,4435.94,4437.07,182,43,0
2026.06.03 18:18:00,4437.05,4437.48,4437.05,4437.17,186,43,0
2026.06.03 18:19:00,4437.21,4437.92,4437.02,4437.9,142,43,0
2026.06.03 18:20:00,4437.93,4438.16,4435.3,4437.59,195,43,0
2026.06.03 18:21:00,4437.49,4437.72,4437.12,4437.72,154,43,0
2026.06.03 18:22:00,4437.78,4438.43,4437.54,4438.16,181,43,0
2026.06.03 18:23:00,4438.18,4439.06,4438.18,4438.61,158,43,0
2026.06.03 18:24:00,4438.62,4439.11,4438.62,4438.88,167,43,0
2026.06.03 18:25:00,4438.84,4438.98,4438.36,4438.73,194,43,0
2026.06.03 18:26:00,4438.72,4439.83,4438.71,4439.81,148,43,0
2026.06.03 18:27:00,4439.81,4440.26,4439.56,4440.18,180,43,0
2026.06.03 18:28:00,4440.21,4440.58,4439.47,4439.7,188,43,0
2026.06.03 18:29:00,4439.68,4440.23,4439.45,4440.07,207,43,0
2026.06.03 18:30:00,4439.9,4442.45,4439.9,4441.32,175,43,0
2026.06.03 18:31:00,4441.31,4441.55,4439.64,4440.13,181,43,0
2026.06.03 18:32:00,4440.18,4440.87,4440.18,4440.87,160,43,0
2026.06.03 18:33:00,4440.88,4441.42,4439.17,4439.81,168,43,0
2026.06.03 18:34:00,4439.89,4440.2,4438.69,4438.72,152,43,0
2026.06.03 18:35:00,4438.89,4438.89,4436.8,4437.4,196,43,0
2026.06.03 18:36:00,4437.42,4438.94,4437.35,4438.46,193,43,0
2026.06.03 18:37:00,4438.47,4439.17,4438.37,4438.97,179,43,0
2026.06.03 18:38:00,4438.92,4439.18,4438.46,4438.87,165,43,0
2026.06.03 18:39:00,4438.88,4438.92,4438.32,4438.42,156,43,0
2026.06.03 18:40:00,4438.41,4438.55,4437.28,4437.71,186,43,0
2026.06.03 18:41:00,4437.67,4440.09,4437.66,4440.06,182,43,0
2026.06.03 18:42:00,4440.04,4440.22,4439.82,4440.07,140,43,0
2026.06.03 18:43:00,4440.09,4440.09,4439.25,4439.45,194,43,0
2026.06.03 18:44:00,4439.46,4440.13,4439.38,4439.86,178,43,0
2026.06.03 18:45:00,4439.83,4441.19,4439.46,4440.82,156,43,0
2026.06.03 18:46:00,4440.81,4441.07,4440.4,4440.5,166,43,0
2026.06.03 18:47:00,4440.54,4441.59,4440.13,4441.42,161,43,0
2026.06.03 18:48:00,4441.44,4441.7,4441.15,4441.15,173,43,0
2026.06.03 18:49:00,4441.13,4441.15,4439.82,4439.88,165,43,0
2026.06.03 18:50:00,4439.9,4440.62,4439.69,4440.4,164,43,0
2026.06.03 18:51:00,4440.36,4440.8,4440.0,4440.36,169,43,0
2026.06.03 18:52:00,4440.34,4440.52,4440.0,4440.1,160,43,0
2026.06.03 18:53:00,4440.11,4440.33,4439.92,4440.08,151,43,0
2026.06.03 18:54:00,4440.11,4440.75,4439.95,4440.29,186,43,0
2026.06.03 18:55:00,4440.27,4440.53,4439.76,4440.04,172,43,0
2026.06.03 18:56:00,4440.08,4440.79,4439.96,4440.08,179,43,0
2026.06.03 18:57:00,4440.04,4440.77,4439.7,4440.55,180,43,0
2026.06.03 18:58:00,4440.54,4442.08,4440.5,4441.9,144,43,0
2026.06.03 18:59:00,4441.92,4442.74,4441.65,4441.93,155,43,0
2026.06.03 19:00:00,4441.92,4442.45,4441.32,4442.35,186,43,0
2026.06.03 19:01:00,4442.32,4443.34,4441.63,4443.34,195,43,0
2026.06.03 19:02:00,4443.33,4446.32,4443.27,4446.32,202,43,0
2026.06.03 19:03:00,4446.31,4446.44,4445.3,4446.08,216,43,0
2026.06.03 19:04:00,4446.1,4449.2,4445.41,4449.01,223,43,0
2026.06.03 19:05:00,4449.03,4449.64,4448.05,4449.03,165,43,0
2026.06.03 19:06:00,4449.06,4449.12,4447.81,4448.27,184,43,0
2026.06.03 19:07:00,4448.25,4448.76,4447.12,4448.18,173,43,0
2026.06.03 19:08:00,4448.19,4449.2,4447.96,4448.71,186,43,0
2026.06.03 19:09:00,4448.69,4448.7,4447.39,4447.69,144,43,0
2026.06.03 19:10:00,4447.81,4448.35,4447.19,4447.51,194,43,0
2026.06.03 19:11:00,4447.54,4447.96,4446.64,4447.34,214,43,0
2026.06.03 19:12:00,4447.38,4447.71,4447.09,4447.5,209,43,0
2026.06.03 19:13:00,4447.41,4448.12,4447.08,4447.91,192,43,0
2026.06.03 19:14:00,4447.9,4449.86,4447.84,4449.62,197,43,0
2026.06.03 19:15:00,4449.67,4450.59,4449.31,4450.35,189,43,0
2026.06.03 19:16:00,4450.51,4451.32,4448.87,4448.87,199,43,0
2026.06.03 19:17:00,4448.86,4451.83,4448.46,4450.85,187,43,0
2026.06.03 19:18:00,4450.94,4451.05,4450.37,4450.58,173,43,0
2026.06.03 19:19:00,4450.68,4451.5,4450.17,4451.38,161,43,0
2026.06.03 19:20:00,4451.39,4452.12,4451.17,4451.23,151,43,0
2026.06.03 19:21:00,4451.25,4451.25,4449.0,4449.59,171,43,0
2026.06.03 19:22:00,4449.58,4449.66,4448.26,4448.65,179,43,0
2026.06.03 19:23:00,4448.78,4448.89,4448.32,4448.51,152,43,0
2026.06.03 19:24:00,4448.5,4448.92,4447.86,4447.92,164,43,0
2026.06.03 19:25:00,4447.98,4448.5,4447.64,4448.35,182,43,0
2026.06.03 19:26:00,4448.11,4448.23,4447.75,4448.15,193,43,0
2026.06.03 19:27:00,4448.12,4448.14,4446.94,4447.27,189,43,0
2026.06.03 19:28:00,4447.28,4447.37,4446.41,4447.03,170,43,0
2026.06.03 19:29:00,4447.04,4448.11,4447.04,4447.9,169,43,0
2026.06.03 19:30:00,4447.95,4449.47,4447.95,4449.08,176,43,0
2026.06.03 19:31:00,4449.11,4449.53,4448.18,4448.37,160,43,0
2026.06.03 19:32:00,4448.42,4448.45,4447.26,4447.73,172,43,0
2026.06.03 19:33:00,4447.71,4448.56,4447.65,4447.87,164,43,0
2026.06.03 19:34:00,4447.88,4448.46,4447.88,4448.31,136,43,0
2026.06.03 19:35:00,4448.29,4448.74,4447.9,4448.66,177,43,0
2026.06.03 19:36:00,4448.67,4449.04,4448.16,4448.27,185,43,0
2026.06.03 19:37:00,4448.26,4448.44,4447.72,4448.2,170,43,0
2026.06.03 19:38:00,4448.15,4448.72,4447.78,4448.48,144,43,0
2026.06.03 19:39:00,4448.44,4448.49,4447.81,4447.82,157,43,0
2026.06.03 19:40:00,4447.72,4448.41,4446.77,4446.91,187,43,0
2026.06.03 19:41:00,4446.93,4448.72,4446.56,4448.34,184,43,0
2026.06.03 19:42:00,4448.32,4448.52,4447.31,4447.76,135,43,0
2026.06.03 19:43:00,4447.75,4447.75,4447.18,4447.25,123,43,0
2026.06.03 19:44:00,4447.24,4447.32,4446.77,4446.77,110,43,0
2026.06.03 19:45:00,4446.78,4446.8,4445.49,4445.7,163,43,0
2026.06.03 19:46:00,4445.63,4445.96,4445.11,4445.13,179,43,0
2026.06.03 19:47:00,4445.15,4445.69,4444.72,4445.55,147,43,0
2026.06.03 19:48:00,4445.52,4447.02,4445.44,4446.75,153,43,0
2026.06.03 19:49:00,4446.74,4447.2,4446.73,4446.78,118,43,0
2026.06.03 19:50:00,4446.91,4446.91,4445.1,4445.23,188,43,0
2026.06.03 19:51:00,4445.19,4445.7,4444.9,4445.16,157,43,0
2026.06.03 19:52:00,4445.21,4445.6,4445.05,4445.46,164,43,0
2026.06.03 19:53:00,4445.49,4446.5,4445.26,4446.36,165,43,0
2026.06.03 19:54:00,4446.23,4446.37,4445.33,4445.46,161,43,0
2026.06.03 19:55:00,4444.69,4445.28,4443.47,4444.29,186,43,0
2026.06.03 19:56:00,4444.3,4445.13,4444.28,4444.51,156,43,0
2026.06.03 19:57:00,4444.77,4444.77,4443.58,4444.15,181,43,0
2026.06.03 19:58:00,4444.1,4444.1,4442.95,4443.2,247,43,0
2026.06.03 19:59:00,4443.05,4444.21,4443.05,4443.78,166,43,0
2026.06.03 20:00:00,4443.7,4445.28,4443.67,4444.75,143,43,0
2026.06.03 20:01:00,4444.74,4444.95,4443.59,4443.63,137,43,0
2026.06.03 20:02:00,4443.64,4444.02,4442.02,4442.29,112,43,0
2026.06.03 20:03:00,4442.64,4443.35,4442.26,4442.32,140,43,0
2026.06.03 20:04:00,4442.33,4442.71,4441.93,4441.98,125,43,0
2026.06.03 20:05:00,4441.91,4441.91,4438.52,4439.76,172,43,0
2026.06.03 20:06:00,4439.75,4440.3,4439.39,4440.16,150,43,0
2026.06.03 20:07:00,4440.24,4440.48,4439.86,4439.92,151,43,0
2026.06.03 20:08:00,4439.94,4440.77,4439.42,4439.73,136,43,0
2026.06.03 20:09:00,4439.51,4441.28,4439.14,4441.27,185,43,0
2026.06.03 20:10:00,4441.3,4441.82,4440.47,4440.87,137,43,0
2026.06.03 20:11:00,4440.83,4440.92,4439.18,4439.36,99,43,0
2026.06.03 20:12:00,4439.37,4439.55,4438.93,4439.37,105,43,0
2026.06.03 20:13:00,4439.35,4440.33,4439.13,4439.49,101,43,0
2026.06.03 20:14:00,4439.52,4439.94,4439.52,4439.94,110,43,0
2026.06.03 20:15:00,4439.98,4440.02,4438.31,4438.78,189,43,0
2026.06.03 20:16:00,4438.7,4439.19,4438.21,4439.05,141,43,0
2026.06.03 20:17:00,4439.03,4439.03,4437.62,4437.65,131,43,0
2026.06.03 20:18:00,4437.64,4438.44,4437.61,4438.12,144,43,0
2026.06.03 20:19:00,4438.1,4438.77,4437.3,4437.51,128,43,0
2026.06.03 20:20:00,4437.59,4438.34,4437.52,4437.86,137,43,0
2026.06.03 20:21:00,4437.83,4439.71,4437.7,4439.2,165,43,0
2026.06.03 20:22:00,4439.18,4439.95,4439.04,4439.69,132,43,0
2026.06.03 20:23:00,4439.72,4439.96,4438.51,4439.08,113,43,0
2026.06.03 20:24:00,4439.11,4439.51,4439.02,4439.47,106,43,0
2026.06.03 20:25:00,4439.48,4439.99,4439.26,4439.67,104,43,0
2026.06.03 20:26:00,4439.78,4440.19,4439.4,4439.87,131,43,0
2026.06.03 20:27:00,4439.88,4439.88,4438.43,4438.58,103,43,0
2026.06.03 20:28:00,4438.57,4439.8,4438.15,4439.51,102,43,0
2026.06.03 20:29:00,4439.53,4439.56,4438.88,4438.95,98,43,0
2026.06.03 20:30:00,4438.87,4439.42,4438.81,4439.17,108,43,0
2026.06.03 20:31:00,4439.12,4439.18,4438.65,4438.8,100,52,0
2026.06.03 20:32:00,4438.82,4439.14,4435.02,4435.26,141,52,0
2026.06.03 20:33:00,4435.23,4435.23,4433.07,4433.43,188,52,0
2026.06.03 20:34:00,4433.46,4434.18,4433.1,4433.69,153,52,0
2026.06.03 20:35:00,4433.7,4434.29,4433.24,4433.87,153,52,0
2026.06.03 20:36:00,4433.92,4434.07,4433.12,4433.57,152,52,0
2026.06.03 20:37:00,4433.91,4433.96,4433.19,4433.49,147,52,0
2026.06.03 20:38:00,4433.52,4434.17,4433.09,4433.98,123,52,0
2026.06.03 20:39:00,4433.99,4433.99,4432.62,4433.87,112,52,0
2026.06.03 20:40:00,4433.78,4434.55,4433.71,4433.99,105,52,0
2026.06.03 20:41:00,4434.0,4434.18,4433.22,4433.38,130,52,0
2026.06.03 20:42:00,4433.33,4433.96,4432.34,4432.86,149,52,0
2026.06.03 20:43:00,4432.87,4433.52,4432.11,4433.33,178,52,0
2026.06.03 20:44:00,4433.32,4433.41,4432.72,4433.3,112,52,0
2026.06.03 20:45:00,4433.23,4434.76,4433.23,4434.3,128,52,0
2026.06.03 20:46:00,4434.23,4434.65,4433.63,4434.6,108,52,0
2026.06.03 20:47:00,4434.59,4434.59,4433.24,4433.6,121,52,0
2026.06.03 20:48:00,4433.61,4433.73,4432.75,4432.84,103,52,0
2026.06.03 20:49:00,4432.82,4433.0,4431.33,4431.33,93,52,0
2026.06.03 20:50:00,4431.34,4432.83,4430.52,4432.63,136,52,0
2026.06.03 20:51:00,4432.6,4432.6,4430.87,4431.44,124,52,0
2026.06.03 20:52:00,4431.45,4431.63,4430.87,4431.24,97,52,0
2026.06.03 20:53:00,4431.21,4432.08,4430.95,4431.98,136,52,0
2026.06.03 20:54:00,4431.96,4434.17,4431.57,4434.1,123,52,0
2026.06.03 20:55:00,4434.08,4434.39,4433.2,4433.49,100,48,0
2026.06.03 20:56:00,4433.52,4433.89,4433.33,4433.66,93,48,0
2026.06.03 20:57:00,4433.49,4434.15,4433.25,4433.72,111,48,0
2026.06.03 20:58:00,4433.73,4434.31,4433.28,4433.76,79,49,0
2026.06.03 22:01:00,4437.02,4438.23,4436.93,4438.1,77,43,0
2026.06.03 22:02:00,4438.03,4439.97,4437.97,4439.24,71,43,0
2026.06.03 22:03:00,4439.23,4439.74,4435.39,4435.39,86,43,0
2026.06.03 22:04:00,4435.44,4436.14,4430.94,4431.97,92,43,0
2026.06.03 22:05:00,4431.96,4434.11,4431.96,4432.86,142,43,0
2026.06.03 22:06:00,4432.88,4434.37,4432.51,4432.51,149,43,0
2026.06.03 22:07:00,4432.97,4434.33,4432.94,4434.14,92,43,0
2026.06.03 22:08:00,4434.16,4436.07,4434.16,4435.53,107,43,0
2026.06.03 22:09:00,4435.4,4435.98,4434.7,4434.79,91,43,0
2026.06.03 22:10:00,4434.64,4434.96,4434.3,4434.43,75,43,0
2026.06.03 22:11:00,4434.37,4435.68,4433.75,4433.75,113,43,0
2026.06.03 22:12:00,4433.77,4433.77,4429.46,4431.9,180,43,0
2026.06.03 22:13:00,4431.85,4432.93,4431.59,4432.71,144,43,0
2026.06.03 22:14:00,4432.57,4432.57,4430.58,4431.72,157,43,0
2026.06.03 22:15:00,4431.84,4431.96,4428.54,4428.79,180,43,0
2026.06.03 22:16:00,4428.77,4429.11,4423.79,4425.89,240,43,0
2026.06.03 22:17:00,4425.94,4428.4,4425.45,4427.62,185,43,0
2026.06.03 22:18:00,4427.63,4429.11,4427.21,4429.05,170,43,0
2026.06.03 22:19:00,4429.06,4429.56,4427.3,4427.37,150,43,0
2026.06.03 22:20:00,4428.02,4428.02,4424.74,4425.34,171,43,0
2026.06.03 22:21:00,4425.37,4426.1,4424.54,4425.68,154,43,0
2026.06.03 22:22:00,4425.7,4429.3,4425.7,4428.75,179,43,0
2026.06.03 22:23:00,4428.66,4430.23,4428.05,4430.23,154,43,0
2026.06.03 22:24:00,4430.27,4430.58,4428.97,4429.95,182,43,0
2026.06.03 22:25:00,4429.99,4433.89,4429.99,4433.05,144,43,0
2026.06.03 22:26:00,4432.49,4432.49,4431.3,4431.61,126,43,0
2026.06.03 22:27:00,4431.69,4435.42,4431.67,4434.26,160,43,0
2026.06.03 22:28:00,4434.19,4434.43,4432.69,4432.93,138,43,0
2026.06.03 22:29:00,4432.91,4434.22,4432.8,4433.87,125,43,0
2026.06.03 22:30:00,4433.86,4436.22,4433.8,4436.12,149,43,0
2026.06.03 22:31:00,4436.19,4437.01,4434.57,4436.42,170,43,0
2026.06.03 22:32:00,4436.42,4438.1,4436.33,4436.52,166,43,0
2026.06.03 22:33:00,4436.57,4438.57,4436.32,4437.41,184,43,0
2026.06.03 22:34:00,4437.44,4439.79,4437.44,4439.67,183,43,0
2026.06.03 22:35:00,4439.63,4440.28,4438.84,4439.19,165,43,0
2026.06.03 22:36:00,4438.6,4439.25,4437.51,4438.07,153,43,0
2026.06.03 22:37:00,4438.13,4438.15,4436.94,4437.21,129,43,0
2026.06.03 22:38:00,4437.23,4437.54,4436.02,4436.27,147,43,0
2026.06.03 22:39:00,4436.29,4436.78,4435.72,4436.45,143,43,0
2026.06.03 22:40:00,4436.49,4438.48,4435.9,4438.18,151,43,0
2026.06.03 22:41:00,4438.2,4438.38,4437.2,4437.37,142,43,0
2026.06.03 22:42:00,4437.32,4437.33,4434.75,4434.95,122,43,0
2026.06.03 22:43:00,4434.9,4436.43,4434.85,4436.07,143,43,0
2026.06.03 22:44:00,4436.07,4437.19,4436.05,4436.64,143,43,0
2026.06.03 22:45:00,4436.7,4438.33,4436.57,4438.06,151,43,0
2026.06.03 22:46:00,4438.06,4438.36,4436.96,4438.25,148,43,0
2026.06.03 22:47:00,4438.23,4438.26,4437.27,4437.88,121,43,0
2026.06.03 22:48:00,4437.92,4438.89,4437.49,4438.23,127,43,0
2026.06.03 22:49:00,4438.23,4438.62,4438.01,4438.55,116,43,0
2026.06.03 22:50:00,4438.56,4438.76,4437.23,4438.47,139,43,0
2026.06.03 22:51:00,4438.51,4439.65,4437.57,4439.33,165,43,0
2026.06.03 22:52:00,4439.31,4439.96,4439.21,4439.53,124,43,0
2026.06.03 22:53:00,4439.51,4441.3,4439.06,4440.74,139,43,0
2026.06.03 22:54:00,4440.74,4440.74,4439.11,4439.41,143,43,0
2026.06.03 22:55:00,4439.42,4440.72,4439.21,4440.41,162,43,0
2026.06.03 22:56:00,4440.39,4446.67,4440.32,4446.02,177,43,0
2026.06.03 22:57:00,4446.21,4452.55,4445.44,4447.19,201,43,0
2026.06.03 22:58:00,4447.18,4447.97,4446.77,4447.35,182,43,0
2026.06.03 22:59:00,4447.69,4448.81,4447.02,4448.81,164,43,0
2026.06.03 23:00:00,4448.92,4450.04,4447.52,4449.87,170,43,0
2026.06.03 23:01:00,4449.65,4450.1,4447.81,4447.85,183,43,0
2026.06.03 23:02:00,4447.78,4448.12,4446.43,4446.43,127,43,0
2026.06.03 23:03:00,4446.56,4447.45,4445.4,4446.83,170,43,0
2026.06.03 23:04:00,4446.75,4446.91,4445.27,4446.29,170,43,0
2026.06.03 23:05:00,4446.16,4450.27,4445.45,4449.38,178,43,0
2026.06.03 23:06:00,4449.52,4450.04,4448.87,4449.48,162,43,0
2026.06.03 23:07:00,4449.49,4449.49,4446.97,4447.85,132,43,0
2026.06.03 23:08:00,4447.83,4447.9,4447.05,4447.07,105,43,0
2026.06.03 23:09:00,4447.1,4448.44,4447.09,4448.1,130,43,0
2026.06.03 23:10:00,4448.13,4448.16,4447.25,4447.31,121,43,0
2026.06.03 23:11:00,4447.27,4447.62,4446.13,4446.83,115,43,0
2026.06.03 23:12:00,4446.81,4447.02,4445.54,4446.28,136,43,0
2026.06.03 23:13:00,4446.29,4447.91,4446.18,4447.66,133,43,0
2026.06.03 23:14:00,4447.65,4448.05,4447.35,4447.74,130,43,0
2026.06.03 23:15:00,4447.73,4448.59,4447.21,4448.54,152,43,0
2026.06.03 23:16:00,4448.51,4449.3,4447.95,4448.41,135,43,0
2026.06.03 23:17:00,4448.45,4449.07,4448.07,4448.16,131,43,0
2026.06.03 23:18:00,4448.1,4448.28,4447.49,4447.68,129,43,0
2026.06.03 23:19:00,4447.7,4448.09,4447.36,4447.86,147,43,0
2026.06.03 23:20:00,4447.86,4448.14,4447.35,4448.11,143,43,0
2026.06.03 23:21:00,4448.06,4449.02,4447.83,4448.63,165,43,0
2026.06.03 23:22:00,4448.64,4450.78,4448.24,4449.17,146,43,0
2026.06.03 23:23:00,4449.14,4450.54,4448.75,4450.37,118,43,0
2026.06.03 23:24:00,4450.35,4450.84,4449.26,4449.28,133,43,0
2026.06.03 23:25:00,4449.27,4451.3,4448.99,4448.99,172,43,0
2026.06.03 23:26:00,4448.99,4450.08,4448.33,4449.83,130,43,0
2026.06.03 23:27:00,4449.86,4451.16,4449.71,4450.31,139,43,0
2026.06.03 23:28:00,4450.24,4451.23,4450.13,4451.13,127,43,0
2026.06.03 23:29:00,4451.14,4451.23,4450.54,4450.73,113,43,0
2026.06.03 23:30:00,4450.7,4451.91,4448.8,4448.8,201,43,0
2026.06.03 23:31:00,4448.69,4450.38,4447.51,4450.38,172,43,0
2026.06.03 23:32:00,4450.39,4451.28,4450.32,4450.36,118,43,0
2026.06.03 23:33:00,4450.32,4450.47,4449.44,4449.49,119,43,0
2026.06.03 23:34:00,4449.48,4451.05,4449.37,4451.03,100,43,0
2026.06.03 23:35:00,4451.02,4451.24,4449.94,4451.24,116,43,0
2026.06.03 23:36:00,4451.23,4452.29,4450.21,4451.74,184,43,0
2026.06.03 23:37:00,4451.76,4451.84,4449.88,4449.9,127,43,0
2026.06.03 23:38:00,4449.88,4450.0,4448.75,4448.94,156,43,0
2026.06.03 23:39:00,4449.0,4450.36,4448.48,4450.3,185,43,0
2026.06.03 23:40:00,4450.07,4450.27,4448.6,4448.78,146,43,0
2026.06.03 23:41:00,4448.78,4448.78,4446.15,4446.94,209,43,0
2026.06.03 23:42:00,4446.91,4450.15,4446.52,4450.1,169,43,0
2026.06.03 23:43:00,4450.11,4453.69,4450.11,4451.96,193,43,0
2026.06.03 23:44:00,4451.93,4453.9,4451.87,4453.53,151,43,0
2026.06.03 23:45:00,4453.47,4459.8,4453.47,4459.73,257,43,0
2026.06.03 23:46:00,4459.69,4464.54,4459.4,4460.41,258,43,0
2026.06.03 23:47:00,4460.45,4461.71,4459.07,4461.32,224,43,0
2026.06.03 23:48:00,4461.35,4462.83,4461.19,4461.34,236,43,0
2026.06.03 23:49:00,4461.38,4461.71,4458.66,4459.25,255,43,0
2026.06.03 23:50:00,4459.24,4461.56,4458.84,4460.57,220,43,0
2026.06.03 23:51:00,4460.51,4461.21,4457.86,4458.64,194,43,0
2026.06.03 23:52:00,4458.22,4459.18,4457.89,4459.16,179,43,0
2026.06.03 23:53:00,4459.17,4460.85,4459.17,4459.52,187,43,0
2026.06.03 23:54:00,4459.65,4460.12,4458.69,4459.51,193,43,0
2026.06.03 23:55:00,4459.69,4460.31,4458.93,4459.03,213,43,0
2026.06.03 23:56:00,4459.05,4459.06,4457.44,4457.92,208,43,0
2026.06.03 23:57:00,4457.88,4458.96,4457.47,4457.68,214,43,0
2026.06.03 23:58:00,4457.59,4457.84,4457.38,4457.53,150,43,0
2026.06.03 23:59:00,4457.56,4458.52,4456.14,4457.18,192,43,0
2026.06.04 00:00:00,4457.17,4462.78,4455.0,4461.57,214,43,0
2026.06.04 00:01:00,4461.66,4462.82,4460.61,4461.81,193,43,0
2026.06.04 00:02:00,4461.81,4464.83,4461.35,4461.84,203,43,0
2026.06.04 00:03:00,4461.74,4461.99,4458.08,4458.51,190,43,0
2026.06.04 00:04:00,4458.49,4460.34,4457.88,4460.06,199,43,0
2026.06.04 00:05:00,4460.05,4461.83,4459.19,4459.39,182,43,0
2026.06.04 00:06:00,4459.58,4459.58,4457.52,4458.0,181,43,0
2026.06.04 00:07:00,4457.98,4458.74,4455.56,4455.64,200,43,0
2026.06.04 00:08:00,4455.58,4456.9,4455.53,4456.04,175,43,0
2026.06.04 00:09:00,4455.96,4456.55,4455.74,4456.2,211,43,0
2026.06.04 00:10:00,4456.22,4456.69,4454.2,4455.23,189,43,0
2026.06.04 00:11:00,4455.26,4457.07,4454.29,4456.29,198,43,0
2026.06.04 00:12:00,4456.33,4457.41,4455.98,4456.57,205,43,0
2026.06.04 00:13:00,4456.46,4456.53,4453.42,4454.03,209,43,0
2026.06.04 00:14:00,4454.02,4454.41,4453.02,4453.33,225,43,0
2026.06.04 00:15:00,4453.37,4453.85,4450.0,4451.55,186,43,0
2026.06.04 00:16:00,4451.53,4453.3,4450.89,4453.3,184,43,0
2026.06.04 00:17:00,4453.43,4456.38,4452.82,4455.51,193,43,0
2026.06.04 00:18:00,4455.65,4456.48,4455.07,4456.24,158,43,0
2026.06.04 00:19:00,4456.36,4456.44,4455.16,4455.23,215,43,0
2026.06.04 00:20:00,4455.28,4455.89,4454.04,4454.45,172,43,0
2026.06.04 00:21:00,4454.46,4454.71,4451.56,4452.02,193,43,0
2026.06.04 00:22:00,4451.8,4451.94,4448.72,4449.9,184,43,0
2026.06.04 00:23:00,4449.92,4451.08,4449.41,4451.0,167,43,0
2026.06.04 00:24:00,4450.92,4451.6,4449.9,4449.98,161,43,0
2026.06.04 00:25:00,4449.67,4450.32,4448.77,4449.44,178,43,0
2026.06.04 00:26:00,4449.49,4450.67,4447.58,4448.87,175,43,0
2026.06.04 00:27:00,4448.88,4449.77,4448.53,4449.56,172,43,0
2026.06.04 00:28:00,4449.53,4451.42,4449.53,4451.29,129,43,0
2026.06.04 00:29:00,4451.34,4451.34,4450.17,4450.59,170,43,0
2026.06.04 00:30:00,4450.64,4451.18,4448.05,4448.41,163,43,0
2026.06.04 00:31:00,4448.43,4449.3,4448.43,4448.75,170,43,0
2026.06.04 00:32:00,4448.78,4449.67,4447.26,4449.48,191,43,0
2026.06.04 00:33:00,4449.46,4450.73,4449.15,4450.72,170,43,0
2026.06.04 00:34:00,4450.71,4452.79,4450.71,4451.07,169,43,0
2026.06.04 00:35:00,4450.94,4452.04,4447.87,4448.7,175,43,0
2026.06.04 00:36:00,4448.75,4449.32,4447.68,4448.3,181,43,0
2026.06.04 00:37:00,4448.32,4448.33,4446.39,4446.63,169,43,0
2026.06.04 00:38:00,4446.4,4447.14,4445.13,4446.27,164,43,0
2026.06.04 00:39:00,4446.25,4448.57,4446.15,4446.39,158,43,0
2026.06.04 00:40:00,4446.56,4447.21,4445.84,4445.92,134,43,0
2026.06.04 00:41:00,4445.96,4445.96,4444.09,4444.61,165,43,0
2026.06.04 00:42:00,4444.62,4446.18,4444.43,4445.94,188,43,0
2026.06.04 00:43:00,4445.95,4447.02,4444.97,4446.36,168,43,0
2026.06.04 00:44:00,4446.08,4448.26,4445.89,4448.24,164,43,0
2026.06.04 00:45:00,4448.34,4448.72,4445.03,4445.25,191,43,0
2026.06.04 00:46:00,4445.24,4447.98,4445.04,4447.25,161,43,0
2026.06.04 00:47:00,4447.26,4448.72,4446.95,4448.53,173,43,0
2026.06.04 00:48:00,4448.36,4449.03,4446.47,4448.8,168,43,0
2026.06.04 00:49:00,4448.79,4449.93,4447.68,4449.92,163,43,0
2026.06.04 00:50:00,4449.93,4452.76,4449.77,4451.32,194,43,0
2026.06.04 00:51:00,4451.25,4451.57,4449.62,4451.04,182,43,0
2026.06.04 00:52:00,4451.04,4452.33,4450.63,4451.85,175,43,0
2026.06.04 00:53:00,4452.05,4452.81,4451.53,4452.19,156,43,0
2026.06.04 00:54:00,4452.05,4452.16,4450.43,4451.25,161,43,0
2026.06.04 00:55:00,4451.22,4451.22,4447.48,4448.05,184,43,0
2026.06.04 00:56:00,4448.05,4448.76,4447.37,4448.15,174,43,0
2026.06.04 00:57:00,4448.23,4449.05,4447.73,4448.1,183,43,0
2026.06.04 00:58:00,4448.03,4448.52,4446.61,4447.86,174,43,0
2026.06.04 00:59:00,4448.03,4448.64,4448.0,4448.31,169,43,0
2026.06.04 01:00:00,4448.35,4448.75,4443.42,4447.53,218,43,0
2026.06.04 01:01:00,4447.3,4452.06,4447.3,4449.89,205,43,0
2026.06.04 01:02:00,4449.76,4454.73,4449.24,4454.52,188,43,0
2026.06.04 01:03:00,4454.5,4456.65,4454.08,4455.34,199,43,0
2026.06.04 01:04:00,4455.32,4455.62,4452.49,4453.68,202,43,0
2026.06.04 01:05:00,4453.69,4457.42,4453.25,4456.27,190,43,0
2026.06.04 01:06:00,4455.68,4456.27,4452.76,4454.31,189,43,0
2026.06.04 01:07:00,4454.15,4455.57,4453.26,4454.69,189,43,0
2026.06.04 01:08:00,4454.64,4456.76,4454.02,4456.76,185,43,0
2026.06.04 01:09:00,4456.7,4459.43,4455.83,4459.43,213,43,0
2026.06.04 01:10:00,4459.49,4461.56,4459.18,4460.97,183,43,0
2026.06.04 01:11:00,4460.99,4464.64,4460.99,4464.0,196,43,0
2026.06.04 01:12:00,4464.05,4467.18,4464.05,4466.36,212,43,0
2026.06.04 01:13:00,4466.18,4466.26,4464.36,4465.17,239,43,0
2026.06.04 01:14:00,4465.13,4466.25,4463.88,4464.18,203,43,0
2026.06.04 01:15:00,4463.9,4464.28,4459.7,4460.55,202,43,0
2026.06.04 01:16:00,4460.58,4461.51,4460.14,4461.07,162,43,0
2026.06.04 01:17:00,4461.09,4461.59,4459.51,4460.8,198,43,0
2026.06.04 01:18:00,4460.8,4464.6,4460.68,4463.67,205,43,0
2026.06.04 01:19:00,4463.72,4464.69,4461.24,4464.51,153,43,0
2026.06.04 01:20:00,4464.52,4469.53,4464.52,4467.59,186,43,0
2026.06.04 01:21:00,4467.63,4469.11,4466.46,4468.49,184,43,0
2026.06.04 01:22:00,4468.63,4472.51,4468.27,4472.4,185,43,0
2026.06.04 01:23:00,4472.53,4473.37,4471.0,4471.0,174,43,0
2026.06.04 01:24:00,4471.01,4472.04,4469.66,4469.76,175,43,0
2026.06.04 01:25:00,4469.63,4471.87,4467.91,4468.28,181,43,0
2026.06.04 01:26:00,4467.94,4468.52,4466.85,4467.57,163,43,0
2026.06.04 01:27:00,4467.6,4468.2,4466.36,4467.35,174,43,0
2026.06.04 01:28:00,4467.3,4468.51,4465.89,4465.9,184,43,0
2026.06.04 01:29:00,4466.55,4467.27,4465.8,4465.95,159,43,0
2026.06.04 01:30:00,4465.93,4468.87,4465.93,4468.23,183,43,0
2026.06.04 01:31:00,4468.24,4469.99,4466.75,4467.88,185,43,0
2026.06.04 01:32:00,4467.78,4467.95,4465.23,4465.49,177,43,0
2026.06.04 01:33:00,4465.32,4467.0,4465.07,4467.0,192,43,0
2026.06.04 01:34:00,4467.02,4467.7,4465.68,4465.85,196,43,0
2026.06.04 01:35:00,4465.88,4468.7,4464.83,4468.7,176,43,0
2026.06.04 01:36:00,4468.7,4470.09,4465.91,4466.23,180,43,0
2026.06.04 01:37:00,4466.19,4467.64,4466.19,4467.1,166,43,0
2026.06.04 01:38:00,4467.03,4468.7,4466.47,4467.66,177,43,0
2026.06.04 01:39:00,4467.9,4468.79,4467.43,4468.28,169,43,0
2026.06.04 01:40:00,4468.15,4468.71,4465.99,4466.02,158,43,0
2026.06.04 01:41:00,4466.0,4466.55,4461.71,4461.71,176,43,0
2026.06.04 01:42:00,4461.69,4463.22,4459.09,4463.2,231,43,0
2026.06.04 01:43:00,4463.26,4463.49,4459.37,4459.44,221,43,0
2026.06.04 01:44:00,4459.78,4460.94,4458.64,4459.09,225,43,0
2026.06.04 01:45:00,4459.15,4461.99,4458.56,4461.65,209,43,0
2026.06.04 01:46:00,4461.7,4464.25,4461.67,4463.52,204,43,0
2026.06.04 01:47:00,4463.44,4465.18,4463.21,4464.95,192,43,0
2026.06.04 01:48:00,4464.96,4465.72,4463.31,4465.16,182,43,0
2026.06.04 01:49:00,4465.07,4466.76,4465.07,4465.9,201,43,0
2026.06.04 01:50:00,4465.92,4466.1,4462.38,4463.96,183,43,0
2026.06.04 01:51:00,4463.96,4463.96,4461.45,4461.79,168,43,0
2026.06.04 01:52:00,4461.78,4462.05,4456.78,4457.28,206,43,0
2026.06.04 01:53:00,4457.28,4460.5,4457.18,4460.49,197,43,0
2026.06.04 01:54:00,4460.52,4462.08,4460.18,4461.1,184,43,0
2026.06.04 01:55:00,4461.06,4464.46,4461.02,4464.25,167,43,0
2026.06.04 01:56:00,4464.23,4467.04,4463.82,4466.71,208,43,0
2026.06.04 01:57:00,4466.72,4467.11,4464.05,4465.25,186,43,0
2026.06.04 01:58:00,4465.13,4466.0,4464.8,4464.89,186,43,0
2026.06.04 01:59:00,4464.95,4466.05,4464.73,4465.68,181,43,0
2026.06.04 02:00:00,4465.68,4466.48,4463.79,4464.19,186,43,0
2026.06.04 02:01:00,4464.17,4464.93,4462.9,4464.51,177,43,0
2026.06.04 02:02:00,4464.44,4466.84,4463.98,4465.15,156,43,0
2026.06.04 02:03:00,4465.19,4466.29,4464.88,4466.18,159,43,0
2026.06.04 02:04:00,4466.36,4467.2,4461.97,4462.28,176,43,0
2026.06.04 02:05:00,4462.3,4462.78,4460.19,4461.22,158,43,0
2026.06.04 02:06:00,4461.0,4461.18,4458.42,4458.43,166,43,0
2026.06.04 02:07:00,4458.5,4461.18,4458.5,4460.94,163,43,0
2026.06.04 02:08:00,4461.0,4461.45,4459.76,4460.37,160,43,0
2026.06.04 02:09:00,4460.5,4460.5,4458.41,4458.6,143,43,0
2026.06.04 02:10:00,4458.07,4458.35,4455.6,4457.18,173,43,0
2026.06.04 02:11:00,4457.17,4457.63,4455.46,4457.19,165,43,0
2026.06.04 02:12:00,4457.19,4460.07,4457.13,4459.52,171,43,0
2026.06.04 02:13:00,4459.58,4462.42,4459.29,4461.19,156,43,0
2026.06.04 02:14:00,4461.1,4464.74,4461.06,4462.82,201,43,0
2026.06.04 02:15:00,4462.77,4463.37,4458.61,4460.34,184,43,0
2026.06.04 02:16:00,4460.34,4460.52,4458.98,4459.83,144,43,0
2026.06.04 02:17:00,4459.81,4462.45,4459.7,4460.96,158,43,0
2026.06.04 02:18:00,4460.95,4461.63,4460.61,4461.35,141,43,0
2026.06.04 02:19:00,4461.41,4462.53,4461.1,4461.81,154,43,0
2026.06.04 02:20:00,4461.79,4463.07,4460.9,4462.55,157,43,0
2026.06.04 02:21:00,4462.56,4462.94,4462.0,4462.77,156,43,0
2026.06.04 02:22:00,4462.79,4462.79,4460.93,4460.97,136,43,0
2026.06.04 02:23:00,4460.95,4461.64,4459.56,4460.33,171,43,0
2026.06.04 02:24:00,4460.34,4461.24,4459.8,4460.31,135,43,0
2026.06.04 02:25:00,4460.3,4460.5,4458.84,4459.18,141,43,0
2026.06.04 02:26:00,4459.15,4461.88,4458.64,4461.83,159,43,0
2026.06.04 02:27:00,4461.82,4461.89,4461.04,4461.34,148,43,0
2026.06.04 02:28:00,4461.4,4462.66,4460.68,4461.57,176,43,0
2026.06.04 02:29:00,4461.55,4461.78,4460.61,4460.61,134,43,0
2026.06.04 02:30:00,4460.6,4462.54,4460.6,4462.13,199,43,0
2026.06.04 02:31:00,4462.14,4462.14,4459.12,4459.27,191,43,0
2026.06.04 02:32:00,4459.3,4460.73,4458.6,4460.13,187,43,0
2026.06.04 02:33:00,4460.06,4460.8,4457.94,4460.06,201,43,0
2026.06.04 02:34:00,4460.01,4460.91,4459.36,4460.87,187,43,0
2026.06.04 02:35:00,4460.87,4461.01,4458.44,4458.62,166,43,0
2026.06.04 02:36:00,4458.61,4460.2,4458.61,4458.93,157,43,0
2026.06.04 02:37:00,4458.9,4460.11,4458.82,4459.47,163,43,0
2026.06.04 02:38:00,4459.67,4460.02,4458.75,4459.05,188,43,0
2026.06.04 02:39:00,4459.06,4459.24,4458.03,4458.07,154,43,0
2026.06.04 02:40:00,4457.88,4461.66,4457.88,4461.05,152,43,0
2026.06.04 02:41:00,4461.17,4463.28,4460.93,4463.04,170,43,0
2026.06.04 02:42:00,4463.01,4464.68,4462.37,4463.54,206,43,0
2026.06.04 02:43:00,4463.41,4464.2,4462.52,4463.48,152,43,0
2026.06.04 02:44:00,4463.62,4463.66,4461.38,4462.31,195,43,0
2026.06.04 02:45:00,4462.32,4466.51,4462.32,4466.36,220,43,0
2026.06.04 02:46:00,4466.34,4466.75,4465.13,4466.23,174,43,0
2026.06.04 02:47:00,4466.2,4466.94,4465.96,4466.73,161,43,0
2026.06.04 02:48:00,4466.74,4469.2,4466.74,4469.12,207,43,0
2026.06.04 02:49:00,4468.97,4470.94,4468.71,4470.31,198,43,0
2026.06.04 02:50:00,4470.28,4470.93,4468.94,4470.25,241,43,0
2026.06.04 02:51:00,4470.27,4473.99,4470.04,4473.98,217,43,0
2026.06.04 02:52:00,4473.98,4475.05,4471.42,4473.14,185,43,0
2026.06.04 02:53:00,4473.22,4473.93,4472.61,4473.36,148,43,0
2026.06.04 02:54:00,4473.73,4474.39,4470.98,4474.14,203,43,0
2026.06.04 02:55:00,4474.23,4474.46,4471.01,4471.96,184,43,0
2026.06.04 02:56:00,4471.97,4476.34,4471.96,4475.69,250,43,0
2026.06.04 02:57:00,4475.68,4475.7,4472.1,4472.14,213,43,0
2026.06.04 02:58:00,4472.12,4473.79,4471.71,4473.79,226,43,0
2026.06.04 02:59:00,4473.76,4475.51,4473.76,4474.92,226,43,0
2026.06.04 03:00:00,4474.79,4476.11,4472.06,4472.21,177,43,0
2026.06.04 03:01:00,4472.19,4474.22,4471.74,4473.7,207,43,0
2026.06.04 03:02:00,4473.69,4474.1,4472.07,4472.97,173,43,0
2026.06.04 03:03:00,4472.95,4473.24,4471.5,4471.54,166,43,0
2026.06.04 03:04:00,4471.55,4472.98,4471.55,4472.81,149,43,0
2026.06.04 03:05:00,4472.9,4474.56,4472.84,4474.38,142,43,0
2026.06.04 03:06:00,4474.41,4476.71,4473.66,4476.57,171,43,0
2026.06.04 03:07:00,4476.57,4477.17,4475.65,4476.31,198,43,0
2026.06.04 03:08:00,4476.29,4476.8,4474.95,4475.28,188,43,0
2026.06.04 03:09:00,4475.26,4475.26,4473.54,4474.14,183,43,0
2026.06.04 03:10:00,4474.19,4475.19,4474.19,4474.96,158,43,0
2026.06.04 03:11:00,4474.93,4475.12,4472.79,4472.79,178,43,0
2026.06.04 03:12:00,4472.76,4473.04,4470.29,4470.49,253,43,0
2026.06.04 03:13:00,4470.5,4472.16,4470.22,4471.67,245,43,0
2026.06.04 03:14:00,4471.83,4472.02,4471.08,4471.76,171,43,0
2026.06.04 03:15:00,4471.75,4472.26,4470.26,4470.78,152,43,0
2026.06.04 03:16:00,4470.78,4471.56,4470.57,4471.51,160,43,0
2026.06.04 03:17:00,4471.53,4471.75,4470.69,4470.79,140,43,0
2026.06.04 03:18:00,4470.82,4471.49,4469.68,4470.27,168,43,0
2026.06.04 03:19:00,4470.29,4470.49,4469.4,4469.73,159,43,0
2026.06.04 03:20:00,4469.66,4469.69,4468.86,4469.18,186,43,0
2026.06.04 03:21:00,4469.2,4469.46,4468.31,4468.63,167,43,0
2026.06.04 03:22:00,4468.66,4469.64,4467.82,4468.57,194,43,0
2026.06.04 03:23:00,4468.54,4469.7,4467.87,4469.21,199,43,0
2026.06.04 03:24:00,4469.17,4469.61,4467.41,4467.74,184,43,0
2026.06.04 03:25:00,4467.73,4468.18,4467.14,4467.57,147,43,0
2026.06.04 03:26:00,4467.55,4467.55,4465.88,4466.23,155,43,0
2026.06.04 03:27:00,4466.25,4467.89,4466.18,4467.82,157,43,0
2026.06.04 03:28:00,4467.87,4469.59,4467.85,4469.29,197,43,0
2026.06.04 03:29:00,4469.32,4469.53,4468.91,4469.31,199,43,0
2026.06.04 03:30:00,4469.22,4470.67,4468.52,4469.04,170,43,0
2026.06.04 03:31:00,4469.05,4470.76,4468.9,4470.25,172,43,0
2026.06.04 03:32:00,4470.27,4470.34,4469.38,4469.44,165,43,0
2026.06.04 03:33:00,4469.4,4469.55,4467.52,4468.11,142,43,0
2026.06.04 03:34:00,4468.16,4468.31,4466.99,4467.64,169,43,0
2026.06.04 03:35:00,4467.66,4467.66,4465.49,4466.14,180,43,0
2026.06.04 03:36:00,4466.17,4466.24,4465.32,4465.88,128,43,0
2026.06.04 03:37:00,4465.85,4465.92,4464.47,4464.76,161,43,0
2026.06.04 03:38:00,4464.81,4465.09,4464.26,4464.66,143,43,0
2026.06.04 03:39:00,4464.68,4465.23,4463.55,4465.01,180,43,0
2026.06.04 03:40:00,4465.0,4465.39,4462.55,4463.51,151,43,0
2026.06.04 03:41:00,4463.52,4463.61,4462.59,4462.61,140,43,0
2026.06.04 03:42:00,4462.64,4462.89,4461.71,4461.74,152,43,0
2026.06.04 03:43:00,4461.74,4462.38,4461.0,4461.16,124,43,0
2026.06.04 03:44:00,4461.17,4461.83,4460.86,4460.86,158,43,0
2026.06.04 03:45:00,4460.57,4461.04,4459.58,4460.31,164,43,0
2026.06.04 03:46:00,4460.29,4460.76,4459.54,4459.67,164,43,0
2026.06.04 03:47:00,4459.71,4460.66,4458.23,4459.08,190,43,0
2026.06.04 03:48:00,4459.07,4460.17,4458.91,4459.07,171,43,0
2026.06.04 03:49:00,4459.03,4460.06,4459.01,4459.66,156,43,0
2026.06.04 03:50:00,4459.64,4460.91,4458.92,4460.86,171,43,0
2026.06.04 03:51:00,4460.87,4461.13,4460.23,4460.46,157,43,0
2026.06.04 03:52:00,4460.43,4463.34,4460.36,4462.52,200,43,0
2026.06.04 03:53:00,4462.48,4462.54,4462.13,4462.37,142,43,0
2026.06.04 03:54:00,4462.2,4463.61,4462.2,4463.27,141,43,0
2026.06.04 03:55:00,4463.27,4464.78,4463.17,4464.19,152,43,0
2026.06.04 03:56:00,4464.08,4464.23,4462.72,4462.72,134,43,0
2026.06.04 03:57:00,4462.69,4463.45,4462.11,4463.28,148,43,0
2026.06.04 03:58:00,4463.24,4463.69,4462.6,4463.63,133,43,0
2026.06.04 03:59:00,4463.63,4463.95,4463.44,4463.71,110,43,0
2026.06.04 04:00:00,4463.73,4465.93,4463.46,4464.98,200,43,0
2026.06.04 04:01:00,4465.0,4465.32,4464.54,4464.91,148,43,0
2026.06.04 04:02:00,4464.93,4465.65,4464.43,4464.51,143,43,0
2026.06.04 04:03:00,4464.49,4464.53,4463.46,4463.65,166,43,0
2026.06.04 04:04:00,4463.64,4464.63,4462.98,4463.82,139,43,0
2026.06.04 04:05:00,4463.83,4464.38,4462.27,4463.78,109,43,0
2026.06.04 04:06:00,4463.94,4464.96,4463.94,4464.82,163,43,0
2026.06.04 04:07:00,4464.85,4465.73,4464.85,4465.07,148,43,0
2026.06.04 04:08:00,4465.09,4465.57,4464.81,4464.96,136,43,0
2026.06.04 04:09:00,4464.97,4465.0,4463.44,4463.97,128,43,0
2026.06.04 04:10:00,4463.98,4465.13,4463.38,4465.12,107,43,0
2026.06.04 04:11:00,4465.11,4466.7,4465.09,4465.96,127,43,0
2026.06.04 04:12:00,4465.9,4468.32,4465.73,4468.32,145,43,0
2026.06.04 04:13:00,4468.32,4470.32,4468.32,4469.55,156,43,0
2026.06.04 04:14:00,4469.57,4471.12,4469.2,4470.94,173,43,0
2026.06.04 04:15:00,4471.3,4471.64,4470.94,4471.25,143,43,0
2026.06.04 04:16:00,4471.27,4471.64,4470.46,4471.49,135,43,0
2026.06.04 04:17:00,4471.53,4471.9,4470.41,4470.76,130,43,0
2026.06.04 04:18:00,4470.75,4470.75,4469.89,4470.57,135,43,0
2026.06.04 04:19:00,4470.59,4472.4,4470.55,4471.59,155,43,0
2026.06.04 04:20:00,4471.61,4472.34,4471.23,4472.33,131,43,0
2026.06.04 04:21:00,4472.32,4473.62,4472.23,4473.54,148,43,0
2026.06.04 04:22:00,4473.53,4474.31,4473.35,4474.21,98,43,0
2026.06.04 04:23:00,4474.2,4474.74,4473.57,4474.64,137,43,0
2026.06.04 04:24:00,4474.56,4476.17,4473.99,4474.2,197,43,0
2026.06.04 04:25:00,4474.26,4474.63,4473.93,4474.31,149,43,0
2026.06.04 04:26:00,4474.3,4474.82,4473.69,4474.04,140,43,0
2026.06.04 04:27:00,4474.05,4475.52,4474.05,4474.46,157,43,0
2026.06.04 04:28:00,4474.47,4474.76,4473.47,4473.93,144,43,0
2026.06.04 04:29:00,4473.94,4475.56,4473.62,4474.6,169,43,0
2026.06.04 04:30:00,4474.5,4475.79,4474.49,4475.62,170,43,0
2026.06.04 04:31:00,4475.7,4478.92,4475.69,4478.77,166,43,0
2026.06.04 04:32:00,4478.49,4479.09,4477.99,4478.73,163,43,0
2026.06.04 04:33:00,4478.72,4479.67,4478.27,4478.68,161,43,0
2026.06.04 04:34:00,4478.7,4483.77,4478.09,4480.0,185,43,0
2026.06.04 04:35:00,4479.97,4481.61,4478.99,4479.23,170,43,0
2026.06.04 04:36:00,4479.24,4479.89,4478.5,4479.24,168,43,0
2026.06.04 04:37:00,4479.45,4481.0,4479.45,4480.75,155,43,0
2026.06.04 04:38:00,4480.79,4481.42,4480.19,4480.39,176,43,0
2026.06.04 04:39:00,4480.38,4481.45,4480.12,4481.01,139,43,0
2026.06.04 04:40:00,4480.97,4482.13,4479.41,4482.13,154,43,0
2026.06.04 04:41:00,4482.16,4482.43,4481.22,4482.15,175,43,0
2026.06.04 04:42:00,4482.16,4483.29,4482.06,4482.11,171,43,0
2026.06.04 04:43:00,4482.1,4483.89,4481.86,4483.77,144,43,0
2026.06.04 04:44:00,4483.76,4483.76,4482.61,4482.76,164,43,0
2026.06.04 04:45:00,4482.75,4483.48,4480.12,4480.49,165,43,0
2026.06.04 04:46:00,4480.49,4481.05,4479.67,4480.23,137,43,0
2026.06.04 04:47:00,4480.21,4480.91,4479.81,4480.58,136,43,0
2026.06.04 04:48:00,4480.58,4481.27,4480.57,4480.97,136,43,0
2026.06.04 04:49:00,4480.95,4480.95,4479.3,4479.45,96,43,0
2026.06.04 04:50:00,4479.43,4479.43,4478.79,4479.01,149,43,0
2026.06.04 04:51:00,4479.02,4480.02,4478.94,4479.55,124,43,0
2026.06.04 04:52:00,4479.55,4480.05,4479.29,4479.42,107,43,0
2026.06.04 04:53:00,4479.62,4480.06,4479.15,4479.89,99,43,0
2026.06.04 04:54:00,4479.92,4480.84,4479.6,4479.7,123,43,0
2026.06.04 04:55:00,4479.68,4480.33,4478.59,4479.63,121,43,0
2026.06.04 04:56:00,4479.62,4480.46,4479.33,4479.76,98,43,0
2026.06.04 04:57:00,4479.78,4480.15,4479.51,4480.14,104,43,0
2026.06.04 04:58:00,4479.94,4480.65,4479.86,4479.92,147,43,0
2026.06.04 04:59:00,4479.98,4481.14,4479.83,4480.93,112,43,0
2026.06.04 05:00:00,4480.99,4481.55,4480.08,4481.12,136,43,0
2026.06.04 05:01:00,4481.15,4482.29,4479.88,4480.32,158,43,0
2026.06.04 05:02:00,4480.32,4480.92,4478.84,4479.23,154,43,0
2026.06.04 05:03:00,4479.19,4479.87,4477.12,4477.25,134,43,0
2026.06.04 05:04:00,4477.26,4477.6,4477.03,4477.32,99,43,0
2026.06.04 05:05:00,4477.33,4478.29,4477.21,4477.31,138,43,0
2026.06.04 05:06:00,4477.33,4478.2,4477.23,4477.82,109,43,0
2026.06.04 05:07:00,4477.86,4478.14,4475.9,4476.0,132,43,0
2026.06.04 05:08:00,4475.96,4475.97,4474.61,4474.66,100,43,0
2026.06.04 05:09:00,4474.66,4475.32,4473.55,4473.67,144,43,0
2026.06.04 05:10:00,4473.59,4474.2,4473.09,4473.28,120,43,0
2026.06.04 05:11:00,4473.26,4473.67,4471.5,4472.8,168,43,0
2026.06.04 05:12:00,4472.82,4473.85,4472.41,4473.5,143,43,0
2026.06.04 05:13:00,4473.65,4479.08,4473.65,4477.72,187,43,0
2026.06.04 05:14:00,4477.9,4477.9,4476.52,4477.03,153,43,0
2026.06.04 05:15:00,4477.19,4477.47,4476.35,4476.35,128,43,0
2026.06.04 05:16:00,4476.31,4476.8,4475.53,4476.56,140,43,0
2026.06.04 05:17:00,4476.58,4476.97,4476.49,4476.91,124,43,0
2026.06.04 05:18:00,4476.92,4477.17,4476.33,4476.63,143,43,0
2026.06.04 05:19:00,4476.61,4477.11,4476.22,4476.3,137,43,0
2026.06.04 05:20:00,4476.31,4476.46,4474.24,4474.46,160,43,0
2026.06.04 05:21:00,4474.48,4474.65,4473.64,4473.92,131,43,0
2026.06.04 05:22:00,4473.71,4474.11,4472.9,4473.55,124,43,0
2026.06.04 05:23:00,4473.55,4474.78,4473.02,4473.3,116,43,0
2026.06.04 05:24:00,4473.28,4473.79,4472.1,4472.58,147,43,0
2026.06.04 05:25:00,4472.46,4472.86,4471.37,4472.28,146,43,0
2026.06.04 05:26:00,4472.23,4472.66,4471.24,4471.47,158,43,0
2026.06.04 05:27:00,4471.46,4472.42,4470.89,4471.91,130,43,0
2026.06.04 05:28:00,4471.89,4473.65,4471.82,4473.44,137,43,0
2026.06.04 05:29:00,4473.45,4474.1,4473.21,4473.21,102,43,0
2026.06.04 05:30:00,4473.18,4474.07,4471.27,4472.21,219,43,0
2026.06.04 05:31:00,4472.23,4474.26,4471.04,4474.26,188,43,0
2026.06.04 05:32:00,4474.24,4475.34,4473.68,4473.75,165,43,0
2026.06.04 05:33:00,4473.74,4475.54,4473.71,4475.15,168,43,0
2026.06.04 05:34:00,4475.18,4475.7,4473.27,4473.27,182,43,0
2026.06.04 05:35:00,4473.13,4473.37,4472.03,4472.26,171,43,0
2026.06.04 05:36:00,4472.33,4472.82,4471.37,4472.28,182,43,0
2026.06.04 05:37:00,4472.43,4474.31,4472.17,4472.64,162,43,0
2026.06.04 05:38:00,4472.82,4474.62,4472.82,4473.58,188,43,0
2026.06.04 05:39:00,4473.68,4473.96,4471.03,4471.16,166,43,0
2026.06.04 05:40:00,4471.18,4472.93,4470.69,4472.93,196,43,0
2026.06.04 05:41:00,4472.81,4474.06,4472.37,4473.83,169,43,0
2026.06.04 05:42:00,4473.9,4474.21,4471.94,4472.39,177,43,0
2026.06.04 05:43:00,4472.39,4473.3,4472.31,4472.86,178,43,0
2026.06.04 05:44:00,4472.83,4474.61,4471.66,4474.5,172,43,0
2026.06.04 05:45:00,4474.47,4474.72,4473.32,4473.86,237,43,0
2026.06.04 05:46:00,4473.83,4474.0,4469.59,4470.86,211,43,0
2026.06.04 05:47:00,4470.86,4471.3,4469.71,4469.77,199,43,0
2026.06.04 05:48:00,4469.75,4469.9,4467.46,4468.33,194,43,0
2026.06.04 05:49:00,4468.32,4468.98,4467.17,4467.41,173,43,0
2026.06.04 05:50:00,4467.53,4469.06,4467.28,4468.42,187,43,0
2026.06.04 05:51:00,4468.55,4469.24,4467.81,4468.81,173,43,0
2026.06.04 05:52:00,4468.82,4470.68,4468.82,4470.51,172,43,0
2026.06.04 05:53:00,4470.56,4471.05,4468.97,4469.26,186,43,0
2026.06.04 05:54:00,4469.23,4469.82,4468.71,4468.99,187,43,0
2026.06.04 05:55:00,4468.93,4468.93,4467.69,4468.02,237,43,0
2026.06.04 05:56:00,4467.98,4468.37,4466.76,4467.93,156,43,0
2026.06.04 05:57:00,4467.94,4469.61,4467.38,4469.16,212,43,0
2026.06.04 05:58:00,4469.18,4469.19,4468.06,4468.51,178,43,0
2026.06.04 05:59:00,4468.46,4470.3,4468.31,4469.09,193,43,0
2026.06.04 06:00:00,4469.08,4469.81,4467.96,4469.61,182,43,0
2026.06.04 06:01:00,4469.6,4472.97,4469.6,4472.46,194,43,0
2026.06.04 06:02:00,4472.51,4473.93,4472.18,4473.68,172,43,0
2026.06.04 06:03:00,4473.7,4474.41,4473.06,4473.24,154,43,0
2026.06.04 06:04:00,4473.24,4474.23,4472.76,4473.61,181,43,0
2026.06.04 06:05:00,4473.6,4474.26,4473.19,4473.98,164,43,0
2026.06.04 06:06:00,4473.87,4474.55,4471.93,4474.42,190,43,0
2026.06.04 06:07:00,4474.29,4475.13,4473.72,4474.07,164,43,0
2026.06.04 06:08:00,4474.43,4476.2,4474.33,4476.2,194,43,0
2026.06.04 06:09:00,4476.45,4477.06,4475.18,4475.87,165,43,0
2026.06.04 06:10:00,4476.1,4476.63,4475.15,4476.63,151,43,0
2026.06.04 06:11:00,4476.62,4477.01,4474.94,4475.08,143,43,0
2026.06.04 06:12:00,4475.1,4476.31,4475.09,4476.11,166,43,0
2026.06.04 06:13:00,4476.12,4476.48,4473.13,4473.76,173,43,0
2026.06.04 06:14:00,4473.71,4474.19,4473.19,4473.57,146,43,0
2026.06.04 06:15:00,4473.58,4474.13,4472.5,4473.08,172,43,0
2026.06.04 06:16:00,4473.11,4473.11,4470.17,4470.35,168,43,0
2026.06.04 06:17:00,4470.34,4470.75,4469.13,4469.35,165,43,0
2026.06.04 06:18:00,4469.36,4469.52,4466.59,4469.14,161,43,0
2026.06.04 06:19:00,4469.18,4470.8,4469.08,4469.37,180,43,0
2026.06.04 06:20:00,4469.56,4470.33,4468.72,4469.89,172,43,0
2026.06.04 06:21:00,4469.81,4469.81,4466.86,4467.79,182,43,0
2026.06.04 06:22:00,4467.9,4469.31,4467.59,4468.4,201,43,0
2026.06.04 06:23:00,4468.5,4468.93,4468.07,4468.2,173,43,0
2026.06.04 06:24:00,4468.23,4468.77,4467.4,4467.86,160,43,0
2026.06.04 06:25:00,4467.89,4469.84,4467.7,4469.33,184,43,0
2026.06.04 06:26:00,4469.36,4469.93,4468.46,4469.82,182,43,0
2026.06.04 06:27:00,4469.8,4470.47,4469.52,4470.02,174,43,0
2026.06.04 06:28:00,4470.04,4471.59,4469.84,4471.24,203,43,0
2026.06.04 06:29:00,4471.26,4472.04,4470.46,4472.04,185,43,0
2026.06.04 06:30:00,4471.83,4472.7,4471.36,4472.18,155,43,0
2026.06.04 06:31:00,4472.13,4472.92,4470.92,4471.48,178,43,0
2026.06.04 06:32:00,4471.45,4471.62,4469.66,4470.02,203,43,0
2026.06.04 06:33:00,4470.12,4475.53,4470.12,4474.71,169,43,0
2026.06.04 06:34:00,4474.64,4474.85,4472.15,4474.76,174,43,0
2026.06.04 06:35:00,4474.75,4476.51,4474.57,4476.5,184,43,0
2026.06.04 06:36:00,4476.3,4476.8,4473.25,4473.59,161,43,0
2026.06.04 06:37:00,4473.51,4473.79,4470.95,4471.35,172,43,0
2026.06.04 06:38:00,4471.26,4472.37,4470.49,4470.6,162,43,0
2026.06.04 06:39:00,4470.57,4473.45,4470.54,4472.92,181,43,0
2026.06.04 06:40:00,4473.04,4473.1,4471.35,4472.57,168,43,0
2026.06.04 06:41:00,4472.68,4472.92,4469.8,4471.19,194,43,0
2026.06.04 06:42:00,4471.26,4472.03,4469.88,4469.9,158,43,0
2026.06.04 06:43:00,4469.86,4471.27,4469.52,4470.0,177,43,0
2026.06.04 06:44:00,4469.92,4470.53,4468.95,4469.18,165,43,0
2026.06.04 06:45:00,4469.06,4469.82,4467.96,4468.73,192,43,0
2026.06.04 06:46:00,4468.56,4468.83,4465.76,4466.36,178,43,0
2026.06.04 06:47:00,4466.34,4466.47,4462.9,4463.3,174,43,0
2026.06.04 06:48:00,4463.1,4467.5,4463.1,4467.34,197,43,0
2026.06.04 06:49:00,4467.35,4468.06,4466.52,4466.89,170,43,0
2026.06.04 06:50:00,4466.9,4469.92,4466.54,4467.27,167,43,0
2026.06.04 06:51:00,4467.28,4467.46,4466.59,4466.78,139,43,0
2026.06.04 06:52:00,4466.92,4467.78,4466.79,4467.43,143,43,0
2026.06.04 06:53:00,4468.03,4468.23,4466.53,4467.13,170,43,0
2026.06.04 06:54:00,4467.17,4468.57,4467.08,4467.57,159,43,0
2026.06.04 06:55:00,4467.44,4467.83,4467.2,4467.39,147,43,0
2026.06.04 06:56:00,4467.4,4469.06,4467.38,4468.84,170,43,0
2026.06.04 06:57:00,4468.83,4469.25,4467.64,4467.72,170,43,0
2026.06.04 06:58:00,4467.66,4467.66,4466.58,4467.3,159,43,0
2026.06.04 06:59:00,4467.31,4468.06,4467.11,4467.52,158,43,0
2026.06.04 07:00:00,4467.92,4468.46,4465.81,4466.71,183,35,0
2026.06.04 07:01:00,4466.67,4466.73,4465.35,4465.58,158,35,0
2026.06.04 07:02:00,4465.52,4467.47,4464.86,4467.44,164,35,0
2026.06.04 07:03:00,4467.4,4467.9,4466.33,4467.04,146,35,0
2026.06.04 07:04:00,4466.99,4470.69,4466.99,4470.13,171,35,0
2026.06.04 07:05:00,4470.2,4470.66,4468.23,4468.51,170,35,0
2026.06.04 07:06:00,4468.48,4468.48,4466.62,4467.49,149,35,0
2026.06.04 07:07:00,4467.28,4469.43,4466.9,4466.94,150,35,0
2026.06.04 07:08:00,4467.01,4467.58,4466.09,4466.18,158,35,0
2026.06.04 07:09:00,4466.21,4466.49,4464.25,4465.57,163,35,0
2026.06.04 07:10:00,4465.64,4465.64,4463.99,4464.84,146,35,0
2026.06.04 07:11:00,4464.79,4465.65,4464.21,4464.92,151,35,0
2026.06.04 07:12:00,4464.9,4465.54,4463.18,4463.76,149,35,0
2026.06.04 07:13:00,4463.77,4464.43,4462.27,4462.89,154,35,0
2026.06.04 07:14:00,4462.96,4464.72,4462.68,4464.02,165,35,0
2026.06.04 07:15:00,4463.98,4465.76,4463.58,4464.54,157,35,0
2026.06.04 07:16:00,4464.79,4466.67,4464.41,4464.52,160,35,0
2026.06.04 07:17:00,4464.55,4465.7,4462.79,4465.26,146,35,0
2026.06.04 07:18:00,4465.16,4468.26,4465.15,4468.23,145,35,0
2026.06.04 07:19:00,4468.26,4470.37,4468.23,4469.13,152,35,0
2026.06.04 07:20:00,4469.15,4469.15,4465.47,4466.56,152,35,0
2026.06.04 07:21:00,4466.55,4466.91,4465.54,4465.54,131,35,0
2026.06.04 07:22:00,4465.55,4466.63,4465.41,4466.48,145,35,0
2026.06.04 07:23:00,4466.47,4467.77,4466.47,4466.74,130,35,0
2026.06.04 07:24:00,4466.71,4467.13,4465.97,4465.97,140,35,0
2026.06.04 07:25:00,4465.94,4466.22,4464.19,4464.32,140,35,0
2026.06.04 07:26:00,4464.24,4464.27,4461.86,4462.69,155,35,0
2026.06.04 07:27:00,4462.72,4463.4,4461.89,4462.66,157,35,0
2026.06.04 07:28:00,4462.67,4465.5,4462.03,4465.4,167,35,0
2026.06.04 07:29:00,4465.28,4465.5,4464.89,4465.14,139,35,0
2026.06.04 07:30:00,4465.03,4466.81,4464.34,4466.71,146,35,0
2026.06.04 07:31:00,4466.69,4466.82,4465.28,4466.38,159,35,0
2026.06.04 07:32:00,4466.36,4466.61,4464.82,4464.99,127,35,0
2026.06.04 07:33:00,4465.07,4465.51,4463.62,4463.65,148,35,0
2026.06.04 07:34:00,4463.64,4464.18,4463.44,4463.7,135,35,0
2026.06.04 07:35:00,4463.65,4464.23,4463.3,4464.05,135,35,0
2026.06.04 07:36:00,4464.04,4464.29,4462.7,4464.08,143,35,0
2026.06.04 07:37:00,4463.82,4465.06,4462.99,4464.98,133,35,0
2026.06.04 07:38:00,4465.06,4467.9,4464.84,4467.01,141,35,0
2026.06.04 07:39:00,4466.95,4467.0,4462.76,4463.53,152,35,0
2026.06.04 07:40:00,4463.55,4464.49,4463.45,4463.89,153,35,0
2026.06.04 07:41:00,4463.91,4464.19,4461.94,4462.33,151,35,0
2026.06.04 07:42:00,4462.35,4463.72,4462.2,4463.62,128,35,0
2026.06.04 07:43:00,4463.61,4463.94,4462.23,4462.23,157,35,0
2026.06.04 07:44:00,4462.15,4462.3,4460.1,4461.34,182,35,0
2026.06.04 07:45:00,4461.3,4461.97,4460.74,4461.72,159,35,0
2026.06.04 07:46:00,4461.69,4462.13,4460.76,4461.88,148,35,0
2026.06.04 07:47:00,4461.87,4462.27,4461.12,4461.99,155,35,0
2026.06.04 07:48:00,4461.88,4462.28,4460.46,4460.66,146,35,0
2026.06.04 07:49:00,4460.89,4461.46,4460.4,4461.21,135,35,0
2026.06.04 07:50:00,4461.22,4461.89,4460.51,4460.84,146,35,0
2026.06.04 07:51:00,4460.88,4461.74,4460.15,4461.39,162,35,0
2026.06.04 07:52:00,4461.4,4462.13,4461.27,4461.72,147,35,0
2026.06.04 07:53:00,4461.74,4462.22,4461.72,4461.97,152,35,0
2026.06.04 07:54:00,4461.89,4461.9,4460.84,4461.34,133,35,0
2026.06.04 07:55:00,4461.24,4461.65,4460.83,4461.49,134,35,0
2026.06.04 07:56:00,4461.65,4461.93,4461.42,4461.55,150,35,0
2026.06.04 07:57:00,4461.51,4462.2,4460.23,4460.31,132,35,0
2026.06.04 07:58:00,4460.32,4461.95,4459.4,4461.31,162,35,0
2026.06.04 07:59:00,4461.3,4461.99,4461.18,4461.6,150,35,0
2026.06.04 08:00:00,4461.99,4463.08,4460.02,4461.19,182,35,0
2026.06.04 08:01:00,4461.24,4463.22,4461.08,4463.11,164,35,0
2026.06.04 08:02:00,4463.08,4465.27,4463.05,4465.13,170,35,0
2026.06.04 08:03:00,4465.02,4465.94,4463.89,4465.83,152,35,0
2026.06.04 08:04:00,4465.82,4466.33,4465.03,4465.64,151,35,0
2026.06.04 08:05:00,4465.66,4466.56,4464.76,4465.57,166,35,0
2026.06.04 08:06:00,4465.29,4467.5,4464.77,4467.4,184,35,0
2026.06.04 08:07:00,4467.46,4467.98,4464.55,4464.97,161,35,0
2026.06.04 08:08:00,4465.01,4465.98,4464.47,4465.67,161,35,0
2026.06.04 08:09:00,4465.6,4466.24,4464.93,4465.64,158,35,0
2026.06.04 08:10:00,4465.47,4465.96,4464.9,4465.46,165,35,0
2026.06.04 08:11:00,4465.55,4465.86,4462.16,4462.31,161,35,0
2026.06.04 08:12:00,4462.02,4463.58,4461.81,4463.54,153,35,0
2026.06.04 08:13:00,4463.39,4463.86,4462.02,4462.02,155,35,0
2026.06.04 08:14:00,4461.9,4462.25,4459.66,4460.6,175,35,0
2026.06.04 08:15:00,4460.46,4464.07,4460.39,4461.42,166,35,0
2026.06.04 08:16:00,4461.33,4464.43,4461.29,4464.15,161,35,0
2026.06.04 08:17:00,4464.14,4464.56,4463.03,4464.29,169,35,0
2026.06.04 08:18:00,4464.28,4465.25,4463.69,4465.06,160,35,0
2026.06.04 08:19:00,4465.05,4465.63,4463.84,4464.04,168,35,0
2026.06.04 08:20:00,4463.99,4464.05,4460.02,4460.6,169,35,0
2026.06.04 08:21:00,4460.53,4460.86,4459.19,4459.5,179,35,0
2026.06.04 08:22:00,4459.47,4461.82,4459.21,4461.71,164,35,0
2026.06.04 08:23:00,4461.57,4461.69,4459.3,4459.77,158,35,0
2026.06.04 08:24:00,4459.73,4460.02,4458.72,4459.83,161,35,0
2026.06.04 08:25:00,4459.85,4459.87,4458.65,4458.94,166,35,0
2026.06.04 08:26:00,4458.93,4460.34,4458.62,4459.87,175,35,0
2026.06.04 08:27:00,4459.92,4460.75,4458.69,4460.14,165,35,0
2026.06.04 08:28:00,4460.12,4460.21,4459.12,4460.2,152,35,0
2026.06.04 08:29:00,4460.26,4463.38,4459.99,4463.23,172,35,0
2026.06.04 08:30:00,4463.37,4469.32,4463.15,4467.49,204,35,0
2026.06.04 08:31:00,4467.36,4467.37,4459.96,4461.13,192,35,0
2026.06.04 08:32:00,4461.07,4463.75,4460.75,4463.35,164,35,0
2026.06.04 08:33:00,4463.29,4465.71,4462.9,4465.5,159,35,0
2026.06.04 08:34:00,4465.51,4465.83,4464.19,4464.59,160,35,0
2026.06.04 08:35:00,4464.57,4464.89,4461.87,4461.88,167,35,0
2026.06.04 08:36:00,4461.89,4464.21,4461.8,4463.47,157,35,0
2026.06.04 08:37:00,4464.03,4464.12,4462.19,4463.13,147,35,0
2026.06.04 08:38:00,4463.16,4463.16,4460.17,4460.77,164,35,0
2026.06.04 08:39:00,4460.75,4460.83,4460.01,4460.6,166,35,0
2026.06.04 08:40:00,4460.61,4461.73,4460.53,4461.48,157,35,0
2026.06.04 08:41:00,4461.5,4462.14,4461.09,4461.67,174,35,0
2026.06.04 08:42:00,4461.64,4462.3,4461.1,4461.86,161,35,0
2026.06.04 08:43:00,4461.99,4463.57,4461.9,4462.28,156,35,0
2026.06.04 08:44:00,4462.27,4463.34,4462.05,4463.29,155,35,0
2026.06.04 08:45:00,4463.34,4464.13,4462.81,4463.12,164,35,0
2026.06.04 08:46:00,4463.15,4463.17,4462.06,4462.12,157,35,0
2026.06.04 08:47:00,4462.15,4462.67,4461.88,4462.25,164,35,0
2026.06.04 08:48:00,4462.23,4462.94,4461.64,4461.96,167,35,0
2026.06.04 08:49:00,4461.94,4461.94,4459.92,4460.04,164,35,0
2026.06.04 08:50:00,4460.01,4461.68,4460.0,4461.18,141,35,0
2026.06.04 08:51:00,4461.17,4462.88,4461.06,4462.24,152,35,0
2026.06.04 08:52:00,4462.2,4462.2,4461.16,4461.74,153,35,0
2026.06.04 08:53:00,4461.84,4463.52,4461.53,4463.52,147,35,0
2026.06.04 08:54:00,4463.5,4463.99,4462.24,4463.46,163,35,0
2026.06.04 08:55:00,4463.44,4464.52,4463.26,4464.5,145,35,0
2026.06.04 08:56:00,4464.42,4465.9,4464.17,4465.53,164,35,0
2026.06.04 08:57:00,4465.53,4465.69,4463.73,4464.12,161,35,0
2026.06.04 08:58:00,4464.13,4464.27,4463.58,4463.69,144,35,0
2026.06.04 08:59:00,4463.65,4463.86,4462.73,4463.28,142,35,0
2026.06.04 09:00:00,4463.27,4463.31,4461.07,4462.74,169,35,0
2026.06.04 09:01:00,4462.71,4463.48,4461.84,4463.29,155,35,0
2026.06.04 09:02:00,4463.36,4465.12,4463.36,4464.55,174,35,0
2026.06.04 09:03:00,4464.56,4467.55,4464.24,4467.52,174,35,0
2026.06.04 09:04:00,4467.51,4468.6,4467.11,4467.11,164,35,0
2026.06.04 09:05:00,4467.15,4467.29,4464.8,4465.69,159,35,0
2026.06.04 09:06:00,4465.68,4467.23,4465.68,4466.99,160,35,0
2026.06.04 09:07:00,4467.0,4467.89,4465.8,4466.96,158,35,0
2026.06.04 09:08:00,4466.94,4469.3,4466.91,4467.65,158,35,0
2026.06.04 09:09:00,4467.66,4469.25,4467.42,4468.4,165,35,0
2026.06.04 09:10:00,4468.38,4468.75,4466.61,4467.11,162,35,0
2026.06.04 09:11:00,4467.12,4467.12,4465.16,4465.17,151,35,0
2026.06.04 09:12:00,4465.16,4465.16,4462.35,4462.94,141,35,0
2026.06.04 09:13:00,4463.0,4463.52,4462.77,4463.0,145,35,0
2026.06.04 09:14:00,4463.06,4463.64,4462.15,4463.39,148,35,0
2026.06.04 09:15:00,4463.4,4464.94,4462.88,4464.54,173,35,0
2026.06.04 09:16:00,4464.5,4466.09,4464.06,4465.04,164,35,0
2026.06.04 09:17:00,4465.02,4465.87,4463.92,4464.78,159,35,0
2026.06.04 09:18:00,4464.8,4465.67,4464.22,4464.33,148,35,0
2026.06.04 09:19:00,4464.5,4466.08,4464.43,4466.02,141,35,0
2026.06.04 09:20:00,4466.05,4466.44,4465.21,4465.43,153,35,0
2026.06.04 09:21:00,4465.42,4465.74,4464.63,4465.16,147,35,0
2026.06.04 09:22:00,4465.15,4465.55,4463.43,4463.81,157,35,0
2026.06.04 09:23:00,4463.8,4467.55,4463.78,4466.5,169,35,0
2026.06.04 09:24:00,4466.49,4466.96,4466.0,4466.06,144,35,0
2026.06.04 09:25:00,4465.97,4466.67,4465.74,4466.02,144,35,0
2026.06.04 09:26:00,4466.05,4466.15,4464.47,4465.5,153,35,0
2026.06.04 09:27:00,4465.38,4466.65,4464.56,4465.29,158,35,0
2026.06.04 09:28:00,4465.21,4466.35,4465.02,4466.09,150,35,0
2026.06.04 09:29:00,4466.1,4466.1,4464.35,4464.69,143,35,0
2026.06.04 09:30:00,4464.64,4465.87,4462.54,4463.82,160,35,0
2026.06.04 09:31:00,4463.78,4464.08,4461.7,4462.86,154,35,0
2026.06.04 09:32:00,4462.85,4466.52,4462.05,4466.51,161,35,0
2026.06.04 09:33:00,4466.55,4467.49,4465.95,4465.95,144,35,0
2026.06.04 09:34:00,4465.92,4467.68,4465.63,4466.64,166,35,0
2026.06.04 09:35:00,4466.63,4467.62,4465.19,4465.6,170,35,0
2026.06.04 09:36:00,4465.61,4465.77,4464.59,4465.65,152,35,0
2026.06.04 09:37:00,4465.68,4468.12,4464.86,4468.1,165,35,0
2026.06.04 09:38:00,4468.16,4468.52,4466.53,4467.95,158,35,0
2026.06.04 09:39:00,4468.04,4469.22,4467.13,4467.17,165,35,0
2026.06.04 09:40:00,4467.37,4467.75,4467.01,4467.57,144,35,0
2026.06.04 09:41:00,4467.59,4467.85,4466.98,4467.5,143,35,0
2026.06.04 09:42:00,4467.52,4468.65,4467.51,4467.85,133,35,0
2026.06.04 09:43:00,4467.83,4468.53,4465.99,4466.14,144,35,0
2026.06.04 09:44:00,4466.26,4468.45,4466.22,4467.87,132,35,0
2026.06.04 09:45:00,4468.02,4469.18,4467.39,4468.84,146,35,0
2026.06.04 09:46:00,4468.81,4469.05,4467.95,4468.09,154,35,0
2026.06.04 09:47:00,4468.12,4469.08,4467.85,4469.08,149,35,0
2026.06.04 09:48:00,4469.09,4472.19,4468.18,4472.14,158,35,0
2026.06.04 09:49:00,4472.15,4472.29,4470.49,4470.57,170,35,0
2026.06.04 09:50:00,4470.58,4471.59,4470.14,4471.12,150,35,0
2026.06.04 09:51:00,4471.13,4472.84,4470.88,4472.83,133,35,0
2026.06.04 09:52:00,4472.74,4475.61,4472.57,4472.57,166,35,0
2026.06.04 09:53:00,4472.51,4472.99,4472.07,4472.45,165,35,0
2026.06.04 09:54:00,4472.39,4474.91,4472.06,4474.87,161,35,0
2026.06.04 09:55:00,4474.91,4475.23,4473.06,4473.1,171,35,0
2026.06.04 09:56:00,4473.08,4473.21,4472.19,4472.46,153,35,0
2026.06.04 09:57:00,4472.48,4472.48,4470.56,4470.56,152,35,0
2026.06.04 09:58:00,4470.53,4470.89,4469.5,4470.13,154,35,0
2026.06.04 09:59:00,4470.11,4470.98,4469.88,4470.34,136,35,0
2026.06.04 10:00:00,4470.25,4470.64,4469.08,4469.67,162,35,0
2026.06.04 10:01:00,4469.66,4471.23,4469.57,4471.19,144,35,0
2026.06.04 10:02:00,4471.35,4472.04,4470.19,4470.53,153,35,0
2026.06.04 10:03:00,4470.34,4470.48,4468.92,4469.4,155,35,0
2026.06.04 10:04:00,4469.19,4470.09,4468.32,4470.09,142,35,0
2026.06.04 10:05:00,4470.08,4470.57,4469.52,4469.88,141,35,0
2026.06.04 10:06:00,4469.87,4470.24,4469.44,4469.69,125,35,0
2026.06.04 10:07:00,4469.7,4471.18,4469.49,4470.86,128,35,0
2026.06.04 10:08:00,4470.85,4471.19,4470.47,4470.48,143,35,0
2026.06.04 10:09:00,4470.46,4470.74,4469.03,4469.32,139,35,0
2026.06.04 10:10:00,4469.3,4469.8,4469.07,4469.55,134,35,0
2026.06.04 10:11:00,4469.27,4471.96,4468.27,4469.27,162,35,0
2026.06.04 10:12:00,4469.26,4470.34,4469.24,4470.2,140,35,0
2026.06.04 10:13:00,4470.09,4471.48,4469.92,4471.35,154,35,0
2026.06.04 10:14:00,4471.36,4471.37,4470.76,4471.14,143,35,0
2026.06.04 10:15:00,4471.29,4471.46,4470.52,4470.89,118,35,0
2026.06.04 10:16:00,4470.88,4470.88,4468.73,4469.17,135,35,0
2026.06.04 10:17:00,4469.18,4470.18,4468.75,4470.18,152,35,0
2026.06.04 10:18:00,4470.24,4470.56,4468.57,4468.66,123,35,0
2026.06.04 10:19:00,4468.65,4469.83,4468.56,4468.77,144,35,0
2026.06.04 10:20:00,4468.76,4468.91,4467.74,4468.14,138,35,0
2026.06.04 10:21:00,4468.15,4468.39,4466.66,4467.43,136,35,0
2026.06.04 10:22:00,4467.26,4467.26,4464.85,4465.82,150,35,0
2026.06.04 10:23:00,4465.93,4466.51,4465.38,4465.44,133,35,0
2026.06.04 10:24:00,4465.42,4467.23,4464.59,4467.09,163,35,0
2026.06.04 10:25:00,4466.78,4466.86,4465.69,4465.94,105,35,0
2026.06.04 10:26:00,4465.9,4465.9,4464.2,4464.86,149,35,0
2026.06.04 10:27:00,4464.85,4468.24,4464.85,4468.03,140,35,0
2026.06.04 10:28:00,4467.97,4468.08,4467.05,4467.52,119,35,0
2026.06.04 10:29:00,4467.64,4467.77,4466.63,4467.46,138,35,0
2026.06.04 10:30:00,4467.45,4468.21,4466.32,4467.15,142,35,0
2026.06.04 10:31:00,4467.16,4467.53,4466.48,4467.48,144,35,0
2026.06.04 10:32:00,4467.47,4468.84,4466.7,4468.83,115,35,0
2026.06.04 10:33:00,4468.84,4469.29,4468.53,4468.96,130,35,0
2026.06.04 10:34:00,4468.97,4469.64,4467.79,4467.84,104,35,0
2026.06.04 10:35:00,4467.86,4469.93,4467.61,4469.83,119,35,0
2026.06.04 10:36:00,4469.6,4470.33,4469.35,4469.74,136,35,0
2026.06.04 10:37:00,4470.12,4471.05,4469.78,4470.58,126,35,0
2026.06.04 10:38:00,4470.55,4470.55,4468.38,4468.74,131,35,0
2026.06.04 10:39:00,4468.71,4469.54,4468.69,4469.05,139,35,0
2026.06.04 10:40:00,4469.06,4470.17,4468.64,4468.8,130,35,0
2026.06.04 10:41:00,4468.79,4470.92,4468.51,4470.81,117,35,0
2026.06.04 10:42:00,4470.82,4472.53,4470.58,4472.25,148,35,0
2026.06.04 10:43:00,4472.3,4472.73,4471.63,4472.24,136,35,0
2026.06.04 10:44:00,4472.4,4472.66,4471.08,4471.2,145,35,0
2026.06.04 10:45:00,4471.77,4472.79,4470.78,4472.75,143,35,0
2026.06.04 10:46:00,4472.77,4472.86,4471.72,4471.8,133,35,0
2026.06.04 10:47:00,4471.81,4471.9,4470.91,4471.09,118,35,0
2026.06.04 10:48:00,4471.21,4472.49,4470.88,4471.95,136,35,0
2026.06.04 10:49:00,4471.99,4472.11,4471.15,4471.29,136,35,0
2026.06.04 10:50:00,4471.37,4471.41,4469.64,4470.17,160,35,0
2026.06.04 10:51:00,4470.34,4470.57,4469.63,4470.24,130,35,0
2026.06.04 10:52:00,4470.23,4470.54,4468.52,4469.29,171,35,0
2026.06.04 10:53:00,4469.16,4469.56,4468.4,4469.47,153,35,0
2026.06.04 10:54:00,4469.46,4471.25,4469.03,4471.05,152,35,0
2026.06.04 10:55:00,4471.06,4471.4,4469.45,4470.54,159,35,0
2026.06.04 10:56:00,4470.51,4470.82,4470.1,4470.46,155,35,0
2026.06.04 10:57:00,4470.44,4471.31,4470.31,4471.11,142,35,0
2026.06.04 10:58:00,4471.16,4471.37,4470.69,4470.95,136,35,0
2026.06.04 10:59:00,4471.03,4473.71,4470.81,4473.5,164,35,0
2026.06.04 11:00:00,4473.58,4475.27,4472.9,4474.28,165,35,0
2026.06.04 11:01:00,4474.07,4474.14,4472.15,4472.21,148,35,0
2026.06.04 11:02:00,4472.19,4472.28,4468.63,4469.43,165,35,0
2026.06.04 11:03:00,4469.35,4471.0,4469.18,4470.6,148,35,0
2026.06.04 11:04:00,4470.62,4472.86,4470.62,4472.15,146,35,0
2026.06.04 11:05:00,4472.21,4473.43,4471.84,4472.59,115,35,0
2026.06.04 11:06:00,4472.62,4473.49,4471.95,4473.43,145,35,0
2026.06.04 11:07:00,4473.41,4475.89,4472.44,4475.86,137,35,0
2026.06.04 11:08:00,4475.85,4476.82,4475.64,4475.98,164,35,0
2026.06.04 11:09:00,4475.96,4478.22,4475.86,4477.46,159,35,0
2026.06.04 11:10:00,4477.43,4477.65,4475.94,4477.54,146,35,0
2026.06.04 11:11:00,4477.59,4478.73,4475.45,4475.69,163,35,0
2026.06.04 11:12:00,4475.78,4476.34,4474.74,4475.95,145,35,0
2026.06.04 11:13:00,4475.92,4476.27,4475.06,4475.52,146,35,0
2026.06.04 11:14:00,4475.41,4476.0,4473.49,4473.51,137,35,0
2026.06.04 11:15:00,4473.53,4474.89,4473.42,4474.31,131,35,0
2026.06.04 11:16:00,4474.26,4476.62,4473.96,4476.47,149,35,0
2026.06.04 11:17:00,4476.51,4479.22,4476.51,4476.88,186,35,0
2026.06.04 11:18:00,4477.02,4477.46,4476.21,4477.41,161,35,0
2026.06.04 11:19:00,4477.43,4478.08,4476.76,4477.92,164,35,0
2026.06.04 11:20:00,4478.47,4478.47,4476.66,4477.54,171,35,0
2026.06.04 11:21:00,4477.53,4478.18,4477.26,4477.82,156,35,0
2026.06.04 11:22:00,4477.78,4478.03,4476.74,4477.15,145,35,0
2026.06.04 11:23:00,4477.13,4479.64,4476.57,4479.64,165,35,0
2026.06.04 11:24:00,4479.61,4480.11,4478.34,4478.82,175,35,0
2026.06.04 11:25:00,4478.83,4481.73,4477.61,4481.66,164,35,0
2026.06.04 11:26:00,4481.62,4487.31,4481.35,4486.11,192,35,0
2026.06.04 11:27:00,4486.16,4491.49,4485.6,4488.43,218,35,0
2026.06.04 11:28:00,4488.46,4490.77,4488.23,4488.23,177,35,0
2026.06.04 11:29:00,4488.22,4489.61,4487.6,4489.48,172,35,0
2026.06.04 11:30:00,4489.83,4492.24,4488.35,4490.94,191,35,0
2026.06.04 11:31:00,4490.95,4491.68,4490.07,4491.37,173,35,0
2026.06.04 11:32:00,4491.34,4491.4,4487.22,4487.86,184,35,0
2026.06.04 11:33:00,4487.85,4488.42,4487.17,4487.71,164,35,0
2026.06.04 11:34:00,4487.66,4487.66,4484.49,4485.25,161,35,0
2026.06.04 11:35:00,4485.2,4485.83,4484.43,4484.54,152,35,0
2026.06.04 11:36:00,4484.51,4485.54,4483.3,4483.3,180,35,0
2026.06.04 11:37:00,4483.29,4483.73,4482.18,4482.74,182,35,0
2026.06.04 11:38:00,4483.21,4485.62,4482.93,4485.49,175,35,0
2026.06.04 11:39:00,4485.36,4488.41,4485.36,4487.76,179,35,0
2026.06.04 11:40:00,4488.13,4488.79,4486.76,4487.07,202,35,0
2026.06.04 11:41:00,4487.01,4490.76,4486.64,4490.71,190,35,0
2026.06.04 11:42:00,4490.01,4490.08,4487.59,4488.05,182,35,0
2026.06.04 11:43:00,4488.09,4489.45,4487.23,4489.45,185,35,0
2026.06.04 11:44:00,4489.59,4492.18,4489.46,4491.36,184,35,0
2026.06.04 11:45:00,4491.49,4493.85,4491.46,4493.83,177,35,0
2026.06.04 11:46:00,4493.85,4498.0,4493.69,4496.89,223,35,0
2026.06.04 11:47:00,4497.85,4500.55,4497.81,4499.4,208,35,0
2026.06.04 11:48:00,4499.82,4504.06,4499.45,4501.33,195,35,0
2026.06.04 11:49:00,4501.31,4503.54,4499.76,4501.24,199,35,0
2026.06.04 11:50:00,4501.11,4503.88,4500.73,4502.02,206,35,0
2026.06.04 11:51:00,4502.05,4504.64,4501.23,4504.15,187,35,0
2026.06.04 11:52:00,4504.08,4504.57,4502.51,4502.72,186,35,0
2026.06.04 11:53:00,4502.94,4503.17,4501.26,4502.18,176,35,0
2026.06.04 11:54:00,4502.3,4504.86,4502.12,4503.87,175,35,0
2026.06.04 11:55:00,4503.87,4505.81,4503.87,4505.49,185,35,0
2026.06.04 11:56:00,4505.43,4507.88,4505.43,4507.69,199,35,0
2026.06.04 11:57:00,4507.71,4513.42,4506.71,4513.02,202,35,0
2026.06.04 11:58:00,4512.99,4514.4,4512.54,4514.4,193,35,0
2026.06.04 11:59:00,4514.28,4514.66,4511.68,4511.68,195,35,0
2026.06.04 12:00:00,4511.46,4513.83,4511.46,4512.85,207,35,0
2026.06.04 12:01:00,4512.66,4512.71,4505.72,4505.72,202,35,0
2026.06.04 12:02:00,4505.68,4506.38,4504.24,4505.8,196,35,0
2026.06.04 12:03:00,4505.89,4506.8,4504.0,4504.0,179,35,0
2026.06.04 12:04:00,4504.17,4504.17,4496.89,4497.21,193,35,0
2026.06.04 12:05:00,4497.24,4500.08,4496.59,4499.08,189,35,0
2026.06.04 12:06:00,4498.65,4503.26,4498.65,4503.26,176,35,0
2026.06.04 12:07:00,4503.11,4503.66,4500.97,4502.54,187,35,0
2026.06.04 12:08:00,4502.5,4502.5,4499.3,4500.18,171,35,0
2026.06.04 12:09:00,4500.2,4501.14,4494.94,4498.14,198,35,0
2026.06.04 12:10:00,4498.27,4499.13,4496.47,4497.05,163,35,0
2026.06.04 12:11:00,4497.07,4497.07,4491.6,4492.34,217,35,0
2026.06.04 12:12:00,4492.32,4494.94,4492.32,4493.14,182,35,0
2026.06.04 12:13:00,4493.41,4494.04,4492.08,4492.91,171,35,0
2026.06.04 12:14:00,4492.84,4493.78,4492.54,4493.78,166,35,0
2026.06.04 12:15:00,4494.15,4495.55,4491.72,4492.11,171,35,0
2026.06.04 12:16:00,4492.09,4492.91,4491.32,4492.11,179,35,0
2026.06.04 12:17:00,4492.25,4492.53,4491.18,4492.06,168,35,0
2026.06.04 12:18:00,4492.07,4493.92,4491.44,4493.76,149,35,0
2026.06.04 12:19:00,4493.75,4494.14,4491.57,4492.39,151,35,0
2026.06.04 12:20:00,4492.25,4496.04,4492.24,4495.73,178,35,0
2026.06.04 12:21:00,4495.38,4498.13,4495.08,4497.3,187,35,0
2026.06.04 12:22:00,4497.15,4498.96,4495.85,4497.72,180,35,0
2026.06.04 12:23:00,4497.86,4499.09,4497.31,4498.9,176,35,0
2026.06.04 12:24:00,4498.93,4499.15,4497.03,4497.48,171,35,0
2026.06.04 12:25:00,4497.71,4497.87,4495.57,4496.35,183,35,0
2026.06.04 12:26:00,4496.34,4498.91,4496.33,4498.38,142,35,0
2026.06.04 12:27:00,4498.34,4499.62,4496.03,4499.2,178,35,0
2026.06.04 12:28:00,4499.21,4499.87,4497.91,4498.4,140,35,0
2026.06.04 12:29:00,4498.31,4498.65,4497.62,4498.49,117,35,0
2026.06.04 12:30:00,4498.46,4501.49,4496.97,4498.5,176,35,0
2026.06.04 12:31:00,4498.82,4500.36,4497.28,4500.36,143,35,0
2026.06.04 12:32:00,4500.46,4500.55,4498.11,4498.99,139,35,0
2026.06.04 12:33:00,4498.96,4499.53,4497.66,4499.33,151,35,0
2026.06.04 12:34:00,4499.26,4500.81,4498.15,4499.14,161,35,0
2026.06.04 12:35:00,4499.19,4501.47,4497.03,4501.4,157,35,0
2026.06.04 12:36:00,4501.18,4502.07,4500.29,4501.03,160,35,0
2026.06.04 12:37:00,4501.02,4501.32,4499.3,4499.82,153,35,0
2026.06.04 12:38:00,4499.81,4499.81,4498.72,4499.5,153,35,0
2026.06.04 12:39:00,4499.48,4499.53,4497.9,4498.97,150,35,0
2026.06.04 12:40:00,4499.01,4501.62,4499.01,4500.09,137,35,0
2026.06.04 12:41:00,4499.97,4500.98,4499.14,4500.1,169,35,0
2026.06.04 12:42:00,4500.12,4500.47,4499.56,4499.62,167,35,0
2026.06.04 12:43:00,4499.69,4500.99,4498.93,4499.74,141,35,0
2026.06.04 12:44:00,4499.76,4502.05,4499.44,4502.05,158,35,0
2026.06.04 12:45:00,4502.23,4502.94,4500.5,4500.96,170,35,0
2026.06.04 12:46:00,4500.97,4501.2,4499.13,4499.38,148,35,0
2026.06.04 12:47:00,4499.29,4501.01,4499.0,4500.41,162,35,0
2026.06.04 12:48:00,4500.42,4501.25,4500.0,4500.38,158,35,0
2026.06.04 12:49:00,4500.45,4505.0,4499.92,4504.93,174,35,0
2026.06.04 12:50:00,4504.98,4507.72,4504.93,4507.15,210,35,0
2026.06.04 12:51:00,4507.18,4510.68,4506.34,4509.7,200,35,0
2026.06.04 12:52:00,4509.68,4510.81,4506.31,4506.71,186,35,0
2026.06.04 12:53:00,4506.68,4509.27,4502.03,4508.06,218,35,0
2026.06.04 12:54:00,4508.33,4510.25,4507.99,4508.27,184,35,0
2026.06.04 12:55:00,4508.35,4509.98,4506.83,4507.43,165,35,0
2026.06.04 12:56:00,4507.41,4507.5,4505.0,4506.28,165,35,0
2026.06.04 12:57:00,4506.31,4506.53,4504.69,4504.72,154,35,0
2026.06.04 12:58:00,4504.8,4505.27,4502.97,4503.09,165,35,0
2026.06.04 12:59:00,4502.88,4504.91,4502.7,4504.08,160,35,0
2026.06.04 13:00:00,4504.0,4504.54,4500.09,4503.32,208,35,0
2026.06.04 13:01:00,4503.4,4509.92,4502.9,4509.72,210,35,0
2026.06.04 13:02:00,4509.33,4509.39,4505.76,4506.61,203,35,0
2026.06.04 13:03:00,4506.65,4507.15,4502.6,4502.75,198,35,0
2026.06.04 13:04:00,4502.73,4505.34,4502.73,4504.91,174,35,0
2026.06.04 13:05:00,4505.08,4508.92,4505.0,4508.01,202,35,0
2026.06.04 13:06:00,4508.15,4508.42,4504.4,4506.65,171,35,0
2026.06.04 13:07:00,4506.71,4507.95,4505.76,4507.07,189,35,0
2026.06.04 13:08:00,4507.13,4507.38,4504.58,4505.05,232,35,0
2026.06.04 13:09:00,4505.08,4505.2,4503.59,4504.92,176,35,0
2026.06.04 13:10:00,4504.94,4505.39,4502.35,4502.43,164,35,0
2026.06.04 13:11:00,4502.54,4503.65,4501.98,4502.75,168,35,0
2026.06.04 13:12:00,4502.81,4503.74,4501.98,4502.76,172,35,0
2026.06.04 13:13:00,4502.88,4503.88,4502.35,4503.8,172,35,0
2026.06.04 13:14:00,4503.81,4504.11,4502.93,4503.17,156,35,0
2026.06.04 13:15:00,4503.18,4506.37,4503.18,4506.37,178,35,0
2026.06.04 13:16:00,4506.4,4506.4,4504.67,4505.46,171,35,0
2026.06.04 13:17:00,4505.49,4507.25,4504.67,4506.75,165,35,0
2026.06.04 13:18:00,4506.76,4507.64,4506.27,4507.4,162,35,0
2026.06.04 13:19:00,4507.27,4508.72,4507.24,4507.75,168,35,0
2026.06.04 13:20:00,4507.61,4509.15,4506.74,4508.38,175,35,0
2026.06.04 13:21:00,4508.36,4508.67,4506.4,4506.4,170,35,0
2026.06.04 13:22:00,4506.69,4508.23,4506.69,4507.3,154,35,0
2026.06.04 13:23:00,4507.32,4508.04,4506.09,4506.2,162,35,0
2026.06.04 13:24:00,4506.17,4506.88,4504.15,4504.8,177,35,0
2026.06.04 13:25:00,4504.36,4504.66,4503.65,4504.22,167,35,0
2026.06.04 13:26:00,4504.31,4504.31,4501.78,4502.71,180,35,0
2026.06.04 13:27:00,4502.72,4504.04,4501.71,4502.04,178,35,0
2026.06.04 13:28:00,4501.92,4504.29,4501.83,4504.0,178,35,0
2026.06.04 13:29:00,4503.89,4506.44,4503.89,4504.54,181,35,0
2026.06.04 13:30:00,4504.42,4506.53,4502.41,4503.5,216,35,0
2026.06.04 13:31:00,4503.54,4504.97,4503.02,4504.23,214,35,0
2026.06.04 13:32:00,4504.34,4505.99,4502.99,4503.74,206,35,0
2026.06.04 13:33:00,4503.73,4506.64,4503.73,4506.42,206,35,0
2026.06.04 13:34:00,4506.44,4507.13,4504.54,4506.09,203,35,0
2026.06.04 13:35:00,4505.99,4509.86,4505.03,4509.55,219,35,0
2026.06.04 13:36:00,4508.87,4510.77,4508.68,4508.91,218,35,0
2026.06.04 13:37:00,4508.95,4512.13,4508.74,4509.88,200,35,0
2026.06.04 13:38:00,4509.43,4509.61,4507.72,4508.85,200,35,0
2026.06.04 13:39:00,4509.21,4509.63,4507.46,4509.3,211,35,0
2026.06.04 13:40:00,4509.35,4510.65,4505.55,4505.62,218,35,0
2026.06.04 13:41:00,4505.7,4507.84,4505.08,4507.54,207,35,0
2026.06.04 13:42:00,4507.36,4508.01,4505.6,4507.71,208,35,0
2026.06.04 13:43:00,4508.06,4510.88,4508.06,4509.21,211,35,0
2026.06.04 13:44:00,4509.23,4514.96,4508.9,4514.51,209,35,0
2026.06.04 13:45:00,4515.0,4515.28,4511.47,4511.63,219,35,0
2026.06.04 13:46:00,4511.88,4513.68,4511.2,4512.41,203,35,0
2026.06.04 13:47:00,4512.63,4512.68,4510.46,4510.46,208,35,0
2026.06.04 13:48:00,4510.6,4511.9,4507.18,4508.45,193,35,0
2026.06.04 13:49:00,4508.65,4510.84,4507.96,4509.93,199,35,0
2026.06.04 13:50:00,4509.97,4510.4,4508.16,4509.42,203,35,0
2026.06.04 13:51:00,4509.52,4511.85,4509.05,4511.23,198,35,0
2026.06.04 13:52:00,4511.16,4512.32,4505.67,4505.73,200,35,0
2026.06.04 13:53:00,4505.65,4506.57,4502.6,4502.82,199,35,0
2026.06.04 13:54:00,4502.91,4503.21,4497.75,4498.5,214,35,0
2026.06.04 13:55:00,4498.55,4500.62,4497.72,4500.52,216,35,0
2026.06.04 13:56:00,4500.56,4502.22,4498.35,4501.85,202,35,0
2026.06.04 13:57:00,4501.88,4501.95,4500.03,4500.19,201,35,0
2026.06.04 13:58:00,4499.92,4502.75,4499.92,4500.94,201,35,0
2026.06.04 13:59:00,4500.82,4501.03,4495.48,4495.82,195,35,0
2026.06.04 14:00:00,4495.72,4499.85,4495.3,4497.95,224,35,0
2026.06.04 14:01:00,4497.97,4499.42,4497.15,4498.21,208,35,0
2026.06.04 14:02:00,4498.22,4498.75,4494.53,4496.23,201,35,0
2026.06.04 14:03:00,4496.22,4497.57,4495.25,4496.62,191,35,0
2026.06.04 14:04:00,4496.37,4497.94,4495.2,4495.32,196,35,0
2026.06.04 14:05:00,4495.28,4496.68,4494.64,4496.63,195,35,0
2026.06.04 14:06:00,4496.57,4499.78,4495.26,4496.3,195,35,0
2026.06.04 14:07:00,4496.26,4498.38,4495.09,4495.09,193,35,0
2026.06.04 14:08:00,4494.96,4495.05,4490.4,4492.22,192,35,0
2026.06.04 14:09:00,4492.23,4492.23,4487.73,4489.82,209,35,0
2026.06.04 14:10:00,4490.1,4490.48,4489.01,4489.33,201,35,0
2026.06.04 14:11:00,4489.3,4492.21,4488.79,4491.47,211,35,0
2026.06.04 14:12:00,4491.44,4491.82,4488.88,4489.9,212,35,0
2026.06.04 14:13:00,4489.94,4490.06,4486.94,4486.99,215,35,0
2026.06.04 14:14:00,4486.97,4488.23,4485.95,4487.65,199,35,0
2026.06.04 14:15:00,4487.6,4490.35,4485.3,4489.8,194,35,0
2026.06.04 14:16:00,4489.79,4493.71,4489.71,4492.42,201,35,0
2026.06.04 14:17:00,4492.3,4492.66,4490.42,4490.73,183,35,0
2026.06.04 14:18:00,4490.74,4491.15,4489.07,4489.44,185,35,0
2026.06.04 14:19:00,4489.49,4489.62,4487.49,4487.51,183,35,0
2026.06.04 14:20:00,4487.47,4488.14,4486.22,4486.57,191,35,0
2026.06.04 14:21:00,4486.56,4486.84,4484.47,4486.16,193,35,0
2026.06.04 14:22:00,4486.83,4488.02,4485.77,4487.97,180,35,0
2026.06.04 14:23:00,4487.99,4489.23,4487.14,4489.13,184,35,0
2026.06.04 14:24:00,4489.36,4489.42,4485.0,4485.21,196,35,0
2026.06.04 14:25:00,4485.2,4486.76,4484.39,4486.18,206,35,0
2026.06.04 14:26:00,4486.28,4487.01,4485.6,4485.73,187,35,0
2026.06.04 14:27:00,4485.71,4487.0,4485.15,4486.92,183,35,0
2026.06.04 14:28:00,4486.94,4487.8,4485.01,4485.83,174,35,0
2026.06.04 14:29:00,4485.67,4486.32,4484.01,4486.15,200,35,0
2026.06.04 14:30:00,4486.17,4486.73,4482.2,4483.3,204,35,0
2026.06.04 14:31:00,4483.2,4483.66,4481.3,4483.38,187,35,0
2026.06.04 14:32:00,4483.43,4484.14,4481.95,4482.67,206,35,0
2026.06.04 14:33:00,4482.63,4484.18,4482.47,4483.81,193,35,0
2026.06.04 14:34:00,4483.8,4485.26,4483.73,4484.2,196,35,0
2026.06.04 14:35:00,4484.16,4484.23,4480.6,4481.66,189,35,0
2026.06.04 14:36:00,4481.64,4481.95,4479.93,4480.19,187,35,0
2026.06.04 14:37:00,4480.04,4481.98,4479.45,4481.69,183,35,0
2026.06.04 14:38:00,4481.65,4481.76,4477.67,4478.61,196,35,0
2026.06.04 14:39:00,4478.33,4481.72,4477.75,4480.16,196,35,0
2026.06.04 14:40:00,4480.07,4480.64,4478.91,4479.75,194,35,0
2026.06.04 14:41:00,4479.5,4480.49,4479.23,4479.37,179,35,0
2026.06.04 14:42:00,4479.23,4479.88,4476.11,4476.65,195,35,0
2026.06.04 14:43:00,4476.54,4476.84,4473.79,4474.39,184,35,0
2026.06.04 14:44:00,4474.41,4475.63,4472.37,4474.78,207,35,0
2026.06.04 14:45:00,4474.89,4475.51,4473.0,4473.0,210,35,0
2026.06.04 14:46:00,4472.82,4474.63,4471.67,4472.47,188,35,0
2026.06.04 14:47:00,4472.39,4473.26,4470.14,4470.14,193,35,0
2026.06.04 14:48:00,4470.68,4471.1,4465.69,4465.9,204,35,0
2026.06.04 14:49:00,4465.81,4466.91,4465.19,4466.24,216,35,0
2026.06.04 14:50:00,4466.34,4470.19,4466.09,4467.94,223,35,0
2026.06.04 14:51:00,4467.96,4467.96,4461.97,4465.07,210,35,0
2026.06.04 14:52:00,4465.08,4465.19,4462.91,4464.29,202,35,0
2026.06.04 14:53:00,4464.19,4465.03,4456.97,4457.72,213,35,0
2026.06.04 14:54:00,4457.77,4464.12,4457.77,4463.76,217,35,0
2026.06.04 14:55:00,4464.22,4466.25,4463.35,4465.44,213,35,0
2026.06.04 14:56:00,4465.45,4466.11,4462.74,4463.04,195,35,0
2026.06.04 14:57:00,4461.87,4465.99,4460.08,4464.74,206,35,0
2026.06.04 14:58:00,4464.4,4464.67,4462.84,4464.67,180,35,0
2026.06.04 14:59:00,4464.94,4466.02,4463.76,4465.75,206,35,0
2026.06.04 15:00:00,4465.97,4468.44,4463.77,4465.97,198,35,0
2026.06.04 15:01:00,4465.79,4467.25,4464.61,4466.93,196,35,0
2026.06.04 15:02:00,4466.9,4470.07,4466.54,4469.33,183,35,0
2026.06.04 15:03:00,4469.41,4470.61,4468.66,4469.34,193,35,0
2026.06.04 15:04:00,4469.53,4470.52,4469.21,4470.35,163,35,0
2026.06.04 15:05:00,4470.41,4472.52,4469.68,4470.87,169,35,0
2026.06.04 15:06:00,4471.05,4471.07,4469.03,4469.03,172,35,0
2026.06.04 15:07:00,4468.96,4469.15,4467.18,4468.22,169,35,0
2026.06.04 15:08:00,4468.24,4470.08,4467.9,4469.0,167,35,0
2026.06.04 15:09:00,4469.09,4470.53,4468.91,4470.3,179,35,0
2026.06.04 15:10:00,4470.51,4472.62,4470.08,4472.13,168,35,0
2026.06.04 15:11:00,4472.11,4474.56,4472.11,4473.75,185,35,0
2026.06.04 15:12:00,4473.65,4473.65,4471.87,4472.85,190,35,0
2026.06.04 15:13:00,4472.79,4472.79,4470.06,4470.06,193,35,0
2026.06.04 15:14:00,4470.05,4472.64,4470.05,4471.84,184,35,0
2026.06.04 15:15:00,4471.92,4473.71,4471.51,4472.56,172,35,0
2026.06.04 15:16:00,4472.57,4472.63,4471.26,4471.67,163,35,0
2026.06.04 15:17:00,4471.62,4472.77,4471.29,4471.92,154,35,0
2026.06.04 15:18:00,4471.95,4472.11,4471.25,4471.57,152,35,0
2026.06.04 15:19:00,4471.63,4473.38,4471.63,4473.31,155,35,0
2026.06.04 15:20:00,4473.33,4473.6,4472.15,4472.31,147,35,0
2026.06.04 15:21:00,4472.3,4472.94,4471.69,4472.46,158,35,0
2026.06.04 15:22:00,4472.66,4473.79,4471.24,4472.14,182,35,0
2026.06.04 15:23:00,4472.08,4472.74,4471.49,4471.5,160,35,0
2026.06.04 15:24:00,4471.49,4472.55,4470.62,4470.69,159,35,0
2026.06.04 15:25:00,4470.78,4471.47,4470.19,4470.77,190,35,0
2026.06.04 15:26:00,4470.81,4471.46,4470.24,4471.4,166,35,0
2026.06.04 15:27:00,4471.41,4471.42,4469.18,4471.02,181,35,0
2026.06.04 15:28:00,4470.53,4472.11,4469.51,4469.64,164,35,0
2026.06.04 15:29:00,4469.24,4471.73,4469.06,4470.89,169,35,0
2026.06.04 15:30:00,4470.86,4472.12,4470.35,4471.5,177,35,0
2026.06.04 15:31:00,4471.46,4472.8,4471.16,4471.21,193,35,0
2026.06.04 15:32:00,4471.22,4471.72,4469.95,4470.56,164,35,0
2026.06.04 15:33:00,4470.51,4471.8,4469.6,4471.05,168,35,0
2026.06.04 15:34:00,4471.28,4471.85,4470.4,4471.85,156,35,0
2026.06.04 15:35:00,4472.12,4474.26,4471.02,4473.92,166,35,0
2026.06.04 15:36:00,4473.91,4475.01,4473.1,4474.64,151,35,0
2026.06.04 15:37:00,4474.6,4475.11,4473.84,4474.97,158,35,0
2026.06.04 15:38:00,4475.02,4475.02,4474.19,4474.35,139,35,0
2026.06.04 15:39:00,4474.36,4477.1,4474.36,4476.93,178,35,0
2026.06.04 15:40:00,4477.0,4477.2,4474.25,4474.31,160,35,0
2026.06.04 15:41:00,4474.46,4474.71,4473.42,4474.0,164,35,0
2026.06.04 15:42:00,4474.02,4474.11,4473.52,4473.78,92,35,0
2026.06.04 15:43:00,4473.71,4474.16,4472.13,4472.66,146,35,0
2026.06.04 15:44:00,4472.67,4472.8,4471.05,4472.6,155,35,0
2026.06.04 15:45:00,4472.55,4472.6,4469.91,4472.32,181,35,0
2026.06.04 15:46:00,4472.36,4474.78,4472.36,4474.72,159,35,0
2026.06.04 15:47:00,4474.66,4475.19,4474.06,4474.91,143,35,0
2026.06.04 15:48:00,4474.93,4475.56,4474.44,4475.38,166,35,0
2026.06.04 15:49:00,4475.31,4475.54,4474.05,4474.35,160,35,0
2026.06.04 15:50:00,4474.42,4476.06,4474.42,4476.06,158,35,0
2026.06.04 15:51:00,4476.15,4477.38,4475.94,4477.38,172,35,0
2026.06.04 15:52:00,4477.37,4478.63,4477.36,4478.09,173,35,0
2026.06.04 15:53:00,4478.1,4478.44,4476.81,4478.43,192,35,0
2026.06.04 15:54:00,4478.76,4479.03,4477.69,4477.92,211,35,0
2026.06.04 15:55:00,4477.88,4477.9,4476.39,4476.5,203,35,0
2026.06.04 15:56:00,4476.56,4477.31,4476.4,4477.11,173,35,0
2026.06.04 15:57:00,4477.13,4478.65,4476.92,4477.96,150,35,0
2026.06.04 15:58:00,4477.93,4477.95,4476.88,4477.46,183,35,0
2026.06.04 15:59:00,4477.6,4477.67,4476.83,4477.38,163,35,0
2026.06.04 16:00:00,4477.37,4478.6,4476.07,4476.35,200,35,0
2026.06.04 16:01:00,4476.34,4477.52,4476.32,4477.06,208,35,0
2026.06.04 16:02:00,4477.2,4478.56,4477.2,4477.82,220,35,0
2026.06.04 16:03:00,4477.83,4477.97,4477.2,4477.59,158,35,0
2026.06.04 16:04:00,4477.56,4478.11,4476.34,4476.34,206,35,0
2026.06.04 16:05:00,4476.28,4476.53,4475.36,4475.36,157,35,0
2026.06.04 16:06:00,4475.36,4476.55,4475.31,4476.51,118,35,0
2026.06.04 16:07:00,4476.55,4478.74,4476.12,4478.72,180,35,0
2026.06.04 16:08:00,4478.97,4481.96,4478.88,4481.13,223,35,0
2026.06.04 16:09:00,4481.28,4482.66,4480.84,4482.62,183,35,0
2026.06.04 16:10:00,4482.55,4484.01,4481.86,4483.28,173,35,0
2026.06.04 16:11:00,4483.24,4484.02,4481.6,4482.42,229,35,0
2026.06.04 16:12:00,4482.57,4482.63,4480.22,4480.22,221,35,0
2026.06.04 16:13:00,4480.21,4480.72,4479.48,4479.85,175,35,0
2026.06.04 16:14:00,4479.65,4479.91,4479.06,4479.06,184,35,0
2026.06.04 16:15:00,4479.11,4480.91,4479.11,4480.47,192,35,0
2026.06.04 16:16:00,4480.4,4480.85,4479.57,4480.54,173,35,0
2026.06.04 16:17:00,4480.58,4482.3,4480.55,4481.54,191,35,0
2026.06.04 16:18:00,4481.52,4483.05,4481.48,4482.57,183,35,0
2026.06.04 16:19:00,4482.58,4484.99,4482.5,4483.34,189,35,0
2026.06.04 16:20:00,4483.33,4483.33,4480.2,4482.1,189,35,0
2026.06.04 16:21:00,4482.11,4483.37,4482.01,4483.25,180,35,0
2026.06.04 16:22:00,4483.37,4484.79,4483.0,4483.64,188,35,0
2026.06.04 16:23:00,4483.8,4484.37,4483.4,4483.64,174,35,0
2026.06.04 16:24:00,4483.63,4484.28,4483.45,4484.22,194,35,0
2026.06.04 16:25:00,4484.2,4484.24,4483.24,4483.8,188,35,0
2026.06.04 16:26:00,4483.84,4484.08,4482.39,4483.11,183,35,0
2026.06.04 16:27:00,4483.18,4484.32,4483.18,4484.3,127,35,0
2026.06.04 16:28:00,4484.26,4484.42,4483.28,4484.39,156,35,0
2026.06.04 16:29:00,4484.42,4485.03,4483.29,4483.53,161,35,0
2026.06.04 16:30:00,4483.52,4483.99,4482.06,4482.15,185,35,0
2026.06.04 16:31:00,4481.91,4482.35,4480.57,4480.75,184,35,0
2026.06.04 16:32:00,4480.96,4481.3,4479.65,4480.58,193,35,0
2026.06.04 16:33:00,4480.57,4481.25,4479.94,4480.17,218,35,0
2026.06.04 16:34:00,4480.44,4483.54,4480.22,4480.58,200,35,0
2026.06.04 16:35:00,4480.61,4482.79,4480.22,4482.62,189,35,0
2026.06.04 16:36:00,4482.57,4483.08,4481.56,4482.67,156,35,0
2026.06.04 16:37:00,4482.68,4483.08,4481.69,4482.1,210,35,0
2026.06.04 16:38:00,4482.11,4483.5,4481.61,4482.26,175,35,0
2026.06.04 16:39:00,4482.28,4482.28,4481.26,4481.94,167,35,0
2026.06.04 16:40:00,4481.84,4482.4,4481.57,4482.27,144,35,0
2026.06.04 16:41:00,4482.26,4482.97,4481.66,4482.5,169,35,0
2026.06.04 16:42:00,4482.4,4482.53,4481.03,4481.87,188,35,0
2026.06.04 16:43:00,4481.85,4482.5,4481.5,4481.97,216,35,0
2026.06.04 16:44:00,4481.94,4482.33,4481.39,4481.43,190,35,0
2026.06.04 16:45:00,4481.49,4481.93,4480.28,4480.74,202,35,0
2026.06.04 16:46:00,4480.77,4483.42,4480.77,4483.21,172,35,0
2026.06.04 16:47:00,4483.13,4483.28,4482.29,4482.43,178,35,0
2026.06.04 16:48:00,4482.44,4483.4,4482.42,4483.33,168,35,0
2026.06.04 16:49:00,4483.28,4483.28,4481.55,4481.57,156,35,0
2026.06.04 16:50:00,4481.54,4481.72,4480.68,4481.26,240,35,0
2026.06.04 16:51:00,4481.27,4482.21,4481.26,4482.04,201,35,0
2026.06.04 16:52:00,4482.08,4482.43,4481.56,4482.15,195,35,0
2026.06.04 16:53:00,4481.45,4481.56,4481.01,4481.42,172,35,0
2026.06.04 16:54:00,4481.51,4481.9,4481.29,4481.81,168,35,0
2026.06.04 16:55:00,4481.82,4482.43,4481.64,4482.29,158,35,0
2026.06.04 16:56:00,4482.3,4483.93,4482.22,4483.33,194,35,0
2026.06.04 16:57:00,4483.5,4483.86,4482.44,4482.76,187,35,0
2026.06.04 16:58:00,4482.65,4483.43,4482.56,4482.98,234,35,0
2026.06.04 16:59:00,4482.98,4483.01,4481.68,4482.77,207,35,0
2026.06.04 17:00:00,4482.63,4482.63,4480.69,4481.01,193,43,0
2026.06.04 17:01:00,4481.02,4482.17,4480.45,4481.54,178,43,0
2026.06.04 17:02:00,4481.52,4482.12,4480.74,4481.11,158,43,0
2026.06.04 17:03:00,4481.13,4481.7,4480.84,4481.46,149,43,0
2026.06.04 17:04:00,4481.4,4481.87,4480.89,4481.28,138,43,0
2026.06.04 17:05:00,4481.29,4482.02,4481.24,4481.63,133,43,0
2026.06.04 17:06:00,4481.66,4481.66,4480.57,4481.12,155,43,0
2026.06.04 17:07:00,4481.1,4481.8,4480.75,4480.75,175,43,0
2026.06.04 17:08:00,4480.73,4480.99,4480.13,4480.7,180,43,0
2026.06.04 17:09:00,4480.71,4481.48,4479.52,4479.52,190,43,0
2026.06.04 17:10:00,4479.39,4480.43,4479.32,4479.88,172,43,0
2026.06.04 17:11:00,4479.9,4479.96,4477.8,4478.29,194,43,0
2026.06.04 17:12:00,4478.31,4478.44,4477.05,4477.33,182,43,0
2026.06.04 17:13:00,4477.37,4477.85,4476.72,4476.86,188,43,0
2026.06.04 17:14:00,4476.84,4477.1,4475.94,4475.94,177,43,0
2026.06.04 17:15:00,4475.99,4476.09,4474.8,4475.45,203,43,0
2026.06.04 17:16:00,4475.44,4475.7,4474.41,4474.84,222,43,0
2026.06.04 17:17:00,4474.83,4475.85,4474.05,4475.63,180,43,0
2026.06.04 17:18:00,4475.62,4475.8,4474.48,4474.74,146,43,0
2026.06.04 17:19:00,4474.77,4475.67,4474.77,4475.46,156,43,0
2026.06.04 17:20:00,4475.45,4475.45,4474.03,4475.24,171,43,0
2026.06.04 17:21:00,4475.22,4475.22,4474.2,4474.89,177,43,0
2026.06.04 17:22:00,4474.77,4474.98,4474.52,4474.61,167,43,0
2026.06.04 17:23:00,4474.57,4475.9,4474.57,4475.37,161,43,0
2026.06.04 17:24:00,4475.3,4475.71,4474.79,4475.33,186,43,0
2026.06.04 17:25:00,4475.26,4477.03,4475.25,4476.73,233,43,0
2026.06.04 17:26:00,4476.87,4478.4,4476.82,4478.37,183,43,0
2026.06.04 17:27:00,4478.4,4478.75,4477.56,4477.57,176,43,0
2026.06.04 17:28:00,4477.59,4478.23,4477.48,4477.89,166,43,0
2026.06.04 17:29:00,4477.92,4479.24,4475.98,4476.7,276,43,0
2026.06.04 17:30:00,4476.72,4478.17,4476.6,4477.85,177,43,0
2026.06.04 17:31:00,4477.83,4477.83,4477.2,4477.31,201,43,0
2026.06.04 17:32:00,4477.28,4479.43,4477.27,4479.26,178,43,0
2026.06.04 17:33:00,4479.29,4481.48,4479.27,4480.77,177,43,0
2026.06.04 17:34:00,4480.81,4480.81,4479.54,4479.89,155,43,0
2026.06.04 17:35:00,4479.97,4480.31,4478.59,4478.71,197,43,0
2026.06.04 17:36:00,4478.73,4479.39,4477.63,4479.39,156,43,0
2026.06.04 17:37:00,4479.41,4480.48,4478.65,4478.79,207,43,0
2026.06.04 17:38:00,4478.76,4478.97,4478.02,4478.49,190,43,0
2026.06.04 17:39:00,4478.59,4478.79,4477.79,4477.79,151,43,0
2026.06.04 17:40:00,4477.78,4478.24,4477.24,4477.5,204,43,0
2026.06.04 17:41:00,4477.51,4477.72,4476.59,4477.65,189,43,0
2026.06.04 17:42:00,4477.64,4477.73,4476.21,4476.89,169,43,0
2026.06.04 17:43:00,4476.88,4477.58,4475.99,4477.11,209,43,0
2026.06.04 17:44:00,4477.13,4477.21,4476.38,4476.62,208,43,0
2026.06.04 17:45:00,4476.63,4477.95,4476.6,4477.41,178,43,0
2026.06.04 17:46:00,4477.39,4478.67,4477.22,4478.54,170,43,0
2026.06.04 17:47:00,4478.52,4478.94,4478.22,4478.58,156,43,0
2026.06.04 17:48:00,4478.49,4478.53,4477.8,4478.15,170,43,0
2026.06.04 17:49:00,4478.14,4478.54,4477.8,4478.54,147,43,0
2026.06.04 17:50:00,4478.55,4479.4,4478.54,4479.08,203,43,0
2026.06.04 17:51:00,4479.06,4480.23,4478.98,4479.73,149,43,0
2026.06.04 17:52:00,4479.74,4479.86,4478.74,4478.75,168,43,0
2026.06.04 17:53:00,4478.73,4478.91,4478.45,4478.62,202,43,0
2026.06.04 17:54:00,4478.63,4478.73,4478.08,4478.34,184,43,0
2026.06.04 17:55:00,4478.35,4478.39,4477.73,4478.22,174,43,0
2026.06.04 17:56:00,4478.25,4478.25,4477.49,4477.83,162,43,0
2026.06.04 17:57:00,4477.82,4478.49,4477.57,4478.48,190,43,0
2026.06.04 17:58:00,4478.52,4478.66,4477.82,4478.07,173,43,0
2026.06.04 17:59:00,4478.05,4478.6,4478.03,4478.06,154,43,0
2026.06.04 18:00:00,4478.11,4479.92,4476.58,4479.05,186,43,0
2026.06.04 18:01:00,4478.34,4478.35,4477.64,4478.0,154,43,0
2026.06.04 18:02:00,4478.03,4478.43,4477.53,4477.8,152,43,0
2026.06.04 18:03:00,4477.78,4477.89,4477.42,4477.54,126,43,0
2026.06.04 18:04:00,4477.53,4478.02,4477.07,4477.07,158,43,0
2026.06.04 18:05:00,4477.29,4477.43,4476.62,4476.64,155,43,0
2026.06.04 18:06:00,4476.65,4476.78,4476.22,4476.65,130,43,0
2026.06.04 18:07:00,4476.64,4476.99,4476.24,4476.95,154,43,0
2026.06.04 18:08:00,4476.94,4477.98,4476.89,4477.57,146,43,0
2026.06.04 18:09:00,4477.69,4477.96,4477.12,4477.33,148,43,0
2026.06.04 18:10:00,4477.31,4478.14,4477.08,4478.0,164,43,0
2026.06.04 18:11:00,4478.03,4479.0,4477.84,4478.52,154,43,0
2026.06.04 18:12:00,4478.51,4478.65,4477.57,4477.58,166,43,0
2026.06.04 18:13:00,4477.57,4478.98,4477.55,4478.85,156,43,0
2026.06.04 18:14:00,4478.86,4479.25,4478.41,4478.81,169,43,0
2026.06.04 18:15:00,4478.9,4479.18,4477.87,4477.93,135,43,0
2026.06.04 18:16:00,4477.9,4477.92,4477.62,4477.67,158,43,0
2026.06.04 18:17:00,4477.62,4478.14,4477.42,4477.53,174,43,0
2026.06.04 18:18:00,4477.32,4478.51,4477.32,4478.13,156,43,0
2026.06.04 18:19:00,4478.11,4478.71,4478.11,4478.62,150,43,0
2026.06.04 18:20:00,4478.63,4478.65,4478.07,4478.39,177,43,0
2026.06.04 18:21:00,4478.4,4479.76,4478.34,4479.57,184,43,0
2026.06.04 18:22:00,4479.56,4480.25,4479.56,4479.57,179,43,0
2026.06.04 18:23:00,4479.58,4480.46,4479.31,4479.88,156,43,0
2026.06.04 18:24:00,4479.93,4480.47,4479.81,4480.08,143,43,0
2026.06.04 18:25:00,4480.05,4480.92,4480.05,4480.24,164,43,0
2026.06.04 18:26:00,4480.49,4480.66,4480.17,4480.46,140,43,0
2026.06.04 18:27:00,4480.42,4480.43,4479.37,4479.4,133,43,0
2026.06.04 18:28:00,4479.43,4480.02,4477.28,4477.39,189,43,0
2026.06.04 18:29:00,4477.4,4478.13,4477.24,4478.06,192,43,0
2026.06.04 18:30:00,4477.57,4477.78,4477.15,4477.58,159,43,0
2026.06.04 18:31:00,4477.47,4477.58,4476.38,4476.83,160,43,0
2026.06.04 18:32:00,4476.84,4476.92,4475.69,4476.27,194,43,0
2026.06.04 18:33:00,4476.26,4476.47,4474.98,4475.35,157,43,0
2026.06.04 18:34:00,4475.36,4475.41,4473.24,4473.46,170,43,0
2026.06.04 18:35:00,4473.49,4473.91,4472.85,4473.21,210,43,0
2026.06.04 18:36:00,4473.2,4473.96,4472.61,4473.94,165,43,0
2026.06.04 18:37:00,4473.97,4473.97,4473.28,4473.78,168,43,0
2026.06.04 18:38:00,4473.77,4473.86,4472.86,4473.16,145,43,0
2026.06.04 18:39:00,4473.15,4474.06,4472.83,4473.6,147,43,0
2026.06.04 18:40:00,4473.53,4473.55,4473.12,4473.34,157,43,0
2026.06.04 18:41:00,4473.35,4474.27,4473.35,4474.27,163,43,0
2026.06.04 18:42:00,4474.25,4474.61,4473.27,4474.23,158,43,0
2026.06.04 18:43:00,4474.22,4474.39,4473.99,4474.2,138,43,0
2026.06.04 18:44:00,4474.24,4474.33,4473.53,4474.01,155,43,0
2026.06.04 18:45:00,4474.03,4474.94,4474.01,4474.03,149,43,0
2026.06.04 18:46:00,4474.02,4475.41,4473.73,4474.91,134,43,0
2026.06.04 18:47:00,4474.82,4475.94,4474.72,4475.93,164,43,0
2026.06.04 18:48:00,4475.92,4476.22,4475.18,4475.64,189,43,0
2026.06.04 18:49:00,4475.67,4475.78,4475.07,4475.28,144,43,0
2026.06.04 18:50:00,4475.64,4477.03,4475.48,4477.03,172,43,0
2026.06.04 18:51:00,4477.23,4479.4,4477.23,4478.81,183,43,0
2026.06.04 18:52:00,4478.65,4478.76,4477.94,4477.97,143,43,0
2026.06.04 18:53:00,4477.93,4478.27,4477.76,4478.17,139,43,0
2026.06.04 18:54:00,4478.18,4478.26,4477.48,4478.14,150,43,0
2026.06.04 18:55:00,4478.3,4478.3,4477.34,4477.65,170,43,0
2026.06.04 18:56:00,4477.66,4478.64,4477.59,4478.22,175,43,0
2026.06.04 18:57:00,4478.11,4478.35,4477.98,4478.07,173,43,0
2026.06.04 18:58:00,4478.2,4478.44,4477.04,4477.62,188,43,0
2026.06.04 18:59:00,4477.63,4478.25,4477.43,4477.99,165,43,0
2026.06.04 19:00:00,4478.02,4480.16,4477.95,4480.16,150,43,0
2026.06.04 19:01:00,4480.14,4483.34,4480.12,4482.92,188,43,0
2026.06.04 19:02:00,4482.9,4482.93,4481.94,4482.15,171,43,0
2026.06.04 19:03:00,4482.1,4482.15,4481.09,4481.24,148,43,0
2026.06.04 19:04:00,4481.26,4482.24,4480.66,4481.36,187,43,0
2026.06.04 19:05:00,4481.35,4481.36,4480.24,4480.24,159,43,0
2026.06.04 19:06:00,4480.25,4480.32,4478.68,4478.75,185,43,0
2026.06.04 19:07:00,4478.57,4478.57,4477.76,4477.79,141,43,0
2026.06.04 19:08:00,4478.13,4478.53,4477.83,4477.83,153,43,0
2026.06.04 19:09:00,4477.8,4478.41,4477.4,4478.31,177,43,0
2026.06.04 19:10:00,4478.32,4478.51,4476.28,4476.29,148,43,0
2026.06.04 19:11:00,4476.29,4478.07,4476.05,4477.69,191,43,0
2026.06.04 19:12:00,4477.71,4478.16,4477.43,4477.48,166,43,0
2026.06.04 19:13:00,4477.53,4477.88,4477.48,4477.83,167,43,0
2026.06.04 19:14:00,4477.82,4478.3,4477.41,4478.02,168,43,0
2026.06.04 19:15:00,4478.04,4478.2,4477.69,4477.96,157,43,0
2026.06.04 19:16:00,4478.01,4478.39,4477.6,4478.15,159,43,0
2026.06.04 19:17:00,4477.94,4478.61,4477.77,4478.36,148,43,0
2026.06.04 19:18:00,4478.32,4478.33,4477.85,4478.32,122,43,0
2026.06.04 19:19:00,4478.26,4479.22,4478.14,4478.53,152,43,0
2026.06.04 19:20:00,4478.56,4478.95,4478.21,4478.87,159,43,0
2026.06.04 19:21:00,4478.86,4478.97,4478.58,4478.6,121,43,0
2026.06.04 19:22:00,4478.61,4478.83,4478.12,4478.25,113,43,0
2026.06.04 19:23:00,4478.19,4478.21,4477.8,4477.99,138,43,0
2026.06.04 19:24:00,4478.0,4479.33,4478.0,4479.14,139,43,0
2026.06.04 19:25:00,4479.12,4479.43,4478.68,4478.94,169,43,0
2026.06.04 19:26:00,4478.93,4479.65,4478.57,4479.22,166,43,0
2026.06.04 19:27:00,4479.27,4479.6,4478.81,4479.58,165,43,0
2026.06.04 19:28:00,4479.59,4479.81,4479.12,4479.76,138,43,0
2026.06.04 19:29:00,4479.83,4480.11,4479.52,4480.0,147,43,0
2026.06.04 19:30:00,4479.99,4480.26,4479.38,4479.75,156,43,0
2026.06.04 19:31:00,4479.78,4479.79,4478.47,4478.48,132,43,0
2026.06.04 19:32:00,4478.49,4478.71,4477.81,4478.5,173,43,0
2026.06.04 19:33:00,4478.46,4478.86,4478.1,4478.64,143,43,0
2026.06.04 19:34:00,4478.63,4479.0,4478.42,4478.58,160,43,0
2026.06.04 19:35:00,4478.56,4479.06,4478.29,4478.82,122,43,0
2026.06.04 19:36:00,4478.81,4478.84,4478.38,4478.41,141,43,0
2026.06.04 19:37:00,4478.45,4478.73,4477.34,4478.32,156,43,0
2026.06.04 19:38:00,4478.31,4478.92,4478.3,4478.85,155,43,0
2026.06.04 19:39:00,4478.87,4479.32,4478.49,4478.96,140,43,0
2026.06.04 19:40:00,4479.01,4480.1,4478.7,4479.27,168,43,0
2026.06.04 19:41:00,4479.25,4479.43,4478.51,4478.73,159,43,0
2026.06.04 19:42:00,4478.74,4479.06,4478.67,4479.0,127,43,0
2026.06.04 19:43:00,4479.01,4479.13,4478.1,4478.16,127,43,0
2026.06.04 19:44:00,4478.14,4478.41,4477.26,4477.72,167,43,0
2026.06.04 19:45:00,4477.7,4478.06,4477.32,4477.38,181,43,0
2026.06.04 19:46:00,4477.22,4477.65,4476.68,4477.5,142,43,0
2026.06.04 19:47:00,4477.49,4477.52,4477.17,4477.34,110,43,0
2026.06.04 19:48:00,4477.33,4477.86,4476.72,4477.13,146,43,0
2026.06.04 19:49:00,4477.06,4478.42,4476.99,4478.28,153,43,0
2026.06.04 19:50:00,4478.31,4478.65,4477.39,4477.41,172,43,0
2026.06.04 19:51:00,4477.42,4477.44,4476.87,4477.27,181,43,0
2026.06.04 19:52:00,4477.22,4477.81,4477.22,4477.5,186,43,0
2026.06.04 19:53:00,4477.54,4478.63,4477.05,4478.31,188,43,0
2026.06.04 19:54:00,4478.25,4478.72,4477.82,4478.16,204,43,0
2026.06.04 19:55:00,4477.96,4478.23,4477.1,4477.18,166,43,0
2026.06.04 19:56:00,4477.19,4478.38,4476.99,4477.85,194,43,0
2026.06.04 19:57:00,4477.86,4479.34,4477.8,4479.32,171,43,0
2026.06.04 19:58:00,4479.14,4482.28,4479.14,4481.91,216,43,0
2026.06.04 19:59:00,4481.83,4482.26,4480.39,4480.67,170,43,0
2026.06.04 20:00:00,4480.71,4481.3,4479.89,4481.3,167,43,0
2026.06.04 20:01:00,4481.26,4481.5,4480.96,4481.24,114,43,0
2026.06.04 20:02:00,4481.18,4481.44,4481.07,4481.21,102,43,0
2026.06.04 20:03:00,4481.22,4481.56,4480.3,4480.46,114,43,0
2026.06.04 20:04:00,4480.31,4480.31,4479.02,4479.55,147,43,0
2026.06.04 20:05:00,4479.54,4480.18,4479.54,4479.96,107,43,0
2026.06.04 20:06:00,4479.91,4479.93,4479.39,4479.71,89,43,0
2026.06.04 20:07:00,4479.68,4479.75,4478.74,4478.97,111,43,0
2026.06.04 20:08:00,4478.96,4479.65,4478.93,4479.32,93,43,0
2026.06.04 20:09:00,4479.31,4480.01,4479.28,4479.33,96,43,0
2026.06.04 20:10:00,4479.54,4479.93,4478.87,4478.99,114,43,0
2026.06.04 20:11:00,4479.01,4479.08,4478.36,4478.48,98,43,0
2026.06.04 20:12:00,4478.47,4478.47,4477.8,4478.21,105,43,0
2026.06.04 20:13:00,4478.23,4478.31,4478.0,4478.19,81,43,0
2026.06.04 20:14:00,4478.22,4478.48,4477.71,4477.71,87,43,0
2026.06.04 20:15:00,4477.64,4478.16,4477.54,4477.88,80,43,0
2026.06.04 20:16:00,4477.73,4478.99,4477.72,4478.99,72,43,0
2026.06.04 20:17:00,4478.98,4478.98,4478.09,4478.14,84,43,0
2026.06.04 20:18:00,4478.16,4478.89,4478.08,4478.87,89,43,0
2026.06.04 20:19:00,4478.84,4478.85,4477.51,4477.59,88,43,0
2026.06.04 20:20:00,4477.56,4477.89,4477.56,4477.65,79,43,0
2026.06.04 20:21:00,4477.68,4478.06,4477.35,4477.6,104,43,0
2026.06.04 20:22:00,4476.74,4478.12,4476.74,4477.41,85,43,0
2026.06.04 20:23:00,4477.39,4477.62,4477.22,4477.41,92,43,0
2026.06.04 20:24:00,4477.4,4477.9,4477.35,4477.65,67,43,0
2026.06.04 20:25:00,4477.66,4477.96,4476.96,4477.06,78,43,0
2026.06.04 20:26:00,4477.08,4477.17,4476.88,4477.04,70,43,0
2026.06.04 20:27:00,4477.03,4477.58,4476.52,4477.55,89,43,0
2026.06.04 20:28:00,4477.49,4477.84,4477.11,4477.47,82,43,0
2026.06.04 20:29:00,4477.44,4477.76,4477.04,4477.6,85,43,0
2026.06.04 20:30:00,4477.51,4477.51,4475.47,4476.08,139,43,0
2026.06.04 20:31:00,4476.04,4476.35,4476.03,4476.24,83,52,0
2026.06.04 20:32:00,4476.23,4476.45,4475.89,4476.38,96,52,0
2026.06.04 20:33:00,4476.36,4476.39,4476.06,4476.14,76,52,0
2026.06.04 20:34:00,4476.19,4476.47,4475.27,4475.81,74,52,0
2026.06.04 20:35:00,4475.82,4475.98,4475.56,4475.56,61,52,0
2026.06.04 20:36:00,4475.64,4476.26,4475.55,4475.83,79,52,0
2026.06.04 20:37:00,4475.78,4475.78,4474.99,4475.17,94,52,0
2026.06.04 20:38:00,4475.41,4475.9,4475.35,4475.88,55,52,0
2026.06.04 20:39:00,4475.89,4476.23,4475.67,4476.09,91,52,0
2026.06.04 20:40:00,4476.07,4477.27,4476.07,4476.52,109,52,0
2026.06.04 20:41:00,4476.53,4477.15,4475.41,4475.92,89,52,0
2026.06.04 20:42:00,4475.9,4476.2,4475.48,4475.6,89,52,0
2026.06.04 20:43:00,4475.61,4476.07,4475.58,4475.7,51,52,0
2026.06.04 20:44:00,4475.67,4475.67,4475.0,4475.01,73,52,0
2026.06.04 20:45:00,4475.02,4475.47,4474.56,4475.47,96,52,0
2026.06.04 20:46:00,4475.38,4475.64,4475.23,4475.62,70,52,0
2026.06.04 20:47:00,4475.64,4475.64,4474.91,4475.04,77,52,0
2026.06.04 20:48:00,4475.05,4475.32,4474.65,4474.81,77,52,0
2026.06.04 20:49:00,4474.83,4474.92,4474.27,4474.63,84,52,0
2026.06.04 20:50:00,4474.74,4475.01,4474.45,4474.82,57,52,0
2026.06.04 20:51:00,4474.77,4475.34,4474.58,4475.32,88,52,0
2026.06.04 20:52:00,4475.31,4475.65,4475.0,4475.35,64,52,0
2026.06.04 20:53:00,4475.34,4475.62,4475.25,4475.39,70,52,0
2026.06.04 20:54:00,4475.37,4475.74,4475.27,4475.64,84,52,0
2026.06.04 20:55:00,4475.42,4475.55,4474.29,4474.72,120,48,0
2026.06.04 20:56:00,4474.73,4474.78,4474.47,4474.72,29,48,0
2026.06.04 20:57:00,4474.73,4475.55,4474.29,4475.47,56,48,0
2026.06.04 20:58:00,4475.47,4475.47,4474.44,4474.56,56,49,0
2026.06.04 22:01:00,4474.69,4474.69,4473.14,4473.14,33,43,0
2026.06.04 22:02:00,4473.22,4475.38,4473.22,4474.69,54,43,0
2026.06.04 22:03:00,4474.85,4475.13,4473.93,4474.13,46,43,0
2026.06.04 22:04:00,4474.15,4474.16,4472.95,4473.73,53,43,0
2026.06.04 22:05:00,4473.61,4475.8,4473.56,4475.63,80,43,0
2026.06.04 22:06:00,4475.78,4476.14,4475.4,4475.85,78,43,0
2026.06.04 22:07:00,4475.34,4475.68,4473.96,4474.4,80,43,0
2026.06.04 22:08:00,4474.36,4475.16,4473.82,4475.01,67,43,0
2026.06.04 22:09:00,4474.97,4475.1,4474.95,4474.97,39,43,0
2026.06.04 22:10:00,4474.93,4475.66,4474.34,4475.57,100,43,0
2026.06.04 22:11:00,4475.55,4476.05,4475.05,4475.9,61,43,0
2026.06.04 22:12:00,4475.92,4476.03,4474.75,4474.91,85,43,0
2026.06.04 22:13:00,4474.92,4475.45,4473.91,4474.99,111,43,0
2026.06.04 22:14:00,4475.01,4475.46,4474.7,4475.16,114,43,0
2026.06.04 22:15:00,4475.19,4476.01,4474.76,4474.91,94,43,0
2026.06.04 22:16:00,4474.88,4475.37,4474.44,4475.13,67,43,0
2026.06.04 22:17:00,4475.11,4477.55,4474.57,4477.52,113,43,0
2026.06.04 22:18:00,4477.5,4478.51,4476.98,4477.29,120,43,0
2026.06.04 22:19:00,4477.28,4477.78,4476.79,4477.78,95,43,0
2026.06.04 22:20:00,4477.79,4477.98,4477.27,4477.66,133,43,0
2026.06.04 22:21:00,4477.63,4478.22,4477.4,4477.97,119,43,0
2026.06.04 22:22:00,4477.95,4478.22,4477.43,4477.94,101,43,0
2026.06.04 22:23:00,4477.92,4478.99,4477.83,4478.47,91,43,0
2026.06.04 22:24:00,4478.48,4479.21,4478.3,4479.19,129,43,0
2026.06.04 22:25:00,4479.18,4479.18,4477.66,4478.05,143,43,0
2026.06.04 22:26:00,4478.03,4479.38,4477.96,4479.03,89,43,0
2026.06.04 22:27:00,4479.02,4479.81,4478.84,4479.81,119,43,0
2026.06.04 22:28:00,4479.72,4480.11,4479.24,4479.26,98,43,0
2026.06.04 22:29:00,4479.24,4480.74,4478.62,4478.82,103,43,0
2026.06.04 22:30:00,4478.79,4480.73,4478.77,4480.61,123,43,0
2026.06.04 22:31:00,4480.62,4481.44,4480.07,4480.38,134,43,0
2026.06.04 22:32:00,4480.37,4480.66,4479.55,4480.66,106,43,0
2026.06.04 22:33:00,4480.67,4480.72,4479.67,4479.87,135,43,0
2026.06.04 22:34:00,4479.85,4479.88,4477.55,4478.04,133,43,0
2026.06.04 22:35:00,4478.06,4479.79,4477.96,4478.78,115,43,0
2026.06.04 22:36:00,4478.93,4479.76,4478.93,4479.43,102,43,0
2026.06.04 22:37:00,4479.58,4479.64,4477.56,4477.62,109,43,0
2026.06.04 22:38:00,4477.61,4479.42,4477.43,4479.29,121,43,0
2026.06.04 22:39:00,4479.34,4479.39,4478.82,4479.07,70,43,0
2026.06.04 22:40:00,4479.1,4479.45,4478.29,4479.42,103,43,0
2026.06.04 22:41:00,4479.38,4479.44,4477.89,4478.26,103,43,0
2026.06.04 22:42:00,4478.24,4479.19,4477.38,4477.68,134,43,0
2026.06.04 22:43:00,4477.66,4477.66,4475.61,4475.92,150,43,0
2026.06.04 22:44:00,4475.97,4476.76,4475.12,4475.12,122,43,0
2026.06.04 22:45:00,4475.09,4475.59,4474.52,4474.67,137,43,0
2026.06.04 22:46:00,4474.83,4476.06,4474.83,4475.73,97,43,0
2026.06.04 22:47:00,4475.73,4476.09,4475.52,4475.52,47,43,0
2026.06.04 22:48:00,4475.56,4475.69,4473.1,4473.54,138,43,0
2026.06.04 22:49:00,4473.52,4473.7,4472.21,4473.57,121,43,0
2026.06.04 22:50:00,4473.59,4474.04,4473.16,4473.2,116,43,0
2026.06.04 22:51:00,4473.21,4473.39,4471.53,4471.63,106,43,0
2026.06.04 22:52:00,4471.61,4472.13,4471.23,4471.27,143,43,0
2026.06.04 22:53:00,4471.25,4471.56,4470.98,4471.24,99,43,0
2026.06.04 22:54:00,4471.15,4471.29,4469.54,4469.6,138,43,0
2026.06.04 22:55:00,4469.55,4471.11,4469.52,4471.08,119,43,0
2026.06.04 22:56:00,4471.0,4471.29,4469.73,4470.1,171,43,0
2026.06.04 22:57:00,4470.16,4471.83,4470.16,4471.02,182,43,0
2026.06.04 22:58:00,4471.05,4471.05,4469.07,4469.07,115,43,0
2026.06.04 22:59:00,4468.93,4469.87,4468.75,4469.45,136,43,0
2026.06.04 23:00:00,4469.61,4471.03,4469.33,4471.0,165,43,0
2026.06.04 23:01:00,4471.04,4471.24,4467.84,4467.89,194,43,0
2026.06.04 23:02:00,4467.92,4468.14,4464.16,4464.36,237,43,0
2026.06.04 23:03:00,4464.33,4468.94,4464.33,4468.94,196,43,0
2026.06.04 23:04:00,4468.95,4470.85,4468.95,4469.93,175,43,0
2026.06.04 23:05:00,4469.93,4471.85,4467.53,4467.71,184,43,0
2026.06.04 23:06:00,4467.97,4468.8,4467.19,4467.21,159,43,0
2026.06.04 23:07:00,4467.22,4471.33,4466.86,4471.24,182,43,0
2026.06.04 23:08:00,4471.23,4473.17,4470.76,4471.47,181,43,0
2026.06.04 23:09:00,4471.38,4471.74,4470.71,4471.53,119,43,0
2026.06.04 23:10:00,4471.5,4472.04,4471.5,4472.04,117,43,0
2026.06.04 23:11:00,4471.99,4472.32,4471.11,4471.5,124,43,0
2026.06.04 23:12:00,4471.45,4473.97,4471.45,4472.42,170,43,0
2026.06.04 23:13:00,4472.45,4472.89,4471.2,4471.59,140,43,0
2026.06.04 23:14:00,4471.6,4471.63,4470.57,4470.87,118,43,0
2026.06.04 23:15:00,4470.87,4471.34,4470.77,4470.88,128,43,0
2026.06.04 23:16:00,4470.95,4471.11,4469.67,4470.74,163,43,0
2026.06.04 23:17:00,4470.8,4471.13,4469.95,4470.55,135,43,0
2026.06.04 23:18:00,4470.53,4471.34,4468.89,4470.12,136,43,0
2026.06.04 23:19:00,4470.17,4470.4,4469.57,4469.82,107,43,0
2026.06.04 23:20:00,4469.75,4469.76,4467.28,4468.41,196,43,0
2026.06.04 23:21:00,4468.42,4468.94,4468.4,4468.52,141,43,0
2026.06.04 23:22:00,4468.5,4469.05,4466.55,4467.93,160,43,0
2026.06.04 23:23:00,4468.0,4470.72,4467.47,4470.65,127,43,0
2026.06.04 23:24:00,4470.65,4471.92,4470.42,4471.41,123,43,0
2026.06.04 23:25:00,4471.46,4473.21,4471.44,4472.66,109,43,0
2026.06.04 23:26:00,4472.66,4473.27,4471.2,4471.25,141,43,0
2026.06.04 23:27:00,4471.22,4472.41,4469.11,4469.15,128,43,0
2026.06.04 23:28:00,4469.16,4469.35,4468.12,4468.23,108,43,0
2026.06.04 23:29:00,4468.21,4469.46,4468.21,4469.15,92,43,0
2026.06.04 23:30:00,4469.14,4469.53,4465.32,4465.35,158,43,0
2026.06.04 23:31:00,4465.36,4466.84,4463.94,4465.28,151,43,0
2026.06.04 23:32:00,4465.31,4466.42,4465.27,4465.67,121,43,0
2026.06.04 23:33:00,4465.65,4465.73,4464.66,4464.74,118,43,0
2026.06.04 23:34:00,4464.76,4465.69,4464.76,4465.56,70,43,0
2026.06.04 23:35:00,4465.56,4466.58,4465.16,4465.68,96,43,0
2026.06.04 23:36:00,4465.81,4466.2,4465.03,4465.03,118,43,0
2026.06.04 23:37:00,4465.01,4465.06,4462.84,4462.84,170,43,0
2026.06.04 23:38:00,4462.83,4463.65,4462.34,4462.72,115,43,0
2026.06.04 23:39:00,4462.71,4464.14,4462.71,4463.6,108,43,0
2026.06.04 23:40:00,4463.64,4464.69,4463.64,4463.91,102,43,0
2026.06.04 23:41:00,4463.9,4464.87,4463.81,4464.49,103,43,0
2026.06.04 23:42:00,4464.52,4464.94,4463.41,4463.82,118,43,0
2026.06.04 23:43:00,4463.74,4463.97,4461.92,4461.92,111,43,0
2026.06.04 23:44:00,4461.88,4463.18,4461.88,4463.16,151,43,0
2026.06.04 23:45:00,4463.15,4463.19,4460.36,4462.35,185,43,0
2026.06.04 23:46:00,4462.37,4463.43,4461.51,4461.82,144,43,0
2026.06.04 23:47:00,4461.78,4462.55,4461.66,4462.32,116,43,0
2026.06.04 23:48:00,4462.36,4463.09,4461.96,4462.14,140,43,0
2026.06.04 23:49:00,4462.15,4463.84,4461.92,4463.82,145,43,0
2026.06.04 23:50:00,4463.81,4465.68,4463.71,4465.11,174,43,0
2026.06.04 23:51:00,4465.04,4465.92,4464.37,4464.48,165,43,0
2026.06.04 23:52:00,4464.45,4464.69,4463.0,4463.06,231,43,0
2026.06.04 23:53:00,4463.1,4463.83,4463.1,4463.58,152,43,0
2026.06.04 23:54:00,4463.57,4464.3,4463.45,4464.17,167,43,0
2026.06.04 23:55:00,4464.2,4464.57,4463.59,4464.08,150,43,0
2026.06.04 23:56:00,4464.09,4464.74,4463.06,4463.64,203,43,0
2026.06.04 23:57:00,4463.68,4463.68,4461.28,4461.59,202,43,0
2026.06.04 23:58:00,4461.57,4463.49,4461.04,4463.47,152,43,0
2026.06.04 23:59:00,4463.46,4463.66,4461.14,4461.47,149,43,0
2026.06.05 00:00:00,4461.53,4461.8,4460.13,4460.77,184,43,0
2026.06.05 00:01:00,4460.8,4463.87,4459.38,4460.78,199,43,0
2026.06.05 00:02:00,4460.62,4462.7,4460.62,4461.72,173,43,0
2026.06.05 00:03:00,4461.92,4463.23,4461.68,4462.03,198,43,0
2026.06.05 00:04:00,4462.2,4462.96,4461.87,4462.04,169,43,0
2026.06.05 00:05:00,4462.08,4464.91,4462.08,4463.47,170,43,0
2026.06.05 00:06:00,4463.5,4463.5,4461.76,4461.85,182,43,0
2026.06.05 00:07:00,4461.99,4462.27,4461.22,4461.28,204,43,0
2026.06.05 00:08:00,4461.29,4461.8,4460.72,4461.32,187,43,0
2026.06.05 00:09:00,4461.34,4461.68,4459.74,4461.14,237,43,0
2026.06.05 00:10:00,4461.24,4462.45,4461.24,4461.34,176,43,0
2026.06.05 00:11:00,4461.38,4461.51,4459.68,4460.25,180,43,0
2026.06.05 00:12:00,4460.24,4460.38,4454.24,4455.07,267,43,0
2026.06.05 00:13:00,4455.03,4456.48,4454.95,4455.95,173,43,0
2026.06.05 00:14:00,4455.97,4456.59,4454.64,4455.35,183,43,0
2026.06.05 00:15:00,4455.22,4457.5,4454.3,4454.99,189,43,0
2026.06.05 00:16:00,4454.71,4454.88,4452.31,4452.53,201,43,0
2026.06.05 00:17:00,4452.58,4454.14,4452.2,4453.16,198,43,0
2026.06.05 00:18:00,4453.17,4454.0,4452.64,4453.9,197,43,0
2026.06.05 00:19:00,4453.91,4454.11,4452.07,4452.25,238,43,0
2026.06.05 00:20:00,4452.37,4452.86,4450.53,4451.98,175,43,0
2026.06.05 00:21:00,4451.95,4452.86,4450.56,4452.67,211,43,0
2026.06.05 00:22:00,4452.59,4455.04,4452.04,4454.71,165,43,0
2026.06.05 00:23:00,4454.69,4455.42,4454.09,4454.89,175,43,0
2026.06.05 00:24:00,4454.9,4454.97,4452.61,4454.3,162,43,0
2026.06.05 00:25:00,4454.29,4455.4,4453.15,4455.36,165,43,0
2026.06.05 00:26:00,4455.37,4456.2,4454.49,4454.76,189,43,0
2026.06.05 00:27:00,4454.67,4456.31,4454.21,4454.22,161,43,0
2026.06.05 00:28:00,4454.03,4456.61,4453.81,4456.39,166,43,0
2026.06.05 00:29:00,4456.34,4457.56,4455.66,4457.44,188,43,0
2026.06.05 00:30:00,4457.4,4460.73,4456.12,4460.7,174,43,0
2026.06.05 00:31:00,4460.66,4460.79,4458.68,4459.24,186,43,0
2026.06.05 00:32:00,4459.26,4459.54,4458.22,4458.29,178,43,0
2026.06.05 00:33:00,4458.22,4460.65,4458.2,4459.66,143,43,0
2026.06.05 00:34:00,4459.64,4461.01,4459.14,4460.3,159,43,0
2026.06.05 00:35:00,4460.56,4463.16,4460.54,4462.61,166,43,0
2026.06.05 00:36:00,4462.82,4466.82,4462.81,4464.83,218,43,0
2026.06.05 00:37:00,4464.88,4464.89,4463.89,4464.4,184,43,0
2026.06.05 00:38:00,4464.4,4464.5,4461.86,4463.15,179,43,0
2026.06.05 00:39:00,4463.14,4464.11,4461.58,4464.09,177,43,0
2026.06.05 00:40:00,4464.13,4465.55,4463.86,4464.62,174,43,0
2026.06.05 00:41:00,4464.64,4466.19,4464.51,4464.81,162,43,0
2026.06.05 00:42:00,4464.83,4465.8,4464.36,4465.51,141,43,0
2026.06.05 00:43:00,4465.32,4465.35,4463.46,4463.88,150,43,0
2026.06.05 00:44:00,4463.92,4464.5,4462.77,4463.05,152,43,0
2026.06.05 00:45:00,4463.33,4464.7,4462.23,4464.59,179,43,0
2026.06.05 00:46:00,4464.47,4466.45,4463.64,4464.59,188,43,0
2026.06.05 00:47:00,4464.57,4464.88,4463.31,4463.46,177,43,0
2026.06.05 00:48:00,4463.41,4463.96,4463.02,4463.78,157,43,0
2026.06.05 00:49:00,4463.65,4463.83,4461.16,4461.36,183,43,0
2026.06.05 00:50:00,4461.24,4462.75,4460.75,4461.88,147,43,0
2026.06.05 00:51:00,4461.86,4462.53,4461.21,4462.28,139,43,0
2026.06.05 00:52:00,4462.16,4463.71,4461.22,4463.71,172,43,0
2026.06.05 00:53:00,4463.7,4465.13,4463.44,4464.84,170,43,0
2026.06.05 00:54:00,4464.81,4465.58,4464.73,4465.05,175,43,0
2026.06.05 00:55:00,4465.02,4465.02,4463.07,4463.5,185,43,0
2026.06.05 00:56:00,4463.5,4464.02,4462.85,4463.04,163,43,0
2026.06.05 00:57:00,4463.01,4464.38,4462.61,4462.87,187,43,0
2026.06.05 00:58:00,4462.92,4463.41,4462.3,4462.78,164,43,0
2026.06.05 00:59:00,4462.73,4462.73,4458.43,4459.28,217,43,0
2026.06.05 01:00:00,4459.16,4460.6,4452.78,4457.04,216,43,0
2026.06.05 01:01:00,4456.96,4461.28,4456.12,4458.89,218,43,0
2026.06.05 01:02:00,4459.67,4460.83,4457.54,4460.51,199,43,0
2026.06.05 01:03:00,4460.45,4464.77,4459.6,4463.37,202,43,0
2026.06.05 01:04:00,4462.54,4466.89,4462.41,4466.24,220,43,0
2026.06.05 01:05:00,4466.1,4469.95,4465.31,4468.25,203,43,0
2026.06.05 01:06:00,4468.15,4468.33,4464.56,4464.86,211,43,0
2026.06.05 01:07:00,4464.93,4467.44,4464.21,4464.96,231,43,0
2026.06.05 01:08:00,4464.93,4466.13,4463.31,4465.25,204,43,0
2026.06.05 01:09:00,4465.11,4467.11,4464.25,4464.5,209,43,0
2026.06.05 01:10:00,4464.45,4465.13,4463.22,4463.22,194,43,0
2026.06.05 01:11:00,4463.25,4464.12,4461.96,4463.43,225,43,0
2026.06.05 01:12:00,4463.53,4463.96,4462.12,4463.5,232,43,0
2026.06.05 01:13:00,4463.5,4463.63,4460.63,4461.64,249,43,0
2026.06.05 01:14:00,4461.63,4461.63,4459.77,4460.26,216,43,0
2026.06.05 01:15:00,4459.94,4463.49,4459.54,4463.21,229,43,0
2026.06.05 01:16:00,4463.2,4463.95,4462.22,4462.61,217,43,0
2026.06.05 01:17:00,4462.27,4463.58,4460.79,4460.79,195,43,0
2026.06.05 01:18:00,4460.61,4460.96,4457.63,4460.0,203,43,0
2026.06.05 01:19:00,4459.96,4464.87,4459.91,4463.13,192,43,0
2026.06.05 01:20:00,4463.08,4463.8,4461.9,4462.04,207,43,0
2026.06.05 01:21:00,4462.13,4462.48,4457.83,4458.78,225,43,0
2026.06.05 01:22:00,4458.77,4458.77,4454.22,4456.42,222,43,0
2026.06.05 01:23:00,4456.39,4457.78,4455.87,4456.12,195,43,0
2026.06.05 01:24:00,4455.96,4457.28,4453.98,4455.19,218,43,0
2026.06.05 01:25:00,4454.81,4455.55,4451.4,4451.4,203,43,0
2026.06.05 01:26:00,4451.18,4451.58,4449.29,4449.65,199,43,0
2026.06.05 01:27:00,4449.68,4454.66,4449.68,4454.48,189,43,0
2026.06.05 01:28:00,4454.5,4457.52,4454.5,4457.03,195,43,0
2026.06.05 01:29:00,4457.01,4459.49,4456.95,4458.58,186,43,0
2026.06.05 01:30:00,4458.75,4459.64,4457.06,4457.13,200,43,0
2026.06.05 01:31:00,4457.43,4459.58,4456.77,4456.98,191,43,0
2026.06.05 01:32:00,4456.94,4457.68,4455.5,4456.41,185,43,0
2026.06.05 01:33:00,4456.34,4458.56,4455.23,4455.94,225,43,0
2026.06.05 01:34:00,4455.94,4456.68,4453.76,4453.94,214,43,0
2026.06.05 01:35:00,4454.01,4456.46,4453.69,4454.89,208,43,0
2026.06.05 01:36:00,4454.91,4455.5,4453.62,4455.03,209,43,0
2026.06.05 01:37:00,4455.02,4455.72,4453.65,4454.66,188,43,0
2026.06.05 01:38:00,4454.52,4454.85,4451.92,4452.13,192,43,0
2026.06.05 01:39:00,4452.12,4453.29,4448.43,4449.47,195,43,0
2026.06.05 01:40:00,4449.58,4450.97,4447.83,4448.28,191,43,0
2026.06.05 01:41:00,4448.3,4451.26,4448.3,4448.72,182,43,0
2026.06.05 01:42:00,4448.77,4449.18,4445.53,4447.11,200,43,0
2026.06.05 01:43:00,4447.12,4448.63,4446.5,4448.07,178,43,0
2026.06.05 01:44:00,4448.17,4448.78,4445.25,4445.88,184,43,0
2026.06.05 01:45:00,4446.17,4446.67,4443.97,4446.54,165,43,0
2026.06.05 01:46:00,4446.04,4448.74,4445.93,4448.26,192,43,0
2026.06.05 01:47:00,4448.22,4449.34,4447.53,4449.17,192,43,0
2026.06.05 01:48:00,4449.03,4449.37,4445.66,4446.57,175,43,0
2026.06.05 01:49:00,4446.74,4447.52,4446.4,4446.46,193,43,0
2026.06.05 01:50:00,4446.43,4446.76,4444.72,4445.69,172,43,0
2026.06.05 01:51:00,4445.7,4447.76,4444.81,4447.6,179,43,0
2026.06.05 01:52:00,4447.5,4447.91,4444.54,4444.63,200,43,0
2026.06.05 01:53:00,4444.68,4447.48,4444.51,4447.27,219,43,0
2026.06.05 01:54:00,4447.25,4450.44,4447.25,4450.32,219,43,0
2026.06.05 01:55:00,4450.25,4450.88,4448.57,4449.08,188,43,0
2026.06.05 01:56:00,4449.02,4450.1,4447.31,4447.46,165,43,0
2026.06.05 01:57:00,4447.46,4448.16,4445.4,4446.51,210,43,0
2026.06.05 01:58:00,4446.55,4446.94,4444.99,4445.39,244,43,0
2026.06.05 01:59:00,4445.39,4446.7,4444.94,4446.67,204,43,0
2026.06.05 02:00:00,4446.57,4448.62,4445.16,4445.71,176,43,0
2026.06.05 02:01:00,4445.68,4446.03,4442.38,4444.17,192,43,0
2026.06.05 02:02:00,4444.16,4445.77,4443.69,4445.77,212,43,0
2026.06.05 02:03:00,4445.79,4450.97,4445.79,4450.07,194,43,0
2026.06.05 02:04:00,4449.95,4450.4,4449.1,4449.35,172,43,0
2026.06.05 02:05:00,4449.29,4449.35,4447.32,4448.94,183,43,0
2026.06.05 02:06:00,4448.9,4449.57,4445.87,4445.97,182,43,0
2026.06.05 02:07:00,4446.09,4446.9,4444.64,4445.46,226,43,0
2026.06.05 02:08:00,4445.45,4448.46,4444.89,4448.03,235,43,0
2026.06.05 02:09:00,4448.06,4448.12,4446.4,4447.85,216,43,0
2026.06.05 02:10:00,4447.72,4447.72,4445.92,4446.47,198,43,0
2026.06.05 02:11:00,4446.48,4448.65,4446.17,4448.32,214,43,0
2026.06.05 02:12:00,4448.29,4449.82,4447.68,4449.74,236,43,0
2026.06.05 02:13:00,4449.8,4450.38,4449.23,4449.94,188,43,0
2026.06.05 02:14:00,4449.98,4450.37,4449.13,4449.27,221,43,0
2026.06.05 02:15:00,4449.22,4450.54,4448.95,4450.06,151,43,0
2026.06.05 02:16:00,4450.09,4450.61,4448.66,4449.23,157,43,0
2026.06.05 02:17:00,4449.23,4449.7,4448.82,4449.7,171,43,0
2026.06.05 02:18:00,4449.74,4449.75,4449.15,4449.19,131,43,0
2026.06.05 02:19:00,4449.22,4449.29,4445.86,4447.51,167,43,0
2026.06.05 02:20:00,4447.5,4448.69,4447.33,4448.16,161,43,0
2026.06.05 02:21:00,4448.19,4450.14,4448.19,4449.85,133,43,0
2026.06.05 02:22:00,4449.72,4450.97,4449.6,4450.58,134,43,0
2026.06.05 02:23:00,4450.55,4452.68,4450.04,4452.49,209,43,0
2026.06.05 02:24:00,4452.51,4453.13,4451.52,4452.81,164,43,0
2026.06.05 02:25:00,4452.81,4453.45,4452.08,4453.1,174,43,0
2026.06.05 02:26:00,4453.04,4454.82,4452.76,4453.06,177,43,0
2026.06.05 02:27:00,4453.08,4453.33,4451.16,4452.06,146,43,0
2026.06.05 02:28:00,4452.05,4452.11,4450.88,4451.02,141,43,0
2026.06.05 02:29:00,4451.06,4451.51,4449.92,4451.05,138,43,0
2026.06.05 02:30:00,4451.04,4451.68,4443.76,4444.73,236,43,0
2026.06.05 02:31:00,4444.51,4446.73,4442.14,4444.28,208,43,0
2026.06.05 02:32:00,4444.38,4446.78,4442.36,4446.78,237,43,0
2026.06.05 02:33:00,4446.91,4447.37,4444.49,4446.34,194,43,0
2026.06.05 02:34:00,4446.25,4446.99,4444.69,4444.84,200,43,0
2026.06.05 02:35:00,4444.86,4444.87,4441.02,4443.54,223,43,0
2026.06.05 02:36:00,4443.58,4445.59,4443.58,4444.03,189,43,0
2026.06.05 02:37:00,4444.05,4445.96,4443.44,4445.65,206,43,0
2026.06.05 02:38:00,4446.17,4446.54,4444.78,4445.14,187,43,0
2026.06.05 02:39:00,4445.13,4446.64,4444.87,4445.14,206,43,0
2026.06.05 02:40:00,4445.07,4445.17,4442.08,4443.5,184,43,0
2026.06.05 02:41:00,4443.52,4443.52,4438.39,4438.9,237,43,0
2026.06.05 02:42:00,4438.89,4440.04,4438.38,4439.79,226,43,0
2026.06.05 02:43:00,4439.71,4441.14,4438.79,4441.14,185,43,0
2026.06.05 02:44:00,4441.15,4443.58,4440.8,4442.85,193,43,0
2026.06.05 02:45:00,4442.8,4446.65,4442.21,4446.5,188,43,0
2026.06.05 02:46:00,4446.53,4447.21,4444.88,4445.22,204,43,0
2026.06.05 02:47:00,4445.12,4446.05,4444.96,4445.96,173,43,0
2026.06.05 02:48:00,4445.91,4447.08,4445.72,4445.9,188,43,0
2026.06.05 02:49:00,4445.82,4445.83,4443.98,4445.48,178,43,0
2026.06.05 02:50:00,4445.52,4449.85,4445.5,4448.76,213,43,0
2026.06.05 02:51:00,4448.82,4449.36,4447.76,4448.0,192,43,0
2026.06.05 02:52:00,4448.01,4448.6,4447.14,4448.6,172,43,0
2026.06.05 02:53:00,4448.62,4448.78,4446.95,4446.95,161,43,0
2026.06.05 02:54:00,4446.95,4446.95,4443.18,4443.2,197,43,0
2026.06.05 02:55:00,4443.17,4443.83,4440.51,4440.69,240,43,0
2026.06.05 02:56:00,4440.67,4441.57,4440.24,4441.27,210,43,0
2026.06.05 02:57:00,4441.33,4442.5,4440.96,4441.65,218,43,0
2026.06.05 02:58:00,4441.63,4442.0,4439.9,4440.98,186,43,0
2026.06.05 02:59:00,4440.95,4441.45,4440.1,4440.44,211,43,0
2026.06.05 03:00:00,4440.44,4441.14,4438.23,4438.55,195,43,0
2026.06.05 03:01:00,4438.57,4440.31,4437.21,4440.12,183,43,0
2026.06.05 03:02:00,4440.13,4440.13,4437.7,4437.7,169,43,0
2026.06.05 03:03:00,4437.8,4438.6,4436.61,4438.32,219,43,0
2026.06.05 03:04:00,4438.34,4438.89,4436.71,4438.37,179,43,0
2026.06.05 03:05:00,4438.36,4438.45,4436.89,4437.95,175,43,0
2026.06.05 03:06:00,4437.88,4438.76,4436.76,4438.11,170,43,0
2026.06.05 03:07:00,4438.54,4438.92,4437.47,4438.33,169,43,0
2026.06.05 03:08:00,4438.34,4440.06,4437.98,4438.98,179,43,0
2026.06.05 03:09:00,4438.97,4440.48,4438.97,4439.84,186,43,0
2026.06.05 03:10:00,4439.78,4440.21,4438.1,4439.69,217,43,0
2026.06.05 03:11:00,4439.66,4440.25,4438.64,4439.92,176,43,0
2026.06.05 03:12:00,4439.84,4440.36,4438.92,4439.71,208,43,0
2026.06.05 03:13:00,4439.66,4440.74,4439.23,4440.02,172,43,0
2026.06.05 03:14:00,4440.0,4440.81,4439.51,4440.72,173,43,0
2026.06.05 03:15:00,4440.72,4442.15,4440.69,4442.0,151,43,0
2026.06.05 03:16:00,4442.02,4443.76,4442.02,4443.29,166,43,0
2026.06.05 03:17:00,4443.29,4443.38,4440.92,4441.29,207,43,0
2026.06.05 03:18:00,4441.3,4441.51,4438.29,4438.33,176,43,0
2026.06.05 03:19:00,4438.37,4439.14,4437.97,4438.65,163,43,0
2026.06.05 03:20:00,4438.65,4438.87,4437.59,4438.64,157,43,0
2026.06.05 03:21:00,4438.63,4438.63,4437.17,4437.17,206,43,0
2026.06.05 03:22:00,4437.16,4437.22,4435.17,4435.23,204,43,0
2026.06.05 03:23:00,4435.22,4436.93,4435.22,4436.68,213,43,0
2026.06.05 03:24:00,4436.7,4437.52,4436.55,4437.25,185,43,0
2026.06.05 03:25:00,4437.21,4438.09,4436.72,4437.74,193,43,0
2026.06.05 03:26:00,4437.83,4439.04,4436.76,4437.1,167,43,0
2026.06.05 03:27:00,4437.11,4438.04,4436.88,4437.69,198,43,0
2026.06.05 03:28:00,4437.6,4438.41,4437.35,4437.59,172,43,0
2026.06.05 03:29:00,4437.51,4438.37,4436.25,4436.56,207,43,0
2026.06.05 03:30:00,4436.68,4438.94,4436.23,4438.94,169,43,0
2026.06.05 03:31:00,4439.12,4441.42,4439.1,4440.19,172,43,0
2026.06.05 03:32:00,4440.18,4440.38,4439.05,4439.38,141,43,0
2026.06.05 03:33:00,4439.41,4439.71,4438.47,4439.46,150,43,0
2026.06.05 03:34:00,4439.38,4439.81,4438.96,4439.65,149,43,0
2026.06.05 03:35:00,4439.68,4439.7,4437.91,4438.69,158,43,0
2026.06.05 03:36:00,4438.76,4439.36,4436.56,4439.24,171,43,0
2026.06.05 03:37:00,4439.26,4439.98,4438.48,4439.61,159,43,0
2026.06.05 03:38:00,4439.67,4440.08,4438.93,4439.07,180,43,0
2026.06.05 03:39:00,4439.07,4441.17,4438.84,4440.56,177,43,0
2026.06.05 03:40:00,4440.58,4441.45,4440.57,4441.11,130,43,0
2026.06.05 03:41:00,4441.2,4441.64,4440.53,4441.4,136,43,0
2026.06.05 03:42:00,4441.49,4442.26,4441.27,4442.08,125,43,0
2026.06.05 03:43:00,4442.11,4442.28,4441.23,4441.37,151,43,0
2026.06.05 03:44:00,4441.36,4441.45,4440.16,4440.82,156,43,0
2026.06.05 03:45:00,4440.82,4441.03,4440.43,4440.46,142,43,0
2026.06.05 03:46:00,4440.44,4440.76,4440.05,4440.29,128,43,0
2026.06.05 03:47:00,4440.28,4440.96,4439.88,4440.4,127,43,0
2026.06.05 03:48:00,4440.51,4441.56,4440.18,4441.23,129,43,0
2026.06.05 03:49:00,4441.2,4441.54,4440.91,4441.01,101,43,0
2026.06.05 03:50:00,4440.95,4442.18,4440.94,4441.16,127,43,0
2026.06.05 03:51:00,4440.51,4440.66,4439.65,4440.22,126,43,0
2026.06.05 03:52:00,4440.23,4440.62,4439.12,4440.06,135,43,0
2026.06.05 03:53:00,4440.04,4440.29,4439.44,4439.58,124,43,0
2026.06.05 03:54:00,4439.55,4441.17,4439.14,4440.48,174,43,0
2026.06.05 03:55:00,4440.5,4441.7,4440.46,4441.52,116,43,0
2026.06.05 03:56:00,4441.54,4442.88,4441.54,4442.83,146,43,0
2026.06.05 03:57:00,4442.83,4443.22,4442.29,4442.29,166,43,0
2026.06.05 03:58:00,4442.31,4442.44,4441.47,4442.26,141,43,0
2026.06.05 03:59:00,4442.31,4442.31,4441.48,4442.24,148,43,0
2026.06.05 04:00:00,4442.25,4443.31,4442.25,4442.86,141,43,0
2026.06.05 04:01:00,4442.87,4443.2,4442.44,4442.61,125,43,0
2026.06.05 04:02:00,4442.59,4444.57,4442.52,4444.08,138,43,0
2026.06.05 04:03:00,4444.06,4444.1,4442.65,4442.7,130,43,0
2026.06.05 04:04:00,4442.67,4442.67,4441.11,4442.4,143,43,0
2026.06.05 04:05:00,4442.44,4443.59,4442.15,4443.26,150,43,0
2026.06.05 04:06:00,4443.29,4443.37,4442.66,4443.07,180,43,0
2026.06.05 04:07:00,4443.1,4443.41,4442.36,4442.38,135,43,0
2026.06.05 04:08:00,4442.34,4442.55,4439.63,4440.26,134,43,0
2026.06.05 04:09:00,4440.25,4440.85,4440.02,4440.55,132,43,0
2026.06.05 04:10:00,4440.72,4441.13,4439.65,4439.89,128,43,0
2026.06.05 04:11:00,4439.89,4440.19,4439.28,4439.93,156,43,0
2026.06.05 04:12:00,4439.96,4440.66,4439.23,4439.35,147,43,0
2026.06.05 04:13:00,4439.61,4439.66,4438.25,4438.99,162,43,0
2026.06.05 04:14:00,4438.93,4441.61,4438.7,4441.54,176,43,0
2026.06.05 04:15:00,4441.65,4442.19,4440.59,4441.22,151,43,0
2026.06.05 04:16:00,4441.16,4442.96,4441.01,4442.01,127,43,0
2026.06.05 04:17:00,4441.99,4443.65,4441.98,4443.59,128,43,0
2026.06.05 04:18:00,4443.6,4443.72,4440.56,4440.56,163,43,0
2026.06.05 04:19:00,4440.54,4440.75,4438.84,4439.14,174,43,0
2026.06.05 04:20:00,4439.02,4439.98,4438.99,4439.73,141,43,0
2026.06.05 04:21:00,4439.73,4441.57,4439.64,4441.35,117,43,0
2026.06.05 04:22:00,4441.21,4441.37,4440.11,4440.21,112,43,0
2026.06.05 04:23:00,4440.19,4440.34,4439.53,4439.75,141,43,0
2026.06.05 04:24:00,4439.69,4439.96,4438.92,4439.63,121,43,0
2026.06.05 04:25:00,4439.64,4442.07,4439.64,4442.02,163,43,0
2026.06.05 04:26:00,4441.96,4443.57,4441.79,4443.46,143,43,0
2026.06.05 04:27:00,4443.48,4443.58,4441.47,4441.77,153,43,0
2026.06.05 04:28:00,4441.72,4441.75,4440.27,4440.45,117,43,0
2026.06.05 04:29:00,4440.49,4440.78,4439.29,4439.51,169,43,0
2026.06.05 04:30:00,4439.52,4439.84,4437.44,4437.45,148,43,0
2026.06.05 04:31:00,4437.46,4438.35,4437.29,4438.15,139,43,0
2026.06.05 04:32:00,4438.2,4439.07,4437.77,4439.07,149,43,0
2026.06.05 04:33:00,4439.06,4439.78,4438.85,4439.15,135,43,0
2026.06.05 04:34:00,4439.21,4439.36,4438.6,4439.36,125,43,0
2026.06.05 04:35:00,4439.2,4439.81,4438.8,4439.55,130,43,0
2026.06.05 04:36:00,4439.6,4440.87,4439.35,4439.63,124,43,0
2026.06.05 04:37:00,4439.45,4440.38,4439.2,4440.03,125,43,0
2026.06.05 04:38:00,4440.01,4440.33,4439.84,4440.02,138,43,0
2026.06.05 04:39:00,4440.02,4441.62,4439.81,4441.58,156,43,0
2026.06.05 04:40:00,4441.54,4444.03,4441.3,4442.21,158,43,0
2026.06.05 04:41:00,4442.14,4442.34,4441.51,4441.64,138,43,0
2026.06.05 04:42:00,4441.65,4441.65,4440.25,4440.49,113,43,0
2026.06.05 04:43:00,4440.43,4440.43,4439.18,4439.73,141,43,0
2026.06.05 04:44:00,4439.73,4440.85,4439.73,4440.74,138,43,0
2026.06.05 04:45:00,4440.76,4441.44,4440.59,4440.98,117,43,0
2026.06.05 04:46:00,4440.91,4440.93,4439.64,4439.65,134,43,0
2026.06.05 04:47:00,4439.57,4441.28,4439.56,4441.12,109,43,0
2026.06.05 04:48:00,4441.11,4442.17,4440.8,4440.89,149,43,0
2026.06.05 04:49:00,4440.97,4441.25,4440.23,4441.01,126,43,0
2026.06.05 04:50:00,4440.96,4442.94,4440.81,4442.08,177,43,0
2026.06.05 04:51:00,4442.05,4442.32,4441.53,4442.23,145,43,0
2026.06.05 04:52:00,4442.21,4442.43,4441.78,4442.33,161,43,0
2026.06.05 04:53:00,4442.29,4443.02,4442.03,4443.0,117,43,0
2026.06.05 04:54:00,4442.98,4444.19,4442.8,4444.15,143,43,0
2026.06.05 04:55:00,4444.18,4445.17,4443.89,4444.96,172,43,0
2026.06.05 04:56:00,4444.96,4446.23,4444.87,4445.39,144,43,0
2026.06.05 04:57:00,4445.34,4446.22,4445.26,4446.12,126,43,0
2026.06.05 04:58:00,4446.02,4446.03,4444.52,4445.47,150,43,0
2026.06.05 04:59:00,4445.48,4445.72,4444.59,4444.85,111,43,0
2026.06.05 05:00:00,4444.92,4445.53,4444.21,4444.48,139,43,0
2026.06.05 05:01:00,4444.33,4446.05,4443.13,4445.71,141,43,0
2026.06.05 05:02:00,4445.75,4446.8,4445.48,4446.5,189,43,0
2026.06.05 05:03:00,4446.53,4449.81,4446.47,4448.59,188,43,0
2026.06.05 05:04:00,4448.66,4448.66,4447.15,4447.44,164,43,0
2026.06.05 05:05:00,4447.44,4448.91,4447.08,4448.42,181,43,0
2026.06.05 05:06:00,4448.42,4448.42,4446.94,4448.03,145,43,0
2026.06.05 05:07:00,4447.93,4449.05,4447.93,4448.34,155,43,0
2026.06.05 05:08:00,4448.4,4449.72,4448.18,4449.47,143,43,0
2026.06.05 05:09:00,4449.5,4449.71,4446.98,4447.19,144,43,0
2026.06.05 05:10:00,4447.19,4448.64,4446.33,4448.64,158,43,0
2026.06.05 05:11:00,4448.63,4449.44,4447.93,4448.03,148,43,0
2026.06.05 05:12:00,4448.03,4448.56,4447.12,4447.36,161,43,0
2026.06.05 05:13:00,4447.38,4449.58,4446.86,4449.06,137,43,0
2026.06.05 05:14:00,4449.02,4449.14,4448.16,4448.83,172,43,0
2026.06.05 05:15:00,4448.8,4449.1,4445.28,4445.6,146,43,0
2026.06.05 05:16:00,4445.71,4446.23,4445.39,4445.95,142,43,0
2026.06.05 05:17:00,4445.9,4445.92,4444.07,4444.41,159,43,0
2026.06.05 05:18:00,4444.35,4445.41,4444.15,4444.9,152,43,0
2026.06.05 05:19:00,4444.95,4446.15,4444.95,4445.53,187,43,0
2026.06.05 05:20:00,4445.49,4446.23,4445.27,4445.56,158,43,0
2026.06.05 05:21:00,4445.62,4445.73,4444.18,4444.18,131,43,0
2026.06.05 05:22:00,4444.08,4444.34,4442.12,4443.17,149,43,0
2026.06.05 05:23:00,4443.14,4443.14,4442.24,4442.67,131,43,0
2026.06.05 05:24:00,4442.66,4445.07,4442.64,4444.76,144,43,0
2026.06.05 05:25:00,4444.73,4445.06,4444.12,4444.34,121,43,0
2026.06.05 05:26:00,4444.28,4444.83,4444.01,4444.67,120,43,0
2026.06.05 05:27:00,4444.69,4445.61,4444.66,4445.12,117,43,0
2026.06.05 05:28:00,4445.22,4445.65,4444.84,4445.22,112,43,0
2026.06.05 05:29:00,4445.23,4445.5,4444.33,4444.6,130,43,0
2026.06.05 05:30:00,4444.59,4445.99,4442.45,4443.13,233,43,0
2026.06.05 05:31:00,4443.07,4444.76,4442.38,4442.45,213,43,0
2026.06.05 05:32:00,4442.42,4443.01,4439.53,4441.11,272,43,0
2026.06.05 05:33:00,4440.96,4442.52,4440.61,4442.28,222,43,0
2026.06.05 05:34:00,4442.25,4443.77,4442.07,4442.62,224,43,0
2026.06.05 05:35:00,4442.67,4443.27,4442.24,4443.01,245,43,0
2026.06.05 05:36:00,4443.05,4447.89,4442.07,4447.64,195,43,0
2026.06.05 05:37:00,4447.32,4447.65,4445.47,4445.78,180,43,0
2026.06.05 05:38:00,4445.82,4447.37,4445.53,4445.97,192,43,0
2026.06.05 05:39:00,4445.97,4447.27,4444.8,4445.44,193,43,0
2026.06.05 05:40:00,4445.56,4446.51,4444.43,4446.05,196,43,0
2026.06.05 05:41:00,4445.9,4446.13,4443.96,4444.9,209,43,0
2026.06.05 05:42:00,4444.92,4445.85,4444.32,4445.69,191,43,0
2026.06.05 05:43:00,4445.7,4445.85,4442.89,4444.09,180,43,0
2026.06.05 05:44:00,4444.13,4444.87,4442.97,4443.62,181,43,0
2026.06.05 05:45:00,4443.63,4444.98,4442.89,4443.2,176,43,0
2026.06.05 05:46:00,4443.18,4443.32,4442.04,4443.08,160,43,0
2026.06.05 05:47:00,4443.16,4445.96,4443.15,4445.75,157,43,0
2026.06.05 05:48:00,4445.74,4446.5,4445.47,4446.23,171,43,0
2026.06.05 05:49:00,4446.44,4448.1,4446.26,4447.48,209,43,0
2026.06.05 05:50:00,4447.45,4447.8,4445.81,4446.33,150,43,0
2026.06.05 05:51:00,4446.4,4447.78,4446.38,4447.71,155,43,0
2026.06.05 05:52:00,4447.63,4447.77,4446.44,4446.72,157,43,0
2026.06.05 05:53:00,4446.69,4446.9,4444.11,4444.63,164,43,0
2026.06.05 05:54:00,4444.62,4445.16,4442.63,4443.46,157,43,0
2026.06.05 05:55:00,4443.47,4444.82,4443.0,4443.13,157,43,0
2026.06.05 05:56:00,4443.12,4443.12,4441.05,4441.05,166,43,0
2026.06.05 05:57:00,4441.0,4441.08,4438.52,4438.99,173,43,0
2026.06.05 05:58:00,4438.61,4440.54,4438.61,4440.0,186,43,0
2026.06.05 05:59:00,4439.94,4440.45,4439.67,4439.87,184,43,0
2026.06.05 06:00:00,4439.96,4442.44,4439.66,4440.95,181,43,0
2026.06.05 06:01:00,4440.93,4440.93,4438.95,4439.41,178,43,0
2026.06.05 06:02:00,4439.43,4439.43,4436.61,4437.37,180,43,0
2026.06.05 06:03:00,4437.35,4437.82,4436.15,4436.43,168,43,0
2026.06.05 06:04:00,4436.7,4437.99,4435.25,4437.4,188,43,0
2026.06.05 06:05:00,4437.26,4439.2,4437.12,4438.99,181,43,0
2026.06.05 06:06:00,4439.01,4440.41,4438.04,4440.35,170,43,0
2026.06.05 06:07:00,4440.24,4440.81,4438.98,4440.0,179,43,0
2026.06.05 06:08:00,4439.99,4440.36,4439.58,4439.66,179,43,0
2026.06.05 06:09:00,4439.7,4441.24,4439.37,4440.24,172,43,0
2026.06.05 06:10:00,4440.21,4441.94,4439.92,4441.17,171,43,0
2026.06.05 06:11:00,4441.2,4441.72,4438.12,4438.85,194,43,0
2026.06.05 06:12:00,4439.05,4439.21,4436.04,4436.67,190,43,0
2026.06.05 06:13:00,4436.66,4438.97,4436.34,4438.74,169,43,0
2026.06.05 06:14:00,4438.73,4438.76,4436.3,4436.3,180,43,0
2026.06.05 06:15:00,4436.1,4436.81,4433.52,4435.19,203,43,0
2026.06.05 06:16:00,4435.24,4436.07,4432.2,4432.2,190,43,0
2026.06.05 06:17:00,4432.08,4434.12,4431.74,4432.42,204,43,0
2026.06.05 06:18:00,4432.43,4432.93,4428.93,4430.0,204,43,0
2026.06.05 06:19:00,4430.01,4436.56,4429.81,4436.47,189,43,0
2026.06.05 06:20:00,4436.45,4436.94,4434.65,4436.32,176,43,0
2026.06.05 06:21:00,4436.21,4437.54,4435.53,4437.5,180,43,0
2026.06.05 06:22:00,4437.47,4438.74,4436.77,4438.64,174,43,0
2026.06.05 06:23:00,4438.62,4441.92,4438.42,4441.86,166,43,0
2026.06.05 06:24:00,4441.83,4445.1,4441.63,4443.99,187,43,0
2026.06.05 06:25:00,4444.31,4446.25,4443.36,4444.97,180,43,0
2026.06.05 06:26:00,4444.94,4445.25,4442.08,4443.14,171,43,0
2026.06.05 06:27:00,4443.09,4444.85,4442.88,4443.55,173,43,0
2026.06.05 06:28:00,4443.62,4444.44,4441.19,4441.19,189,43,0
2026.06.05 06:29:00,4440.92,4442.49,4440.39,4442.38,181,43,0
2026.06.05 06:30:00,4442.47,4445.4,4442.28,4445.18,177,43,0
2026.06.05 06:31:00,4445.17,4445.68,4443.69,4443.92,181,43,0
2026.06.05 06:32:00,4443.85,4445.73,4443.6,4445.19,165,43,0
2026.06.05 06:33:00,4445.2,4448.1,4444.54,4448.1,178,43,0
2026.06.05 06:34:00,4447.94,4448.06,4446.34,4446.5,159,43,0
2026.06.05 06:35:00,4446.52,4447.78,4446.31,4447.54,162,43,0
2026.06.05 06:36:00,4447.55,4449.98,4447.36,4449.72,191,43,0
2026.06.05 06:37:00,4449.73,4449.81,4448.07,4449.25,174,43,0
2026.06.05 06:38:00,4449.34,4449.82,4448.2,4448.2,175,43,0
2026.06.05 06:39:00,4448.18,4448.94,4447.26,4448.23,168,43,0
2026.06.05 06:40:00,4448.5,4448.99,4448.19,4448.42,144,43,0
2026.06.05 06:41:00,4448.43,4448.87,4446.95,4447.03,179,43,0
2026.06.05 06:42:00,4446.96,4447.6,4446.46,4447.31,167,43,0
2026.06.05 06:43:00,4447.09,4448.46,4446.8,4448.14,158,43,0
2026.06.05 06:44:00,4448.1,4448.43,4447.66,4448.38,153,43,0
2026.06.05 06:45:00,4448.45,4449.25,4446.85,4448.97,161,43,0
2026.06.05 06:46:00,4448.91,4452.76,4448.61,4452.7,178,43,0
2026.06.05 06:47:00,4452.65,4455.4,4452.65,4455.04,182,43,0
2026.06.05 06:48:00,4455.03,4456.03,4454.22,4454.22,172,43,0
2026.06.05 06:49:00,4454.33,4454.67,4453.27,4453.46,172,43,0
2026.06.05 06:50:00,4453.38,4454.48,4453.15,4454.26,181,43,0
2026.06.05 06:51:00,4454.23,4456.12,4454.23,4454.88,158,43,0
2026.06.05 06:52:00,4454.79,4455.27,4453.28,4453.4,154,43,0
2026.06.05 06:53:00,4453.52,4453.52,4451.72,4453.01,165,43,0
2026.06.05 06:54:00,4452.99,4453.29,4451.18,4451.21,153,43,0
2026.06.05 06:55:00,4451.22,4451.88,4449.32,4450.36,157,43,0
2026.06.05 06:56:00,4450.53,4451.67,4450.53,4451.44,168,43,0
2026.06.05 06:57:00,4451.44,4452.5,4450.78,4452.41,166,43,0
2026.06.05 06:58:00,4452.34,4453.56,4451.43,4451.77,160,43,0
2026.06.05 06:59:00,4451.76,4453.16,4451.34,4452.82,172,43,0
2026.06.05 07:00:00,4452.49,4453.0,4451.93,4452.15,165,35,0
2026.06.05 07:01:00,4452.16,4455.5,4452.14,4454.75,177,35,0
2026.06.05 07:02:00,4455.16,4455.49,4451.81,4451.9,165,35,0
2026.06.05 07:03:00,4451.88,4454.54,4451.88,4454.4,170,35,0
2026.06.05 07:04:00,4454.41,4455.86,4452.93,4454.55,176,35,0
2026.06.05 07:05:00,4455.63,4455.94,4454.07,4454.88,163,35,0
2026.06.05 07:06:00,4455.0,4455.83,4454.24,4455.69,151,35,0
2026.06.05 07:07:00,4455.73,4456.11,4453.16,4454.59,160,35,0
2026.06.05 07:08:00,4454.52,4458.3,4454.49,4457.76,156,35,0
2026.06.05 07:09:00,4457.75,4457.75,4456.43,4457.25,149,35,0
2026.06.05 07:10:00,4457.24,4457.84,4456.08,4457.8,144,35,0
2026.06.05 07:11:00,4457.79,4459.12,4457.15,4458.89,151,35,0
2026.06.05 07:12:00,4458.75,4463.25,4458.3,4462.91,170,35,0
2026.06.05 07:13:00,4462.9,4462.9,4460.01,4460.31,163,35,0
2026.06.05 07:14:00,4460.32,4460.32,4458.37,4458.37,153,35,0
2026.06.05 07:15:00,4458.44,4462.53,4458.44,4462.45,168,35,0
2026.06.05 07:16:00,4462.42,4464.09,4461.57,4461.75,166,35,0
2026.06.05 07:17:00,4461.76,4462.05,4460.35,4461.67,159,35,0
2026.06.05 07:18:00,4461.65,4462.21,4461.1,4461.7,149,35,0
2026.06.05 07:19:00,4461.8,4462.0,4460.59,4461.73,163,35,0
2026.06.05 07:20:00,4461.74,4462.1,4460.36,4460.51,160,35,0
2026.06.05 07:21:00,4460.11,4461.15,4459.91,4460.5,169,35,0
2026.06.05 07:22:00,4460.42,4463.6,4460.42,4463.32,159,35,0
2026.06.05 07:23:00,4463.04,4465.47,4462.56,4463.49,181,35,0
2026.06.05 07:24:00,4463.13,4465.52,4462.72,4464.06,170,35,0
2026.06.05 07:25:00,4464.01,4464.27,4462.52,4462.96,179,35,0
2026.06.05 07:26:00,4463.25,4463.77,4461.55,4463.77,154,35,0
2026.06.05 07:27:00,4463.73,4466.68,4463.2,4465.37,171,35,0
2026.06.05 07:28:00,4465.36,4465.81,4465.17,4465.49,159,35,0
2026.06.05 07:29:00,4465.5,4467.5,4464.66,4467.33,162,35,0
2026.06.05 07:30:00,4467.07,4467.07,4464.97,4465.1,178,35,0
2026.06.05 07:31:00,4465.06,4466.22,4464.53,4465.3,155,35,0
2026.06.05 07:32:00,4465.26,4467.22,4465.26,4465.95,163,35,0
2026.06.05 07:33:00,4465.96,4466.47,4465.38,4466.3,161,35,0
2026.06.05 07:34:00,4466.19,4466.54,4464.96,4466.08,153,35,0
2026.06.05 07:35:00,4466.06,4466.11,4464.02,4464.06,152,35,0
2026.06.05 07:36:00,4464.15,4464.72,4462.89,4462.89,157,35,0
2026.06.05 07:37:00,4462.89,4463.17,4461.45,4462.23,145,35,0
2026.06.05 07:38:00,4462.24,4464.32,4461.93,4463.46,158,35,0
2026.06.05 07:39:00,4463.34,4464.62,4461.87,4462.0,147,35,0
2026.06.05 07:40:00,4462.24,4462.31,4459.8,4459.98,145,35,0
2026.06.05 07:41:00,4459.97,4462.01,4459.51,4462.01,132,35,0
2026.06.05 07:42:00,4462.09,4465.6,4461.88,4465.24,145,35,0
2026.06.05 07:43:00,4465.15,4465.15,4461.32,4461.32,148,35,0
2026.06.05 07:44:00,4461.78,4462.91,4461.4,4462.04,156,35,0
2026.06.05 07:45:00,4462.03,4463.73,4461.79,4463.23,150,35,0
2026.06.05 07:46:00,4463.26,4463.64,4462.59,4463.12,133,35,0
2026.06.05 07:47:00,4463.11,4463.96,4462.75,4463.03,133,35,0
2026.06.05 07:48:00,4463.08,4463.1,4462.11,4462.83,129,35,0
2026.06.05 07:49:00,4462.82,4463.16,4462.43,4462.66,108,35,0
2026.06.05 07:50:00,4462.63,4462.76,4461.67,4461.86,125,35,0
2026.06.05 07:51:00,4461.91,4463.36,4461.79,4463.28,143,35,0
2026.06.05 07:52:00,4463.31,4463.75,4462.62,4463.74,127,35,0
2026.06.05 07:53:00,4463.75,4464.73,4462.45,4462.49,150,35,0
2026.06.05 07:54:00,4462.53,4462.63,4461.49,4461.85,135,35,0
2026.06.05 07:55:00,4462.18,4462.65,4461.42,4462.61,146,35,0
2026.06.05 07:56:00,4462.47,4462.79,4461.82,4461.83,135,35,0
2026.06.05 07:57:00,4461.82,4461.97,4461.14,4461.35,132,35,0
2026.06.05 07:58:00,4461.33,4461.78,4460.91,4461.34,149,35,0
2026.06.05 07:59:00,4461.35,4461.38,4460.68,4460.8,147,35,0
2026.06.05 08:00:00,4460.57,4460.57,4458.69,4460.19,157,35,0
2026.06.05 08:01:00,4460.2,4462.52,4459.63,4462.52,143,35,0
2026.06.05 08:02:00,4463.18,4463.31,4461.41,4461.58,141,35,0
2026.06.05 08:03:00,4461.59,4461.68,4460.52,4461.22,158,35,0
2026.06.05 08:04:00,4461.16,4461.79,4460.74,4461.52,147,35,0
2026.06.05 08:05:00,4461.55,4462.23,4460.58,4461.79,157,35,0
2026.06.05 08:06:00,4461.82,4462.48,4461.2,4461.77,150,35,0
2026.06.05 08:07:00,4461.59,4462.32,4459.83,4460.46,161,35,0
2026.06.05 08:08:00,4460.45,4460.65,4459.54,4459.88,154,35,0
2026.06.05 08:09:00,4459.87,4461.04,4459.75,4460.6,154,35,0
2026.06.05 08:10:00,4460.45,4461.57,4460.25,4461.06,150,35,0
2026.06.05 08:11:00,4461.01,4461.73,4460.74,4461.02,156,35,0
2026.06.05 08:12:00,4460.98,4461.04,4459.82,4460.0,148,35,0
2026.06.05 08:13:00,4460.01,4460.21,4459.42,4460.06,134,35,0
2026.06.05 08:14:00,4460.05,4461.4,4459.94,4461.07,162,35,0
2026.06.05 08:15:00,4461.18,4461.22,4460.07,4460.24,139,35,0
2026.06.05 08:16:00,4460.2,4461.0,4459.85,4460.9,153,35,0
2026.06.05 08:17:00,4460.88,4460.98,4460.22,4460.73,155,35,0
2026.06.05 08:18:00,4460.74,4463.31,4460.74,4462.09,168,35,0
2026.06.05 08:19:00,4462.03,4463.36,4461.91,4462.91,151,35,0
2026.06.05 08:20:00,4462.87,4463.0,4462.02,4462.78,143,35,0
2026.06.05 08:21:00,4462.7,4464.79,4462.44,4464.32,157,35,0
2026.06.05 08:22:00,4464.33,4465.38,4463.9,4465.12,150,35,0
2026.06.05 08:23:00,4465.15,4465.51,4463.89,4464.51,155,35,0
2026.06.05 08:24:00,4464.54,4464.73,4463.45,4463.77,145,35,0
2026.06.05 08:25:00,4463.78,4465.52,4463.61,4464.62,141,35,0
2026.06.05 08:26:00,4464.63,4465.08,4463.72,4464.45,167,35,0
2026.06.05 08:27:00,4464.35,4464.49,4463.06,4463.31,162,35,0
2026.06.05 08:28:00,4463.36,4463.72,4463.05,4463.72,134,35,0
2026.06.05 08:29:00,4463.79,4466.67,4463.71,4466.67,168,35,0
2026.06.05 08:30:00,4466.18,4468.1,4464.6,4465.1,194,35,0
2026.06.05 08:31:00,4465.12,4466.33,4464.5,4466.2,158,35,0
2026.06.05 08:32:00,4466.16,4466.67,4464.77,4464.83,158,35,0
2026.06.05 08:33:00,4464.81,4464.93,4463.38,4463.62,133,35,0
2026.06.05 08:34:00,4463.61,4463.78,4463.25,4463.41,136,35,0
2026.06.05 08:35:00,4463.4,4463.75,4463.13,4463.35,123,35,0
2026.06.05 08:36:00,4463.37,4463.55,4461.85,4462.86,149,35,0
2026.06.05 08:37:00,4462.88,4463.49,4462.19,4462.65,137,35,0
2026.06.05 08:38:00,4462.68,4463.31,4461.64,4462.01,128,35,0
2026.06.05 08:39:00,4461.92,4462.69,4461.7,4461.82,125,35,0
2026.06.05 08:40:00,4461.83,4462.31,4460.93,4461.1,124,35,0
2026.06.05 08:41:00,4461.12,4462.28,4461.02,4461.93,123,35,0
2026.06.05 08:42:00,4461.9,4463.27,4461.87,4462.65,147,35,0
2026.06.05 08:43:00,4462.59,4462.82,4462.11,4462.81,107,35,0
2026.06.05 08:44:00,4462.79,4462.85,4461.54,4461.73,141,35,0
2026.06.05 08:45:00,4461.78,4462.93,4461.42,4462.78,136,35,0
2026.06.05 08:46:00,4462.77,4462.87,4462.21,4462.85,117,35,0
2026.06.05 08:47:00,4462.68,4463.06,4461.93,4462.58,136,35,0
2026.06.05 08:48:00,4462.56,4463.97,4462.53,4463.97,101,35,0
2026.06.05 08:49:00,4464.0,4464.43,4463.0,4463.42,142,35,0
2026.06.05 08:50:00,4463.4,4463.46,4462.59,4462.59,152,35,0
2026.06.05 08:51:00,4462.64,4463.41,4462.62,4463.22,135,35,0
2026.06.05 08:52:00,4463.21,4463.65,4462.06,4462.16,152,35,0
2026.06.05 08:53:00,4462.14,4463.37,4461.98,4463.01,145,35,0
2026.06.05 08:54:00,4462.94,4463.76,4462.87,4463.72,136,35,0
2026.06.05 08:55:00,4463.69,4463.69,4462.51,4462.68,150,35,0
2026.06.05 08:56:00,4462.72,4463.05,4462.39,4462.76,132,35,0
2026.06.05 08:57:00,4462.7,4463.37,4462.23,4463.11,109,35,0
2026.06.05 08:58:00,4463.05,4463.35,4462.52,4463.15,82,35,0
2026.06.05 08:59:00,4463.18,4463.2,4462.66,4462.71,101,35,0
2026.06.05 09:00:00,4462.7,4462.75,4460.89,4461.54,118,35,0
2026.06.05 09:01:00,4461.67,4462.24,4461.48,4462.16,111,35,0
2026.06.05 09:02:00,4462.11,4463.1,4462.01,4462.94,128,35,0
2026.06.05 09:03:00,4463.0,4463.32,4462.11,4462.85,122,35,0
2026.06.05 09:04:00,4462.86,4463.33,4460.93,4461.02,148,35,0
2026.06.05 09:05:00,4461.0,4462.15,4461.0,4462.07,130,35,0
2026.06.05 09:06:00,4462.11,4462.92,4461.6,4462.17,133,35,0
2026.06.05 09:07:00,4462.26,4462.59,4460.57,4460.63,127,35,0
2026.06.05 09:08:00,4460.68,4461.27,4459.58,4461.15,139,35,0
2026.06.05 09:09:00,4461.16,4461.57,4460.65,4460.65,102,35,0
2026.06.05 09:10:00,4460.68,4460.91,4459.87,4460.18,143,35,0
2026.06.05 09:11:00,4460.21,4460.21,4458.86,4459.0,119,35,0
2026.06.05 09:12:00,4459.03,4460.04,4459.03,4459.63,126,35,0
2026.06.05 09:13:00,4459.4,4468.42,4459.32,4468.3,224,35,0
2026.06.05 09:14:00,4467.9,4468.95,4463.37,4465.88,209,35,0
2026.06.05 09:15:00,4466.13,4466.95,4464.52,4464.74,194,35,0
2026.06.05 09:16:00,4464.78,4467.31,4464.15,4467.31,186,35,0
2026.06.05 09:17:00,4467.36,4468.41,4465.51,4467.13,192,35,0
2026.06.05 09:18:00,4467.32,4468.18,4466.06,4467.25,173,35,0
2026.06.05 09:19:00,4467.24,4469.13,4467.01,4467.57,171,35,0
2026.06.05 09:20:00,4467.64,4467.95,4466.4,4466.95,164,35,0
2026.06.05 09:21:00,4467.14,4468.89,4466.57,4467.97,166,35,0
2026.06.05 09:22:00,4467.98,4468.21,4467.0,4467.87,156,35,0
2026.06.05 09:23:00,4467.88,4468.36,4466.67,4467.38,164,35,0
2026.06.05 09:24:00,4467.35,4467.88,4466.49,4466.52,156,35,0
2026.06.05 09:25:00,4466.51,4467.67,4466.01,4466.97,174,35,0
2026.06.05 09:26:00,4467.03,4467.09,4465.24,4466.42,154,35,0
2026.06.05 09:27:00,4466.39,4466.47,4465.22,4465.54,135,35,0
2026.06.05 09:28:00,4465.55,4465.69,4462.85,4463.78,150,35,0
2026.06.05 09:29:00,4463.86,4463.95,4461.95,4462.89,171,35,0
2026.06.05 09:30:00,4462.83,4463.34,4460.03,4461.64,171,35,0
2026.06.05 09:31:00,4461.54,4462.24,4459.44,4460.3,169,35,0
2026.06.05 09:32:00,4460.28,4461.2,4459.24,4461.1,169,35,0
2026.06.05 09:33:00,4461.1,4463.92,4460.95,4462.6,178,35,0
2026.06.05 09:34:00,4462.57,4466.45,4462.54,4463.69,151,35,0
2026.06.05 09:35:00,4463.53,4464.23,4462.64,4462.79,142,35,0
2026.06.05 09:36:00,4462.8,4463.31,4462.61,4463.01,143,35,0
2026.06.05 09:37:00,4463.03,4463.92,4463.03,4463.54,135,35,0
2026.06.05 09:38:00,4463.52,4465.32,4463.51,4464.41,166,35,0
2026.06.05 09:39:00,4464.44,4464.46,4462.73,4463.18,138,35,0
2026.06.05 09:40:00,4463.26,4464.32,4463.17,4464.08,135,35,0
2026.06.05 09:41:00,4464.09,4465.58,4463.84,4465.26,124,35,0
2026.06.05 09:42:00,4465.23,4465.63,4464.8,4465.16,126,35,0
2026.06.05 09:43:00,4465.15,4465.49,4464.35,4465.04,135,35,0
2026.06.05 09:44:00,4465.09,4466.04,4465.08,4465.81,144,35,0
2026.06.05 09:45:00,4465.87,4467.13,4465.52,4467.05,137,35,0
2026.06.05 09:46:00,4467.06,4468.91,4467.03,4468.91,147,35,0
2026.06.05 09:47:00,4468.86,4469.16,4467.19,4468.11,111,35,0
2026.06.05 09:48:00,4468.14,4468.83,4467.05,4467.59,151,35,0
2026.06.05 09:49:00,4467.57,4467.57,4465.07,4465.19,141,35,0
2026.06.05 09:50:00,4465.16,4465.77,4464.42,4464.43,123,35,0
2026.06.05 09:51:00,4464.42,4465.08,4464.42,4465.05,118,35,0
2026.06.05 09:52:00,4465.13,4465.14,4464.48,4464.78,109,35,0
2026.06.05 09:53:00,4464.62,4465.23,4464.5,4465.02,126,35,0
2026.06.05 09:54:00,4465.12,4465.37,4464.96,4465.34,111,35,0
2026.06.05 09:55:00,4465.33,4465.34,4464.18,4464.29,139,35,0
2026.06.05 09:56:00,4464.37,4464.41,4462.6,4462.83,158,35,0
2026.06.05 09:57:00,4462.82,4463.83,4462.82,4463.66,148,35,0
2026.06.05 09:58:00,4463.67,4464.22,4463.54,4464.2,156,35,0
2026.06.05 09:59:00,4464.19,4464.87,4463.87,4464.79,139,35,0
2026.06.05 10:00:00,4464.83,4464.9,4464.09,4464.48,141,35,0
2026.06.05 10:01:00,4464.49,4464.55,4463.45,4463.55,121,35,0
2026.06.05 10:02:00,4463.54,4463.97,4463.31,4463.64,138,35,0
2026.06.05 10:03:00,4463.63,4464.01,4463.1,4463.59,124,35,0
2026.06.05 10:04:00,4463.64,4464.17,4463.3,4463.37,123,35,0
2026.06.05 10:05:00,4463.49,4464.17,4463.36,4464.02,122,35,0
2026.06.05 10:06:00,4464.03,4464.19,4463.54,4463.71,109,35,0
2026.06.05 10:07:00,4463.31,4463.72,4463.18,4463.22,100,35,0
2026.06.05 10:08:00,4463.25,4464.2,4463.25,4463.81,132,35,0
2026.06.05 10:09:00,4463.78,4464.82,4463.7,4464.74,99,35,0
2026.06.05 10:10:00,4464.72,4464.92,4463.75,4463.88,117,35,0
2026.06.05 10:11:00,4463.83,4464.24,4463.64,4464.14,120,35,0
2026.06.05 10:12:00,4464.16,4464.4,4463.44,4463.72,115,35,0
2026.06.05 10:13:00,4463.73,4464.29,4463.57,4464.27,113,35,0
2026.06.05 10:14:00,4464.28,4465.18,4464.28,4465.18,128,35,0
2026.06.05 10:15:00,4465.17,4465.25,4464.7,4465.06,121,35,0
2026.06.05 10:16:00,4465.14,4465.41,4464.48,4465.37,126,35,0
2026.06.05 10:17:00,4465.32,4465.83,4464.55,4464.7,141,35,0
2026.06.05 10:18:00,4464.74,4465.08,4464.62,4464.82,137,35,0
2026.06.05 10:19:00,4464.81,4465.42,4464.57,4465.37,132,35,0
2026.06.05 10:20:00,4465.39,4466.2,4465.3,4465.71,139,35,0
2026.06.05 10:21:00,4465.69,4467.26,4465.6,4467.1,118,35,0
2026.06.05 10:22:00,4467.12,4467.12,4465.61,4466.81,146,35,0
2026.06.05 10:23:00,4466.8,4467.74,4466.8,4467.74,142,35,0
2026.06.05 10:24:00,4467.65,4467.98,4466.94,4467.15,133,35,0
2026.06.05 10:25:00,4467.15,4467.18,4466.18,4466.59,117,35,0
2026.06.05 10:26:00,4466.58,4466.64,4465.43,4465.45,126,35,0
2026.06.05 10:27:00,4465.42,4465.78,4465.15,4465.15,112,35,0
2026.06.05 10:28:00,4465.17,4465.91,4465.0,4465.41,136,35,0
2026.06.05 10:29:00,4465.39,4466.07,4465.38,4465.98,122,35,0
2026.06.05 10:30:00,4466.01,4466.87,4465.83,4466.33,133,35,0
2026.06.05 10:31:00,4466.32,4466.52,4465.89,4466.2,101,35,0
2026.06.05 10:32:00,4466.18,4466.21,4465.0,4465.22,143,35,0
2026.06.05 10:33:00,4465.21,4465.63,4463.69,4463.71,115,35,0
2026.06.05 10:34:00,4463.66,4463.66,4462.61,4462.89,133,35,0
2026.06.05 10:35:00,4462.92,4464.08,4462.74,4464.04,135,35,0
2026.06.05 10:36:00,4464.03,4464.03,4462.49,4462.56,113,35,0
2026.06.05 10:37:00,4462.37,4463.05,4462.11,4462.93,130,35,0
2026.06.05 10:38:00,4462.88,4463.16,4462.68,4462.84,114,35,0
2026.06.05 10:39:00,4462.87,4463.41,4462.58,4463.19,133,35,0
2026.06.05 10:40:00,4463.22,4463.47,4462.86,4463.22,128,35,0
2026.06.05 10:41:00,4463.23,4463.85,4461.84,4462.56,121,35,0
2026.06.05 10:42:00,4462.58,4462.72,4461.8,4461.85,131,35,0
2026.06.05 10:43:00,4461.84,4463.38,4461.84,4463.2,127,35,0
2026.06.05 10:44:00,4463.19,4464.57,4463.13,4464.47,147,35,0
2026.06.05 10:45:00,4464.5,4466.81,4464.36,4466.73,178,35,0
2026.06.05 10:46:00,4466.72,4467.22,4465.97,4466.11,145,35,0
2026.06.05 10:47:00,4466.14,4466.59,4465.21,4465.22,144,35,0
2026.06.05 10:48:00,4465.23,4465.81,4464.58,4465.63,130,35,0
2026.06.05 10:49:00,4465.62,4466.73,4465.47,4466.73,130,35,0
2026.06.05 10:50:00,4466.74,4467.79,4465.7,4467.72,155,35,0
2026.06.05 10:51:00,4467.58,4467.62,4466.75,4467.12,114,35,0
2026.06.05 10:52:00,4467.17,4467.36,4466.73,4466.92,91,35,0
2026.06.05 10:53:00,4466.91,4467.04,4466.21,4466.51,106,35,0
2026.06.05 10:54:00,4466.46,4466.7,4465.85,4466.07,110,35,0
2026.06.05 10:55:00,4466.3,4466.82,4466.14,4466.17,117,35,0
2026.06.05 10:56:00,4466.19,4466.76,4466.01,4466.74,130,35,0
2026.06.05 10:57:00,4466.75,4466.84,4465.85,4466.27,135,35,0
2026.06.05 10:58:00,4466.3,4466.75,4466.19,4466.31,131,35,0
2026.06.05 10:59:00,4466.33,4466.85,4466.21,4466.83,113,35,0
2026.06.05 11:00:00,4466.41,4466.69,4465.42,4466.48,168,35,0
2026.06.05 11:01:00,4466.29,4466.29,4465.02,4465.35,150,35,0
2026.06.05 11:02:00,4465.36,4465.7,4463.56,4463.76,171,35,0
2026.06.05 11:03:00,4463.7,4464.96,4463.7,4464.45,146,35,0
2026.06.05 11:04:00,4464.42,4464.58,4463.81,4463.85,133,35,0
2026.06.05 11:05:00,4463.86,4464.97,4463.86,4464.56,149,35,0
2026.06.05 11:06:00,4464.57,4464.59,4463.24,4463.35,148,35,0
2026.06.05 11:07:00,4463.36,4465.14,4463.23,4464.79,160,35,0
2026.06.05 11:08:00,4464.81,4466.1,4464.78,4466.08,161,35,0
2026.06.05 11:09:00,4466.14,4466.87,4466.1,4466.65,137,35,0
2026.06.05 11:10:00,4466.54,4466.76,4465.86,4465.87,123,35,0
2026.06.05 11:11:00,4465.91,4466.24,4465.13,4465.82,108,35,0
2026.06.05 11:12:00,4465.76,4465.76,4464.76,4464.82,123,35,0
2026.06.05 11:13:00,4464.81,4464.88,4462.95,4463.13,104,35,0
2026.06.05 11:14:00,4463.1,4463.1,4461.15,4461.32,133,35,0
2026.06.05 11:15:00,4461.26,4462.38,4461.19,4461.92,167,35,0
2026.06.05 11:16:00,4461.86,4463.02,4461.71,4462.36,138,35,0
2026.06.05 11:17:00,4462.34,4463.41,4462.34,4463.21,116,35,0
2026.06.05 11:18:00,4463.23,4463.31,4462.04,4462.37,128,35,0
2026.06.05 11:19:00,4462.36,4463.0,4460.84,4461.71,160,35,0
2026.06.05 11:20:00,4461.76,4462.54,4461.73,4462.18,146,35,0
2026.06.05 11:21:00,4462.19,4462.49,4461.25,4462.17,139,35,0
2026.06.05 11:22:00,4462.22,4463.75,4462.15,4463.15,151,35,0
2026.06.05 11:23:00,4463.16,4463.26,4462.31,4462.91,136,35,0
2026.06.05 11:24:00,4462.85,4463.2,4458.72,4461.43,173,35,0
2026.06.05 11:25:00,4461.44,4462.61,4461.42,4462.57,154,35,0
2026.06.05 11:26:00,4462.58,4463.85,4462.51,4463.58,145,35,0
2026.06.05 11:27:00,4463.59,4464.72,4463.45,4464.64,135,35,0
2026.06.05 11:28:00,4464.65,4466.02,4464.06,4465.16,161,35,0
2026.06.05 11:29:00,4465.22,4465.99,4464.63,4465.99,156,35,0
2026.06.05 11:30:00,4465.61,4466.43,4465.14,4466.24,142,35,0
2026.06.05 11:31:00,4466.25,4467.12,4466.03,4466.06,146,35,0
2026.06.05 11:32:00,4466.06,4466.06,4465.31,4465.57,122,35,0
2026.06.05 11:33:00,4465.58,4465.7,4464.45,4464.8,133,35,0
2026.06.05 11:34:00,4464.87,4465.71,4464.48,4465.11,155,35,0
2026.06.05 11:35:00,4465.14,4465.35,4464.5,4464.66,157,35,0
2026.06.05 11:36:00,4464.65,4464.97,4463.64,4464.17,163,35,0
2026.06.05 11:37:00,4464.16,4466.25,4464.13,4466.11,121,35,0
2026.06.05 11:38:00,4466.13,4466.91,4465.43,4466.7,135,35,0
2026.06.05 11:39:00,4466.44,4466.57,4463.4,4463.4,141,35,0
2026.06.05 11:40:00,4463.59,4464.3,4463.09,4463.11,154,35,0
2026.06.05 11:41:00,4463.16,4464.85,4463.1,4464.71,146,35,0
2026.06.05 11:42:00,4464.72,4465.64,4464.67,4465.64,138,35,0
2026.06.05 11:43:00,4465.63,4465.64,4464.65,4465.22,135,35,0
2026.06.05 11:44:00,4465.2,4465.32,4464.09,4464.84,153,35,0
2026.06.05 11:45:00,4464.75,4465.04,4464.32,4464.49,137,35,0
2026.06.05 11:46:00,4464.48,4465.0,4464.01,4464.91,133,35,0
2026.06.05 11:47:00,4464.93,4467.13,4464.64,4466.62,148,35,0
2026.06.05 11:48:00,4466.63,4467.01,4466.09,4466.8,153,35,0
2026.06.05 11:49:00,4466.82,4466.88,4465.79,4466.85,143,35,0
2026.06.05 11:50:00,4466.87,4467.86,4466.6,4467.81,153,35,0
2026.06.05 11:51:00,4467.83,4474.48,4467.6,4474.48,178,35,0
2026.06.05 11:52:00,4474.64,4475.12,4470.74,4471.17,204,35,0
2026.06.05 11:53:00,4471.18,4472.99,4470.84,4470.97,173,35,0
2026.06.05 11:54:00,4470.83,4472.52,4470.74,4471.96,170,35,0
2026.06.05 11:55:00,4471.97,4472.44,4470.04,4470.26,145,35,0
2026.06.05 11:56:00,4470.28,4470.47,4468.15,4468.22,154,35,0
2026.06.05 11:57:00,4468.21,4469.36,4467.85,4469.09,153,35,0
2026.06.05 11:58:00,4469.45,4470.62,4468.78,4470.22,160,35,0
2026.06.05 11:59:00,4470.17,4470.53,4469.25,4470.15,162,35,0
2026.06.05 12:00:00,4470.14,4470.77,4469.32,4469.71,159,35,0
2026.06.05 12:01:00,4469.67,4469.88,4467.29,4467.7,140,35,0
2026.06.05 12:02:00,4467.69,4468.35,4467.18,4468.05,153,35,0
2026.06.05 12:03:00,4468.09,4468.61,4466.72,4466.8,146,35,0
2026.06.05 12:04:00,4466.77,4466.8,4464.1,4465.2,168,35,0
2026.06.05 12:05:00,4465.15,4466.83,4464.86,4466.79,128,35,0
2026.06.05 12:06:00,4466.74,4467.16,4466.0,4466.67,119,35,0
2026.06.05 12:07:00,4466.68,4467.7,4466.66,4467.33,135,35,0
2026.06.05 12:08:00,4467.34,4468.07,4465.77,4466.06,155,35,0
2026.06.05 12:09:00,4466.07,4467.88,4465.48,4467.87,152,35,0
2026.06.05 12:10:00,4467.95,4469.66,4467.87,4469.49,148,35,0
2026.06.05 12:11:00,4469.51,4470.89,4468.74,4468.95,175,35,0
2026.06.05 12:12:00,4468.93,4469.06,4466.99,4467.02,162,35,0
2026.06.05 12:13:00,4466.98,4470.0,4466.76,4469.2,157,35,0
2026.06.05 12:14:00,4469.19,4469.51,4468.1,4469.35,152,35,0
2026.06.05 12:15:00,4469.33,4469.48,4468.34,4468.74,149,35,0
2026.06.05 12:16:00,4468.72,4470.03,4468.34,4469.49,142,35,0
2026.06.05 12:17:00,4469.54,4469.57,4468.53,4469.22,163,35,0
2026.06.05 12:18:00,4469.23,4471.65,4468.98,4470.51,161,35,0
2026.06.05 12:19:00,4470.27,4473.72,4470.26,4472.91,165,35,0
2026.06.05 12:20:00,4472.87,4475.69,4468.57,4468.57,187,35,0
2026.06.05 12:21:00,4469.33,4470.17,4468.7,4469.57,185,35,0
2026.06.05 12:22:00,4469.53,4470.48,4468.45,4470.05,154,35,0
2026.06.05 12:23:00,4469.92,4470.04,4467.37,4468.94,172,35,0
2026.06.05 12:24:00,4469.04,4469.04,4467.33,4468.38,154,35,0
2026.06.05 12:25:00,4468.42,4469.0,4465.63,4466.02,167,35,0
2026.06.05 12:26:00,4466.09,4467.01,4464.64,4465.05,169,35,0
2026.06.05 12:27:00,4465.01,4465.2,4462.77,4463.91,213,35,0
2026.06.05 12:28:00,4463.86,4463.98,4461.62,4462.61,156,35,0
2026.06.05 12:29:00,4462.73,4464.96,4462.5,4464.82,175,35,0
2026.06.05 12:30:00,4465.43,4465.74,4447.04,4450.32,232,35,0
2026.06.05 12:31:00,4450.82,4452.37,4447.27,4451.1,220,35,0
2026.06.05 12:32:00,4450.97,4453.51,4449.34,4450.69,208,35,0
2026.06.05 12:33:00,4450.45,4454.97,4450.11,4454.59,208,35,0
2026.06.05 12:34:00,4454.57,4456.05,4451.19,4452.69,215,35,0
2026.06.05 12:35:00,4452.66,4453.67,4448.76,4448.88,206,35,0
2026.06.05 12:36:00,4448.77,4448.88,4439.66,4441.79,230,35,0
2026.06.05 12:37:00,4441.82,4444.58,4441.12,4441.69,203,35,0
2026.06.05 12:38:00,4441.8,4444.02,4440.19,4441.72,209,35,0
2026.06.05 12:39:00,4442.14,4445.32,4441.55,4443.9,203,35,0
2026.06.05 12:40:00,4443.74,4447.0,4442.77,4446.77,202,35,0
2026.06.05 12:41:00,4446.67,4448.07,4443.96,4446.07,206,35,0
2026.06.05 12:42:00,4446.13,4447.41,4444.33,4445.07,196,35,0
2026.06.05 12:43:00,4445.0,4447.1,4443.26,4446.68,202,35,0
2026.06.05 12:44:00,4446.73,4447.12,4444.4,4446.01,188,35,0
2026.06.05 12:45:00,4446.07,4447.74,4444.11,4447.23,204,35,0
2026.06.05 12:46:00,4447.43,4448.98,4445.97,4447.93,187,35,0
2026.06.05 12:47:00,4447.92,4448.69,4445.83,4446.04,191,35,0
2026.06.05 12:48:00,4446.09,4447.48,4443.97,4444.49,174,35,0
2026.06.05 12:49:00,4444.36,4444.36,4440.04,4440.18,203,35,0
2026.06.05 12:50:00,4440.02,4440.64,4434.77,4437.38,214,35,0
2026.06.05 12:51:00,4437.27,4437.27,4427.23,4427.23,213,35,0
2026.06.05 12:52:00,4427.55,4431.6,4421.15,4422.75,222,35,0
2026.06.05 12:53:00,4422.05,4424.57,4420.43,4421.27,225,35,0
2026.06.05 12:54:00,4420.99,4422.34,4417.05,4417.05,219,35,0
2026.06.05 12:55:00,4417.09,4419.93,4413.15,4416.33,229,35,0
2026.06.05 12:56:00,4416.25,4416.25,4412.78,4413.37,211,35,0
2026.06.05 12:57:00,4413.38,4413.73,4409.32,4411.12,215,35,0
2026.06.05 12:58:00,4411.37,4415.65,4409.39,4412.66,217,35,0
2026.06.05 12:59:00,4412.6,4412.6,4404.9,4406.42,221,35,0
2026.06.05 13:00:00,4406.65,4407.32,4399.59,4405.38,237,35,0
2026.06.05 13:01:00,4405.12,4416.42,4405.12,4416.42,226,35,0
2026.06.05 13:02:00,4415.87,4418.49,4412.95,4413.19,227,35,0
2026.06.05 13:03:00,4413.07,4413.08,4408.66,4410.21,225,35,0
2026.06.05 13:04:00,4410.26,4412.03,4408.41,4411.68,218,35,0
2026.06.05 13:05:00,4411.72,4414.11,4411.38,4413.47,216,35,0
2026.06.05 13:06:00,4414.03,4414.03,4407.97,4410.04,220,35,0
2026.06.05 13:07:00,4410.16,4416.2,4409.49,4415.31,206,35,0
2026.06.05 13:08:00,4415.1,4416.94,4413.91,4416.6,209,35,0
2026.06.05 13:09:00,4416.68,4419.78,4414.96,4416.25,212,35,0
2026.06.05 13:10:00,4415.68,4417.22,4414.51,4416.72,208,35,0
2026.06.05 13:11:00,4416.95,4419.21,4415.97,4418.04,197,35,0
2026.06.05 13:12:00,4417.95,4420.54,4417.51,4418.42,211,35,0
2026.06.05 13:13:00,4418.52,4420.04,4415.47,4416.52,193,35,0
2026.06.05 13:14:00,4416.58,4420.47,4416.58,4418.45,194,35,0
2026.06.05 13:15:00,4418.31,4419.51,4416.53,4417.41,189,35,0
2026.06.05 13:16:00,4417.68,4420.83,4416.65,4417.51,183,35,0
2026.06.05 13:17:00,4417.41,4419.7,4416.16,4416.85,183,35,0
2026.06.05 13:18:00,4416.77,4419.16,4416.22,4418.82,198,35,0
2026.06.05 13:19:00,4418.94,4418.94,4416.27,4417.62,195,35,0
2026.06.05 13:20:00,4417.52,4417.52,4414.04,4415.44,200,35,0
2026.06.05 13:21:00,4415.36,4420.48,4415.36,4417.95,204,35,0
2026.06.05 13:22:00,4417.93,4419.34,4415.45,4415.45,192,35,0
2026.06.05 13:23:00,4415.58,4416.24,4412.28,4415.24,198,35,0
2026.06.05 13:24:00,4415.12,4415.33,4409.27,4409.87,209,35,0
2026.06.05 13:25:00,4409.91,4413.43,4409.76,4411.99,197,35,0
2026.06.05 13:26:00,4412.02,4414.97,4410.97,4411.64,188,35,0
2026.06.05 13:27:00,4411.77,4412.01,4409.79,4410.46,200,35,0
2026.06.05 13:28:00,4412.0,4412.33,4408.04,4408.1,195,35,0
2026.06.05 13:29:00,4408.25,4408.42,4403.77,4404.58,211,35,0
2026.06.05 13:30:00,4404.88,4407.96,4398.51,4399.33,235,35,0
2026.06.05 13:31:00,4399.35,4404.68,4398.21,4404.68,233,35,0
2026.06.05 13:32:00,4404.86,4409.49,4404.59,4409.21,222,35,0
2026.06.05 13:33:00,4409.43,4409.43,4402.02,4405.31,215,35,0
2026.06.05 13:34:00,4405.44,4407.04,4403.66,4404.71,219,35,0
2026.06.05 13:35:00,4404.69,4404.69,4400.11,4403.98,226,35,0
2026.06.05 13:36:00,4403.97,4404.4,4397.92,4398.8,221,35,0
2026.06.05 13:37:00,4398.48,4398.48,4389.49,4389.61,229,35,0
2026.06.05 13:38:00,4389.55,4389.97,4385.98,4387.65,222,35,0
2026.06.05 13:39:00,4387.81,4392.51,4386.63,4391.84,223,35,0
2026.06.05 13:40:00,4391.81,4397.56,4390.83,4396.66,237,35,0
2026.06.05 13:41:00,4396.65,4398.19,4390.61,4391.57,214,35,0
2026.06.05 13:42:00,4391.49,4392.45,4388.6,4390.6,214,35,0
2026.06.05 13:43:00,4390.69,4393.78,4388.83,4390.28,218,35,0
2026.06.05 13:44:00,4390.36,4391.83,4388.44,4389.41,226,35,0
2026.06.05 13:45:00,4389.41,4391.04,4385.32,4386.51,227,35,0
2026.06.05 13:46:00,4386.25,4389.49,4385.92,4388.7,230,35,0
2026.06.05 13:47:00,4388.88,4389.57,4383.31,4384.59,223,35,0
2026.06.05 13:48:00,4384.89,4387.99,4384.28,4387.71,214,35,0
2026.06.05 13:49:00,4387.85,4387.85,4383.42,4383.67,220,35,0
2026.06.05 13:50:00,4383.43,4386.12,4382.74,4383.0,229,35,0
2026.06.05 13:51:00,4383.16,4386.83,4382.84,4386.47,216,35,0
2026.06.05 13:52:00,4386.43,4388.12,4382.27,4385.23,224,35,0
2026.06.05 13:53:00,4385.31,4387.43,4383.02,4383.89,211,35,0
2026.06.05 13:54:00,4383.83,4386.48,4381.92,4385.17,214,35,0
2026.06.05 13:55:00,4385.29,4385.91,4381.88,4382.18,212,35,0
2026.06.05 13:56:00,4382.31,4384.13,4376.79,4379.27,230,35,0
2026.06.05 13:57:00,4379.24,4380.52,4376.47,4377.05,222,35,0
2026.06.05 13:58:00,4376.99,4378.66,4376.38,4377.98,221,35,0
2026.06.05 13:59:00,4377.82,4378.3,4365.77,4366.0,216,35,0
2026.06.05 14:00:00,4366.31,4368.82,4364.67,4368.06,238,35,0
2026.06.05 14:01:00,4367.66,4368.74,4363.99,4367.59,227,35,0
2026.06.05 14:02:00,4367.57,4379.08,4367.57,4377.85,241,35,0
2026.06.05 14:03:00,4377.09,4379.01,4374.3,4376.45,227,35,0
2026.06.05 14:04:00,4376.55,4376.55,4366.37,4371.93,233,35,0
2026.06.05 14:05:00,4371.55,4376.23,4369.71,4371.09,224,35,0
2026.06.05 14:06:00,4370.8,4371.0,4363.65,4367.19,232,35,0
2026.06.05 14:07:00,4367.14,4370.33,4366.89,4369.08,232,35,0
2026.06.05 14:08:00,4368.9,4374.47,4368.72,4374.32,211,35,0
2026.06.05 14:09:00,4374.05,4377.14,4371.71,4374.64,221,35,0
2026.06.05 14:10:00,4374.72,4377.19,4373.12,4373.39,227,35,0
2026.06.05 14:11:00,4373.5,4373.98,4367.21,4367.76,223,35,0
2026.06.05 14:12:00,4367.79,4369.58,4366.32,4369.33,210,35,0
2026.06.05 14:13:00,4369.37,4369.37,4365.07,4365.4,221,35,0
2026.06.05 14:14:00,4365.55,4366.54,4364.34,4366.28,214,35,0
2026.06.05 14:15:00,4366.07,4368.3,4365.09,4367.18,215,35,0
2026.06.05 14:16:00,4367.13,4367.55,4364.68,4365.97,204,35,0
2026.06.05 14:17:00,4365.93,4367.76,4365.09,4367.75,209,35,0
2026.06.05 14:18:00,4367.68,4367.95,4365.42,4367.33,209,35,0
2026.06.05 14:19:00,4367.24,4370.15,4366.84,4369.23,206,35,0
2026.06.05 14:20:00,4369.37,4370.12,4365.94,4369.87,216,35,0
2026.06.05 14:21:00,4369.78,4370.02,4364.8,4366.12,216,35,0
2026.06.05 14:22:00,4366.11,4366.51,4356.87,4357.32,222,35,0
2026.06.05 14:23:00,4357.62,4362.08,4356.69,4359.73,229,35,0
2026.06.05 14:24:00,4359.69,4360.73,4355.49,4357.52,220,35,0
2026.06.05 14:25:00,4357.35,4359.72,4353.29,4354.18,227,35,0
2026.06.05 14:26:00,4354.4,4356.16,4353.12,4356.01,221,35,0
2026.06.05 14:27:00,4356.15,4359.79,4355.62,4358.94,218,35,0
2026.06.05 14:28:00,4359.0,4359.82,4356.77,4359.46,207,35,0
2026.06.05 14:29:00,4359.48,4361.32,4358.06,4360.99,215,35,0
2026.06.05 14:30:00,4360.73,4363.95,4360.57,4361.25,218,35,0
2026.06.05 14:31:00,4360.97,4361.5,4355.68,4357.29,229,35,0
2026.06.05 14:32:00,4357.41,4363.02,4357.41,4359.13,233,35,0
2026.06.05 14:33:00,4359.29,4359.73,4350.04,4350.04,222,35,0
2026.06.05 14:34:00,4349.75,4354.25,4349.63,4353.11,220,35,0
2026.06.05 14:35:00,4353.04,4354.6,4350.42,4354.29,205,35,0
2026.06.05 14:36:00,4354.3,4354.36,4349.26,4352.01,228,35,0
2026.06.05 14:37:00,4352.14,4353.78,4348.29,4352.86,212,35,0
2026.06.05 14:38:00,4352.75,4353.02,4347.86,4348.83,206,35,0
2026.06.05 14:39:00,4348.77,4350.6,4348.22,4348.52,208,35,0
2026.06.05 14:40:00,4348.58,4348.89,4345.64,4348.45,208,35,0
2026.06.05 14:41:00,4348.37,4350.49,4347.27,4349.93,210,35,0
2026.06.05 14:42:00,4349.69,4350.07,4346.34,4349.01,208,35,0
2026.06.05 14:43:00,4349.09,4349.56,4345.63,4346.76,203,35,0
2026.06.05 14:44:00,4346.77,4349.24,4344.73,4349.24,215,35,0
2026.06.05 14:45:00,4349.02,4352.45,4348.41,4351.89,210,35,0
2026.06.05 14:46:00,4352.08,4354.25,4350.21,4353.28,210,35,0
2026.06.05 14:47:00,4353.18,4355.9,4352.52,4355.73,212,35,0
2026.06.05 14:48:00,4355.71,4359.34,4353.86,4354.67,202,35,0
2026.06.05 14:49:00,4354.83,4356.92,4353.6,4356.41,201,35,0
2026.06.05 14:50:00,4356.21,4359.91,4355.15,4359.7,200,35,0
2026.06.05 14:51:00,4359.57,4366.97,4359.11,4365.9,212,35,0
2026.06.05 14:52:00,4365.74,4365.74,4360.71,4361.15,202,35,0
2026.06.05 14:53:00,4361.16,4363.54,4359.47,4363.29,213,35,0
2026.06.05 14:54:00,4363.34,4364.18,4361.08,4363.05,210,35,0
2026.06.05 14:55:00,4362.98,4365.18,4360.94,4364.79,204,35,0
2026.06.05 14:56:00,4364.58,4367.7,4363.97,4365.73,220,35,0
2026.06.05 14:57:00,4365.78,4369.5,4365.33,4369.0,195,35,0
2026.06.05 14:58:00,4368.98,4369.49,4367.24,4367.45,177,35,0
2026.06.05 14:59:00,4367.46,4370.09,4365.24,4369.52,192,35,0
2026.06.05 15:00:00,4369.6,4372.5,4368.09,4369.02,216,35,0
2026.06.05 15:01:00,4368.96,4369.43,4367.16,4367.66,216,35,0
2026.06.05 15:02:00,4367.64,4367.85,4362.75,4366.58,213,35,0
2026.06.05 15:03:00,4366.43,4368.66,4366.0,4366.29,204,35,0
2026.06.05 15:04:00,4366.03,4368.37,4366.03,4368.35,202,35,0
2026.06.05 15:05:00,4368.32,4369.55,4367.19,4367.35,189,35,0
2026.06.05 15:06:00,4367.28,4368.88,4365.89,4366.24,191,35,0
2026.06.05 15:07:00,4366.11,4366.84,4364.98,4365.1,205,35,0
2026.06.05 15:08:00,4365.06,4365.34,4362.35,4363.79,188,35,0
2026.06.05 15:09:00,4363.77,4366.27,4361.91,4362.0,199,35,0
2026.06.05 15:10:00,4361.97,4362.15,4359.39,4360.23,205,35,0
2026.06.05 15:11:00,4360.36,4362.08,4358.12,4358.48,205,35,0
2026.06.05 15:12:00,4358.36,4360.51,4358.1,4359.89,200,35,0
2026.06.05 15:13:00,4359.88,4360.17,4358.14,4359.82,199,35,0
2026.06.05 15:14:00,4359.91,4360.08,4353.31,4353.31,198,35,0
2026.06.05 15:15:00,4352.88,4355.94,4352.69,4353.18,216,35,0
2026.06.05 15:16:00,4353.48,4353.55,4350.75,4351.95,215,35,0
2026.06.05 15:17:00,4351.72,4351.73,4349.04,4350.16,214,35,0
2026.06.05 15:18:00,4350.18,4351.7,4349.47,4351.52,207,35,0
2026.06.05 15:19:00,4351.64,4355.8,4351.22,4355.26,207,35,0
2026.06.05 15:20:00,4355.08,4355.08,4348.03,4349.13,214,35,0
2026.06.05 15:21:00,4349.11,4350.78,4348.1,4350.49,201,35,0
2026.06.05 15:22:00,4350.43,4350.89,4349.22,4350.6,198,35,0
2026.06.05 15:23:00,4350.65,4357.85,4349.93,4352.02,210,35,0
2026.06.05 15:24:00,4352.11,4352.64,4351.16,4352.64,190,35,0
2026.06.05 15:25:00,4352.65,4354.31,4350.96,4351.75,210,35,0
2026.06.05 15:26:00,4352.09,4353.82,4350.59,4352.99,204,35,0
2026.06.05 15:27:00,4352.6,4355.01,4351.58,4354.65,194,35,0
2026.06.05 15:28:00,4354.5,4354.86,4351.02,4351.23,177,35,0
2026.06.05 15:29:00,4351.26,4352.61,4349.43,4352.12,190,35,0
2026.06.05 15:30:00,4351.75,4354.81,4351.6,4353.73,205,35,0
2026.06.05 15:31:00,4353.9,4354.05,4349.88,4351.83,186,35,0
2026.06.05 15:32:00,4351.78,4352.4,4350.53,4351.0,178,35,0
2026.06.05 15:33:00,4351.04,4351.4,4346.49,4346.77,187,35,0
2026.06.05 15:34:00,4346.71,4347.4,4345.39,4346.81,196,35,0
2026.06.05 15:35:00,4347.0,4349.13,4346.69,4348.77,193,35,0
2026.06.05 15:36:00,4348.68,4349.4,4346.74,4347.25,192,35,0
2026.06.05 15:37:00,4347.22,4349.02,4341.94,4342.27,192,35,0
2026.06.05 15:38:00,4342.28,4343.03,4336.39,4337.36,206,35,0
2026.06.05 15:39:00,4337.48,4340.08,4336.22,4339.74,203,35,0
2026.06.05 15:40:00,4339.71,4340.03,4336.89,4338.85,199,35,0
2026.06.05 15:41:00,4338.81,4338.97,4335.33,4335.77,201,35,0
2026.06.05 15:42:00,4335.78,4340.7,4335.78,4340.49,201,35,0
2026.06.05 15:43:00,4340.32,4341.59,4339.15,4341.08,191,35,0
2026.06.05 15:44:00,4341.06,4341.23,4337.98,4338.51,179,35,0
2026.06.05 15:45:00,4338.64,4340.26,4337.46,4339.06,187,35,0
2026.06.05 15:46:00,4339.23,4339.69,4337.31,4338.33,176,35,0
2026.06.05 15:47:00,4338.49,4340.87,4338.16,4338.32,183,35,0
2026.06.05 15:48:00,4338.08,4338.62,4337.17,4338.37,190,35,0
2026.06.05 15:49:00,4338.4,4339.16,4336.54,4339.05,189,35,0
2026.06.05 15:50:00,4339.07,4340.77,4337.68,4337.76,185,35,0
2026.06.05 15:51:00,4337.74,4340.25,4336.98,4339.0,191,35,0
2026.06.05 15:52:00,4338.99,4341.08,4338.56,4340.71,186,35,0
2026.06.05 15:53:00,4340.79,4341.08,4339.89,4340.28,189,35,0
2026.06.05 15:54:00,4340.17,4341.82,4339.84,4340.82,187,35,0
2026.06.05 15:55:00,4340.66,4341.4,4337.32,4339.24,198,35,0
2026.06.05 15:56:00,4339.28,4340.71,4338.71,4338.75,190,35,0
2026.06.05 15:57:00,4338.59,4339.24,4336.54,4338.37,186,35,0
2026.06.05 15:58:00,4338.34,4338.48,4334.39,4334.6,200,35,0
2026.06.05 15:59:00,4334.63,4336.48,4333.96,4335.43,196,35,0
2026.06.05 16:00:00,4335.45,4336.03,4330.94,4332.17,210,35,0
2026.06.05 16:01:00,4332.34,4333.97,4330.86,4332.95,195,35,0
2026.06.05 16:02:00,4332.9,4334.88,4330.62,4334.87,200,35,0
2026.06.05 16:03:00,4334.9,4338.82,4334.82,4335.37,200,35,0
2026.06.05 16:04:00,4335.3,4335.96,4333.83,4334.1,183,35,0
2026.06.05 16:05:00,4333.9,4333.93,4331.06,4331.15,208,35,0
2026.06.05 16:06:00,4330.89,4331.49,4328.9,4329.79,205,35,0
2026.06.05 16:07:00,4329.66,4332.77,4329.52,4330.29,199,35,0
2026.06.05 16:08:00,4330.04,4331.97,4329.67,4331.67,198,35,0
2026.06.05 16:09:00,4331.58,4333.82,4331.04,4332.81,200,35,0
2026.06.05 16:10:00,4332.59,4334.33,4331.46,4332.87,189,35,0
2026.06.05 16:11:00,4332.77,4334.18,4332.45,4334.09,183,35,0
2026.06.05 16:12:00,4334.1,4336.52,4333.12,4336.32,187,35,0
2026.06.05 16:13:00,4336.1,4337.93,4336.1,4336.79,177,35,0
2026.06.05 16:14:00,4336.73,4337.27,4333.59,4333.59,180,35,0
2026.06.05 16:15:00,4333.08,4333.28,4329.93,4330.11,187,35,0
2026.06.05 16:16:00,4330.06,4330.63,4327.12,4328.95,195,35,0
2026.06.05 16:17:00,4329.38,4330.77,4326.4,4326.9,203,35,0
2026.06.05 16:18:00,4326.76,4327.58,4326.17,4327.48,195,35,0
2026.06.05 16:19:00,4327.43,4330.68,4325.7,4330.43,204,35,0
2026.06.05 16:20:00,4330.58,4330.65,4326.32,4326.55,196,35,0
2026.06.05 16:21:00,4326.27,4328.9,4326.1,4328.46,197,35,0
2026.06.05 16:22:00,4328.28,4328.74,4326.97,4327.55,183,35,0
2026.06.05 16:23:00,4327.21,4327.93,4325.33,4327.73,176,35,0
2026.06.05 16:24:00,4327.69,4328.97,4326.83,4328.53,190,35,0
2026.06.05 16:25:00,4328.5,4333.1,4328.34,4332.66,192,35,0
2026.06.05 16:26:00,4332.68,4333.78,4330.03,4330.41,196,35,0
2026.06.05 16:27:00,4330.06,4331.63,4329.51,4330.05,192,35,0
2026.06.05 16:28:00,4330.21,4332.62,4329.37,4331.31,200,35,0
2026.06.05 16:29:00,4331.32,4331.32,4329.35,4329.61,185,35,0
2026.06.05 16:30:00,4329.47,4330.05,4326.51,4327.57,208,35,0
2026.06.05 16:31:00,4327.43,4328.39,4325.02,4326.21,194,35,0
2026.06.05 16:32:00,4326.2,4326.96,4324.84,4326.52,200,35,0
2026.06.05 16:33:00,4325.94,4327.33,4324.51,4324.7,200,35,0
2026.06.05 16:34:00,4324.53,4329.71,4323.3,4328.72,197,35,0
2026.06.05 16:35:00,4328.63,4328.76,4324.95,4326.01,189,35,0
2026.06.05 16:36:00,4325.92,4327.53,4325.25,4325.89,191,35,0
2026.06.05 16:37:00,4325.88,4329.9,4325.88,4329.35,188,35,0
2026.06.05 16:38:00,4329.34,4332.22,4329.14,4331.49,209,35,0
2026.06.05 16:39:00,4331.38,4331.73,4330.05,4331.7,200,35,0
2026.06.05 16:40:00,4331.69,4332.08,4328.68,4329.49,189,35,0
2026.06.05 16:41:00,4329.24,4330.45,4329.0,4329.11,177,35,0
2026.06.05 16:42:00,4329.09,4329.45,4327.0,4327.65,192,35,0
2026.06.05 16:43:00,4327.75,4328.96,4327.51,4327.9,178,35,0
2026.06.05 16:44:00,4327.82,4328.33,4326.07,4327.73,187,35,0
2026.06.05 16:45:00,4327.38,4329.12,4325.16,4325.99,197,35,0
2026.06.05 16:46:00,4325.95,4331.08,4325.85,4329.03,194,35,0
2026.06.05 16:47:00,4329.04,4330.84,4328.07,4330.84,193,35,0
2026.06.05 16:48:00,4330.78,4332.77,4330.34,4332.46,202,35,0
2026.06.05 16:49:00,4332.5,4334.34,4332.32,4333.9,205,35,0
2026.06.05 16:50:00,4333.94,4335.31,4333.49,4334.04,206,35,0
2026.06.05 16:51:00,4334.0,4335.89,4333.18,4334.8,189,35,0
2026.06.05 16:52:00,4334.76,4335.48,4333.99,4335.34,180,35,0
2026.06.05 16:53:00,4335.24,4336.42,4334.92,4336.36,176,35,0
2026.06.05 16:54:00,4336.32,4338.56,4336.04,4338.06,181,35,0
2026.06.05 16:55:00,4338.31,4338.88,4336.61,4337.83,208,35,0
2026.06.05 16:56:00,4337.74,4340.66,4337.05,4340.22,186,35,0
2026.06.05 16:57:00,4340.5,4344.38,4340.13,4343.5,204,35,0
2026.06.05 16:58:00,4343.25,4343.71,4341.81,4343.1,200,35,0
2026.06.05 16:59:00,4343.02,4344.82,4341.77,4344.49,198,35,0
2026.06.05 17:00:00,4344.56,4346.8,4342.94,4344.08,208,35,0
2026.06.05 17:01:00,4344.04,4344.47,4340.35,4340.45,178,43,0
2026.06.05 17:02:00,4340.54,4342.5,4340.44,4341.96,190,43,0
2026.06.05 17:03:00,4342.08,4342.16,4339.49,4342.16,195,43,0
2026.06.05 17:04:00,4342.13,4344.74,4341.58,4344.09,189,43,0
2026.06.05 17:05:00,4343.96,4343.96,4341.18,4342.87,188,43,0
2026.06.05 17:06:00,4342.81,4343.04,4339.67,4340.22,195,43,0
2026.06.05 17:07:00,4340.18,4341.42,4339.28,4341.42,174,43,0
2026.06.05 17:08:00,4341.43,4341.54,4339.53,4340.3,176,43,0
2026.06.05 17:09:00,4340.32,4340.87,4338.67,4339.12,190,43,0
2026.06.05 17:10:00,4339.14,4340.2,4337.78,4338.58,183,43,0
2026.06.05 17:11:00,4338.58,4338.93,4336.59,4337.0,195,43,0
2026.06.05 17:12:00,4336.92,4339.6,4336.5,4339.33,206,43,0
2026.06.05 17:13:00,4339.3,4341.65,4339.1,4340.54,200,43,0
2026.06.05 17:14:00,4340.51,4341.51,4339.15,4339.49,195,43,0
2026.06.05 17:15:00,4339.55,4342.15,4339.55,4342.11,207,43,0
2026.06.05 17:16:00,4341.89,4341.89,4337.77,4338.6,190,43,0
2026.06.05 17:17:00,4338.23,4342.06,4338.21,4341.28,194,43,0
2026.06.05 17:18:00,4341.32,4341.33,4339.03,4339.08,175,43,0
2026.06.05 17:19:00,4339.01,4339.14,4336.1,4338.49,190,43,0
2026.06.05 17:20:00,4338.51,4338.88,4336.02,4337.15,193,43,0
2026.06.05 17:21:00,4337.19,4341.52,4337.17,4339.94,202,43,0
2026.06.05 17:22:00,4339.93,4341.05,4338.88,4340.17,188,43,0
2026.06.05 17:23:00,4340.21,4340.21,4338.44,4339.47,197,43,0
2026.06.05 17:24:00,4339.46,4340.58,4336.85,4339.09,195,43,0
2026.06.05 17:25:00,4338.94,4341.28,4338.09,4338.19,206,43,0
2026.06.05 17:26:00,4338.04,4339.67,4337.97,4338.2,202,43,0
2026.06.05 17:27:00,4338.13,4338.78,4336.6,4338.33,192,43,0
2026.06.05 17:28:00,4338.6,4338.64,4337.3,4337.42,205,43,0
2026.06.05 17:29:00,4336.37,4342.89,4336.16,4342.28,217,43,0
2026.06.05 17:30:00,4342.41,4343.42,4341.3,4341.88,187,43,0
2026.06.05 17:31:00,4341.85,4342.81,4340.71,4341.43,184,43,0
2026.06.05 17:32:00,4341.41,4343.01,4339.94,4342.54,198,43,0
2026.06.05 17:33:00,4342.53,4343.29,4341.81,4342.83,193,43,0
2026.06.05 17:34:00,4342.79,4343.74,4342.41,4342.99,185,43,0
2026.06.05 17:35:00,4342.98,4343.7,4340.17,4341.42,184,43,0
2026.06.05 17:36:00,4341.39,4342.07,4339.57,4341.94,178,43,0
2026.06.05 17:37:00,4342.0,4343.36,4341.2,4342.91,157,43,0
2026.06.05 17:38:00,4342.88,4344.27,4342.65,4343.62,171,43,0
2026.06.05 17:39:00,4343.47,4345.3,4343.11,4344.96,169,43,0
2026.06.05 17:40:00,4344.94,4347.46,4344.46,4344.47,181,43,0
2026.06.05 17:41:00,4344.48,4345.32,4341.05,4341.29,194,43,0
2026.06.05 17:42:00,4341.36,4342.97,4340.62,4342.46,182,43,0
2026.06.05 17:43:00,4342.41,4342.62,4340.14,4341.15,181,43,0
2026.06.05 17:44:00,4341.17,4342.29,4340.35,4341.12,180,43,0
2026.06.05 17:45:00,4341.04,4342.8,4341.04,4341.82,184,43,0
2026.06.05 17:46:00,4341.79,4342.05,4340.28,4340.36,181,43,0
2026.06.05 17:47:00,4340.53,4341.04,4339.43,4339.96,190,43,0
2026.06.05 17:48:00,4339.99,4340.57,4339.39,4339.71,180,43,0
2026.06.05 17:49:00,4339.71,4340.49,4337.57,4339.91,176,43,0
2026.06.05 17:50:00,4339.86,4340.61,4339.5,4339.6,179,43,0
2026.06.05 17:51:00,4339.67,4340.84,4338.67,4339.0,207,43,0
2026.06.05 17:52:00,4338.99,4340.8,4338.87,4340.6,178,43,0
2026.06.05 17:53:00,4340.87,4342.47,4340.52,4342.02,178,43,0
2026.06.05 17:54:00,4342.04,4343.59,4341.61,4343.36,173,43,0
2026.06.05 17:55:00,4343.34,4343.58,4342.1,4342.55,173,43,0
2026.06.05 17:56:00,4342.57,4343.16,4341.59,4342.11,172,43,0
2026.06.05 17:57:00,4342.04,4343.29,4341.42,4343.13,194,43,0
2026.06.05 17:58:00,4343.18,4343.47,4342.28,4343.14,178,43,0
2026.06.05 17:59:00,4343.15,4343.15,4341.07,4341.66,171,43,0
2026.06.05 18:00:00,4341.97,4342.05,4340.54,4341.07,178,43,0
2026.06.05 18:01:00,4341.08,4341.32,4338.77,4338.94,191,43,0
2026.06.05 18:02:00,4338.89,4338.96,4337.07,4337.54,170,43,0
2026.06.05 18:03:00,4337.59,4338.02,4335.03,4336.71,188,43,0
2026.06.05 18:04:00,4336.69,4336.79,4333.53,4333.56,218,43,0
2026.06.05 18:05:00,4333.65,4334.14,4332.43,4332.43,195,43,0
2026.06.05 18:06:00,4332.41,4333.08,4330.82,4330.96,170,43,0
2026.06.05 18:07:00,4331.16,4332.7,4329.46,4331.51,188,43,0
2026.06.05 18:08:00,4331.5,4331.56,4330.23,4331.1,178,43,0
2026.06.05 18:09:00,4331.05,4331.31,4329.85,4329.91,185,43,0
2026.06.05 18:10:00,4329.88,4331.45,4329.5,4330.29,178,43,0
2026.06.05 18:11:00,4330.28,4331.17,4328.44,4329.65,187,43,0
2026.06.05 18:12:00,4329.67,4329.75,4327.52,4328.54,207,43,0
2026.06.05 18:13:00,4328.55,4329.28,4327.52,4328.93,191,43,0
2026.06.05 18:14:00,4328.83,4328.87,4322.72,4322.72,195,43,0
2026.06.05 18:15:00,4322.7,4324.91,4321.94,4322.57,194,43,0
2026.06.05 18:16:00,4322.71,4324.91,4321.51,4323.71,201,43,0
2026.06.05 18:17:00,4323.63,4325.08,4322.87,4324.95,205,43,0
2026.06.05 18:18:00,4324.97,4326.3,4323.42,4324.6,199,43,0
2026.06.05 18:19:00,4324.7,4326.58,4324.11,4325.91,197,43,0
2026.06.05 18:20:00,4325.95,4330.03,4325.8,4328.15,208,43,0
2026.06.05 18:21:00,4328.44,4328.64,4326.09,4327.45,197,43,0
2026.06.05 18:22:00,4327.49,4328.17,4326.42,4328.07,189,43,0
2026.06.05 18:23:00,4327.88,4329.2,4327.31,4327.54,186,43,0
2026.06.05 18:24:00,4327.44,4328.53,4325.97,4327.22,190,43,0
2026.06.05 18:25:00,4327.16,4327.97,4325.06,4325.49,189,43,0
2026.06.05 18:26:00,4325.5,4325.5,4322.87,4323.37,197,43,0
2026.06.05 18:27:00,4323.31,4325.74,4322.93,4325.2,202,43,0
2026.06.05 18:28:00,4325.67,4326.41,4323.7,4325.77,199,43,0
2026.06.05 18:29:00,4325.64,4327.26,4325.22,4325.69,195,43,0
2026.06.05 18:30:00,4326.08,4326.96,4323.62,4324.19,193,43,0
2026.06.05 18:31:00,4324.15,4325.89,4322.71,4324.68,193,43,0
2026.06.05 18:32:00,4324.49,4324.53,4318.99,4319.81,195,43,0
2026.06.05 18:33:00,4319.73,4322.52,4318.99,4322.29,213,43,0
2026.06.05 18:34:00,4322.3,4325.12,4321.53,4325.1,196,43,0
2026.06.05 18:35:00,4325.03,4325.27,4322.78,4323.46,190,43,0
2026.06.05 18:36:00,4323.48,4325.83,4322.53,4325.37,181,43,0
2026.06.05 18:37:00,4325.35,4325.76,4322.96,4323.42,174,43,0
2026.06.05 18:38:00,4323.38,4323.68,4319.07,4319.89,185,43,0
2026.06.05 18:39:00,4319.82,4320.85,4319.46,4320.23,184,43,0
2026.06.05 18:40:00,4320.36,4321.18,4319.15,4319.3,179,43,0
2026.06.05 18:41:00,4319.51,4320.58,4318.19,4318.25,184,43,0
2026.06.05 18:42:00,4318.27,4318.35,4316.57,4318.27,162,43,0
2026.06.05 18:43:00,4318.26,4318.4,4315.72,4316.09,182,43,0
2026.06.05 18:44:00,4315.78,4318.71,4315.19,4318.02,193,43,0
2026.06.05 18:45:00,4317.92,4317.98,4316.0,4316.48,185,43,0
2026.06.05 18:46:00,4316.42,4318.05,4316.01,4316.64,192,43,0
2026.06.05 18:47:00,4316.5,4319.06,4316.02,4318.21,177,43,0
2026.06.05 18:48:00,4318.25,4319.15,4317.28,4318.13,188,43,0
2026.06.05 18:49:00,4318.17,4321.58,4317.73,4321.52,210,43,0
2026.06.05 18:50:00,4321.18,4321.18,4317.94,4318.31,191,43,0
2026.06.05 18:51:00,4318.6,4318.99,4316.77,4317.95,196,43,0
2026.06.05 18:52:00,4317.87,4319.06,4317.75,4317.9,185,43,0
2026.06.05 18:53:00,4317.91,4318.45,4316.97,4317.28,179,43,0
2026.06.05 18:54:00,4317.25,4320.6,4317.04,4320.6,195,43,0
2026.06.05 18:55:00,4319.87,4321.24,4318.97,4320.04,198,43,0
2026.06.05 18:56:00,4320.17,4326.8,4318.94,4324.36,204,43,0
2026.06.05 18:57:00,4324.15,4324.94,4322.13,4322.8,200,43,0
2026.06.05 18:58:00,4322.7,4324.39,4322.28,4323.51,187,43,0
2026.06.05 18:59:00,4323.17,4324.52,4322.15,4322.32,200,43,0
2026.06.05 19:00:00,4322.55,4323.65,4317.46,4318.29,204,43,0
2026.06.05 19:01:00,4318.35,4319.32,4316.5,4319.2,192,43,0
2026.06.05 19:02:00,4319.07,4320.3,4318.67,4319.33,200,43,0
2026.06.05 19:03:00,4319.09,4322.39,4318.88,4321.03,192,43,0
2026.06.05 19:04:00,4321.05,4321.19,4319.26,4320.76,191,43,0
2026.06.05 19:05:00,4320.61,4320.75,4319.02,4319.74,184,43,0
2026.06.05 19:06:00,4319.78,4321.05,4317.34,4320.23,186,43,0
2026.06.05 19:07:00,4319.86,4320.65,4317.97,4318.26,179,43,0
2026.06.05 19:08:00,4318.24,4318.37,4316.46,4316.46,192,43,0
2026.06.05 19:09:00,4316.41,4319.91,4316.32,4319.74,184,43,0
2026.06.05 19:10:00,4319.77,4320.07,4318.31,4318.36,189,43,0
2026.06.05 19:11:00,4318.35,4319.05,4317.65,4317.8,174,43,0
2026.06.05 19:12:00,4317.84,4319.07,4316.28,4316.65,187,43,0
2026.06.05 19:13:00,4316.57,4317.2,4315.72,4316.14,193,43,0
2026.06.05 19:14:00,4316.1,4316.52,4315.2,4315.3,192,43,0
2026.06.05 19:15:00,4315.17,4315.76,4314.74,4315.28,187,43,0
2026.06.05 19:16:00,4315.25,4315.71,4314.77,4315.38,181,43,0
2026.06.05 19:17:00,4315.39,4316.29,4314.19,4314.19,184,43,0
2026.06.05 19:18:00,4314.14,4318.84,4313.83,4317.91,202,43,0
2026.06.05 19:19:00,4317.77,4318.51,4316.82,4318.37,193,43,0
2026.06.05 19:20:00,4318.21,4321.12,4317.73,4320.78,178,43,0
2026.06.05 19:21:00,4321.03,4321.47,4317.92,4318.27,192,43,0
2026.06.05 19:22:00,4318.19,4321.71,4316.35,4318.03,342,43,0
2026.06.05 19:23:00,4317.98,4317.98,4315.36,4315.44,430,43,0
2026.06.05 19:24:00,4315.43,4319.12,4315.4,4319.08,472,43,0
2026.06.05 19:25:00,4319.1,4322.35,4318.81,4322.02,407,43,0
2026.06.05 19:26:00,4321.92,4322.3,4319.51,4320.85,363,43,0
2026.06.05 19:27:00,4320.85,4323.62,4320.6,4323.62,342,43,0
2026.06.05 19:28:00,4323.66,4324.21,4322.59,4322.69,342,43,0
2026.06.05 19:29:00,4322.67,4323.81,4321.36,4323.76,368,43,0
2026.06.05 19:30:00,4323.71,4325.03,4321.37,4321.76,343,43,0
2026.06.05 19:31:00,4321.53,4322.55,4320.56,4322.49,340,43,0
2026.06.05 19:32:00,4322.49,4323.06,4320.88,4321.63,360,43,0
2026.06.05 19:33:00,4321.6,4323.18,4321.16,4322.0,354,43,0
2026.06.05 19:34:00,4322.0,4323.13,4321.53,4322.88,335,43,0
2026.06.05 19:35:00,4322.86,4324.74,4322.22,4323.15,372,43,0
2026.06.05 19:36:00,4323.15,4323.15,4320.41,4321.61,330,43,0
2026.06.05 19:37:00,4321.53,4323.34,4321.1,4323.16,306,43,0
2026.06.05 19:38:00,4323.16,4323.31,4321.59,4322.53,296,43,0
2026.06.05 19:39:00,4322.47,4322.75,4321.33,4322.14,300,43,0
2026.06.05 19:40:00,4322.14,4322.23,4317.83,4317.92,358,43,0
2026.06.05 19:41:00,4317.83,4318.47,4313.98,4314.69,414,43,0
2026.06.05 19:42:00,4314.69,4317.15,4314.16,4316.35,317,43,0
2026.06.05 19:43:00,4316.3,4317.03,4315.47,4316.54,310,43,0
2026.06.05 19:44:00,4316.54,4320.01,4315.46,4318.69,387,43,0
2026.06.05 19:45:00,4318.69,4320.36,4317.74,4320.15,381,43,0
2026.06.05 19:46:00,4320.04,4321.46,4318.93,4321.24,369,43,0
2026.06.05 19:47:00,4321.26,4321.6,4320.0,4320.61,368,43,0
2026.06.05 19:48:00,4320.63,4322.26,4319.16,4319.8,335,43,0
2026.06.05 19:49:00,4319.75,4321.03,4319.75,4320.65,358,43,0
2026.06.05 19:50:00,4320.65,4323.75,4319.84,4322.14,366,43,0
2026.06.05 19:51:00,4322.45,4323.07,4320.2,4320.97,346,43,0
2026.06.05 19:52:00,4320.97,4321.41,4319.55,4319.55,328,43,0
2026.06.05 19:53:00,4319.71,4320.48,4318.35,4318.52,372,43,0
2026.06.05 19:54:00,4318.68,4319.14,4317.69,4318.42,356,43,0
2026.06.05 19:55:00,4317.74,4321.17,4317.48,4319.59,366,43,0
2026.06.05 19:56:00,4319.52,4319.62,4317.84,4318.34,318,43,0
2026.06.05 19:57:00,4318.4,4319.14,4317.78,4318.69,315,43,0
2026.06.05 19:58:00,4318.63,4318.86,4317.07,4317.43,346,43,0
2026.06.05 19:59:00,4317.45,4318.75,4317.1,4318.6,354,43,0
2026.06.05 20:00:00,4318.45,4318.79,4315.48,4315.76,315,43,0
2026.06.05 20:01:00,4315.87,4316.31,4314.66,4315.13,298,43,0
2026.06.05 20:02:00,4315.16,4315.7,4312.58,4313.64,358,43,0
2026.06.05 20:03:00,4313.63,4314.18,4312.75,4312.94,297,43,0
2026.06.05 20:04:00,4313.11,4314.4,4312.64,4313.54,287,43,0
2026.06.05 20:05:00,4313.56,4313.87,4312.32,4313.03,295,43,0
2026.06.05 20:06:00,4312.99,4313.53,4311.64,4313.48,287,43,0
2026.06.05 20:07:00,4313.5,4313.91,4312.85,4313.27,256,43,0
2026.06.05 20:08:00,4313.28,4313.76,4312.4,4313.41,273,43,0
2026.06.05 20:09:00,4313.43,4314.6,4313.25,4313.8,263,43,0
2026.06.05 20:10:00,4313.79,4314.06,4312.39,4313.78,285,43,0
2026.06.05 20:11:00,4313.8,4313.81,4312.24,4312.78,269,43,0
2026.06.05 20:12:00,4312.76,4313.47,4312.61,4313.05,229,43,0
2026.06.05 20:13:00,4313.05,4315.89,4312.72,4315.89,222,43,0
2026.06.05 20:14:00,4315.89,4316.71,4315.34,4315.43,249,43,0
2026.06.05 20:15:00,4315.68,4315.86,4314.15,4314.15,265,43,0
2026.06.05 20:16:00,4314.12,4315.82,4313.85,4314.05,270,43,0
2026.06.05 20:17:00,4314.07,4316.64,4313.77,4316.29,234,43,0
2026.06.05 20:18:00,4316.39,4316.39,4315.26,4315.32,208,43,0
2026.06.05 20:19:00,4315.34,4315.62,4314.39,4315.35,247,43,0
2026.06.05 20:20:00,4315.41,4316.32,4314.6,4315.14,259,43,0
2026.06.05 20:21:00,4315.11,4318.07,4314.98,4318.03,248,43,0
2026.06.05 20:22:00,4318.02,4319.58,4317.63,4318.27,268,43,0
2026.06.05 20:23:00,4318.28,4319.55,4318.13,4318.18,195,43,0
2026.06.05 20:24:00,4318.22,4319.87,4317.93,4319.74,242,43,0
2026.06.05 20:25:00,4319.75,4320.14,4318.58,4319.11,213,43,0
2026.06.05 20:26:00,4319.12,4322.67,4319.1,4322.56,244,43,0
2026.06.05 20:27:00,4322.47,4326.21,4321.88,4325.05,265,43,0
2026.06.05 20:28:00,4325.08,4325.1,4323.07,4323.56,218,43,0
2026.06.05 20:29:00,4323.56,4324.16,4322.07,4322.51,183,43,0
2026.06.05 20:30:00,4322.54,4323.48,4322.54,4323.16,277,43,0
2026.06.05 20:31:00,4323.12,4323.62,4322.68,4322.94,182,43,0
2026.06.05 20:32:00,4322.9,4322.93,4321.58,4322.32,201,43,0
2026.06.05 20:33:00,4322.21,4322.49,4321.64,4322.45,221,43,0
2026.06.05 20:34:00,4322.52,4322.93,4321.71,4322.39,212,43,0
2026.06.05 20:35:00,4322.39,4323.11,4322.17,4323.02,202,43,0
2026.06.05 20:36:00,4323.02,4324.9,4322.54,4323.76,211,43,0
2026.06.05 20:37:00,4323.72,4325.12,4323.39,4324.56,253,43,0
2026.06.05 20:38:00,4324.48,4324.66,4321.98,4322.07,252,43,0
2026.06.05 20:39:00,4322.28,4323.18,4321.59,4322.78,189,43,0
2026.06.05 20:40:00,4322.64,4323.05,4322.53,4322.93,184,43,0
2026.06.05 20:41:00,4322.93,4323.0,4322.16,4322.52,227,43,0
2026.06.05 20:42:00,4322.65,4322.82,4320.92,4321.36,217,43,0
2026.06.05 20:43:00,4321.3,4322.45,4321.12,4321.79,217,43,0
2026.06.05 20:44:00,4321.84,4324.8,4321.52,4323.96,257,43,0
2026.06.05 20:45:00,4324.2,4325.11,4324.14,4324.62,231,43,0
2026.06.05 20:46:00,4324.62,4325.4,4324.37,4325.19,201,43,0
2026.06.05 20:47:00,4325.22,4327.78,4324.73,4327.65,211,43,0
2026.06.05 20:48:00,4327.65,4329.9,4327.52,4329.23,282,43,0
2026.06.05 20:49:00,4329.2,4329.2,4326.98,4327.48,204,43,0
2026.06.05 20:50:00,4327.49,4328.54,4325.44,4327.99,267,43,0
2026.06.05 20:51:00,4327.88,4329.63,4327.07,4328.88,259,43,0
2026.06.05 20:52:00,4328.85,4329.87,4327.88,4328.92,222,43,0
2026.06.05 20:53:00,4328.92,4329.95,4328.14,4328.2,270,43,0
2026.06.05 20:54:00,4328.27,4328.74,4327.51,4327.93,186,43,0
2026.06.05 20:55:00,4327.94,4330.58,4327.88,4330.18,181,43,0
2026.06.05 20:56:00,4330.0,4331.13,4327.67,4327.92,145,43,0
2026.06.05 20:57:00,4327.92,4328.65,4327.84,4328.52,110,43,0
2026.06.05 20:58:00,4328.45,4329.29,4327.98,4328.01,157,43,0
2026.06.07 22:01:00,4329.86,4329.86,4325.22,4326.01,134,43,0
2026.06.07 22:02:00,4325.89,4326.09,4309.98,4320.03,263,43,0
2026.06.07 22:03:00,4320.1,4323.42,4320.1,4321.06,237,44,0
2026.06.07 22:04:00,4321.06,4322.91,4319.93,4320.72,190,44,0
2026.06.07 22:05:00,4320.71,4320.91,4310.76,4312.59,394,43,0
2026.06.07 22:06:00,4312.6,4315.56,4310.34,4313.3,338,43,0
2026.06.07 22:07:00,4313.22,4313.95,4310.29,4311.45,300,43,0
2026.06.07 22:08:00,4311.42,4313.68,4310.69,4312.38,334,43,0
2026.06.07 22:09:00,4312.4,4318.92,4312.28,4318.68,403,43,0
2026.06.07 22:10:00,4318.6,4318.6,4315.45,4316.8,278,43,0
2026.06.07 22:11:00,4316.82,4317.34,4315.21,4315.62,290,43,0
2026.06.07 22:12:00,4315.6,4322.23,4312.68,4321.59,375,43,0
2026.06.07 22:13:00,4321.51,4326.99,4320.87,4325.67,361,43,0
2026.06.07 22:14:00,4325.6,4330.28,4323.94,4329.82,360,43,0
2026.06.07 22:15:00,4330.17,4330.51,4324.34,4326.6,390,43,0
2026.06.07 22:16:00,4326.55,4328.78,4324.83,4326.8,280,43,0
2026.06.07 22:17:00,4326.65,4330.36,4323.7,4328.95,363,43,0
2026.06.07 22:18:00,4328.86,4329.75,4326.29,4328.6,384,43,0
2026.06.07 22:19:00,4328.63,4330.49,4326.54,4327.11,343,43,0
2026.06.07 22:20:00,4326.96,4328.94,4326.91,4328.06,325,43,0
2026.06.07 22:21:00,4328.04,4329.12,4323.75,4325.17,339,43,0
2026.06.07 22:22:00,4324.62,4325.94,4323.32,4325.91,308,43,0
2026.06.07 22:23:00,4326.16,4326.97,4324.82,4326.07,308,43,0
2026.06.07 22:24:00,4326.07,4326.25,4321.9,4322.84,302,43,0
2026.06.07 22:25:00,4322.8,4324.13,4322.54,4323.48,299,43,0
2026.06.07 22:26:00,4323.51,4323.76,4316.74,4316.74,342,43,0
2026.06.07 22:27:00,4316.74,4319.78,4316.45,4319.46,315,43,0
2026.06.07 22:28:00,4319.15,4319.43,4316.35,4317.27,304,43,0
2026.06.07 22:29:00,4316.87,4318.07,4316.07,4316.63,248,43,0
2026.06.07 22:30:00,4316.57,4317.3,4315.01,4315.89,354,43,0
2026.06.07 22:31:00,4315.96,4319.86,4315.52,4319.43,372,43,0
2026.06.07 22:32:00,4319.43,4320.25,4317.28,4318.23,338,43,0
2026.06.07 22:33:00,4318.23,4320.04,4317.03,4318.92,293,43,0
2026.06.07 22:34:00,4318.96,4323.26,4318.75,4323.16,346,43,0
2026.06.07 22:35:00,4323.18,4325.71,4322.1,4325.17,332,43,0
2026.06.07 22:36:00,4325.04,4327.42,4324.88,4327.28,242,43,0
2026.06.07 22:37:00,4327.28,4327.38,4325.47,4327.11,218,43,0
2026.06.07 22:38:00,4327.12,4328.87,4326.97,4328.47,253,43,0
2026.06.07 22:39:00,4328.39,4328.43,4325.45,4325.69,244,43,0
2026.06.07 22:40:00,4325.64,4326.64,4325.0,4325.9,224,43,0
2026.06.07 22:41:00,4325.75,4325.82,4325.02,4325.02,175,43,0
2026.06.07 22:42:00,4325.39,4325.56,4324.34,4325.19,231,43,0
2026.06.07 22:43:00,4325.22,4326.06,4325.19,4325.74,177,43,0
2026.06.07 22:44:00,4325.73,4326.31,4325.03,4325.88,210,43,0
2026.06.07 22:45:00,4325.8,4326.0,4322.32,4322.46,246,43,0
2026.06.07 22:46:00,4322.46,4323.62,4319.26,4321.61,347,43,0
2026.06.07 22:47:00,4321.62,4323.39,4321.26,4322.98,272,43,0
2026.06.07 22:48:00,4322.49,4324.18,4322.44,4322.67,258,43,0
2026.06.07 22:49:00,4322.67,4323.23,4321.89,4322.48,192,43,0
2026.06.07 22:50:00,4322.49,4323.26,4321.2,4323.08,224,43,0
2026.06.07 22:51:00,4322.96,4325.06,4322.82,4324.06,232,43,0
2026.06.07 22:52:00,4324.25,4326.62,4324.17,4324.78,226,43,0
2026.06.07 22:53:00,4324.79,4324.79,4321.41,4323.39,248,43,0
2026.06.07 22:54:00,4323.4,4323.96,4322.23,4323.16,216,43,0
2026.06.07 22:55:00,4323.24,4323.24,4320.48,4320.98,312,43,0
2026.06.07 22:56:00,4320.98,4321.65,4315.68,4321.54,450,43,0
2026.06.07 22:57:00,4321.54,4321.62,4319.01,4320.46,333,43,0
2026.06.07 22:58:00,4320.46,4320.78,4317.55,4319.76,282,43,0
2026.06.07 22:59:00,4319.66,4320.85,4317.05,4317.17,355,43,0
2026.06.07 23:00:00,4317.18,4322.05,4317.18,4321.04,358,43,0
2026.06.07 23:01:00,4321.16,4326.76,4320.87,4326.41,375,43,0
2026.06.07 23:02:00,4326.12,4326.5,4324.48,4324.52,288,43,0
2026.06.07 23:03:00,4324.51,4326.79,4324.38,4326.64,279,43,0
2026.06.07 23:04:00,4326.61,4326.61,4324.37,4325.8,257,43,0
2026.06.07 23:05:00,4325.79,4325.79,4322.51,4323.21,258,43,0
2026.06.07 23:06:00,4323.21,4324.8,4322.97,4323.52,285,43,0
2026.06.07 23:07:00,4323.51,4327.09,4323.03,4326.2,285,43,0
2026.06.07 23:08:00,4326.13,4326.19,4324.6,4325.32,284,43,0
2026.06.07 23:09:00,4325.32,4327.05,4324.03,4326.64,260,43,0
2026.06.07 23:10:00,4326.65,4327.75,4325.98,4326.45,335,43,0
2026.06.07 23:11:00,4326.45,4330.39,4325.86,4329.39,276,43,0
2026.06.07 23:12:00,4329.39,4331.04,4327.4,4330.2,211,43,0
2026.06.07 23:13:00,4330.18,4334.1,4330.15,4333.18,302,43,0
2026.06.07 23:14:00,4333.0,4333.14,4329.77,4330.7,236,43,0
2026.06.07 23:15:00,4330.64,4334.03,4330.47,4333.25,307,43,0
2026.06.07 23:16:00,4333.23,4333.46,4331.17,4332.45,273,43,0
2026.06.07 23:17:00,4332.43,4332.69,4329.89,4331.01,272,43,0
2026.06.07 23:18:00,4331.03,4332.14,4330.66,4331.36,226,43,0
2026.06.07 23:19:00,4331.37,4331.68,4329.67,4331.14,202,43,0
2026.06.07 23:20:00,4331.15,4331.66,4329.72,4329.82,235,43,0
2026.06.07 23:21:00,4329.8,4331.76,4328.71,4330.74,278,43,0
2026.06.07 23:22:00,4330.77,4331.36,4330.3,4331.01,251,43,0
2026.06.07 23:23:00,4330.87,4331.06,4328.65,4329.06,202,43,0
2026.06.07 23:24:00,4329.05,4330.47,4328.99,4330.21,208,43,0
2026.06.07 23:25:00,4330.09,4330.35,4329.19,4329.74,219,43,0
2026.06.07 23:26:00,4329.84,4329.84,4328.97,4329.42,193,43,0
2026.06.07 23:27:00,4329.42,4330.88,4329.39,4330.24,192,43,0
2026.06.07 23:28:00,4330.25,4332.63,4329.95,4332.41,215,43,0
2026.06.07 23:29:00,4332.4,4334.43,4331.26,4333.91,234,43,0
2026.06.07 23:30:00,4333.75,4335.73,4333.67,4334.39,293,43,0
2026.06.07 23:31:00,4334.38,4334.94,4332.9,4333.17,263,43,0
2026.06.07 23:32:00,4333.52,4336.41,4333.45,4336.06,307,43,0
2026.06.07 23:33:00,4335.92,4336.32,4334.37,4335.01,301,43,0
2026.06.07 23:34:00,4335.03,4335.09,4333.21,4333.79,194,43,0
2026.06.07 23:35:00,4333.84,4335.31,4333.0,4333.45,249,43,0
2026.06.07 23:36:00,4333.45,4336.61,4333.23,4336.4,215,43,0
2026.06.07 23:37:00,4336.4,4337.64,4334.89,4336.61,229,43,0
2026.06.07 23:38:00,4336.65,4337.41,4335.99,4336.55,211,43,0
2026.06.07 23:39:00,4336.55,4336.9,4334.89,4336.62,234,43,0
2026.06.07 23:40:00,4336.62,4338.6,4336.42,4337.92,255,43,0
2026.06.07 23:41:00,4337.92,4338.57,4337.18,4337.87,270,43,0
2026.06.07 23:42:00,4337.91,4339.04,4337.78,4338.84,192,43,0
2026.06.07 23:43:00,4338.87,4340.34,4338.57,4339.66,250,43,0
2026.06.07 23:44:00,4339.62,4339.7,4338.63,4338.9,274,43,0
2026.06.07 23:45:00,4338.93,4339.09,4336.9,4337.82,346,43,0
2026.06.07 23:46:00,4337.87,4337.94,4335.21,4337.28,339,43,0
2026.06.07 23:47:00,4337.47,4340.15,4337.47,4339.41,309,43,0
2026.06.07 23:48:00,4339.3,4341.95,4339.26,4341.76,313,43,0
2026.06.07 23:49:00,4341.77,4342.96,4341.47,4341.9,308,43,0
2026.06.07 23:50:00,4341.89,4342.56,4340.03,4341.08,255,43,0
2026.06.07 23:51:00,4341.08,4341.3,4339.28,4339.47,249,43,0
2026.06.07 23:52:00,4339.81,4341.25,4339.17,4340.31,247,43,0
2026.06.07 23:53:00,4340.31,4341.52,4339.79,4341.36,211,43,0
2026.06.07 23:54:00,4341.44,4343.68,4341.44,4343.16,261,43,0
2026.06.07 23:55:00,4343.18,4346.43,4343.01,4344.21,327,43,0
2026.06.07 23:56:00,4344.27,4345.03,4343.06,4344.61,289,43,0
2026.06.07 23:57:00,4344.61,4346.85,4344.49,4345.24,287,43,0
2026.06.07 23:58:00,4345.2,4345.53,4342.18,4343.18,313,43,0
2026.06.07 23:59:00,4343.2,4345.33,4343.17,4343.91,324,43,0
2026.06.08 00:00:00,4343.73,4344.26,4340.56,4343.29,367,43,0
2026.06.08 00:01:00,4343.29,4346.69,4341.82,4346.43,349,43,0
2026.06.08 00:02:00,4346.3,4346.3,4343.47,4345.8,305,43,0
2026.06.08 00:03:00,4345.74,4345.8,4343.54,4344.33,352,43,0
2026.06.08 00:04:00,4344.31,4345.63,4343.77,4344.59,308,43,0
2026.06.08 00:05:00,4344.58,4345.08,4343.06,4343.98,311,43,0
2026.06.08 00:06:00,4343.7,4345.04,4342.9,4343.21,311,43,0
2026.06.08 00:07:00,4343.21,4343.24,4341.11,4342.23,357,43,0
2026.06.08 00:08:00,4342.24,4344.81,4342.21,4344.59,312,43,0
2026.06.08 00:09:00,4344.65,4345.78,4344.58,4345.33,312,43,0
2026.06.08 00:10:00,4345.34,4345.55,4341.02,4341.98,366,43,0
2026.06.08 00:11:00,4341.98,4344.77,4341.78,4343.63,277,43,0
2026.06.08 00:12:00,4343.55,4345.29,4343.29,4343.77,249,43,0
2026.06.08 00:13:00,4343.78,4343.78,4342.72,4343.41,268,43,0
2026.06.08 00:14:00,4343.42,4343.95,4341.1,4343.58,283,43,0
2026.06.08 00:15:00,4343.66,4344.33,4341.58,4344.19,311,43,0
2026.06.08 00:16:00,4344.19,4345.44,4343.05,4343.89,319,43,0
2026.06.08 00:17:00,4343.93,4345.69,4343.86,4344.71,276,43,0
2026.06.08 00:18:00,4344.95,4347.14,4344.73,4346.74,269,43,0
2026.06.08 00:19:00,4346.69,4347.76,4345.29,4347.52,307,43,0
2026.06.08 00:20:00,4347.55,4349.9,4347.31,4349.2,312,43,0
2026.06.08 00:21:00,4349.2,4350.06,4348.06,4348.06,268,43,0
2026.06.08 00:22:00,4348.06,4350.46,4347.52,4350.16,308,43,0
2026.06.08 00:23:00,4350.17,4352.28,4350.01,4351.96,311,43,0
2026.06.08 00:24:00,4351.92,4351.92,4350.53,4350.88,262,43,0
2026.06.08 00:25:00,4350.88,4350.88,4349.16,4349.98,349,43,0
2026.06.08 00:26:00,4349.97,4350.87,4349.18,4349.37,304,43,0
2026.06.08 00:27:00,4349.34,4351.07,4349.33,4350.67,300,43,0
2026.06.08 00:28:00,4350.69,4353.45,4350.52,4352.97,329,43,0
2026.06.08 00:29:00,4352.97,4352.99,4351.1,4351.4,320,43,0
2026.06.08 00:30:00,4351.4,4352.02,4350.34,4351.82,275,43,0
2026.06.08 00:31:00,4351.82,4352.36,4351.04,4351.09,263,43,0
2026.06.08 00:32:00,4351.12,4351.18,4349.31,4349.68,287,43,0
2026.06.08 00:33:00,4349.68,4350.08,4346.68,4347.19,300,43,0
2026.06.08 00:34:00,4347.17,4349.21,4346.24,4349.07,319,43,0
2026.06.08 00:35:00,4349.1,4349.73,4348.18,4349.09,328,43,0
2026.06.08 00:36:00,4349.09,4351.89,4348.49,4350.82,282,43,0
2026.06.08 00:37:00,4350.76,4351.28,4350.13,4350.22,294,43,0
2026.06.08 00:38:00,4350.22,4350.4,4345.96,4346.5,283,43,0
2026.06.08 00:39:00,4346.5,4348.84,4346.4,4347.71,250,43,0
2026.06.08 00:40:00,4347.77,4348.73,4344.66,4344.66,361,43,0
2026.06.08 00:41:00,4344.83,4345.25,4341.91,4342.49,356,43,0
2026.06.08 00:42:00,4342.53,4345.4,4342.52,4343.99,316,43,0
2026.06.08 00:43:00,4343.99,4344.62,4342.61,4344.1,270,43,0
2026.06.08 00:44:00,4344.09,4345.44,4342.77,4345.27,322,43,0
2026.06.08 00:45:00,4345.25,4345.66,4343.12,4343.37,362,43,0
2026.06.08 00:46:00,4343.37,4344.16,4342.13,4343.03,299,43,0
2026.06.08 00:47:00,4343.05,4343.77,4342.38,4342.38,295,43,0
2026.06.08 00:48:00,4342.39,4342.39,4339.58,4341.16,362,43,0
2026.06.08 00:49:00,4341.24,4343.73,4341.24,4342.47,324,43,0
2026.06.08 00:50:00,4342.49,4343.33,4340.98,4341.37,330,43,0
2026.06.08 00:51:00,4341.33,4342.07,4339.98,4340.41,392,43,0
2026.06.08 00:52:00,4340.4,4342.02,4339.81,4341.21,355,43,0
2026.06.08 00:53:00,4341.17,4341.8,4339.79,4340.49,318,43,0
2026.06.08 00:54:00,4340.41,4342.12,4340.05,4341.52,283,43,0
2026.06.08 00:55:00,4341.52,4343.18,4340.59,4341.4,364,43,0
2026.06.08 00:56:00,4341.41,4342.83,4341.03,4342.7,325,43,0
2026.06.08 00:57:00,4342.62,4344.87,4341.93,4344.3,371,43,0
2026.06.08 00:58:00,4344.3,4345.3,4341.63,4343.02,314,43,0
2026.06.08 00:59:00,4343.05,4343.8,4342.17,4342.17,365,43,0
2026.06.08 01:00:00,4342.07,4345.63,4336.11,4337.44,509,43,0
2026.06.08 01:01:00,4337.36,4343.16,4336.64,4341.04,468,43,0
2026.06.08 01:02:00,4341.0,4342.09,4337.49,4339.8,462,43,0
2026.06.08 01:03:00,4339.86,4342.41,4339.74,4340.38,418,43,0
2026.06.08 01:04:00,4340.43,4340.43,4337.77,4339.19,371,43,0
2026.06.08 01:05:00,4339.06,4339.06,4333.46,4335.83,462,43,0
2026.06.08 01:06:00,4335.81,4336.62,4332.83,4333.47,421,43,0
2026.06.08 01:07:00,4333.44,4335.11,4331.0,4334.79,465,43,0
2026.06.08 01:08:00,4334.78,4339.72,4334.18,4339.42,452,43,0
2026.06.08 01:09:00,4339.39,4340.92,4336.15,4336.5,393,43,0
2026.06.08 01:10:00,4336.77,4337.6,4334.05,4335.15,436,43,0
2026.06.08 01:11:00,4335.15,4336.88,4334.87,4336.37,390,43,0
2026.06.08 01:12:00,4336.42,4336.93,4331.6,4332.29,442,43,0
2026.06.08 01:13:00,4332.3,4334.75,4332.0,4333.57,393,43,0
2026.06.08 01:14:00,4333.58,4334.13,4326.59,4326.97,450,43,0
2026.06.08 01:15:00,4326.97,4327.43,4320.06,4323.23,508,43,0
2026.06.08 01:16:00,4323.22,4325.14,4321.19,4321.3,414,43,0
2026.06.08 01:17:00,4321.3,4322.66,4319.33,4321.0,445,43,0
2026.06.08 01:18:00,4321.0,4321.36,4317.12,4317.33,449,43,0
2026.06.08 01:19:00,4317.33,4318.96,4314.26,4317.85,460,43,0
2026.06.08 01:20:00,4317.79,4318.43,4313.49,4314.63,458,43,0
2026.06.08 01:21:00,4314.6,4316.63,4311.33,4315.78,506,43,0
2026.06.08 01:22:00,4315.76,4321.83,4314.96,4319.54,487,43,0
2026.06.08 01:23:00,4319.54,4324.81,4319.39,4324.75,477,43,0
2026.06.08 01:24:00,4324.75,4325.02,4320.5,4321.75,430,43,0
2026.06.08 01:25:00,4321.75,4322.7,4316.93,4317.39,481,43,0
2026.06.08 01:26:00,4317.42,4319.7,4316.69,4318.3,456,43,0
2026.06.08 01:27:00,4318.43,4323.21,4318.43,4319.38,449,43,0
2026.06.08 01:28:00,4319.38,4319.91,4311.09,4314.83,479,43,0
2026.06.08 01:29:00,4314.94,4315.29,4313.07,4314.42,403,43,0
2026.06.08 01:30:00,4314.41,4314.75,4299.98,4302.42,518,43,0
2026.06.08 01:31:00,4302.59,4317.79,4300.91,4311.33,539,43,0
2026.06.08 01:32:00,4311.36,4316.88,4310.87,4316.19,513,43,0
2026.06.08 01:33:00,4316.31,4317.25,4310.6,4311.25,496,43,0
2026.06.08 01:34:00,4311.27,4316.11,4310.33,4315.34,464,43,0
2026.06.08 01:35:00,4315.37,4316.02,4311.41,4312.96,476,43,0
2026.06.08 01:36:00,4312.97,4316.37,4312.46,4315.73,466,43,0
2026.06.08 01:37:00,4315.64,4316.87,4313.98,4316.32,465,43,0
2026.06.08 01:38:00,4316.3,4317.65,4315.37,4317.2,445,43,0
2026.06.08 01:39:00,4317.17,4317.23,4313.02,4317.13,467,43,0
2026.06.08 01:40:00,4317.13,4322.17,4316.47,4320.22,489,43,0
2026.06.08 01:41:00,4320.17,4323.9,4319.96,4323.03,473,43,0
2026.06.08 01:42:00,4323.18,4324.86,4321.75,4324.56,435,43,0
2026.06.08 01:43:00,4324.61,4327.2,4322.94,4325.35,470,43,0
2026.06.08 01:44:00,4325.45,4326.75,4324.51,4326.03,480,43,0
2026.06.08 01:45:00,4325.95,4329.63,4324.15,4327.76,486,43,0
2026.06.08 01:46:00,4327.58,4328.83,4325.79,4326.8,467,43,0
2026.06.08 01:47:00,4326.65,4327.13,4323.22,4325.03,454,43,0
2026.06.08 01:48:00,4325.03,4326.32,4323.64,4325.8,471,43,0
2026.06.08 01:49:00,4325.8,4328.13,4323.04,4323.64,428,43,0
2026.06.08 01:50:00,4323.5,4323.57,4319.28,4321.87,465,43,0
2026.06.08 01:51:00,4321.86,4326.35,4321.86,4326.29,446,43,0
2026.06.08 01:52:00,4326.31,4327.95,4322.87,4325.29,412,43,0
2026.06.08 01:53:00,4325.29,4326.45,4321.21,4322.66,454,43,0
2026.06.08 01:54:00,4322.58,4324.43,4321.88,4324.31,347,43,0
2026.06.08 01:55:00,4324.11,4327.1,4322.9,4326.23,413,43,0
2026.06.08 01:56:00,4326.24,4328.46,4324.89,4328.1,424,43,0
2026.06.08 01:57:00,4328.1,4328.24,4324.88,4325.05,410,43,0
2026.06.08 01:58:00,4325.05,4326.43,4323.43,4324.63,395,43,0
2026.06.08 01:59:00,4324.48,4326.61,4324.4,4325.57,402,43,0
2026.06.08 02:00:00,4325.7,4330.58,4325.41,4329.46,473,43,0
2026.06.08 02:01:00,4329.52,4329.52,4322.7,4323.18,420,43,0
2026.06.08 02:02:00,4323.24,4323.57,4321.47,4323.13,402,43,0
2026.06.08 02:03:00,4322.96,4325.69,4321.08,4323.05,390,43,0
2026.06.08 02:04:00,4323.03,4323.62,4321.25,4322.74,397,43,0
2026.06.08 02:05:00,4322.73,4323.05,4319.84,4321.86,445,43,0
2026.06.08 02:06:00,4321.85,4323.71,4321.38,4321.73,403,43,0
2026.06.08 02:07:00,4321.44,4324.44,4320.64,4323.11,425,43,0
2026.06.08 02:08:00,4323.12,4323.26,4320.15,4320.15,415,43,0
2026.06.08 02:09:00,4320.15,4320.76,4316.66,4318.76,429,43,0
2026.06.08 02:10:00,4318.78,4318.78,4315.31,4316.04,386,43,0
2026.06.08 02:11:00,4316.07,4319.0,4314.9,4318.72,376,43,0
2026.06.08 02:12:00,4318.71,4318.73,4315.98,4317.36,373,43,0
2026.06.08 02:13:00,4317.39,4317.92,4314.61,4315.92,356,43,0
2026.06.08 02:14:00,4315.94,4317.28,4315.32,4316.68,374,43,0
2026.06.08 02:15:00,4316.69,4319.63,4315.46,4317.24,368,43,0
2026.06.08 02:16:00,4317.26,4317.32,4313.55,4315.47,389,43,0
2026.06.08 02:17:00,4315.47,4315.96,4313.52,4313.52,319,43,0
2026.06.08 02:18:00,4313.5,4314.15,4312.09,4313.16,402,43,0
2026.06.08 02:19:00,4313.16,4313.22,4311.38,4312.14,316,43,0
2026.06.08 02:20:00,4312.12,4313.04,4311.66,4312.58,346,43,0
2026.06.08 02:21:00,4312.57,4314.77,4312.23,4313.6,357,43,0
2026.06.08 02:22:00,4313.57,4314.78,4313.31,4314.36,285,43,0
2026.06.08 02:23:00,4314.6,4314.92,4313.32,4314.89,300,43,0
2026.06.08 02:24:00,4314.87,4316.37,4314.08,4316.28,301,43,0
2026.06.08 02:25:00,4316.29,4316.93,4315.33,4315.35,306,43,0
2026.06.08 02:26:00,4315.5,4316.71,4313.48,4316.05,344,43,0
2026.06.08 02:27:00,4316.03,4316.23,4314.29,4315.26,285,43,0
2026.06.08 02:28:00,4315.24,4315.85,4311.34,4313.55,357,43,0
2026.06.08 02:29:00,4313.66,4315.45,4313.66,4314.84,273,43,0
2026.06.08 02:30:00,4314.89,4316.78,4311.53,4311.68,473,43,0
2026.06.08 02:31:00,4311.87,4312.73,4309.33,4311.2,420,43,0
2026.06.08 02:32:00,4311.2,4313.38,4308.88,4311.42,414,43,0
2026.06.08 02:33:00,4311.42,4312.58,4309.65,4312.28,410,43,0
2026.06.08 02:34:00,4312.26,4313.86,4308.66,4309.63,435,43,0
2026.06.08 02:35:00,4309.63,4310.53,4307.86,4307.86,393,43,0
2026.06.08 02:36:00,4308.12,4311.67,4308.03,4308.79,405,43,0
2026.06.08 02:37:00,4308.67,4310.33,4308.15,4309.79,308,43,0
2026.06.08 02:38:00,4309.79,4310.24,4307.28,4309.53,369,43,0
2026.06.08 02:39:00,4309.61,4312.37,4309.61,4311.82,356,43,0
2026.06.08 02:40:00,4311.8,4312.52,4309.82,4311.82,335,43,0
2026.06.08 02:41:00,4311.82,4311.86,4308.98,4310.26,333,43,0
2026.06.08 02:42:00,4310.43,4312.42,4309.64,4310.92,389,43,0
2026.06.08 02:43:00,4310.92,4313.59,4309.44,4312.9,394,43,0
2026.06.08 02:44:00,4312.96,4317.69,4312.5,4315.83,414,43,0
2026.06.08 02:45:00,4315.85,4315.85,4314.25,4315.22,364,43,0
2026.06.08 02:46:00,4315.22,4318.54,4314.81,4316.56,379,43,0
2026.06.08 02:47:00,4316.65,4319.26,4316.41,4319.25,357,43,0
2026.06.08 02:48:00,4319.25,4320.71,4316.36,4316.45,403,43,0
2026.06.08 02:49:00,4316.41,4317.26,4314.37,4317.26,403,43,0
2026.06.08 02:50:00,4317.23,4317.74,4315.53,4316.59,366,43,0
2026.06.08 02:51:00,4316.59,4316.61,4308.85,4311.99,461,43,0
2026.06.08 02:52:00,4312.02,4312.87,4310.12,4312.28,416,43,0
2026.06.08 02:53:00,4312.37,4313.06,4311.36,4312.0,374,43,0
2026.06.08 02:54:00,4312.03,4312.27,4311.07,4311.8,301,43,0
2026.06.08 02:55:00,4311.84,4313.28,4311.1,4312.26,356,43,0
2026.06.08 02:56:00,4312.26,4315.52,4312.24,4312.8,404,43,0
2026.06.08 02:57:00,4312.79,4313.11,4309.92,4311.57,370,43,0
2026.06.08 02:58:00,4311.55,4313.53,4311.44,4312.32,387,43,0
2026.06.08 02:59:00,4312.31,4312.37,4309.53,4310.52,351,43,0
2026.06.08 03:00:00,4310.52,4314.12,4310.49,4313.32,387,43,0
2026.06.08 03:01:00,4313.29,4313.69,4310.55,4311.46,326,43,0
2026.06.08 03:02:00,4311.43,4314.13,4311.43,4312.5,348,43,0
2026.06.08 03:03:00,4312.53,4312.71,4310.03,4311.27,340,43,0
2026.06.08 03:04:00,4311.21,4312.77,4310.69,4311.1,310,43,0
2026.06.08 03:05:00,4311.1,4311.89,4308.64,4310.0,375,43,0
2026.06.08 03:06:00,4310.0,4310.37,4307.21,4307.68,337,43,0
2026.06.08 03:07:00,4307.67,4308.32,4306.29,4306.91,396,43,0
2026.06.08 03:08:00,4306.96,4308.28,4306.22,4307.67,370,43,0
2026.06.08 03:09:00,4307.67,4309.64,4307.3,4308.49,411,43,0
2026.06.08 03:10:00,4308.49,4308.55,4306.37,4307.0,373,43,0
2026.06.08 03:11:00,4307.0,4307.53,4304.6,4305.28,361,43,0
2026.06.08 03:12:00,4305.36,4306.47,4304.67,4305.42,337,43,0
2026.06.08 03:13:00,4305.42,4305.5,4304.27,4305.04,319,43,0
2026.06.08 03:14:00,4305.08,4305.75,4304.27,4304.77,293,43,0
2026.06.08 03:15:00,4304.74,4305.68,4304.31,4305.5,297,43,0
2026.06.08 03:16:00,4305.5,4305.63,4303.52,4304.79,290,43,0
2026.06.08 03:17:00,4304.8,4306.34,4303.88,4305.46,289,43,0
2026.06.08 03:18:00,4305.1,4305.8,4304.94,4305.47,296,43,0
2026.06.08 03:19:00,4305.48,4307.9,4305.45,4307.45,307,43,0
2026.06.08 03:20:00,4307.44,4308.72,4306.4,4307.65,319,43,0
2026.06.08 03:21:00,4307.67,4311.85,4307.58,4311.75,391,43,0
2026.06.08 03:22:00,4311.75,4311.75,4308.11,4309.37,385,44,0
2026.06.08 03:23:00,4309.45,4310.06,4307.71,4309.81,314,43,0
2026.06.08 03:24:00,4309.77,4310.62,4308.65,4310.62,305,43,0
2026.06.08 03:25:00,4310.69,4310.82,4307.58,4307.85,292,43,0
2026.06.08 03:26:00,4307.9,4309.26,4307.4,4308.59,247,43,0
2026.06.08 03:27:00,4308.59,4309.57,4307.99,4308.4,241,43,0
2026.06.08 03:28:00,4308.39,4308.82,4307.37,4307.58,205,43,0
2026.06.08 03:29:00,4307.69,4307.85,4305.97,4307.19,336,43,0
2026.06.08 03:30:00,4307.19,4309.38,4306.4,4307.98,422,43,0
2026.06.08 03:31:00,4307.85,4308.6,4306.23,4306.86,269,43,0
2026.06.08 03:32:00,4306.86,4307.12,4305.1,4305.96,208,43,0
2026.06.08 03:33:00,4305.94,4306.26,4304.8,4305.66,242,43,0
2026.06.08 03:34:00,4305.66,4307.15,4305.03,4306.95,229,43,0
2026.06.08 03:35:00,4306.95,4307.42,4306.53,4306.91,233,43,0
2026.06.08 03:36:00,4306.89,4308.39,4306.66,4308.35,278,43,0
2026.06.08 03:37:00,4308.35,4308.83,4306.91,4307.82,247,43,0
2026.06.08 03:38:00,4307.9,4307.9,4306.05,4307.13,223,43,0
2026.06.08 03:39:00,4307.0,4307.69,4306.26,4307.59,254,43,0
2026.06.08 03:40:00,4307.66,4307.66,4306.65,4307.12,239,43,0
2026.06.08 03:41:00,4307.12,4309.04,4306.92,4307.91,303,43,0
2026.06.08 03:42:00,4307.91,4309.26,4307.87,4308.7,266,43,0
2026.06.08 03:43:00,4308.69,4308.96,4306.5,4307.05,267,43,0
2026.06.08 03:44:00,4307.03,4309.89,4306.9,4309.8,271,43,0
2026.06.08 03:45:00,4309.8,4310.43,4309.33,4310.05,281,43,0
2026.06.08 03:46:00,4310.1,4311.31,4309.93,4311.23,274,43,0
2026.06.08 03:47:00,4311.22,4312.88,4310.49,4311.11,334,43,0
2026.06.08 03:48:00,4311.13,4312.55,4311.13,4311.57,273,43,0
2026.06.08 03:49:00,4311.59,4313.43,4311.59,4312.24,264,43,0
2026.06.08 03:50:00,4312.27,4313.46,4311.14,4313.27,252,43,0
2026.06.08 03:51:00,4313.25,4315.37,4312.95,4315.37,282,43,0
2026.06.08 03:52:00,4315.27,4315.4,4312.85,4313.57,223,43,0
2026.06.08 03:53:00,4313.48,4316.56,4313.22,4316.17,200,43,0
2026.06.08 03:54:00,4316.17,4317.03,4314.79,4314.97,308,43,0
2026.06.08 03:55:00,4314.88,4315.18,4314.11,4314.99,260,43,0
2026.06.08 03:56:00,4314.94,4315.45,4314.21,4315.22,220,43,0
2026.06.08 03:57:00,4315.19,4315.4,4313.91,4314.28,233,43,0
2026.06.08 03:58:00,4314.13,4316.09,4314.06,4315.49,193,43,0
2026.06.08 03:59:00,4315.54,4316.79,4315.05,4316.79,209,43,0
2026.06.08 04:00:00,4316.79,4320.41,4316.79,4319.48,328,43,0
2026.06.08 04:01:00,4319.51,4319.61,4318.43,4318.78,231,43,0
2026.06.08 04:02:00,4318.73,4318.99,4317.87,4318.62,201,43,0
2026.06.08 04:03:00,4318.45,4318.94,4315.16,4315.3,307,43,0
2026.06.08 04:04:00,4315.5,4315.54,4314.05,4314.68,340,43,0
2026.06.08 04:05:00,4314.66,4315.1,4313.63,4314.77,346,43,0
2026.06.08 04:06:00,4314.77,4315.72,4314.13,4315.62,301,43,0
2026.06.08 04:07:00,4315.62,4316.96,4313.4,4316.48,285,43,0
2026.06.08 04:08:00,4316.49,4319.04,4315.8,4318.22,277,43,0
2026.06.08 04:09:00,4318.23,4318.29,4317.48,4317.92,199,43,0
2026.06.08 04:10:00,4317.94,4319.04,4317.59,4318.76,193,43,0
2026.06.08 04:11:00,4318.77,4319.34,4318.28,4318.5,230,43,0
2026.06.08 04:12:00,4318.5,4319.22,4317.06,4317.62,268,43,0
2026.06.08 04:13:00,4317.55,4317.9,4316.28,4316.86,271,43,0
2026.06.08 04:14:00,4316.82,4319.05,4316.82,4318.62,289,43,0
2026.06.08 04:15:00,4318.62,4319.66,4317.46,4319.66,242,43,0
2026.06.08 04:16:00,4319.87,4321.22,4317.81,4321.13,280,43,0
2026.06.08 04:17:00,4321.15,4321.15,4319.56,4320.3,260,43,0
2026.06.08 04:18:00,4320.3,4321.65,4320.26,4321.59,214,43,0
2026.06.08 04:19:00,4321.59,4321.59,4317.89,4318.53,260,43,0
2026.06.08 04:20:00,4318.49,4318.84,4316.81,4317.84,302,43,0
2026.06.08 04:21:00,4317.83,4318.78,4316.26,4317.07,297,43,0
2026.06.08 04:22:00,4317.07,4317.89,4315.92,4317.26,294,43,0
2026.06.08 04:23:00,4317.25,4317.36,4316.6,4317.14,258,43,0
2026.06.08 04:24:00,4317.14,4317.98,4316.34,4317.87,264,43,0
2026.06.08 04:25:00,4317.85,4318.4,4317.19,4317.75,257,43,0
2026.06.08 04:26:00,4317.76,4318.58,4317.07,4317.68,258,43,0
2026.06.08 04:27:00,4317.67,4318.63,4316.99,4318.52,290,43,0
2026.06.08 04:28:00,4318.53,4320.74,4318.42,4319.08,272,43,0
2026.06.08 04:29:00,4319.08,4320.07,4318.37,4319.8,318,43,0
2026.06.08 04:30:00,4319.8,4320.21,4316.99,4317.22,273,43,0
2026.06.08 04:31:00,4317.22,4317.93,4316.78,4317.41,238,43,0
2026.06.08 04:32:00,4317.41,4318.09,4316.01,4316.01,290,43,0
2026.06.08 04:33:00,4315.96,4316.63,4313.14,4313.71,501,43,0
2026.06.08 04:34:00,4313.69,4314.02,4311.22,4313.3,534,43,0
2026.06.08 04:35:00,4313.27,4313.8,4312.17,4312.41,442,43,0
2026.06.08 04:36:00,4312.41,4312.62,4311.8,4312.25,338,43,0
2026.06.08 04:37:00,4312.25,4313.01,4311.89,4312.96,152,43,0
2026.06.08 04:38:00,4312.95,4313.78,4311.84,4312.18,162,43,0
2026.06.08 04:39:00,4312.17,4312.77,4310.6,4311.12,151,43,0
2026.06.08 04:40:00,4311.27,4311.94,4309.92,4309.92,159,43,0
2026.06.08 04:41:00,4310.05,4310.2,4308.84,4309.54,171,43,0
2026.06.08 04:42:00,4309.55,4309.83,4308.21,4308.22,162,43,0
2026.06.08 04:43:00,4308.24,4308.3,4307.6,4308.25,132,43,0
2026.06.08 04:44:00,4308.3,4309.11,4307.52,4307.57,182,43,0
2026.06.08 04:45:00,4307.57,4308.51,4307.56,4307.84,154,43,0
2026.06.08 04:46:00,4307.87,4310.64,4307.61,4310.25,178,43,0
2026.06.08 04:47:00,4310.18,4310.96,4309.39,4310.96,168,43,0
2026.06.08 04:48:00,4310.87,4311.3,4310.18,4310.65,162,43,0
2026.06.08 04:49:00,4310.71,4311.35,4309.87,4310.11,160,43,0
2026.06.08 04:50:00,4310.13,4311.84,4309.42,4311.33,185,43,0
2026.06.08 04:51:00,4311.27,4311.99,4310.64,4311.47,134,43,0
2026.06.08 04:52:00,4311.53,4313.89,4311.0,4311.12,166,43,0
2026.06.08 04:53:00,4311.2,4311.44,4310.24,4311.33,180,43,0
2026.06.08 04:54:00,4311.32,4311.64,4310.12,4311.49,163,43,0
2026.06.08 04:55:00,4311.45,4312.49,4310.11,4310.33,174,43,0
2026.06.08 04:56:00,4310.35,4310.59,4309.39,4309.77,174,43,0
2026.06.08 04:57:00,4309.63,4310.27,4309.33,4309.89,161,43,0
2026.06.08 04:58:00,4309.87,4310.15,4308.76,4309.68,188,43,0
2026.06.08 04:59:00,4309.71,4313.41,4309.69,4312.55,185,43,0
2026.06.08 05:00:00,4312.54,4315.4,4311.64,4314.82,197,43,0
2026.06.08 05:01:00,4314.82,4314.82,4313.02,4313.68,167,43,0
2026.06.08 05:02:00,4313.79,4314.64,4312.54,4313.29,181,43,0
2026.06.08 05:03:00,4313.41,4314.54,4313.07,4314.46,157,43,0
2026.06.08 05:04:00,4314.5,4316.0,4313.97,4315.24,180,43,0
2026.06.08 05:05:00,4315.21,4315.34,4313.18,4313.4,160,43,0
2026.06.08 05:06:00,4313.43,4313.81,4310.6,4311.42,146,43,0
2026.06.08 05:07:00,4311.59,4312.12,4310.78,4311.98,149,43,0
2026.06.08 05:08:00,4311.76,4312.61,4310.63,4310.75,128,43,0
2026.06.08 05:09:00,4310.72,4310.95,4309.48,4310.35,143,43,0
2026.06.08 05:10:00,4310.42,4311.18,4310.18,4310.48,145,43,0
2026.06.08 05:11:00,4310.33,4311.71,4310.18,4310.84,150,43,0
2026.06.08 05:12:00,4310.78,4310.78,4309.29,4309.33,162,43,0
2026.06.08 05:13:00,4309.27,4309.27,4305.45,4305.76,162,43,0
2026.06.08 05:14:00,4305.83,4306.44,4304.69,4304.69,161,43,0
2026.06.08 05:15:00,4304.45,4306.67,4304.45,4305.46,168,43,0
2026.06.08 05:16:00,4305.55,4307.44,4304.34,4307.31,144,43,0
2026.06.08 05:17:00,4307.31,4308.51,4305.99,4308.09,152,43,0
2026.06.08 05:18:00,4308.32,4310.45,4307.83,4310.28,158,43,0
2026.06.08 05:19:00,4310.05,4310.61,4308.4,4309.22,148,43,0
2026.06.08 05:20:00,4309.24,4310.7,4309.19,4309.44,142,43,0
2026.06.08 05:21:00,4309.48,4312.11,4309.24,4311.62,157,43,0
2026.06.08 05:22:00,4311.59,4313.87,4311.13,4312.07,163,43,0
2026.06.08 05:23:00,4311.97,4313.49,4311.47,4312.68,166,43,0
2026.06.08 05:24:00,4312.66,4312.73,4310.04,4311.13,149,43,0
2026.06.08 05:25:00,4311.19,4311.38,4309.6,4310.01,175,43,0
2026.06.08 05:26:00,4309.78,4312.23,4308.96,4311.13,168,43,0
2026.06.08 05:27:00,4311.18,4312.69,4310.25,4312.18,163,43,0
2026.06.08 05:28:00,4312.18,4312.83,4311.69,4312.38,150,43,0
2026.06.08 05:29:00,4312.51,4313.1,4310.71,4311.66,176,43,0
2026.06.08 05:30:00,4311.72,4312.59,4301.85,4303.25,226,43,0
2026.06.08 05:31:00,4303.52,4306.87,4301.91,4302.75,203,43,0
2026.06.08 05:32:00,4302.54,4303.11,4301.3,4302.61,211,43,0
2026.06.08 05:33:00,4302.44,4303.9,4300.95,4301.73,191,43,0
2026.06.08 05:34:00,4301.29,4301.96,4286.49,4286.96,223,43,0
2026.06.08 05:35:00,4287.0,4287.86,4281.78,4283.22,212,43,0
2026.06.08 05:36:00,4282.9,4282.9,4280.08,4280.24,213,43,0
2026.06.08 05:37:00,4279.97,4281.03,4268.39,4274.3,223,43,0
2026.06.08 05:38:00,4274.37,4290.3,4274.37,4288.14,250,43,0
2026.06.08 05:39:00,4288.25,4290.79,4287.0,4290.54,214,43,0
2026.06.08 05:40:00,4290.45,4292.8,4289.48,4291.21,212,43,0
2026.06.08 05:41:00,4291.16,4291.78,4284.9,4284.9,210,43,0
2026.06.08 05:42:00,4285.26,4291.01,4282.89,4289.52,211,43,0
2026.06.08 05:43:00,4289.99,4291.56,4287.61,4288.92,218,43,0
2026.06.08 05:44:00,4288.83,4288.83,4285.86,4287.98,198,43,0
2026.06.08 05:45:00,4287.93,4288.57,4284.97,4288.14,235,43,0
2026.06.08 05:46:00,4288.34,4291.92,4285.81,4290.5,210,43,0
2026.06.08 05:47:00,4290.55,4292.09,4288.94,4290.78,199,43,0
2026.06.08 05:48:00,4290.67,4291.88,4287.18,4288.58,200,43,0
2026.06.08 05:49:00,4288.6,4288.86,4286.02,4286.67,209,43,0
2026.06.08 05:50:00,4286.69,4291.77,4285.55,4289.37,208,43,0
2026.06.08 05:51:00,4289.54,4293.45,4289.08,4293.16,215,43,0
2026.06.08 05:52:00,4293.35,4295.75,4291.56,4294.27,209,43,0
2026.06.08 05:53:00,4294.24,4294.85,4289.52,4290.77,197,43,0
2026.06.08 05:54:00,4290.79,4291.39,4287.62,4289.61,192,43,0
2026.06.08 05:55:00,4289.66,4290.46,4286.19,4287.13,185,43,0
2026.06.08 05:56:00,4287.18,4289.08,4286.9,4286.9,192,43,0
2026.06.08 05:57:00,4286.94,4287.97,4285.86,4287.89,173,43,0
2026.06.08 05:58:00,4287.82,4290.35,4286.56,4290.23,200,43,0
2026.06.08 05:59:00,4290.23,4294.93,4290.23,4291.9,205,43,0
2026.06.08 06:00:00,4292.26,4302.9,4292.23,4301.08,220,43,0
2026.06.08 06:01:00,4301.45,4306.14,4300.32,4304.79,211,43,0
2026.06.08 06:02:00,4304.87,4308.02,4303.97,4305.57,206,43,0
2026.06.08 06:03:00,4305.65,4307.53,4304.29,4305.13,203,43,0
2026.06.08 06:04:00,4305.12,4305.48,4301.59,4303.35,192,43,0
2026.06.08 06:05:00,4303.49,4304.68,4302.32,4304.22,180,43,0
2026.06.08 06:06:00,4304.25,4306.67,4301.41,4301.8,207,43,0
2026.06.08 06:07:00,4301.83,4302.54,4299.51,4300.95,204,43,0
2026.06.08 06:08:00,4300.97,4302.73,4299.73,4302.28,194,43,0
2026.06.08 06:09:00,4302.29,4304.33,4301.1,4302.54,197,43,0
2026.06.08 06:10:00,4302.44,4303.84,4301.36,4303.38,193,43,0
2026.06.08 06:11:00,4303.34,4303.92,4300.22,4300.22,199,43,0
2026.06.08 06:12:00,4300.2,4302.09,4299.19,4301.39,186,43,0
2026.06.08 06:13:00,4301.54,4304.7,4301.23,4302.87,174,43,0
2026.06.08 06:14:00,4302.89,4306.19,4302.42,4303.7,187,43,0
2026.06.08 06:15:00,4303.52,4304.0,4302.27,4302.82,168,43,0
2026.06.08 06:16:00,4302.83,4305.88,4302.45,4304.48,185,43,0
2026.06.08 06:17:00,4304.3,4307.31,4303.34,4305.61,191,43,0
2026.06.08 06:18:00,4305.45,4305.76,4299.64,4300.58,198,43,0
2026.06.08 06:19:00,4300.67,4304.3,4299.56,4303.18,177,43,0
2026.06.08 06:20:00,4303.17,4304.31,4302.64,4303.89,184,43,0
2026.06.08 06:21:00,4303.92,4308.94,4302.73,4307.95,199,43,0
2026.06.08 06:22:00,4308.02,4311.31,4307.34,4309.72,206,43,0
2026.06.08 06:23:00,4309.68,4310.29,4306.63,4307.07,199,43,0
2026.06.08 06:24:00,4307.09,4308.77,4306.65,4308.35,174,43,0
2026.06.08 06:25:00,4308.26,4309.32,4306.65,4307.8,191,43,0
2026.06.08 06:26:00,4307.64,4310.54,4307.64,4309.78,180,43,0
2026.06.08 06:27:00,4309.77,4310.03,4307.27,4308.49,188,43,0
2026.06.08 06:28:00,4308.41,4309.69,4307.4,4308.5,185,43,0
2026.06.08 06:29:00,4308.49,4309.48,4305.34,4305.78,193,43,0
2026.06.08 06:30:00,4305.83,4306.31,4303.54,4304.26,200,43,0
2026.06.08 06:31:00,4304.41,4305.09,4302.47,4302.99,179,43,0
2026.06.08 06:32:00,4302.72,4303.76,4301.21,4302.23,208,43,0
2026.06.08 06:33:00,4302.2,4302.26,4299.82,4299.9,183,43,0
2026.06.08 06:34:00,4299.9,4301.24,4299.16,4299.16,168,43,0
2026.06.08 06:35:00,4299.17,4300.25,4295.78,4296.11,192,43,0
2026.06.08 06:36:00,4296.09,4299.0,4296.08,4298.43,182,43,0
2026.06.08 06:37:00,4298.51,4299.11,4296.36,4296.56,188,43,0
2026.06.08 06:38:00,4296.39,4298.85,4295.73,4297.72,200,43,0
2026.06.08 06:39:00,4297.7,4297.97,4295.15,4296.35,196,43,0
2026.06.08 06:40:00,4296.3,4296.34,4293.96,4295.19,192,43,0
2026.06.08 06:41:00,4295.25,4295.96,4294.56,4295.3,182,43,0
2026.06.08 06:42:00,4295.19,4296.96,4294.41,4296.56,175,43,0
2026.06.08 06:43:00,4296.54,4299.96,4296.45,4299.96,206,43,0
2026.06.08 06:44:00,4299.76,4299.95,4298.15,4298.24,181,43,0
2026.06.08 06:45:00,4298.04,4298.26,4296.02,4296.33,187,43,0
2026.06.08 06:46:00,4296.46,4297.54,4296.12,4296.82,176,43,0
2026.06.08 06:47:00,4296.06,4300.16,4296.06,4300.1,176,43,0
2026.06.08 06:48:00,4300.12,4300.12,4296.97,4297.2,157,43,0
2026.06.08 06:49:00,4297.21,4298.67,4297.06,4297.31,177,43,0
2026.06.08 06:50:00,4297.22,4299.97,4296.31,4298.96,190,43,0
2026.06.08 06:51:00,4298.69,4300.75,4298.46,4299.96,179,43,0
2026.06.08 06:52:00,4299.93,4300.26,4298.68,4299.21,182,43,0
2026.06.08 06:53:00,4299.22,4299.36,4296.84,4296.94,166,43,0
2026.06.08 06:54:00,4296.95,4298.17,4296.36,4297.67,200,43,0
2026.06.08 06:55:00,4297.58,4297.59,4293.07,4295.27,185,43,0
2026.06.08 06:56:00,4295.16,4297.23,4294.81,4297.23,192,43,0
2026.06.08 06:57:00,4297.18,4299.46,4296.6,4298.97,175,43,0
2026.06.08 06:58:00,4299.01,4299.97,4298.55,4298.58,162,43,0
2026.06.08 06:59:00,4298.63,4300.06,4298.6,4299.72,177,43,0
2026.06.08 07:00:00,4299.98,4301.26,4298.25,4299.36,196,35,0
2026.06.08 07:01:00,4299.08,4299.43,4296.25,4298.3,196,35,0
2026.06.08 07:02:00,4298.23,4299.02,4296.73,4296.93,201,35,0
2026.06.08 07:03:00,4297.21,4302.38,4295.61,4301.61,189,35,0
2026.06.08 07:04:00,4301.8,4302.7,4298.52,4299.08,195,35,0
2026.06.08 07:05:00,4299.25,4299.25,4296.69,4298.13,179,35,0
2026.06.08 07:06:00,4298.15,4298.29,4295.49,4296.73,180,35,0
2026.06.08 07:07:00,4296.69,4297.01,4294.76,4295.17,173,35,0
2026.06.08 07:08:00,4295.19,4300.74,4295.19,4300.64,187,35,0
2026.06.08 07:09:00,4300.61,4301.36,4298.06,4300.44,183,35,0
2026.06.08 07:10:00,4300.32,4300.45,4299.27,4299.57,186,35,0
2026.06.08 07:11:00,4299.53,4300.26,4298.47,4299.97,177,35,0
2026.06.08 07:12:00,4300.01,4303.9,4300.01,4303.1,198,35,0
2026.06.08 07:13:00,4302.95,4308.18,4302.6,4307.78,184,35,0
2026.06.08 07:14:00,4307.79,4307.98,4304.87,4305.09,180,35,0
2026.06.08 07:15:00,4305.11,4305.4,4300.2,4303.07,190,35,0
2026.06.08 07:16:00,4303.09,4306.65,4302.32,4305.92,175,35,0
2026.06.08 07:17:00,4305.98,4310.56,4305.98,4308.26,200,35,0
2026.06.08 07:18:00,4308.12,4309.16,4304.65,4304.78,183,35,0
2026.06.08 07:19:00,4304.66,4306.57,4304.1,4306.26,187,35,0
2026.06.08 07:20:00,4306.08,4306.87,4305.57,4306.8,177,35,0
2026.06.08 07:21:00,4307.23,4310.3,4306.02,4309.93,185,35,0
2026.06.08 07:22:00,4309.79,4309.79,4307.44,4308.74,171,35,0
2026.06.08 07:23:00,4308.76,4311.24,4308.04,4310.61,161,35,0
2026.06.08 07:24:00,4310.53,4315.03,4310.52,4314.15,190,35,0
2026.06.08 07:25:00,4314.06,4317.02,4312.59,4316.24,183,35,0
2026.06.08 07:26:00,4316.21,4316.7,4311.83,4311.83,181,35,0
2026.06.08 07:27:00,4312.24,4312.7,4310.22,4310.56,190,35,0
2026.06.08 07:28:00,4310.52,4310.67,4309.05,4309.4,155,35,0
2026.06.08 07:29:00,4309.12,4309.37,4305.7,4306.06,180,35,0
2026.06.08 07:30:00,4306.15,4308.85,4304.79,4308.46,184,35,0
2026.06.08 07:31:00,4308.41,4308.59,4307.18,4307.45,167,35,0
2026.06.08 07:32:00,4307.49,4309.13,4306.62,4307.25,174,35,0
2026.06.08 07:33:00,4307.19,4308.51,4306.79,4307.24,176,35,0
2026.06.08 07:34:00,4307.3,4308.11,4306.2,4308.11,177,35,0
2026.06.08 07:35:00,4308.29,4310.47,4305.87,4307.05,189,35,0
2026.06.08 07:36:00,4307.16,4307.8,4304.97,4305.81,180,35,0
2026.06.08 07:37:00,4305.77,4307.83,4304.11,4306.55,176,35,0
2026.06.08 07:38:00,4306.31,4311.35,4306.31,4307.75,191,35,0
2026.06.08 07:39:00,4307.64,4308.79,4306.62,4307.65,176,35,0
2026.06.08 07:40:00,4307.78,4307.78,4304.3,4304.73,180,35,0
2026.06.08 07:41:00,4304.78,4305.11,4303.56,4304.07,182,35,0
2026.06.08 07:42:00,4304.05,4304.45,4301.66,4303.64,167,35,0
2026.06.08 07:43:00,4303.6,4305.41,4303.02,4304.04,170,35,0
2026.06.08 07:44:00,4304.1,4304.1,4301.32,4301.77,166,35,0
2026.06.08 07:45:00,4301.79,4302.6,4300.58,4300.96,189,35,0
2026.06.08 07:46:00,4301.02,4301.02,4298.61,4299.32,180,35,0
2026.06.08 07:47:00,4299.05,4301.84,4298.95,4300.93,178,35,0
2026.06.08 07:48:00,4300.94,4301.08,4299.88,4300.28,181,35,0
2026.06.08 07:49:00,4300.32,4300.93,4298.42,4298.45,192,35,0
2026.06.08 07:50:00,4298.14,4299.02,4297.74,4298.53,161,35,0
2026.06.08 07:51:00,4298.55,4299.25,4296.75,4296.96,176,35,0
2026.06.08 07:52:00,4296.95,4297.38,4296.1,4296.21,178,35,0
2026.06.08 07:53:00,4296.28,4297.0,4295.68,4296.37,169,35,0
2026.06.08 07:54:00,4296.76,4297.64,4295.57,4296.46,167,35,0
2026.06.08 07:55:00,4296.42,4299.36,4296.26,4298.78,172,35,0
2026.06.08 07:56:00,4298.83,4299.03,4296.53,4296.79,170,35,0
2026.06.08 07:57:00,4296.95,4298.22,4296.75,4297.86,172,35,0
2026.06.08 07:58:00,4297.87,4298.9,4296.14,4296.18,167,35,0
2026.06.08 07:59:00,4296.16,4296.51,4294.31,4294.33,178,35,0
2026.06.08 08:00:00,4294.7,4296.98,4292.95,4292.95,203,35,0
2026.06.08 08:01:00,4293.31,4293.68,4290.23,4292.39,187,35,0
2026.06.08 08:02:00,4292.44,4294.12,4291.23,4293.98,191,35,0
2026.06.08 08:03:00,4293.95,4296.9,4293.9,4295.53,179,35,0
2026.06.08 08:04:00,4295.82,4296.62,4291.8,4293.22,182,35,0
2026.06.08 08:05:00,4293.23,4293.73,4291.51,4291.6,171,35,0
2026.06.08 08:06:00,4291.58,4292.59,4291.04,4291.04,166,35,0
2026.06.08 08:07:00,4291.11,4292.0,4289.75,4290.8,186,35,0
2026.06.08 08:08:00,4290.93,4292.62,4289.62,4292.4,184,35,0
2026.06.08 08:09:00,4292.6,4295.9,4291.26,4294.42,184,35,0
2026.06.08 08:10:00,4294.4,4294.93,4290.97,4293.06,195,35,0
2026.06.08 08:11:00,4293.28,4295.86,4293.08,4295.46,170,35,0
2026.06.08 08:12:00,4295.45,4295.61,4293.1,4293.67,167,35,0
2026.06.08 08:13:00,4293.69,4295.34,4293.08,4293.46,149,35,0
2026.06.08 08:14:00,4293.45,4293.46,4291.25,4291.67,162,35,0
2026.06.08 08:15:00,4291.65,4293.45,4290.76,4291.82,180,35,0
2026.06.08 08:16:00,4291.81,4293.55,4289.76,4290.39,184,35,0
2026.06.08 08:17:00,4290.42,4291.05,4288.63,4289.82,197,35,0
2026.06.08 08:18:00,4289.92,4292.96,4289.61,4292.56,178,35,0
2026.06.08 08:19:00,4292.7,4293.06,4291.61,4293.06,176,35,0
2026.06.08 08:20:00,4293.04,4293.18,4291.01,4292.12,173,35,0
2026.06.08 08:21:00,4292.09,4292.64,4290.03,4290.71,160,35,0
2026.06.08 08:22:00,4290.79,4292.63,4289.79,4289.88,171,35,0
2026.06.08 08:23:00,4289.93,4291.2,4288.9,4289.83,181,35,0
2026.06.08 08:24:00,4289.82,4291.86,4287.81,4288.57,164,35,0
2026.06.08 08:25:00,4288.55,4290.18,4288.22,4288.9,157,35,0
2026.06.08 08:26:00,4288.91,4289.67,4287.28,4289.17,170,35,0
2026.06.08 08:27:00,4289.35,4289.94,4285.34,4285.34,178,35,0
2026.06.08 08:28:00,4285.52,4286.96,4285.32,4286.03,174,35,0
2026.06.08 08:29:00,4286.04,4288.38,4285.93,4288.18,180,35,0
2026.06.08 08:30:00,4288.53,4290.98,4286.69,4290.41,188,35,0
2026.06.08 08:31:00,4290.58,4290.58,4287.61,4288.03,172,35,0
2026.06.08 08:32:00,4287.93,4290.09,4287.72,4287.97,182,35,0
2026.06.08 08:33:00,4288.12,4290.82,4287.09,4290.31,181,35,0
2026.06.08 08:34:00,4290.46,4291.97,4290.27,4291.19,183,35,0
2026.06.08 08:35:00,4291.23,4291.24,4287.0,4288.44,170,35,0
2026.06.08 08:36:00,4288.43,4288.49,4286.68,4287.26,155,35,0
2026.06.08 08:37:00,4287.21,4289.49,4286.38,4289.48,173,35,0
2026.06.08 08:38:00,4289.39,4289.67,4287.66,4288.82,146,35,0
2026.06.08 08:39:00,4289.0,4289.14,4287.32,4287.58,157,35,0
2026.06.08 08:40:00,4287.59,4289.44,4286.97,4287.43,176,35,0
2026.06.08 08:41:00,4287.46,4288.18,4286.43,4287.35,184,35,0
2026.06.08 08:42:00,4287.46,4289.68,4287.46,4289.31,184,35,0
2026.06.08 08:43:00,4289.32,4291.15,4289.32,4290.0,177,35,0
2026.06.08 08:44:00,4290.02,4291.12,4289.29,4290.66,170,35,0
2026.06.08 08:45:00,4290.37,4293.83,4290.15,4293.57,175,35,0
2026.06.08 08:46:00,4293.55,4293.55,4289.55,4290.39,167,35,0
2026.06.08 08:47:00,4290.34,4291.25,4289.49,4290.73,184,35,0
2026.06.08 08:48:00,4290.7,4292.55,4290.04,4292.55,165,35,0
2026.06.08 08:49:00,4292.53,4293.63,4291.12,4291.28,166,35,0
2026.06.08 08:50:00,4291.32,4293.27,4291.1,4291.63,154,35,0
2026.06.08 08:51:00,4292.09,4292.74,4289.98,4290.1,176,35,0
2026.06.08 08:52:00,4290.12,4290.77,4287.18,4287.51,169,35,0
2026.06.08 08:53:00,4287.54,4288.37,4286.47,4287.13,171,35,0
2026.06.08 08:54:00,4287.12,4288.83,4286.72,4288.32,162,35,0
2026.06.08 08:55:00,4288.06,4288.53,4285.42,4286.3,177,35,0
2026.06.08 08:56:00,4286.31,4288.31,4285.68,4287.92,199,35,0
2026.06.08 08:57:00,4287.65,4288.55,4286.53,4288.17,185,35,0
2026.06.08 08:58:00,4288.16,4290.27,4287.93,4290.24,181,35,0
2026.06.08 08:59:00,4290.21,4290.21,4288.43,4288.76,184,35,0
2026.06.08 09:00:00,4289.0,4291.95,4288.67,4291.95,170,35,0
2026.06.08 09:01:00,4292.0,4292.0,4289.74,4290.56,183,35,0
2026.06.08 09:02:00,4290.57,4291.38,4289.56,4291.35,174,35,0
2026.06.08 09:03:00,4291.31,4291.85,4290.25,4290.83,168,35,0
2026.06.08 09:04:00,4290.82,4292.09,4289.96,4290.75,169,35,0
2026.06.08 09:05:00,4290.7,4290.97,4286.9,4287.88,163,35,0
2026.06.08 09:06:00,4288.04,4288.6,4287.55,4287.78,149,35,0
2026.06.08 09:07:00,4287.82,4287.82,4286.59,4286.82,155,35,0
2026.06.08 09:08:00,4286.82,4287.44,4286.4,4286.5,166,35,0
2026.06.08 09:09:00,4286.46,4286.5,4284.28,4285.26,171,35,0
2026.06.08 09:10:00,4285.18,4286.27,4284.78,4285.8,164,35,0
2026.06.08 09:11:00,4285.79,4287.48,4285.52,4287.27,156,35,0
2026.06.08 09:12:00,4287.23,4287.99,4286.75,4287.35,169,35,0
2026.06.08 09:13:00,4287.26,4288.79,4287.11,4287.89,139,35,0
2026.06.08 09:14:00,4287.96,4289.0,4287.69,4288.98,141,35,0
2026.06.08 09:15:00,4288.77,4289.51,4288.15,4289.47,162,35,0
2026.06.08 09:16:00,4289.34,4290.31,4288.9,4289.61,157,35,0
2026.06.08 09:17:00,4289.6,4289.78,4287.43,4287.99,154,35,0
2026.06.08 09:18:00,4287.98,4288.07,4287.06,4287.7,135,35,0
2026.06.08 09:19:00,4287.68,4288.04,4287.3,4287.84,147,35,0
2026.06.08 09:20:00,4287.83,4290.87,4287.37,4290.73,158,35,0
2026.06.08 09:21:00,4290.71,4290.82,4289.63,4289.66,153,35,0
2026.06.08 09:22:00,4289.67,4289.67,4288.23,4289.05,147,35,0
2026.06.08 09:23:00,4289.13,4289.92,4288.39,4288.61,136,35,0
2026.06.08 09:24:00,4288.62,4288.62,4286.07,4286.5,156,35,0
2026.06.08 09:25:00,4286.51,4286.6,4285.09,4285.89,160,35,0
2026.06.08 09:26:00,4285.91,4287.26,4285.91,4286.67,159,35,0
2026.06.08 09:27:00,4286.69,4287.75,4286.46,4286.68,163,35,0
2026.06.08 09:28:00,4286.69,4286.69,4281.13,4281.21,176,35,0
2026.06.08 09:29:00,4281.24,4282.07,4279.4,4279.7,181,35,0
2026.06.08 09:30:00,4279.65,4280.39,4276.67,4279.04,201,35,0
2026.06.08 09:31:00,4279.25,4280.89,4277.39,4277.48,186,35,0
2026.06.08 09:32:00,4277.63,4277.98,4274.76,4277.22,188,35,0
2026.06.08 09:33:00,4277.53,4278.4,4274.97,4275.28,187,35,0
2026.06.08 09:34:00,4275.27,4275.6,4272.95,4273.82,192,35,0
2026.06.08 09:35:00,4273.78,4276.27,4273.5,4275.63,188,35,0
2026.06.08 09:36:00,4275.72,4289.82,4275.69,4287.51,213,35,0
2026.06.08 09:37:00,4287.4,4295.59,4285.57,4290.39,227,35,0
2026.06.08 09:38:00,4290.56,4292.7,4289.17,4291.57,195,35,0
2026.06.08 09:39:00,4291.6,4294.47,4289.86,4293.81,196,35,0
2026.06.08 09:40:00,4293.39,4294.44,4292.33,4293.04,196,35,0
2026.06.08 09:41:00,4293.02,4294.13,4289.62,4289.75,192,35,0
2026.06.08 09:42:00,4289.76,4295.53,4289.55,4295.53,178,35,0
2026.06.08 09:43:00,4295.38,4296.4,4293.81,4295.72,189,35,0
2026.06.08 09:44:00,4295.63,4296.19,4293.75,4293.75,177,35,0
2026.06.08 09:45:00,4293.91,4297.41,4293.01,4297.34,189,35,0
2026.06.08 09:46:00,4297.18,4297.89,4296.78,4297.15,183,35,0
2026.06.08 09:47:00,4296.74,4299.47,4296.56,4299.31,192,35,0
2026.06.08 09:48:00,4299.03,4301.65,4298.32,4301.01,175,35,0
2026.06.08 09:49:00,4300.88,4301.46,4299.88,4301.17,178,35,0
2026.06.08 09:50:00,4301.14,4301.63,4296.5,4296.5,186,35,0
2026.06.08 09:51:00,4296.56,4296.57,4294.46,4295.3,179,35,0
2026.06.08 09:52:00,4295.14,4295.83,4291.97,4293.53,198,35,0
2026.06.08 09:53:00,4293.48,4294.66,4291.58,4294.04,175,35,0
2026.06.08 09:54:00,4294.07,4295.27,4293.23,4293.61,175,35,0
2026.06.08 09:55:00,4293.63,4295.61,4292.98,4293.06,168,35,0
2026.06.08 09:56:00,4293.21,4294.01,4291.03,4291.92,178,35,0
2026.06.08 09:57:00,4291.98,4292.97,4291.65,4291.71,172,35,0
2026.06.08 09:58:00,4291.63,4294.16,4291.63,4292.99,159,35,0
2026.06.08 09:59:00,4293.02,4294.61,4292.94,4294.26,169,35,0
2026.06.08 10:00:00,4295.03,4295.03,4291.99,4292.52,172,35,0
2026.06.08 10:01:00,4292.42,4293.64,4290.99,4291.25,161,35,0
2026.06.08 10:02:00,4290.88,4291.37,4286.6,4291.11,204,35,0
2026.06.08 10:03:00,4291.05,4291.98,4290.27,4291.31,147,35,0
2026.06.08 10:04:00,4291.31,4291.33,4289.11,4290.53,166,35,0
2026.06.08 10:05:00,4290.57,4292.13,4289.33,4290.92,165,35,0
2026.06.08 10:06:00,4290.91,4293.85,4290.47,4293.33,165,35,0
2026.06.08 10:07:00,4293.4,4297.46,4293.15,4297.46,183,35,0
2026.06.08 10:08:00,4297.46,4297.46,4295.66,4296.29,165,35,0
2026.06.08 10:09:00,4296.24,4296.9,4294.14,4294.91,158,35,0
2026.06.08 10:10:00,4294.88,4295.94,4294.34,4295.24,167,35,0
2026.06.08 10:11:00,4295.22,4297.31,4295.06,4296.02,172,35,0
2026.06.08 10:12:00,4296.03,4297.48,4295.51,4295.52,166,35,0
2026.06.08 10:13:00,4295.54,4296.33,4294.46,4294.72,162,35,0
2026.06.08 10:14:00,4294.62,4295.14,4293.59,4294.55,174,35,0
2026.06.08 10:15:00,4294.49,4295.44,4294.01,4295.15,166,35,0
2026.06.08 10:16:00,4295.27,4295.9,4291.76,4291.99,178,35,0
2026.06.08 10:17:00,4292.03,4292.22,4290.64,4291.99,179,35,0
2026.06.08 10:18:00,4292.05,4292.17,4291.25,4291.8,173,35,0
2026.06.08 10:19:00,4291.77,4292.12,4289.98,4290.06,161,35,0
2026.06.08 10:20:00,4290.14,4291.81,4290.03,4291.79,178,35,0
2026.06.08 10:21:00,4291.77,4292.77,4291.26,4291.49,154,35,0
2026.06.08 10:22:00,4291.6,4292.46,4290.52,4291.01,151,35,0
2026.06.08 10:23:00,4290.84,4290.84,4289.71,4290.01,163,35,0
2026.06.08 10:24:00,4289.98,4292.39,4289.95,4291.33,183,35,0
2026.06.08 10:25:00,4291.27,4293.77,4290.34,4292.83,146,35,0
2026.06.08 10:26:00,4292.8,4293.8,4292.2,4293.51,157,35,0
2026.06.08 10:27:00,4293.5,4293.78,4291.31,4292.97,160,35,0
2026.06.08 10:28:00,4292.96,4293.93,4292.52,4293.71,167,35,0
2026.06.08 10:29:00,4293.64,4295.21,4293.43,4293.63,174,35,0
2026.06.08 10:30:00,4293.65,4293.85,4292.96,4293.16,146,35,0
2026.06.08 10:31:00,4293.21,4295.25,4293.15,4293.97,150,35,0
2026.06.08 10:32:00,4293.98,4294.36,4292.54,4292.57,194,35,0
2026.06.08 10:33:00,4292.52,4296.8,4292.19,4296.02,154,35,0
2026.06.08 10:34:00,4296.03,4305.35,4295.66,4303.38,223,35,0
2026.06.08 10:35:00,4303.06,4305.52,4299.55,4301.62,211,35,0
2026.06.08 10:36:00,4301.69,4303.11,4300.28,4302.3,190,35,0
2026.06.08 10:37:00,4302.56,4303.81,4300.61,4300.68,183,35,0
2026.06.08 10:38:00,4300.66,4302.01,4299.63,4301.92,186,35,0
2026.06.08 10:39:00,4301.86,4302.2,4299.29,4299.76,169,35,0
2026.06.08 10:40:00,4299.84,4300.82,4299.24,4300.82,156,35,0
2026.06.08 10:41:00,4300.78,4301.98,4300.31,4301.0,152,35,0
2026.06.08 10:42:00,4301.15,4302.41,4300.65,4302.28,150,35,0
2026.06.08 10:43:00,4302.07,4304.16,4301.64,4304.13,188,35,0
2026.06.08 10:44:00,4303.91,4304.79,4303.43,4304.79,175,35,0
2026.06.08 10:45:00,4304.8,4304.95,4302.14,4303.14,175,35,0
2026.06.08 10:46:00,4303.07,4304.44,4299.91,4300.32,167,35,0
2026.06.08 10:47:00,4300.36,4300.66,4299.22,4300.51,174,35,0
2026.06.08 10:48:00,4300.47,4301.46,4299.97,4300.87,168,35,0
2026.06.08 10:49:00,4300.89,4301.85,4300.17,4300.48,172,35,0
2026.06.08 10:50:00,4300.52,4302.02,4300.2,4300.26,143,35,0
2026.06.08 10:51:00,4300.27,4300.79,4299.13,4300.41,172,35,0
2026.06.08 10:52:00,4300.42,4300.94,4300.27,4300.76,144,35,0
2026.06.08 10:53:00,4300.73,4301.74,4300.22,4300.24,167,35,0
2026.06.08 10:54:00,4299.96,4300.03,4298.32,4298.47,175,35,0
2026.06.08 10:55:00,4298.45,4298.7,4296.79,4297.76,157,35,0
2026.06.08 10:56:00,4297.82,4298.57,4297.43,4298.54,167,35,0
2026.06.08 10:57:00,4298.53,4300.46,4298.5,4300.09,166,35,0
2026.06.08 10:58:00,4299.83,4301.63,4299.81,4300.76,176,35,0
2026.06.08 10:59:00,4300.75,4302.99,4300.58,4301.95,164,35,0
2026.06.08 11:00:00,4301.65,4302.33,4298.8,4299.76,183,35,0
2026.06.08 11:01:00,4299.63,4299.83,4297.97,4298.14,164,35,0
2026.06.08 11:02:00,4298.15,4298.58,4297.1,4298.2,174,35,0
2026.06.08 11:03:00,4298.19,4300.83,4297.96,4300.62,173,35,0
2026.06.08 11:04:00,4300.58,4300.93,4299.14,4299.91,151,35,0
2026.06.08 11:05:00,4300.03,4301.48,4300.03,4300.87,173,35,0
2026.06.08 11:06:00,4300.99,4301.78,4300.35,4301.23,152,35,0
2026.06.08 11:07:00,4301.18,4303.46,4301.13,4303.27,159,35,0
2026.06.08 11:08:00,4303.26,4303.86,4303.14,4303.23,149,35,0
2026.06.08 11:09:00,4303.22,4306.49,4302.77,4306.49,150,35,0
2026.06.08 11:10:00,4306.29,4312.56,4304.67,4312.13,192,35,0
2026.06.08 11:11:00,4311.99,4312.41,4306.98,4307.76,209,35,0
2026.06.08 11:12:00,4307.84,4310.17,4306.66,4308.55,197,35,0
2026.06.08 11:13:00,4308.58,4311.4,4307.96,4308.59,191,35,0
2026.06.08 11:14:00,4308.51,4318.36,4308.1,4318.36,198,35,0
2026.06.08 11:15:00,4318.22,4322.34,4313.71,4316.3,228,35,0
2026.06.08 11:16:00,4316.16,4317.14,4312.61,4315.02,202,35,0
2026.06.08 11:17:00,4314.71,4316.27,4313.72,4313.72,199,35,0
2026.06.08 11:18:00,4313.64,4320.49,4313.09,4319.02,200,35,0
2026.06.08 11:19:00,4319.09,4327.86,4318.09,4327.06,214,35,0
2026.06.08 11:20:00,4327.05,4330.88,4324.98,4325.69,227,35,0
2026.06.08 11:21:00,4325.87,4329.86,4325.87,4328.88,199,35,0
2026.06.08 11:22:00,4328.85,4328.85,4325.37,4325.44,200,35,0
2026.06.08 11:23:00,4325.43,4325.73,4323.15,4324.61,199,35,0
2026.06.08 11:24:00,4324.6,4326.15,4324.27,4324.88,173,35,0
2026.06.08 11:25:00,4325.14,4327.11,4324.8,4327.04,182,35,0
2026.06.08 11:26:00,4326.38,4329.54,4325.99,4328.04,183,35,0
2026.06.08 11:27:00,4327.8,4329.02,4325.27,4325.71,167,35,0
2026.06.08 11:28:00,4325.8,4326.19,4322.26,4322.37,175,35,0
2026.06.08 11:29:00,4322.47,4325.65,4322.37,4325.21,182,35,0
2026.06.08 11:30:00,4325.18,4326.98,4324.86,4325.35,193,35,0
2026.06.08 11:31:00,4325.36,4329.2,4325.09,4328.96,186,35,0
2026.06.08 11:32:00,4328.87,4333.2,4328.19,4332.57,192,35,0
2026.06.08 11:33:00,4332.11,4332.11,4329.93,4330.04,199,35,0
2026.06.08 11:34:00,4330.07,4330.48,4328.58,4329.98,186,35,0
2026.06.08 11:35:00,4329.8,4330.46,4327.39,4327.71,183,35,0
2026.06.08 11:36:00,4327.72,4328.66,4324.47,4324.61,189,35,0
2026.06.08 11:37:00,4324.54,4327.51,4324.54,4327.35,177,35,0
2026.06.08 11:38:00,4327.23,4327.79,4326.13,4326.5,167,35,0
2026.06.08 11:39:00,4326.63,4327.51,4324.32,4325.33,170,35,0
2026.06.08 11:40:00,4325.56,4325.68,4324.2,4325.35,180,35,0
2026.06.08 11:41:00,4325.4,4326.05,4324.06,4326.05,175,35,0
2026.06.08 11:42:00,4325.92,4326.93,4325.2,4326.41,169,35,0
2026.06.08 11:43:00,4326.39,4327.4,4323.1,4323.34,178,35,0
2026.06.08 11:44:00,4323.31,4324.0,4322.2,4324.0,176,35,0
2026.06.08 11:45:00,4324.06,4326.32,4322.69,4325.05,173,35,0
2026.06.08 11:46:00,4325.01,4325.88,4322.23,4322.43,162,35,0
2026.06.08 11:47:00,4322.52,4323.02,4321.29,4322.08,171,35,0
2026.06.08 11:48:00,4322.04,4322.62,4321.44,4321.75,181,35,0
2026.06.08 11:49:00,4321.85,4324.14,4321.41,4323.75,170,35,0
2026.06.08 11:50:00,4324.24,4325.28,4323.51,4325.1,173,35,0
2026.06.08 11:51:00,4325.11,4327.05,4323.86,4326.11,185,35,0
2026.06.08 11:52:00,4326.11,4327.4,4326.11,4326.89,169,35,0
2026.06.08 11:53:00,4326.92,4328.51,4326.16,4328.16,159,35,0
2026.06.08 11:54:00,4328.13,4328.5,4326.02,4326.6,166,35,0
2026.06.08 11:55:00,4326.61,4326.87,4325.14,4326.84,176,35,0
2026.06.08 11:56:00,4327.02,4332.15,4326.36,4331.81,194,35,0
2026.06.08 11:57:00,4331.82,4332.63,4329.3,4329.3,186,35,0
2026.06.08 11:58:00,4329.19,4331.11,4329.16,4330.51,191,35,0
2026.06.08 11:59:00,4330.44,4331.68,4329.03,4331.07,172,35,0
2026.06.08 12:00:00,4331.16,4334.22,4327.61,4334.09,195,35,0
2026.06.08 12:01:00,4334.35,4334.61,4329.12,4329.55,201,35,0
2026.06.08 12:02:00,4329.5,4332.2,4329.07,4331.69,195,35,0
2026.06.08 12:03:00,4331.95,4333.23,4329.17,4329.43,183,35,0
2026.06.08 12:04:00,4329.4,4331.12,4328.04,4330.41,190,35,0
2026.06.08 12:05:00,4330.39,4332.01,4328.21,4328.71,193,35,0
2026.06.08 12:06:00,4328.69,4332.27,4327.48,4330.8,183,35,0
2026.06.08 12:07:00,4330.72,4330.8,4327.96,4330.16,163,35,0
2026.06.08 12:08:00,4330.44,4334.68,4330.36,4331.31,191,35,0
2026.06.08 12:09:00,4331.21,4332.12,4330.01,4330.47,169,35,0
2026.06.08 12:10:00,4330.48,4330.97,4327.23,4327.78,185,35,0
2026.06.08 12:11:00,4327.85,4329.17,4326.62,4329.17,184,35,0
2026.06.08 12:12:00,4329.14,4329.14,4325.67,4325.67,168,35,0
2026.06.08 12:13:00,4325.65,4326.63,4323.17,4323.36,186,35,0
2026.06.08 12:14:00,4323.59,4324.42,4322.57,4322.83,150,35,0
2026.06.08 12:15:00,4322.25,4322.59,4320.2,4320.57,177,35,0
2026.06.08 12:16:00,4320.63,4323.39,4320.46,4322.6,172,35,0
2026.06.08 12:17:00,4322.61,4323.99,4321.53,4323.48,173,35,0
2026.06.08 12:18:00,4323.65,4325.83,4323.12,4324.85,168,35,0
2026.06.08 12:19:00,4324.89,4326.28,4324.37,4325.08,157,35,0
2026.06.08 12:20:00,4325.05,4326.68,4323.29,4325.07,174,35,0
2026.06.08 12:21:00,4325.9,4328.14,4324.76,4324.97,184,35,0
2026.06.08 12:22:00,4325.3,4329.82,4324.64,4329.05,181,35,0
2026.06.08 12:23:00,4329.07,4329.84,4325.17,4327.44,188,35,0
2026.06.08 12:24:00,4327.49,4328.93,4326.37,4328.88,169,35,0
2026.06.08 12:25:00,4328.88,4329.63,4327.94,4329.63,181,35,0
2026.06.08 12:26:00,4329.42,4329.42,4328.03,4328.59,179,35,0
2026.06.08 12:27:00,4328.44,4331.19,4327.97,4330.35,190,35,0
2026.06.08 12:28:00,4330.22,4330.75,4328.95,4329.02,179,35,0
2026.06.08 12:29:00,4329.04,4330.88,4328.99,4329.77,190,35,0
2026.06.08 12:30:00,4330.09,4332.06,4329.62,4331.25,169,35,0
2026.06.08 12:31:00,4331.19,4333.49,4330.22,4331.8,184,35,0
2026.06.08 12:32:00,4331.91,4334.67,4331.63,4331.95,186,35,0
2026.06.08 12:33:00,4331.96,4334.44,4330.89,4330.91,196,35,0
2026.06.08 12:34:00,4330.92,4332.26,4327.96,4328.18,183,35,0
2026.06.08 12:35:00,4328.15,4330.05,4327.56,4329.45,175,35,0
2026.06.08 12:36:00,4329.44,4332.4,4329.35,4332.2,188,35,0
2026.06.08 12:37:00,4332.26,4333.9,4332.22,4332.38,189,35,0
2026.06.08 12:38:00,4332.44,4333.72,4331.08,4331.36,199,35,0
2026.06.08 12:39:00,4331.35,4333.8,4330.17,4330.17,191,35,0
2026.06.08 12:40:00,4330.26,4331.6,4328.36,4329.95,178,35,0
2026.06.08 12:41:00,4329.93,4331.12,4329.3,4330.22,179,35,0
2026.06.08 12:42:00,4330.14,4339.32,4330.01,4337.14,208,35,0
2026.06.08 12:43:00,4337.15,4338.11,4334.21,4334.21,199,35,0
2026.06.08 12:44:00,4333.9,4336.18,4333.45,4335.68,187,35,0
2026.06.08 12:45:00,4335.75,4337.82,4334.63,4337.33,193,35,0
2026.06.08 12:46:00,4337.36,4337.36,4334.75,4335.72,188,35,0
2026.06.08 12:47:00,4335.66,4337.03,4334.37,4336.8,188,35,0
2026.06.08 12:48:00,4336.89,4337.04,4332.63,4333.16,184,35,0
2026.06.08 12:49:00,4333.34,4334.77,4332.28,4332.58,181,35,0
2026.06.08 12:50:00,4332.56,4333.64,4330.79,4330.79,191,35,0
2026.06.08 12:51:00,4330.8,4332.28,4329.31,4329.35,181,35,0
2026.06.08 12:52:00,4329.33,4329.37,4328.0,4328.27,169,35,0
2026.06.08 12:53:00,4328.28,4330.86,4327.23,4330.62,175,35,0
2026.06.08 12:54:00,4330.61,4331.81,4329.56,4329.95,182,35,0
2026.06.08 12:55:00,4330.14,4331.15,4328.77,4331.06,179,35,0
2026.06.08 12:56:00,4331.09,4332.4,4329.44,4329.68,190,35,0
2026.06.08 12:57:00,4329.69,4330.69,4329.0,4330.65,179,35,0
2026.06.08 12:58:00,4330.62,4332.1,4330.11,4331.85,176,35,0
2026.06.08 12:59:00,4331.9,4334.47,4331.35,4333.04,195,35,0
2026.06.08 13:00:00,4333.39,4334.84,4329.42,4329.81,217,35,0
2026.06.08 13:01:00,4330.04,4331.97,4325.92,4327.25,220,35,0
2026.06.08 13:02:00,4327.14,4329.24,4326.62,4326.97,198,35,0
2026.06.08 13:03:00,4327.01,4334.8,4326.85,4330.86,203,35,0
2026.06.08 13:04:00,4330.61,4331.0,4328.67,4329.01,195,35,0
2026.06.08 13:05:00,4329.3,4330.3,4328.19,4328.19,193,35,0
2026.06.08 13:06:00,4328.04,4328.46,4326.46,4326.46,189,35,0
2026.06.08 13:07:00,4326.48,4327.02,4323.5,4324.55,195,35,0
2026.06.08 13:08:00,4324.62,4328.15,4324.03,4327.04,189,35,0
2026.06.08 13:09:00,4326.96,4327.53,4324.17,4324.17,189,35,0
2026.06.08 13:10:00,4324.59,4325.86,4324.03,4324.96,175,35,0
2026.06.08 13:11:00,4324.81,4326.71,4324.45,4324.45,189,35,0
2026.06.08 13:12:00,4324.35,4325.69,4323.19,4324.85,179,35,0
2026.06.08 13:13:00,4324.79,4326.13,4323.97,4325.66,186,35,0
2026.06.08 13:14:00,4325.7,4325.71,4323.8,4323.87,183,35,0
2026.06.08 13:15:00,4324.02,4324.1,4321.98,4322.4,195,35,0
2026.06.08 13:16:00,4322.22,4323.01,4321.76,4322.82,195,35,0
2026.06.08 13:17:00,4322.79,4324.42,4321.23,4324.21,194,35,0
2026.06.08 13:18:00,4324.42,4325.4,4323.31,4324.78,179,35,0
2026.06.08 13:19:00,4324.75,4325.72,4323.17,4325.26,177,35,0
2026.06.08 13:20:00,4325.41,4330.64,4325.27,4329.67,204,35,0
2026.06.08 13:21:00,4329.43,4331.52,4328.56,4331.28,206,35,0
2026.06.08 13:22:00,4331.22,4335.98,4331.22,4334.62,196,35,0
2026.06.08 13:23:00,4334.49,4334.5,4329.65,4332.88,202,35,0
2026.06.08 13:24:00,4332.83,4333.47,4330.25,4331.63,190,35,0
2026.06.08 13:25:00,4331.75,4332.87,4329.37,4329.96,190,35,0
2026.06.08 13:26:00,4329.84,4330.82,4329.3,4330.7,174,35,0
2026.06.08 13:27:00,4330.75,4331.77,4330.05,4330.64,189,35,0
2026.06.08 13:28:00,4330.6,4333.7,4330.6,4332.0,185,35,0
2026.06.08 13:29:00,4331.67,4332.79,4330.93,4331.18,181,35,0
2026.06.08 13:30:00,4331.2,4337.84,4331.02,4336.75,227,35,0
2026.06.08 13:31:00,4337.04,4339.59,4336.33,4336.78,220,35,0
2026.06.08 13:32:00,4337.03,4340.11,4335.55,4336.74,221,35,0
2026.06.08 13:33:00,4336.68,4337.38,4334.38,4335.03,214,35,0
2026.06.08 13:34:00,4334.99,4336.0,4333.08,4333.12,214,35,0
2026.06.08 13:35:00,4333.17,4336.59,4332.53,4335.37,224,35,0
2026.06.08 13:36:00,4335.1,4340.5,4335.04,4339.87,229,35,0
2026.06.08 13:37:00,4339.9,4342.71,4338.41,4342.71,215,35,0
2026.06.08 13:38:00,4342.68,4346.43,4341.29,4341.29,231,35,0
2026.06.08 13:39:00,4341.55,4343.88,4340.39,4341.11,231,35,0
2026.06.08 13:40:00,4340.46,4341.81,4338.61,4341.6,217,35,0
2026.06.08 13:41:00,4341.62,4343.94,4340.15,4342.88,224,35,0
2026.06.08 13:42:00,4342.86,4344.45,4341.65,4343.94,220,35,0
2026.06.08 13:43:00,4343.93,4344.33,4339.6,4339.88,225,35,0
2026.06.08 13:44:00,4339.85,4339.9,4335.26,4336.31,216,35,0
2026.06.08 13:45:00,4336.76,4337.18,4333.58,4335.58,215,35,0
2026.06.08 13:46:00,4335.78,4338.58,4335.61,4336.87,221,35,0
2026.06.08 13:47:00,4336.51,4337.05,4333.86,4335.59,216,35,0
2026.06.08 13:48:00,4335.64,4336.7,4334.2,4335.08,217,35,0
2026.06.08 13:49:00,4334.75,4335.81,4332.59,4332.67,215,35,0
2026.06.08 13:50:00,4332.74,4333.56,4328.38,4328.6,221,35,0
2026.06.08 13:51:00,4328.7,4332.24,4328.7,4330.27,212,35,0
2026.06.08 13:52:00,4330.26,4333.22,4329.95,4333.21,212,35,0
2026.06.08 13:53:00,4333.2,4338.98,4333.11,4338.72,215,35,0
2026.06.08 13:54:00,4338.76,4339.12,4332.54,4334.22,207,35,0
2026.06.08 13:55:00,4334.14,4336.86,4332.66,4332.71,217,35,0
2026.06.08 13:56:00,4332.79,4332.79,4330.17,4330.75,207,35,0
2026.06.08 13:57:00,4330.7,4331.06,4327.55,4328.05,214,35,0
2026.06.08 13:58:00,4328.16,4328.58,4326.18,4327.97,207,35,0
2026.06.08 13:59:00,4327.91,4329.06,4326.44,4326.63,206,35,0
2026.06.08 14:00:00,4326.87,4328.83,4325.05,4326.24,214,35,0
2026.06.08 14:01:00,4326.29,4330.21,4325.66,4329.72,211,35,0
2026.06.08 14:02:00,4329.58,4330.7,4325.37,4325.47,214,35,0
2026.06.08 14:03:00,4325.41,4327.57,4324.52,4324.66,212,35,0
2026.06.08 14:04:00,4324.56,4324.56,4322.17,4322.27,215,35,0
2026.06.08 14:05:00,4322.55,4323.15,4319.29,4320.71,211,35,0
2026.06.08 14:06:00,4320.57,4326.93,4320.32,4326.19,212,35,0
2026.06.08 14:07:00,4326.18,4327.07,4320.78,4320.97,215,35,0
2026.06.08 14:08:00,4321.01,4322.44,4319.12,4322.13,217,35,0
2026.06.08 14:09:00,4322.17,4322.97,4320.03,4320.51,210,35,0
2026.06.08 14:10:00,4320.61,4320.73,4317.51,4317.96,211,35,0
2026.06.08 14:11:00,4317.91,4320.43,4316.67,4319.88,206,35,0
2026.06.08 14:12:00,4319.87,4319.87,4317.43,4318.43,206,35,0
2026.06.08 14:13:00,4318.46,4320.13,4317.43,4319.46,212,35,0
2026.06.08 14:14:00,4319.85,4320.11,4317.72,4319.18,210,35,0
2026.06.08 14:15:00,4319.4,4319.43,4317.3,4317.86,213,35,0
2026.06.08 14:16:00,4318.04,4319.71,4317.23,4317.28,210,35,0
2026.06.08 14:17:00,4317.21,4321.84,4316.89,4321.19,209,35,0
2026.06.08 14:18:00,4321.02,4321.52,4319.08,4319.87,201,35,0
2026.06.08 14:19:00,4319.82,4321.78,4319.32,4321.58,206,35,0
2026.06.08 14:20:00,4321.59,4324.23,4320.93,4321.36,205,35,0
2026.06.08 14:21:00,4321.57,4323.74,4320.29,4321.82,215,35,0
2026.06.08 14:22:00,4321.91,4323.28,4318.82,4319.17,200,35,0
2026.06.08 14:23:00,4320.23,4321.06,4319.03,4319.23,210,35,0
2026.06.08 14:24:00,4319.2,4320.6,4317.14,4318.35,213,35,0
2026.06.08 14:25:00,4318.46,4318.87,4315.89,4318.31,217,35,0
2026.06.08 14:26:00,4318.36,4322.79,4317.86,4321.06,202,35,0
2026.06.08 14:27:00,4321.05,4321.99,4319.91,4320.67,202,35,0
2026.06.08 14:28:00,4321.0,4322.34,4318.55,4322.08,216,35,0
2026.06.08 14:29:00,4321.83,4321.91,4319.28,4320.04,215,35,0
2026.06.08 14:30:00,4319.63,4323.16,4318.62,4321.28,207,35,0
2026.06.08 14:31:00,4321.11,4321.91,4320.5,4321.69,211,35,0
2026.06.08 14:32:00,4321.83,4324.16,4321.15,4323.33,198,35,0
2026.06.08 14:33:00,4322.8,4323.47,4321.31,4321.31,216,35,0
2026.06.08 14:34:00,4321.02,4322.76,4320.9,4322.12,196,35,0
2026.06.08 14:35:00,4322.09,4322.29,4320.42,4322.04,199,35,0
2026.06.08 14:36:00,4321.91,4323.04,4319.71,4321.72,190,35,0
2026.06.08 14:37:00,4321.71,4321.84,4315.89,4315.89,202,35,0
2026.06.08 14:38:00,4315.86,4319.32,4315.64,4317.73,201,35,0
2026.06.08 14:39:00,4317.71,4320.3,4314.98,4319.77,202,35,0
2026.06.08 14:40:00,4319.51,4321.85,4318.42,4320.21,208,35,0
2026.06.08 14:41:00,4320.12,4321.46,4317.74,4318.18,205,35,0
2026.06.08 14:42:00,4317.66,4319.7,4316.04,4319.7,203,35,0
2026.06.08 14:43:00,4319.89,4320.08,4317.45,4318.58,199,35,0
2026.06.08 14:44:00,4318.6,4323.29,4318.6,4322.9,207,35,0
2026.06.08 14:45:00,4322.92,4324.71,4322.92,4323.9,195,35,0
2026.06.08 14:46:00,4324.02,4327.96,4323.6,4327.96,199,35,0
2026.06.08 14:47:00,4327.94,4328.28,4324.95,4324.95,205,35,0
2026.06.08 14:48:00,4325.04,4325.29,4321.55,4322.46,209,35,0
2026.06.08 14:49:00,4322.4,4322.79,4317.39,4317.58,204,35,0
2026.06.08 14:50:00,4317.61,4320.25,4317.07,4320.04,204,35,0
2026.06.08 14:51:00,4319.97,4323.24,4319.59,4323.22,210,35,0
2026.06.08 14:52:00,4323.03,4326.3,4322.48,4325.71,188,35,0
2026.06.08 14:53:00,4325.69,4326.79,4324.75,4326.5,198,35,0
2026.06.08 14:54:00,4326.44,4326.96,4324.47,4326.41,200,35,0
2026.06.08 14:55:00,4326.45,4327.64,4324.62,4325.59,197,35,0
2026.06.08 14:56:00,4325.72,4326.3,4324.55,4325.59,194,35,0
2026.06.08 14:57:00,4325.56,4327.14,4325.18,4325.71,186,35,0
2026.06.08 14:58:00,4325.7,4328.33,4325.44,4328.25,184,35,0
2026.06.08 14:59:00,4328.16,4331.32,4328.16,4330.71,184,35,0
2026.06.08 15:00:00,4331.04,4332.63,4330.49,4332.23,199,35,0
2026.06.08 15:01:00,4332.26,4336.33,4331.97,4334.11,191,35,0
2026.06.08 15:02:00,4334.13,4335.39,4333.68,4335.01,192,35,0
2026.06.08 15:03:00,4334.97,4335.22,4331.6,4332.05,199,35,0
2026.06.08 15:04:00,4331.96,4332.72,4328.84,4328.95,187,35,0
2026.06.08 15:05:00,4328.96,4329.22,4327.59,4328.48,191,35,0
2026.06.08 15:06:00,4328.43,4330.71,4327.85,4329.81,183,35,0
2026.06.08 15:07:00,4330.18,4330.27,4327.55,4327.55,186,35,0
2026.06.08 15:08:00,4327.62,4328.61,4325.8,4326.16,182,35,0
2026.06.08 15:09:00,4326.15,4328.56,4324.92,4328.45,197,35,0
2026.06.08 15:10:00,4328.35,4328.86,4327.39,4327.65,176,35,0
2026.06.08 15:11:00,4327.56,4328.17,4325.57,4326.22,183,35,0
2026.06.08 15:12:00,4326.18,4328.26,4326.13,4328.12,177,35,0
2026.06.08 15:13:00,4328.06,4328.82,4326.47,4327.36,186,35,0
2026.06.08 15:14:00,4327.21,4327.59,4325.21,4325.32,172,35,0
2026.06.08 15:15:00,4325.35,4328.45,4325.3,4326.95,190,35,0
2026.06.08 15:16:00,4326.9,4327.32,4325.29,4325.89,186,35,0
2026.06.08 15:17:00,4325.91,4325.99,4322.9,4323.11,193,35,0
2026.06.08 15:18:00,4322.86,4328.8,4322.51,4325.37,209,35,0
2026.06.08 15:19:00,4325.63,4332.19,4324.94,4331.58,185,35,0
2026.06.08 15:20:00,4331.96,4332.49,4330.21,4330.33,200,35,0
2026.06.08 15:21:00,4330.27,4330.76,4329.24,4330.29,200,35,0
2026.06.08 15:22:00,4330.42,4333.06,4330.35,4332.68,188,35,0
2026.06.08 15:23:00,4332.74,4334.29,4331.96,4334.28,182,35,0
2026.06.08 15:24:00,4334.13,4335.94,4333.71,4335.33,186,35,0
2026.06.08 15:25:00,4335.08,4335.08,4331.9,4332.02,198,35,0
2026.06.08 15:26:00,4332.08,4332.4,4328.9,4329.92,203,35,0
2026.06.08 15:27:00,4330.02,4331.99,4329.64,4331.5,201,35,0
2026.06.08 15:28:00,4331.57,4332.23,4330.98,4331.25,196,35,0
2026.06.08 15:29:00,4331.36,4332.22,4329.52,4330.81,197,35,0
2026.06.08 15:30:00,4330.89,4331.57,4328.53,4329.7,206,35,0
2026.06.08 15:31:00,4329.61,4332.55,4329.61,4330.4,201,35,0
2026.06.08 15:32:00,4330.53,4330.98,4328.97,4329.82,204,35,0
2026.06.08 15:33:00,4329.88,4331.41,4329.29,4331.22,183,35,0
2026.06.08 15:34:00,4331.23,4333.6,4329.86,4332.16,187,35,0
2026.06.08 15:35:00,4332.19,4333.39,4331.71,4332.44,199,35,0
2026.06.08 15:36:00,4332.17,4333.83,4331.23,4333.25,188,35,0
2026.06.08 15:37:00,4333.45,4335.3,4332.36,4333.94,190,35,0
2026.06.08 15:38:00,4334.02,4334.6,4333.33,4334.21,170,35,0
2026.06.08 15:39:00,4334.2,4337.35,4333.78,4336.51,186,35,0
2026.06.08 15:40:00,4336.53,4337.97,4335.82,4336.52,184,35,0
2026.06.08 15:41:00,4336.69,4338.14,4336.13,4338.1,182,35,0
2026.06.08 15:42:00,4337.9,4338.56,4335.23,4336.62,193,35,0
2026.06.08 15:43:00,4336.68,4337.38,4336.2,4336.23,182,35,0
2026.06.08 15:44:00,4336.22,4339.26,4335.57,4339.08,187,35,0
2026.06.08 15:45:00,4338.93,4340.92,4337.15,4337.32,189,35,0
2026.06.08 15:46:00,4337.37,4338.81,4337.0,4337.89,178,35,0
2026.06.08 15:47:00,4337.78,4338.4,4335.03,4335.32,172,35,0
2026.06.08 15:48:00,4335.47,4336.02,4334.9,4335.8,183,35,0
2026.06.08 15:49:00,4335.78,4335.94,4334.43,4335.3,185,35,0
2026.06.08 15:50:00,4335.33,4337.89,4335.33,4336.01,185,35,0
2026.06.08 15:51:00,4335.99,4339.42,4335.55,4338.97,181,35,0
2026.06.08 15:52:00,4338.76,4340.13,4338.76,4339.63,113,35,0
