time,open,high,low,close,tick_volume,spread,real_volume
2026.06.09 00:00:00,4317.71,4318.36,4315.37,4316.78,191,43,0
2026.06.09 00:01:00,4316.7,4317.64,4315.46,4317.37,201,43,0
2026.06.09 00:02:00,4317.36,4318.57,4317.16,4318.05,185,43,0
2026.06.09 00:03:00,4318.0,4319.58,4316.73,4317.26,190,43,0
2026.06.09 00:04:00,4317.28,4318.04,4316.1,4317.4,198,43,0
2026.06.09 00:05:00,4317.26,4319.45,4316.79,4319.43,203,43,0
2026.06.09 00:06:00,4319.31,4320.44,4318.66,4319.91,194,43,0
2026.06.09 00:07:00,4320.01,4321.63,4319.77,4320.48,172,43,0
2026.06.09 00:08:00,4320.5,4320.85,4318.63,4318.72,182,43,0
2026.06.09 00:09:00,4318.82,4319.12,4318.27,4318.45,185,43,0
2026.06.09 00:10:00,4318.4,4321.12,4318.4,4320.93,175,43,0
2026.06.09 00:11:00,4320.94,4321.02,4319.91,4320.76,172,43,0
2026.06.09 00:12:00,4320.78,4323.55,4320.61,4322.8,191,43,0
2026.06.09 00:13:00,4322.84,4323.65,4321.81,4323.48,203,43,0
2026.06.09 00:14:00,4323.52,4323.52,4321.59,4322.53,176,43,0
2026.06.09 00:15:00,4322.44,4323.12,4320.2,4320.62,222,43,0
2026.06.09 00:16:00,4320.56,4323.06,4320.35,4323.06,167,43,0
2026.06.09 00:17:00,4323.13,4323.36,4320.61,4320.99,182,43,0
2026.06.09 00:18:00,4321.02,4322.57,4320.95,4321.53,175,43,0
2026.06.09 00:19:00,4321.5,4321.69,4320.04,4320.14,182,43,0
2026.06.09 00:20:00,4320.06,4320.44,4318.96,4319.73,192,43,0
2026.06.09 00:21:00,4319.79,4319.9,4317.34,4318.09,185,43,0
2026.06.09 00:22:00,4318.09,4319.68,4317.29,4318.45,171,43,0
2026.06.09 00:23:00,4318.44,4318.44,4317.42,4318.07,152,43,0
2026.06.09 00:24:00,4318.18,4319.11,4317.65,4318.78,160,43,0
2026.06.09 00:25:00,4318.75,4319.45,4317.85,4317.85,164,43,0
2026.06.09 00:26:00,4317.86,4318.36,4317.33,4317.76,161,43,0
2026.06.09 00:27:00,4317.83,4318.61,4317.15,4317.85,170,43,0
2026.06.09 00:28:00,4317.87,4318.51,4316.69,4317.22,154,43,0
2026.06.09 00:29:00,4317.25,4318.03,4316.69,4316.7,158,43,0
2026.06.09 00:30:00,4316.7,4317.32,4315.82,4316.46,163,43,0
2026.06.09 00:31:00,4316.41,4316.61,4315.21,4316.34,143,43,0
2026.06.09 00:32:00,4316.38,4317.88,4316.38,4317.11,136,43,0
2026.06.09 00:33:00,4317.04,4317.1,4315.07,4315.68,154,43,0
2026.06.09 00:34:00,4315.67,4319.45,4315.38,4318.93,151,43,0
2026.06.09 00:35:00,4319.03,4320.38,4318.33,4319.72,161,43,0
2026.06.09 00:36:00,4319.73,4320.55,4319.62,4320.15,148,43,0
2026.06.09 00:37:00,4320.17,4322.86,4319.54,4322.05,167,43,0
2026.06.09 00:38:00,4321.76,4322.31,4318.61,4318.84,174,43,0
2026.06.09 00:39:00,4318.85,4319.66,4318.11,4318.98,136,43,0
2026.06.09 00:40:00,4318.97,4321.07,4318.62,4318.62,176,43,0
2026.06.09 00:41:00,4318.68,4319.63,4317.7,4317.7,169,43,0
2026.06.09 00:42:00,4317.71,4318.42,4317.66,4318.11,160,43,0
2026.06.09 00:43:00,4318.14,4318.37,4317.59,4317.74,172,43,0
2026.06.09 00:44:00,4317.68,4318.56,4317.68,4318.54,137,43,0
2026.06.09 00:45:00,4318.39,4318.94,4317.09,4317.62,142,43,0
2026.06.09 00:46:00,4317.81,4317.89,4317.27,4317.83,129,43,0
2026.06.09 00:47:00,4317.81,4317.81,4316.75,4317.11,125,43,0
2026.06.09 00:48:00,4317.15,4317.2,4315.04,4315.15,135,43,0
2026.06.09 00:49:00,4315.15,4317.22,4314.97,4316.93,131,43,0
2026.06.09 00:50:00,4316.96,4318.32,4316.77,4317.92,146,43,0
2026.06.09 00:51:00,4318.01,4319.84,4317.37,4317.83,158,43,0
2026.06.09 00:52:00,4317.85,4318.32,4317.04,4318.03,158,43,0
2026.06.09 00:53:00,4318.05,4318.12,4315.93,4316.28,152,43,0
2026.06.09 00:54:00,4316.25,4316.47,4315.76,4315.8,128,43,0
2026.06.09 00:55:00,4315.7,4316.7,4315.33,4316.25,152,43,0
2026.06.09 00:56:00,4316.23,4316.58,4315.38,4316.44,133,43,0
2026.06.09 00:57:00,4316.4,4319.24,4316.21,4319.24,143,43,0
2026.06.09 00:58:00,4319.26,4321.06,4318.45,4320.37,181,43,0
2026.06.09 00:59:00,4320.38,4320.72,4319.7,4319.78,164,43,0
2026.06.09 01:00:00,4319.74,4323.15,4318.56,4322.11,216,43,0
2026.06.09 01:01:00,4322.26,4323.46,4319.8,4319.94,204,43,0
2026.06.09 01:02:00,4319.73,4322.46,4318.53,4322.24,212,43,0
2026.06.09 01:03:00,4322.34,4323.96,4320.78,4322.16,200,43,0
2026.06.09 01:04:00,4322.06,4322.69,4320.71,4321.29,195,43,0
2026.06.09 01:05:00,4321.04,4324.45,4320.61,4323.9,202,43,0
2026.06.09 01:06:00,4324.04,4327.43,4323.6,4326.86,205,43,0
2026.06.09 01:07:00,4326.88,4327.78,4324.3,4325.12,180,43,0
2026.06.09 01:08:00,4325.09,4325.45,4322.85,4325.1,174,43,0
2026.06.09 01:09:00,4325.13,4325.89,4324.89,4325.09,173,43,0
2026.06.09 01:10:00,4325.14,4326.25,4321.95,4321.99,177,43,0
2026.06.09 01:11:00,4321.99,4323.74,4321.3,4323.74,156,43,0
2026.06.09 01:12:00,4323.77,4325.84,4322.51,4325.58,165,43,0
2026.06.09 01:13:00,4325.61,4326.71,4324.56,4326.54,179,43,0
2026.06.09 01:14:00,4326.58,4326.58,4323.21,4323.87,187,43,0
2026.06.09 01:15:00,4323.88,4326.7,4323.27,4325.85,194,43,0
2026.06.09 01:16:00,4325.96,4329.52,4325.88,4328.61,189,43,0
2026.06.09 01:17:00,4328.75,4329.76,4327.5,4327.94,188,43,0
2026.06.09 01:18:00,4327.84,4327.84,4323.38,4323.51,184,43,0
2026.06.09 01:19:00,4323.52,4325.33,4322.29,4323.89,188,43,0
2026.06.09 01:20:00,4323.93,4324.78,4322.69,4324.27,184,43,0
2026.06.09 01:21:00,4324.49,4326.42,4324.42,4326.42,195,43,0
2026.06.09 01:22:00,4326.48,4332.16,4325.84,4331.5,197,43,0
2026.06.09 01:23:00,4331.66,4331.66,4327.67,4328.86,183,43,0
2026.06.09 01:24:00,4328.71,4328.85,4326.84,4327.51,166,43,0
2026.06.09 01:25:00,4327.5,4329.73,4327.42,4328.61,190,43,0
2026.06.09 01:26:00,4328.63,4329.85,4327.83,4329.73,186,43,0
2026.06.09 01:27:00,4329.74,4333.22,4329.3,4332.72,195,43,0
2026.06.09 01:28:00,4332.74,4335.31,4331.72,4334.8,179,43,0
2026.06.09 01:29:00,4334.62,4338.07,4334.39,4335.21,184,43,0
2026.06.09 01:30:00,4335.32,4335.97,4332.93,4333.43,180,43,0
2026.06.09 01:31:00,4333.34,4336.21,4333.34,4335.75,188,43,0
2026.06.09 01:32:00,4335.67,4337.64,4335.47,4337.33,178,43,0
2026.06.09 01:33:00,4337.26,4337.71,4336.71,4336.93,179,43,0
2026.06.09 01:34:00,4336.99,4337.94,4335.84,4336.96,182,43,0
2026.06.09 01:35:00,4337.01,4337.43,4335.82,4336.94,171,43,0
2026.06.09 01:36:00,4336.97,4338.66,4336.56,4337.32,162,43,0
2026.06.09 01:37:00,4337.31,4337.38,4334.77,4334.99,186,43,0
2026.06.09 01:38:00,4335.08,4335.34,4334.27,4334.9,139,43,0
2026.06.09 01:39:00,4334.93,4335.75,4334.75,4335.11,161,43,0
2026.06.09 01:40:00,4335.12,4338.33,4335.01,4336.81,179,43,0
2026.06.09 01:41:00,4336.81,4337.9,4335.81,4337.4,167,43,0
2026.06.09 01:42:00,4337.28,4337.47,4334.92,4334.92,166,43,0
2026.06.09 01:43:00,4335.12,4335.16,4332.78,4332.92,175,43,0
2026.06.09 01:44:00,4332.75,4335.73,4332.75,4335.71,176,43,0
2026.06.09 01:45:00,4335.75,4337.92,4335.72,4336.15,201,43,0
2026.06.09 01:46:00,4336.18,4337.96,4335.36,4337.92,178,43,0
2026.06.09 01:47:00,4337.89,4338.15,4336.47,4336.93,183,43,0
2026.06.09 01:48:00,4336.92,4338.0,4335.46,4335.72,164,43,0
2026.06.09 01:49:00,4335.77,4335.77,4333.84,4333.96,161,43,0
2026.06.09 01:50:00,4333.98,4336.14,4333.82,4334.22,182,43,0
2026.06.09 01:51:00,4334.27,4335.21,4333.96,4335.07,177,43,0
2026.06.09 01:52:00,4335.05,4336.27,4335.02,4335.68,155,43,0
2026.06.09 01:53:00,4335.59,4336.78,4334.64,4334.68,165,43,0
2026.06.09 01:54:00,4334.57,4337.23,4334.23,4336.65,202,43,0
2026.06.09 01:55:00,4336.54,4336.65,4334.26,4334.3,190,43,0
2026.06.09 01:56:00,4334.31,4335.27,4333.06,4334.71,188,43,0
2026.06.09 01:57:00,4334.73,4334.8,4333.44,4334.61,165,43,0
2026.06.09 01:58:00,4334.63,4337.02,4334.44,4336.35,153,43,0
2026.06.09 01:59:00,4336.37,4338.12,4335.97,4336.38,174,43,0
2026.06.09 02:00:00,4336.48,4336.72,4334.87,4335.4,178,43,0
2026.06.09 02:01:00,4335.37,4335.99,4332.65,4333.08,198,43,0
2026.06.09 02:02:00,4332.96,4333.68,4332.59,4332.73,148,43,0
2026.06.09 02:03:00,4332.68,4333.59,4331.43,4333.14,178,43,0
2026.06.09 02:04:00,4333.15,4333.46,4332.53,4332.62,159,43,0
2026.06.09 02:05:00,4332.59,4332.75,4328.99,4329.61,195,43,0
2026.06.09 02:06:00,4329.57,4330.28,4328.12,4328.4,210,43,0
2026.06.09 02:07:00,4328.41,4330.39,4328.32,4330.0,184,43,0
2026.06.09 02:08:00,4330.01,4332.03,4328.89,4331.22,189,43,0
2026.06.09 02:09:00,4331.29,4331.77,4330.17,4330.97,170,43,0
2026.06.09 02:10:00,4330.93,4331.48,4330.01,4330.14,149,43,0
2026.06.09 02:11:00,4330.0,4330.29,4329.23,4330.25,171,43,0
2026.06.09 02:12:00,4330.29,4331.43,4330.0,4331.23,153,43,0
2026.06.09 02:13:00,4331.46,4333.35,4330.84,4332.81,162,43,0
2026.06.09 02:14:00,4332.87,4333.15,4332.33,4332.75,170,43,0
2026.06.09 02:15:00,4332.67,4333.44,4330.71,4331.12,172,43,0
2026.06.09 02:16:00,4331.13,4333.52,4329.99,4333.21,199,43,0
2026.06.09 02:17:00,4333.17,4334.36,4332.79,4333.21,181,43,0
2026.06.09 02:18:00,4333.2,4333.5,4331.79,4331.94,167,43,0
2026.06.09 02:19:00,4331.91,4332.95,4331.82,4332.4,157,43,0
2026.06.09 02:20:00,4332.42,4333.09,4331.4,4332.14,156,43,0
2026.06.09 02:21:00,4331.88,4332.93,4331.58,4332.4,171,43,0
2026.06.09 02:22:00,4332.45,4333.18,4331.96,4332.57,163,43,0
2026.06.09 02:23:00,4332.38,4335.4,4331.98,4334.45,168,43,0
2026.06.09 02:24:00,4334.46,4334.84,4334.24,4334.36,164,43,0
2026.06.09 02:25:00,4334.38,4334.38,4333.11,4333.61,151,43,0
2026.06.09 02:26:00,4333.63,4333.72,4332.14,4332.17,131,43,0
2026.06.09 02:27:00,4332.13,4333.65,4332.13,4333.02,167,43,0
2026.06.09 02:28:00,4333.02,4335.99,4332.93,4335.62,159,43,0
2026.06.09 02:29:00,4335.56,4336.02,4335.09,4335.38,161,43,0
2026.06.09 02:30:00,4335.41,4336.0,4333.52,4333.91,175,43,0
2026.06.09 02:31:00,4334.13,4339.56,4334.01,4338.99,187,43,0
2026.06.09 02:32:00,4338.92,4339.29,4337.37,4337.53,158,43,0
2026.06.09 02:33:00,4337.56,4338.25,4337.15,4337.9,129,43,0
2026.06.09 02:34:00,4337.93,4338.1,4335.53,4335.53,184,43,0
2026.06.09 02:35:00,4335.25,4335.46,4333.0,4333.13,189,43,0
2026.06.09 02:36:00,4333.05,4333.82,4330.96,4333.57,200,43,0
2026.06.09 02:37:00,4333.58,4333.58,4331.4,4331.95,168,43,0
2026.06.09 02:38:00,4331.93,4334.29,4331.93,4333.91,207,43,0
2026.06.09 02:39:00,4333.87,4335.37,4333.54,4334.95,146,43,0
2026.06.09 02:40:00,4335.07,4335.6,4333.43,4333.54,156,43,0
2026.06.09 02:41:00,4333.65,4335.11,4333.47,4334.29,147,43,0
2026.06.09 02:42:00,4334.26,4337.19,4334.22,4336.84,159,43,0
2026.06.09 02:43:00,4336.84,4337.71,4336.28,4337.29,185,43,0
2026.06.09 02:44:00,4337.26,4338.65,4336.46,4338.65,177,43,0
2026.06.09 02:45:00,4338.51,4340.87,4338.37,4339.32,202,43,0
2026.06.09 02:46:00,4339.24,4339.69,4338.66,4339.53,195,43,0
2026.06.09 02:47:00,4339.49,4340.32,4339.35,4339.58,164,43,0
2026.06.09 02:48:00,4339.72,4339.92,4338.64,4339.28,178,43,0
2026.06.09 02:49:00,4339.27,4339.59,4337.39,4337.55,170,43,0
2026.06.09 02:50:00,4337.54,4338.37,4337.15,4337.43,178,43,0
2026.06.09 02:51:00,4337.46,4337.55,4334.8,4335.08,165,43,0
2026.06.09 02:52:00,4335.1,4336.87,4334.84,4336.39,186,43,0
2026.06.09 02:53:00,4336.55,4339.16,4336.35,4338.69,174,43,0
2026.06.09 02:54:00,4338.83,4340.32,4338.45,4338.59,181,43,0
2026.06.09 02:55:00,4338.63,4339.25,4337.46,4339.13,135,43,0
2026.06.09 02:56:00,4339.14,4339.26,4336.82,4336.92,203,43,0
2026.06.09 02:57:00,4336.88,4337.46,4335.99,4336.55,174,43,0
2026.06.09 02:58:00,4336.48,4336.58,4335.11,4335.55,187,43,0
2026.06.09 02:59:00,4335.48,4335.92,4334.85,4335.92,171,43,0
2026.06.09 03:00:00,4335.91,4336.21,4334.92,4335.6,161,43,0
2026.06.09 03:01:00,4335.67,4337.12,4335.6,4337.0,182,43,0
2026.06.09 03:02:00,4337.16,4337.53,4335.32,4336.05,165,43,0
2026.06.09 03:03:00,4336.08,4336.44,4332.32,4332.33,167,43,0
2026.06.09 03:04:00,4332.41,4333.66,4331.49,4331.83,176,43,0
2026.06.09 03:05:00,4331.8,4335.06,4330.96,4333.95,185,43,0
2026.06.09 03:06:00,4334.11,4340.24,4334.11,4339.9,176,43,0
2026.06.09 03:07:00,4339.86,4341.47,4338.52,4338.93,187,43,0
2026.06.09 03:08:00,4338.89,4339.27,4337.32,4337.32,179,43,0
2026.06.09 03:09:00,4337.28,4338.55,4337.2,4338.2,162,43,0
2026.06.09 03:10:00,4338.24,4339.1,4338.01,4338.35,156,43,0
2026.06.09 03:11:00,4338.35,4339.13,4337.17,4338.98,158,43,0
2026.06.09 03:12:00,4339.05,4339.48,4337.89,4339.35,175,43,0
2026.06.09 03:13:00,4339.33,4340.11,4338.45,4338.99,141,43,0
2026.06.09 03:14:00,4339.0,4339.34,4337.82,4338.64,139,43,0
2026.06.09 03:15:00,4338.64,4342.09,4338.59,4340.66,185,43,0
2026.06.09 03:16:00,4340.67,4341.88,4340.24,4340.33,161,43,0
2026.06.09 03:17:00,4340.3,4341.05,4338.94,4339.7,169,43,0
2026.06.09 03:18:00,4339.66,4341.46,4339.32,4341.21,174,43,0
2026.06.09 03:19:00,4341.22,4341.49,4339.46,4339.46,151,43,0
2026.06.09 03:20:00,4339.39,4340.06,4338.81,4339.73,155,43,0
2026.06.09 03:21:00,4339.7,4340.07,4336.96,4337.82,180,43,0
2026.06.09 03:22:00,4337.81,4337.81,4336.04,4336.57,164,43,0
2026.06.09 03:23:00,4336.61,4337.21,4335.06,4335.24,139,43,0
2026.06.09 03:24:00,4335.3,4335.48,4333.32,4334.72,184,43,0
2026.06.09 03:25:00,4334.62,4335.12,4334.14,4335.11,176,43,0
2026.06.09 03:26:00,4335.01,4336.02,4334.32,4335.88,153,43,0
2026.06.09 03:27:00,4335.87,4337.09,4335.47,4337.07,165,43,0
2026.06.09 03:28:00,4337.05,4337.29,4335.94,4336.21,169,43,0
2026.06.09 03:29:00,4336.2,4336.92,4335.87,4336.62,154,43,0
2026.06.09 03:30:00,4336.53,4337.91,4336.44,4336.83,155,43,0
2026.06.09 03:31:00,4336.84,4337.03,4335.52,4336.28,144,43,0
2026.06.09 03:32:00,4336.27,4336.43,4334.63,4334.63,144,43,0
2026.06.09 03:33:00,4334.67,4335.66,4333.59,4334.2,158,43,0
2026.06.09 03:34:00,4334.31,4334.64,4333.3,4333.91,127,43,0
2026.06.09 03:35:00,4333.87,4334.31,4333.6,4333.91,145,43,0
2026.06.09 03:36:00,4333.93,4334.4,4333.58,4334.05,119,43,0
2026.06.09 03:37:00,4334.31,4336.46,4334.05,4336.33,138,43,0
2026.06.09 03:38:00,4336.34,4336.4,4334.91,4335.49,133,43,0
2026.06.09 03:39:00,4335.48,4335.96,4335.11,4335.16,116,43,0
2026.06.09 03:40:00,4335.19,4335.78,4334.81,4335.29,124,43,0
2026.06.09 03:41:00,4335.28,4336.03,4335.03,4335.8,122,43,0
2026.06.09 03:42:00,4335.75,4335.92,4335.03,4335.08,117,43,0
2026.06.09 03:43:00,4335.12,4336.02,4334.71,4335.94,128,43,0
2026.06.09 03:44:00,4335.94,4338.17,4335.64,4337.59,148,43,0
2026.06.09 03:45:00,4337.59,4338.7,4337.59,4338.7,129,43,0
2026.06.09 03:46:00,4338.81,4340.91,4338.21,4340.78,152,43,0
2026.06.09 03:47:00,4341.08,4341.83,4339.33,4339.33,134,43,0
2026.06.09 03:48:00,4339.33,4339.88,4338.8,4339.23,148,43,0
2026.06.09 03:49:00,4339.24,4339.24,4338.51,4338.58,151,43,0
2026.06.09 03:50:00,4338.6,4339.21,4337.99,4338.1,133,43,0
2026.06.09 03:51:00,4338.14,4338.14,4337.38,4337.69,119,43,0
2026.06.09 03:52:00,4337.43,4337.92,4337.13,4337.47,114,43,0
2026.06.09 03:53:00,4337.67,4340.24,4337.64,4339.57,128,43,0
2026.06.09 03:54:00,4339.56,4340.23,4339.45,4339.46,123,43,0
2026.06.09 03:55:00,4339.43,4339.47,4338.34,4338.38,110,43,0
2026.06.09 03:56:00,4338.4,4339.89,4338.4,4339.03,84,43,0
2026.06.09 03:57:00,4339.1,4340.12,4338.13,4338.66,119,43,0
2026.06.09 03:58:00,4338.59,4339.01,4334.44,4335.17,160,43,0
2026.06.09 03:59:00,4335.13,4336.58,4334.86,4336.54,125,43,0
2026.06.09 04:00:00,4336.56,4336.56,4333.23,4334.25,127,43,0
2026.06.09 04:01:00,4334.26,4335.3,4334.21,4334.64,130,43,0
2026.06.09 04:02:00,4334.62,4334.84,4334.01,4334.64,149,43,0
2026.06.09 04:03:00,4334.67,4335.55,4334.43,4334.93,143,43,0
2026.06.09 04:04:00,4334.93,4335.49,4334.37,4335.32,124,43,0
2026.06.09 04:05:00,4335.3,4335.54,4334.79,4335.13,107,43,0
2026.06.09 04:06:00,4335.18,4336.39,4335.18,4335.98,119,43,0
2026.06.09 04:07:00,4335.99,4336.25,4335.41,4335.41,112,43,0
2026.06.09 04:08:00,4335.42,4337.28,4335.29,4337.28,172,43,0
2026.06.09 04:09:00,4337.13,4338.03,4336.86,4337.18,125,43,0
2026.06.09 04:10:00,4337.16,4337.28,4336.58,4336.61,104,43,0
2026.06.09 04:11:00,4336.62,4339.29,4336.58,4338.07,140,43,0
2026.06.09 04:12:00,4338.1,4338.95,4336.49,4336.64,152,43,0
2026.06.09 04:13:00,4336.6,4336.67,4333.67,4333.69,126,43,0
2026.06.09 04:14:00,4333.56,4334.08,4332.14,4332.19,165,43,0
2026.06.09 04:15:00,4332.16,4332.77,4331.88,4332.25,125,43,0
2026.06.09 04:16:00,4332.23,4332.36,4330.82,4331.41,141,43,0
2026.06.09 04:17:00,4331.17,4331.64,4330.92,4331.44,136,43,0
2026.06.09 04:18:00,4331.46,4331.86,4329.39,4329.96,105,43,0
2026.06.09 04:19:00,4329.99,4330.27,4329.73,4329.93,122,43,0
2026.06.09 04:20:00,4329.9,4330.53,4329.39,4329.81,125,43,0
2026.06.09 04:21:00,4329.71,4329.71,4328.63,4328.81,111,43,0
2026.06.09 04:22:00,4328.96,4330.63,4328.96,4330.07,150,43,0
2026.06.09 04:23:00,4330.11,4331.0,4329.99,4330.84,139,43,0
2026.06.09 04:24:00,4330.82,4331.42,4330.46,4331.06,93,43,0
2026.06.09 04:25:00,4331.08,4331.68,4330.8,4330.84,117,43,0
2026.06.09 04:26:00,4330.84,4330.85,4330.02,4330.17,105,43,0
2026.06.09 04:27:00,4330.18,4330.66,4329.7,4329.85,114,43,0
2026.06.09 04:28:00,4329.84,4330.25,4329.13,4330.25,113,43,0
2026.06.09 04:29:00,4330.21,4330.6,4329.62,4330.37,97,43,0
2026.06.09 04:30:00,4330.34,4330.47,4327.59,4328.15,152,43,0
2026.06.09 04:31:00,4328.13,4328.56,4325.95,4326.21,155,43,0
2026.06.09 04:32:00,4326.25,4326.86,4325.73,4326.2,141,43,0
2026.06.09 04:33:00,4326.22,4326.59,4324.74,4325.1,167,43,0
2026.06.09 04:34:00,4325.08,4325.31,4324.06,4325.11,135,43,0
2026.06.09 04:35:00,4325.15,4328.3,4325.15,4327.57,179,43,0
2026.06.09 04:36:00,4327.58,4328.76,4327.48,4328.04,138,43,0
2026.06.09 04:37:00,4328.23,4329.31,4328.09,4328.14,116,43,0
2026.06.09 04:38:00,4328.22,4330.4,4327.77,4330.2,166,43,0
2026.06.09 04:39:00,4330.13,4330.34,4329.33,4329.83,130,43,0
2026.06.09 04:40:00,4329.82,4329.83,4328.65,4329.53,109,43,0
2026.06.09 04:41:00,4329.52,4329.52,4327.93,4328.65,112,43,0
2026.06.09 04:42:00,4328.56,4328.94,4327.76,4328.47,143,43,0
2026.06.09 04:43:00,4328.52,4328.53,4326.85,4327.02,119,43,0
2026.06.09 04:44:00,4327.01,4328.1,4327.01,4328.09,106,43,0
2026.06.09 04:45:00,4327.95,4328.0,4326.85,4327.01,79,43,0
2026.06.09 04:46:00,4327.15,4329.19,4327.15,4328.78,118,43,0
2026.06.09 04:47:00,4328.8,4329.05,4328.57,4328.69,86,43,0
2026.06.09 04:48:00,4328.65,4329.29,4328.36,4328.65,137,43,0
2026.06.09 04:49:00,4328.67,4329.18,4327.95,4329.15,128,43,0
2026.06.09 04:50:00,4329.25,4331.45,4328.9,4330.04,147,43,0
2026.06.09 04:51:00,4330.0,4330.13,4328.52,4329.65,122,43,0
2026.06.09 04:52:00,4329.64,4329.98,4329.21,4329.84,126,43,0
2026.06.09 04:53:00,4329.84,4329.85,4327.78,4328.07,104,43,0
2026.06.09 04:54:00,4328.04,4328.21,4327.21,4327.55,122,43,0
2026.06.09 04:55:00,4327.57,4327.85,4326.17,4326.83,137,43,0
2026.06.09 04:56:00,4326.84,4329.82,4326.75,4329.29,141,43,0
2026.06.09 04:57:00,4329.28,4329.7,4329.15,4329.57,87,43,0
2026.06.09 04:58:00,4329.54,4329.72,4327.88,4328.42,114,43,0
2026.06.09 04:59:00,4328.45,4332.75,4327.99,4332.2,192,43,0
2026.06.09 05:00:00,4332.52,4335.88,4332.25,4335.07,136,43,0
2026.06.09 05:01:00,4335.12,4335.12,4333.67,4334.54,121,43,0
2026.06.09 05:02:00,4334.56,4335.18,4334.27,4335.04,89,43,0
2026.06.09 05:03:00,4335.08,4336.52,4334.75,4335.44,137,43,0
2026.06.09 05:04:00,4335.58,4336.27,4334.55,4336.14,116,43,0
2026.06.09 05:05:00,4336.14,4336.56,4335.58,4335.9,117,43,0
2026.06.09 05:06:00,4335.92,4337.04,4335.5,4335.64,126,43,0
2026.06.09 05:07:00,4335.63,4335.68,4334.56,4335.2,124,43,0
2026.06.09 05:08:00,4335.17,4336.07,4334.54,4334.55,106,43,0
2026.06.09 05:09:00,4334.57,4335.15,4332.39,4332.48,143,43,0
2026.06.09 05:10:00,4332.53,4333.69,4331.93,4332.99,130,43,0
2026.06.09 05:11:00,4333.21,4334.27,4332.89,4333.45,150,43,0
2026.06.09 05:12:00,4333.52,4333.84,4331.66,4331.67,140,43,0
2026.06.09 05:13:00,4331.47,4332.15,4330.87,4331.61,149,43,0
2026.06.09 05:14:00,4331.62,4332.14,4330.84,4331.28,136,43,0
2026.06.09 05:15:00,4331.29,4332.56,4331.11,4332.12,163,43,0
2026.06.09 05:16:00,4332.06,4333.05,4331.73,4332.71,157,43,0
2026.06.09 05:17:00,4332.1,4332.36,4330.84,4331.21,143,43,0
2026.06.09 05:18:00,4331.24,4333.69,4331.24,4333.4,156,43,0
2026.06.09 05:19:00,4333.4,4334.42,4333.21,4333.38,147,43,0
2026.06.09 05:20:00,4333.37,4335.36,4333.35,4334.85,141,43,0
2026.06.09 05:21:00,4334.83,4334.92,4332.66,4333.02,150,43,0
2026.06.09 05:22:00,4332.97,4333.79,4331.05,4331.89,146,43,0
2026.06.09 05:23:00,4331.91,4332.87,4331.71,4332.84,153,43,0
2026.06.09 05:24:00,4332.82,4333.64,4332.39,4333.38,144,43,0
2026.06.09 05:25:00,4333.39,4333.7,4332.41,4332.65,144,43,0
2026.06.09 05:26:00,4332.62,4333.07,4332.03,4332.97,144,43,0
2026.06.09 05:27:00,4333.04,4333.22,4332.1,4332.7,154,43,0
2026.06.09 05:28:00,4332.75,4333.63,4332.09,4333.38,141,43,0
2026.06.09 05:29:00,4333.42,4333.74,4332.39,4332.49,115,43,0
2026.06.09 05:30:00,4332.25,4334.95,4332.18,4333.98,192,43,0
2026.06.09 05:31:00,4334.0,4337.7,4332.27,4337.03,200,43,0
2026.06.09 05:32:00,4336.53,4343.2,4335.69,4341.11,205,43,0
2026.06.09 05:33:00,4341.09,4344.19,4338.89,4339.07,200,43,0
2026.06.09 05:34:00,4339.34,4343.44,4339.27,4342.66,205,43,0
2026.06.09 05:35:00,4342.68,4343.98,4341.16,4342.02,181,43,0
2026.06.09 05:36:00,4341.95,4342.95,4341.21,4341.22,197,43,0
2026.06.09 05:37:00,4341.22,4342.57,4341.15,4342.51,189,43,0
2026.06.09 05:38:00,4342.58,4342.89,4339.76,4340.72,182,43,0
2026.06.09 05:39:00,4340.68,4343.36,4340.67,4343.36,198,43,0
2026.06.09 05:40:00,4343.38,4345.04,4342.58,4342.96,188,43,0
2026.06.09 05:41:00,4342.94,4346.63,4342.41,4345.78,198,43,0
2026.06.09 05:42:00,4346.03,4349.07,4346.03,4348.68,209,43,0
2026.06.09 05:43:00,4348.64,4351.31,4348.14,4350.26,174,43,0
2026.06.09 05:44:00,4350.27,4350.39,4347.17,4347.91,209,43,0
2026.06.09 05:45:00,4348.39,4348.93,4343.4,4343.73,203,43,0
2026.06.09 05:46:00,4343.29,4345.89,4343.28,4345.3,194,43,0
2026.06.09 05:47:00,4345.2,4345.29,4344.18,4344.34,191,43,0
2026.06.09 05:48:00,4344.36,4344.79,4343.06,4344.67,176,43,0
2026.06.09 05:49:00,4344.67,4346.89,4344.16,4346.37,179,43,0
2026.06.09 05:50:00,4346.29,4346.32,4343.07,4343.68,187,43,0
2026.06.09 05:51:00,4343.71,4344.45,4343.59,4344.31,156,43,0
2026.06.09 05:52:00,4344.52,4345.39,4343.89,4344.57,184,43,0
2026.06.09 05:53:00,4344.55,4344.88,4343.1,4343.96,188,43,0
2026.06.09 05:54:00,4343.95,4346.04,4343.72,4345.36,185,43,0
2026.06.09 05:55:00,4345.36,4345.36,4341.75,4342.15,176,43,0
2026.06.09 05:56:00,4342.16,4343.35,4341.54,4342.95,204,43,0
2026.06.09 05:57:00,4342.87,4343.16,4342.42,4343.05,183,43,0
2026.06.09 05:58:00,4343.06,4344.9,4342.86,4343.83,185,43,0
2026.06.09 05:59:00,4343.82,4344.46,4342.96,4343.33,149,43,0
2026.06.09 06:00:00,4343.23,4346.3,4342.7,4345.21,185,43,0
2026.06.09 06:01:00,4345.25,4346.82,4345.21,4346.68,206,43,0
2026.06.09 06:02:00,4346.69,4348.52,4346.36,4346.79,191,43,0
2026.06.09 06:03:00,4346.84,4348.1,4346.46,4348.08,164,43,0
2026.06.09 06:04:00,4348.07,4348.62,4344.16,4344.65,173,43,0
2026.06.09 06:05:00,4344.6,4346.75,4344.4,4345.61,169,43,0
2026.06.09 06:06:00,4345.67,4346.07,4344.75,4346.07,174,43,0
2026.06.09 06:07:00,4346.01,4346.55,4344.22,4344.94,170,43,0
2026.06.09 06:08:00,4344.95,4346.68,4344.95,4345.19,171,43,0
2026.06.09 06:09:00,4345.15,4345.18,4342.88,4343.92,179,43,0
2026.06.09 06:10:00,4344.02,4344.27,4343.32,4344.19,178,43,0
2026.06.09 06:11:00,4344.16,4344.62,4341.94,4342.28,162,43,0
2026.06.09 06:12:00,4342.27,4343.4,4342.14,4342.89,169,43,0
2026.06.09 06:13:00,4342.86,4343.33,4339.99,4340.97,174,43,0
2026.06.09 06:14:00,4340.95,4342.03,4340.88,4341.27,185,43,0
2026.06.09 06:15:00,4341.26,4342.81,4340.74,4342.59,160,43,0
2026.06.09 06:16:00,4342.61,4343.4,4342.53,4342.74,170,43,0
2026.06.09 06:17:00,4342.77,4343.46,4342.21,4342.85,170,43,0
2026.06.09 06:18:00,4342.73,4343.63,4342.12,4342.92,163,43,0
2026.06.09 06:19:00,4342.91,4343.16,4341.78,4342.69,157,43,0
2026.06.09 06:20:00,4342.62,4342.84,4340.82,4341.88,176,43,0
2026.06.09 06:21:00,4342.03,4344.09,4341.88,4344.01,149,43,0
2026.06.09 06:22:00,4344.02,4345.0,4343.34,4344.53,181,43,0
2026.06.09 06:23:00,4344.49,4345.75,4343.53,4344.22,175,43,0
2026.06.09 06:24:00,4344.19,4345.18,4344.12,4344.55,151,43,0
2026.06.09 06:25:00,4344.54,4345.23,4343.53,4343.65,164,43,0
2026.06.09 06:26:00,4343.67,4343.95,4342.45,4343.01,169,43,0
2026.06.09 06:27:00,4343.02,4343.25,4341.27,4341.31,167,43,0
2026.06.09 06:28:00,4341.28,4342.06,4338.45,4338.45,205,43,0
2026.06.09 06:29:00,4338.44,4339.51,4338.13,4338.99,189,43,0
2026.06.09 06:30:00,4339.18,4339.18,4334.51,4334.78,195,43,0
2026.06.09 06:31:00,4334.73,4335.33,4332.63,4333.51,198,43,0
2026.06.09 06:32:00,4333.56,4334.52,4332.46,4332.67,165,43,0
2026.06.09 06:33:00,4332.68,4333.95,4332.65,4332.76,179,43,0
2026.06.09 06:34:00,4332.74,4334.67,4331.7,4333.67,176,43,0
2026.06.09 06:35:00,4333.63,4338.35,4333.13,4338.14,189,43,0
2026.06.09 06:36:00,4338.12,4339.32,4337.03,4337.03,190,43,0
2026.06.09 06:37:00,4337.27,4338.06,4336.7,4337.77,158,43,0
2026.06.09 06:38:00,4337.78,4338.26,4336.37,4336.92,175,43,0
2026.06.09 06:39:00,4336.97,4338.73,4336.67,4337.76,164,43,0
2026.06.09 06:40:00,4337.77,4338.71,4337.26,4337.51,160,43,0
2026.06.09 06:41:00,4337.44,4337.79,4336.25,4337.16,158,43,0
2026.06.09 06:42:00,4337.21,4337.69,4336.3,4336.45,148,43,0
2026.06.09 06:43:00,4336.44,4336.77,4334.34,4334.48,139,43,0
2026.06.09 06:44:00,4334.57,4336.7,4334.55,4336.58,168,43,0
2026.06.09 06:45:00,4336.57,4338.84,4336.43,4337.56,160,43,0
2026.06.09 06:46:00,4337.55,4338.04,4336.21,4336.21,176,43,0
2026.06.09 06:47:00,4336.37,4337.56,4336.34,4337.31,154,43,0
2026.06.09 06:48:00,4337.32,4338.34,4337.14,4338.13,158,43,0
2026.06.09 06:49:00,4338.06,4340.14,4338.06,4339.54,167,43,0
2026.06.09 06:50:00,4339.62,4339.62,4335.98,4337.18,168,43,0
2026.06.09 06:51:00,4337.23,4337.64,4336.71,4336.84,188,43,0
2026.06.09 06:52:00,4336.89,4337.77,4336.76,4337.37,175,43,0
2026.06.09 06:53:00,4337.41,4337.45,4335.33,4335.58,169,43,0
2026.06.09 06:54:00,4335.59,4336.56,4334.71,4335.26,193,43,0
2026.06.09 06:55:00,4335.17,4336.14,4333.7,4334.33,184,43,0
2026.06.09 06:56:00,4333.89,4334.62,4333.44,4333.98,177,43,0
2026.06.09 06:57:00,4333.95,4334.72,4333.33,4334.72,153,43,0
2026.06.09 06:58:00,4334.67,4334.69,4331.16,4331.24,169,43,0
2026.06.09 06:59:00,4331.15,4331.46,4330.28,4330.54,174,43,0
2026.06.09 07:00:00,4330.32,4332.28,4328.59,4332.04,199,35,0
2026.06.09 07:01:00,4332.01,4332.01,4329.96,4330.85,174,35,0
2026.06.09 07:02:00,4330.9,4331.92,4329.55,4331.2,176,35,0
2026.06.09 07:03:00,4331.26,4334.72,4331.16,4333.34,185,35,0
2026.06.09 07:04:00,4333.51,4333.51,4331.44,4331.55,188,35,0
2026.06.09 07:05:00,4331.53,4332.05,4329.79,4330.98,192,35,0
2026.06.09 07:06:00,4331.06,4331.74,4330.29,4331.53,158,35,0
2026.06.09 07:07:00,4331.71,4333.68,4331.53,4332.61,187,35,0
2026.06.09 07:08:00,4332.6,4332.6,4331.02,4331.55,186,35,0
2026.06.09 07:09:00,4331.48,4332.71,4331.3,4332.37,151,35,0
2026.06.09 07:10:00,4332.42,4332.54,4328.58,4328.58,162,35,0
2026.06.09 07:11:00,4328.5,4330.69,4328.5,4330.26,159,35,0
2026.06.09 07:12:00,4329.82,4330.8,4329.29,4329.77,170,35,0
2026.06.09 07:13:00,4329.73,4330.44,4328.34,4329.47,160,35,0
2026.06.09 07:14:00,4329.48,4329.68,4326.73,4326.73,179,35,0
2026.06.09 07:15:00,4326.58,4326.59,4323.0,4323.91,200,35,0
2026.06.09 07:16:00,4323.88,4327.18,4323.47,4326.98,182,35,0
2026.06.09 07:17:00,4326.28,4327.99,4325.65,4327.99,165,35,0
2026.06.09 07:18:00,4328.16,4329.73,4327.96,4328.99,182,35,0
2026.06.09 07:19:00,4329.01,4329.27,4327.78,4328.73,179,35,0
2026.06.09 07:20:00,4328.72,4330.17,4327.35,4327.35,167,35,0
2026.06.09 07:21:00,4327.41,4328.16,4325.77,4328.16,168,35,0
2026.06.09 07:22:00,4328.23,4330.62,4327.95,4329.62,164,35,0
2026.06.09 07:23:00,4329.89,4330.03,4328.53,4328.93,162,35,0
2026.06.09 07:24:00,4329.03,4330.2,4328.47,4330.01,153,35,0
2026.06.09 07:25:00,4330.43,4330.68,4328.84,4329.69,165,35,0
2026.06.09 07:26:00,4329.74,4330.39,4329.4,4329.98,159,35,0
2026.06.09 07:27:00,4329.96,4330.53,4329.17,4329.98,164,35,0
2026.06.09 07:28:00,4330.02,4330.97,4329.97,4330.77,164,35,0
2026.06.09 07:29:00,4330.67,4332.12,4330.67,4331.02,178,35,0
2026.06.09 07:30:00,4331.01,4331.17,4329.38,4329.56,152,35,0
2026.06.09 07:31:00,4329.6,4330.03,4327.26,4327.26,170,35,0
2026.06.09 07:32:00,4327.27,4327.53,4326.02,4326.6,171,35,0
2026.06.09 07:33:00,4326.61,4327.23,4325.57,4326.47,173,35,0
2026.06.09 07:34:00,4326.46,4326.95,4325.54,4326.65,174,35,0
2026.06.09 07:35:00,4326.64,4326.64,4323.81,4324.27,169,35,0
2026.06.09 07:36:00,4324.4,4326.29,4324.4,4326.04,159,35,0
2026.06.09 07:37:00,4326.06,4326.65,4323.18,4324.13,162,35,0
2026.06.09 07:38:00,4324.14,4325.93,4324.1,4324.41,171,35,0
2026.06.09 07:39:00,4323.94,4325.68,4322.14,4325.5,186,35,0
2026.06.09 07:40:00,4325.53,4326.34,4324.88,4325.56,158,35,0
2026.06.09 07:41:00,4325.61,4327.71,4325.46,4326.64,159,35,0
2026.06.09 07:42:00,4326.6,4327.86,4326.6,4327.72,157,35,0
2026.06.09 07:43:00,4327.76,4328.21,4326.58,4327.77,155,35,0
2026.06.09 07:44:00,4327.72,4328.42,4326.89,4328.42,160,35,0
2026.06.09 07:45:00,4328.34,4330.16,4327.99,4329.25,167,35,0
2026.06.09 07:46:00,4329.26,4329.44,4328.15,4328.6,149,35,0
2026.06.09 07:47:00,4328.71,4328.71,4327.8,4327.87,151,35,0
2026.06.09 07:48:00,4327.88,4328.89,4326.02,4326.42,141,35,0
2026.06.09 07:49:00,4326.37,4326.81,4326.01,4326.26,141,35,0
2026.06.09 07:50:00,4326.12,4327.92,4325.15,4327.81,158,35,0
2026.06.09 07:51:00,4327.85,4328.81,4327.85,4328.34,163,35,0
2026.06.09 07:52:00,4328.35,4328.72,4325.48,4326.34,150,35,0
2026.06.09 07:53:00,4326.35,4329.21,4326.05,4328.24,164,35,0
2026.06.09 07:54:00,4328.26,4328.62,4326.98,4328.59,156,35,0
2026.06.09 07:55:00,4328.53,4328.68,4327.1,4327.63,114,35,0
2026.06.09 07:56:00,4327.62,4328.22,4327.35,4327.35,143,35,0
2026.06.09 07:57:00,4327.36,4327.37,4325.85,4326.8,146,35,0
2026.06.09 07:58:00,4326.78,4327.72,4326.47,4326.91,171,35,0
2026.06.09 07:59:00,4326.95,4326.98,4326.15,4326.49,141,35,0
2026.06.09 08:00:00,4326.54,4327.12,4324.96,4324.96,182,35,0
2026.06.09 08:01:00,4324.94,4325.96,4322.73,4325.85,192,35,0
2026.06.09 08:02:00,4325.83,4325.83,4323.02,4323.67,173,35,0
2026.06.09 08:03:00,4323.81,4325.97,4323.47,4325.03,181,35,0
2026.06.09 08:04:00,4325.06,4325.23,4322.77,4323.15,169,35,0
2026.06.09 08:05:00,4323.05,4323.05,4321.2,4322.23,182,35,0
2026.06.09 08:06:00,4322.17,4323.44,4321.89,4322.34,171,35,0
2026.06.09 08:07:00,4322.3,4324.39,4321.41,4324.37,168,35,0
2026.06.09 08:08:00,4324.38,4326.18,4324.0,4326.0,171,35,0
2026.06.09 08:09:00,4325.98,4326.82,4325.4,4326.45,166,35,0
2026.06.09 08:10:00,4326.68,4328.45,4326.35,4327.95,168,35,0
2026.06.09 08:11:00,4328.24,4330.57,4328.06,4329.97,170,35,0
2026.06.09 08:12:00,4329.92,4336.12,4329.71,4335.73,199,35,0
2026.06.09 08:13:00,4335.53,4335.7,4331.2,4331.43,196,35,0
2026.06.09 08:14:00,4331.45,4331.87,4330.76,4331.6,187,35,0
2026.06.09 08:15:00,4331.69,4334.03,4331.42,4333.95,196,35,0
2026.06.09 08:16:00,4334.01,4335.13,4333.07,4333.31,175,35,0
2026.06.09 08:17:00,4333.26,4333.45,4331.81,4331.95,167,35,0
2026.06.09 08:18:00,4331.94,4333.92,4331.55,4332.78,181,35,0
2026.06.09 08:19:00,4332.76,4332.93,4331.4,4332.3,173,35,0
2026.06.09 08:20:00,4332.26,4333.03,4331.95,4332.56,171,35,0
2026.06.09 08:21:00,4332.51,4334.32,4332.04,4333.74,170,35,0
2026.06.09 08:22:00,4333.72,4333.74,4332.26,4333.58,166,35,0
2026.06.09 08:23:00,4333.64,4333.9,4332.76,4333.24,173,35,0
2026.06.09 08:24:00,4333.22,4333.54,4331.95,4332.13,165,35,0
2026.06.09 08:25:00,4332.31,4333.36,4331.75,4331.78,178,35,0
2026.06.09 08:26:00,4331.83,4333.21,4331.54,4333.12,169,35,0
2026.06.09 08:27:00,4333.13,4334.34,4333.09,4333.3,204,35,0
2026.06.09 08:28:00,4333.32,4334.56,4333.24,4334.44,178,35,0
2026.06.09 08:29:00,4334.4,4335.47,4334.09,4334.34,176,35,0
2026.06.09 08:30:00,4334.52,4335.93,4334.36,4335.31,152,35,0
2026.06.09 08:31:00,4335.33,4335.71,4333.91,4334.25,154,35,0
2026.06.09 08:32:00,4334.38,4335.0,4333.46,4334.8,155,35,0
2026.06.09 08:33:00,4334.93,4334.97,4333.81,4333.93,157,35,0
2026.06.09 08:34:00,4333.96,4334.11,4331.01,4331.09,165,35,0
2026.06.09 08:35:00,4331.08,4331.65,4330.29,4331.4,151,35,0
2026.06.09 08:36:00,4331.34,4332.23,4330.63,4331.75,142,35,0
2026.06.09 08:37:00,4331.7,4332.74,4331.21,4332.68,137,35,0
2026.06.09 08:38:00,4332.67,4333.39,4332.14,4333.26,141,35,0
2026.06.09 08:39:00,4333.23,4334.73,4332.72,4334.37,145,35,0
2026.06.09 08:40:00,4334.42,4334.42,4333.5,4333.87,115,35,0
2026.06.09 08:41:00,4333.79,4334.13,4333.12,4333.96,154,35,0
2026.06.09 08:42:00,4334.09,4335.84,4333.69,4335.7,153,35,0
2026.06.09 08:43:00,4335.67,4336.54,4335.33,4335.55,147,35,0
2026.06.09 08:44:00,4335.52,4336.63,4334.93,4334.99,182,35,0
2026.06.09 08:45:00,4335.01,4335.32,4333.16,4333.3,151,35,0
2026.06.09 08:46:00,4333.22,4333.5,4331.67,4331.84,175,35,0
2026.06.09 08:47:00,4331.85,4332.23,4330.38,4330.48,160,35,0
2026.06.09 08:48:00,4330.28,4330.28,4328.15,4328.19,155,35,0
2026.06.09 08:49:00,4327.92,4328.68,4327.39,4328.14,153,35,0
2026.06.09 08:50:00,4328.16,4328.18,4325.81,4327.34,185,35,0
2026.06.09 08:51:00,4327.36,4329.29,4327.27,4328.6,164,35,0
2026.06.09 08:52:00,4328.58,4328.79,4327.91,4328.7,154,35,0
2026.06.09 08:53:00,4328.67,4329.89,4328.4,4329.89,154,35,0
2026.06.09 08:54:00,4329.7,4330.04,4328.85,4329.91,168,35,0
2026.06.09 08:55:00,4329.89,4329.96,4328.59,4328.9,156,35,0
2026.06.09 08:56:00,4328.93,4330.34,4328.86,4329.75,145,35,0
2026.06.09 08:57:00,4329.72,4330.54,4327.62,4327.81,166,35,0
2026.06.09 08:58:00,4327.8,4327.83,4327.12,4327.18,130,35,0
2026.06.09 08:59:00,4327.15,4327.51,4326.49,4326.49,154,35,0
2026.06.09 09:00:00,4326.48,4326.83,4325.1,4326.02,160,35,0
2026.06.09 09:01:00,4326.03,4327.54,4326.02,4327.54,157,35,0
2026.06.09 09:02:00,4327.6,4328.67,4327.52,4328.49,157,35,0
2026.06.09 09:03:00,4328.51,4329.0,4328.07,4328.85,164,35,0
2026.06.09 09:04:00,4328.87,4329.03,4328.09,4328.8,178,35,0
2026.06.09 09:05:00,4328.88,4329.75,4328.78,4329.46,151,35,0
2026.06.09 09:06:00,4329.48,4329.53,4328.05,4328.32,149,35,0
2026.06.09 09:07:00,4328.37,4328.39,4327.16,4327.68,147,35,0
2026.06.09 09:08:00,4327.69,4328.71,4327.33,4328.43,179,35,0
2026.06.09 09:09:00,4328.49,4330.5,4328.35,4330.06,165,35,0
2026.06.09 09:10:00,4330.06,4330.67,4329.6,4330.19,175,35,0
2026.06.09 09:11:00,4330.2,4330.58,4329.74,4330.58,154,35,0
2026.06.09 09:12:00,4330.59,4330.91,4329.41,4329.78,159,35,0
2026.06.09 09:13:00,4329.8,4329.82,4327.65,4327.9,163,35,0
2026.06.09 09:14:00,4327.92,4328.38,4327.54,4328.18,152,35,0
2026.06.09 09:15:00,4328.29,4328.89,4328.05,4328.28,148,35,0
2026.06.09 09:16:00,4328.3,4329.05,4328.04,4329.04,153,35,0
2026.06.09 09:17:00,4329.06,4329.23,4328.34,4328.85,165,35,0
2026.06.09 09:18:00,4328.87,4329.69,4328.03,4329.62,150,35,0
2026.06.09 09:19:00,4329.91,4330.54,4329.74,4329.95,125,35,0
2026.06.09 09:20:00,4329.9,4332.74,4329.7,4332.74,157,35,0
2026.06.09 09:21:00,4332.67,4332.86,4331.6,4332.67,170,35,0
2026.06.09 09:22:00,4332.68,4335.68,4332.46,4335.68,161,35,0
2026.06.09 09:23:00,4335.64,4336.01,4334.19,4334.26,164,35,0
2026.06.09 09:24:00,4334.15,4334.48,4333.16,4333.3,176,35,0
2026.06.09 09:25:00,4333.69,4333.89,4332.04,4333.02,176,35,0
2026.06.09 09:26:00,4333.08,4334.35,4332.86,4333.77,141,35,0
2026.06.09 09:27:00,4333.67,4333.67,4330.02,4330.5,188,35,0
2026.06.09 09:28:00,4329.98,4330.59,4328.69,4330.04,165,35,0
2026.06.09 09:29:00,4330.03,4330.03,4324.08,4326.8,198,35,0
2026.06.09 09:30:00,4326.23,4329.11,4326.13,4328.6,193,35,0
2026.06.09 09:31:00,4328.73,4328.99,4326.81,4326.81,172,35,0
2026.06.09 09:32:00,4326.91,4328.99,4326.88,4327.3,174,35,0
2026.06.09 09:33:00,4327.05,4328.15,4325.64,4327.62,156,35,0
2026.06.09 09:34:00,4327.61,4327.84,4326.04,4326.5,165,35,0
2026.06.09 09:35:00,4326.52,4328.37,4326.39,4327.96,175,35,0
2026.06.09 09:36:00,4327.95,4329.52,4327.47,4329.43,161,35,0
2026.06.09 09:37:00,4329.39,4330.51,4329.37,4329.85,128,35,0
2026.06.09 09:38:00,4329.84,4330.88,4329.55,4330.87,129,35,0
2026.06.09 09:39:00,4330.86,4330.98,4328.7,4329.13,164,35,0
2026.06.09 09:40:00,4329.18,4329.61,4328.56,4329.05,159,35,0
2026.06.09 09:41:00,4329.14,4329.75,4328.91,4328.91,155,35,0
2026.06.09 09:42:00,4328.92,4329.57,4328.5,4328.58,136,35,0
2026.06.09 09:43:00,4328.59,4328.59,4325.05,4326.79,168,35,0
2026.06.09 09:44:00,4326.76,4327.31,4325.89,4327.09,149,35,0
2026.06.09 09:45:00,4327.1,4328.35,4326.65,4328.35,159,35,0
2026.06.09 09:46:00,4328.38,4329.05,4328.0,4328.84,155,35,0
2026.06.09 09:47:00,4328.79,4330.18,4328.79,4328.98,137,35,0
2026.06.09 09:48:00,4328.88,4330.16,4328.69,4330.02,173,35,0
2026.06.09 09:49:00,4330.03,4330.03,4329.24,4329.76,143,35,0
2026.06.09 09:50:00,4329.78,4330.37,4329.61,4330.37,117,35,0
2026.06.09 09:51:00,4330.63,4331.32,4329.82,4330.95,142,35,0
2026.06.09 09:52:00,4330.93,4331.65,4330.61,4331.45,120,35,0
2026.06.09 09:53:00,4331.83,4332.26,4331.32,4332.19,128,35,0
2026.06.09 09:54:00,4332.25,4333.52,4332.15,4333.06,148,35,0
2026.06.09 09:55:00,4333.16,4333.36,4332.46,4332.76,132,35,0
2026.06.09 09:56:00,4332.79,4332.98,4331.39,4331.59,150,35,0
2026.06.09 09:57:00,4331.57,4331.64,4330.8,4331.26,131,35,0
2026.06.09 09:58:00,4331.24,4331.44,4330.77,4331.22,108,35,0
2026.06.09 09:59:00,4331.21,4332.38,4330.9,4332.12,124,35,0
2026.06.09 10:00:00,4331.96,4333.03,4331.53,4331.57,160,35,0
2026.06.09 10:01:00,4331.61,4332.37,4331.33,4331.77,153,35,0
2026.06.09 10:02:00,4331.81,4332.08,4331.21,4331.37,130,35,0
2026.06.09 10:03:00,4331.4,4332.56,4330.6,4331.32,159,35,0
2026.06.09 10:04:00,4331.23,4331.39,4330.14,4330.67,140,35,0
2026.06.09 10:05:00,4330.69,4331.14,4330.34,4331.07,161,35,0
2026.06.09 10:06:00,4331.08,4331.11,4326.38,4326.95,135,35,0
2026.06.09 10:07:00,4326.67,4328.59,4325.19,4328.24,198,35,0
2026.06.09 10:08:00,4328.23,4329.24,4327.62,4328.1,157,35,0
2026.06.09 10:09:00,4328.11,4328.33,4325.77,4327.16,165,35,0
2026.06.09 10:10:00,4326.63,4328.07,4326.5,4327.31,175,35,0
2026.06.09 10:11:00,4327.36,4329.03,4327.34,4328.61,164,35,0
2026.06.09 10:12:00,4328.6,4330.06,4328.6,4329.72,161,35,0
2026.06.09 10:13:00,4329.57,4329.72,4328.69,4329.05,171,35,0
2026.06.09 10:14:00,4329.14,4335.53,4329.12,4335.25,169,35,0
2026.06.09 10:15:00,4335.44,4336.12,4334.84,4335.0,168,35,0
2026.06.09 10:16:00,4334.97,4335.02,4334.06,4334.81,153,35,0
2026.06.09 10:17:00,4334.61,4336.26,4334.14,4336.17,165,35,0
2026.06.09 10:18:00,4336.21,4336.35,4334.38,4335.09,177,35,0
2026.06.09 10:19:00,4335.08,4336.04,4334.46,4334.71,171,35,0
2026.06.09 10:20:00,4334.69,4334.75,4333.78,4333.8,159,35,0
2026.06.09 10:21:00,4333.79,4334.02,4333.08,4333.28,165,35,0
2026.06.09 10:22:00,4333.23,4333.35,4331.6,4331.8,164,35,0
2026.06.09 10:23:00,4331.89,4332.01,4331.25,4331.71,134,35,0
2026.06.09 10:24:00,4331.68,4332.65,4331.63,4332.53,105,35,0
2026.06.09 10:25:00,4332.36,4333.86,4331.75,4333.86,160,35,0
2026.06.09 10:26:00,4334.04,4336.75,4334.04,4335.93,151,35,0
2026.06.09 10:27:00,4335.94,4335.99,4334.59,4334.94,179,35,0
2026.06.09 10:28:00,4334.95,4335.08,4333.73,4334.1,137,35,0
2026.06.09 10:29:00,4334.09,4334.34,4333.42,4333.62,136,35,0
2026.06.09 10:30:00,4333.75,4334.39,4332.21,4332.24,134,35,0
2026.06.09 10:31:00,4332.23,4334.07,4332.22,4334.07,130,35,0
2026.06.09 10:32:00,4334.08,4334.09,4333.09,4333.57,99,35,0
2026.06.09 10:33:00,4333.58,4334.75,4333.05,4334.64,134,35,0
2026.06.09 10:34:00,4334.6,4335.0,4333.5,4333.71,148,35,0
2026.06.09 10:35:00,4333.22,4333.22,4332.19,4332.99,159,35,0
2026.06.09 10:36:00,4332.91,4333.42,4332.61,4333.39,116,35,0
2026.06.09 10:37:00,4333.41,4333.79,4332.92,4333.15,118,35,0
2026.06.09 10:38:00,4333.16,4333.93,4332.96,4333.76,107,35,0
2026.06.09 10:39:00,4333.74,4333.76,4331.86,4331.91,129,35,0
2026.06.09 10:40:00,4331.93,4332.21,4331.14,4331.78,156,35,0
2026.06.09 10:41:00,4331.81,4331.97,4330.51,4330.64,146,35,0
2026.06.09 10:42:00,4330.76,4330.8,4329.69,4330.24,166,35,0
2026.06.09 10:43:00,4330.29,4331.71,4329.84,4331.45,140,35,0
2026.06.09 10:44:00,4331.44,4332.49,4331.44,4332.47,160,35,0
2026.06.09 10:45:00,4332.48,4333.0,4332.17,4332.51,158,35,0
2026.06.09 10:46:00,4332.81,4332.81,4331.56,4331.7,142,35,0
2026.06.09 10:47:00,4331.69,4331.7,4331.01,4331.01,117,35,0
2026.06.09 10:48:00,4331.16,4332.26,4330.97,4331.22,133,35,0
2026.06.09 10:49:00,4331.19,4331.56,4330.48,4330.59,148,35,0
2026.06.09 10:50:00,4330.62,4331.78,4330.62,4331.57,138,35,0
2026.06.09 10:51:00,4331.58,4331.76,4330.23,4330.4,153,35,0
2026.06.09 10:52:00,4330.29,4333.5,4330.26,4333.44,137,35,0
2026.06.09 10:53:00,4333.43,4333.65,4332.99,4333.12,120,35,0
2026.06.09 10:54:00,4333.06,4336.48,4333.06,4335.06,175,35,0
2026.06.09 10:55:00,4335.05,4335.34,4334.83,4335.13,155,35,0
2026.06.09 10:56:00,4335.16,4335.79,4334.69,4335.13,125,35,0
2026.06.09 10:57:00,4335.14,4337.23,4335.14,4336.82,163,35,0
2026.06.09 10:58:00,4336.9,4338.46,4336.73,4337.43,145,35,0
2026.06.09 10:59:00,4337.44,4340.57,4337.18,4339.06,198,35,0
2026.06.09 11:00:00,4338.75,4340.26,4337.65,4339.95,188,35,0
2026.06.09 11:01:00,4339.97,4340.22,4338.26,4338.26,161,35,0
2026.06.09 11:02:00,4338.43,4339.24,4338.07,4338.4,154,35,0
2026.06.09 11:03:00,4338.32,4338.74,4336.89,4337.1,145,35,0
2026.06.09 11:04:00,4337.09,4337.09,4335.58,4335.84,179,35,0
2026.06.09 11:05:00,4335.97,4337.27,4335.97,4336.56,143,35,0
2026.06.09 11:06:00,4336.47,4337.96,4335.58,4337.92,155,35,0
2026.06.09 11:07:00,4338.27,4338.27,4336.7,4337.46,157,35,0
2026.06.09 11:08:00,4337.47,4338.89,4337.46,4338.49,152,35,0
2026.06.09 11:09:00,4338.47,4338.55,4337.08,4337.09,139,35,0
2026.06.09 11:10:00,4337.36,4337.65,4336.23,4336.34,155,35,0
2026.06.09 11:11:00,4336.36,4337.85,4335.96,4337.05,146,35,0
2026.06.09 11:12:00,4337.02,4337.5,4336.2,4336.24,152,35,0
2026.06.09 11:13:00,4336.25,4336.65,4335.93,4336.39,136,35,0
2026.06.09 11:14:00,4336.41,4337.97,4336.15,4337.77,142,35,0
2026.06.09 11:15:00,4337.74,4339.0,4337.54,4338.81,148,35,0
2026.06.09 11:16:00,4338.83,4338.85,4336.16,4336.2,164,35,0
2026.06.09 11:17:00,4336.23,4337.19,4336.09,4337.18,145,35,0
2026.06.09 11:18:00,4337.24,4339.18,4336.34,4339.03,156,35,0
2026.06.09 11:19:00,4338.98,4339.3,4338.33,4339.13,174,35,0
2026.06.09 11:20:00,4339.14,4339.74,4338.75,4339.71,156,35,0
2026.06.09 11:21:00,4339.73,4340.32,4339.22,4339.88,150,35,0
2026.06.09 11:22:00,4339.77,4340.36,4339.54,4339.71,165,35,0
2026.06.09 11:23:00,4339.73,4339.79,4338.08,4338.32,131,35,0
2026.06.09 11:24:00,4338.29,4338.68,4337.07,4337.14,135,35,0
2026.06.09 11:25:00,4337.13,4337.32,4336.44,4336.85,153,35,0
2026.06.09 11:26:00,4336.87,4337.13,4336.54,4337.08,138,35,0
2026.06.09 11:27:00,4337.09,4338.1,4336.21,4338.1,135,35,0
2026.06.09 11:28:00,4338.07,4338.73,4337.48,4338.19,159,35,0
2026.06.09 11:29:00,4338.25,4338.67,4337.46,4338.56,147,35,0
2026.06.09 11:30:00,4338.67,4338.7,4337.45,4337.46,139,35,0
2026.06.09 11:31:00,4337.51,4338.59,4337.42,4338.23,114,35,0
2026.06.09 11:32:00,4338.22,4338.61,4337.18,4337.18,135,35,0
2026.06.09 11:33:00,4337.23,4338.54,4336.83,4338.19,114,35,0
2026.06.09 11:34:00,4337.88,4338.35,4337.62,4337.7,138,35,0
2026.06.09 11:35:00,4337.69,4338.15,4336.84,4338.15,140,35,0
2026.06.09 11:36:00,4338.13,4338.13,4337.07,4337.68,131,35,0
2026.06.09 11:37:00,4337.7,4338.23,4337.08,4337.2,135,35,0
2026.06.09 11:38:00,4337.17,4337.36,4336.73,4337.21,146,35,0
2026.06.09 11:39:00,4337.14,4337.54,4336.88,4337.3,136,35,0
2026.06.09 11:40:00,4337.08,4337.83,4336.99,4337.65,145,35,0
2026.06.09 11:41:00,4337.68,4338.74,4337.68,4338.41,135,35,0
2026.06.09 11:42:00,4338.5,4339.91,4338.21,4338.82,169,35,0
2026.06.09 11:43:00,4338.96,4339.63,4337.96,4338.41,164,35,0
2026.06.09 11:44:00,4338.49,4339.42,4338.26,4338.82,165,35,0
2026.06.09 11:45:00,4339.0,4340.15,4338.88,4339.25,180,35,0
2026.06.09 11:46:00,4339.22,4339.91,4337.93,4338.37,143,35,0
2026.06.09 11:47:00,4338.49,4338.9,4337.18,4338.86,170,35,0
2026.06.09 11:48:00,4338.87,4340.32,4338.73,4339.56,169,35,0
2026.06.09 11:49:00,4339.6,4340.52,4339.6,4340.05,129,35,0
2026.06.09 11:50:00,4340.06,4341.91,4340.06,4341.09,176,35,0
2026.06.09 11:51:00,4341.13,4343.63,4340.6,4343.13,142,35,0
2026.06.09 11:52:00,4343.15,4343.4,4341.38,4341.83,158,35,0
2026.06.09 11:53:00,4341.98,4343.13,4341.94,4342.15,156,35,0
2026.06.09 11:54:00,4342.14,4342.14,4340.64,4341.21,167,35,0
2026.06.09 11:55:00,4341.25,4341.27,4339.66,4340.14,133,35,0
2026.06.09 11:56:00,4340.38,4341.13,4340.26,4340.48,115,35,0
2026.06.09 11:57:00,4340.49,4343.28,4340.45,4342.91,132,35,0
2026.06.09 11:58:00,4342.75,4343.16,4340.4,4340.61,165,35,0
2026.06.09 11:59:00,4340.62,4340.62,4339.54,4339.79,150,35,0
2026.06.09 12:00:00,4339.81,4342.86,4339.64,4342.04,157,35,0
2026.06.09 12:01:00,4341.92,4342.23,4340.58,4342.23,155,35,0
2026.06.09 12:02:00,4342.32,4342.34,4341.04,4341.24,155,35,0
2026.06.09 12:03:00,4341.18,4343.37,4340.96,4343.22,126,35,0
2026.06.09 12:04:00,4343.24,4343.35,4342.21,4342.28,125,35,0
2026.06.09 12:05:00,4342.24,4342.88,4341.6,4342.24,160,35,0
2026.06.09 12:06:00,4342.16,4343.28,4342.04,4343.24,137,35,0
2026.06.09 12:07:00,4343.26,4343.67,4342.87,4343.14,136,35,0
2026.06.09 12:08:00,4343.11,4343.16,4342.37,4342.79,142,35,0
2026.06.09 12:09:00,4342.81,4343.91,4342.81,4343.63,145,35,0
2026.06.09 12:10:00,4343.62,4343.98,4343.47,4343.49,134,35,0
2026.06.09 12:11:00,4343.64,4343.9,4343.44,4343.63,128,35,0
2026.06.09 12:12:00,4343.55,4343.73,4342.81,4343.28,158,35,0
2026.06.09 12:13:00,4343.24,4343.59,4342.56,4343.13,139,35,0
2026.06.09 12:14:00,4343.1,4343.47,4340.8,4341.02,201,35,0
2026.06.09 12:15:00,4341.08,4342.06,4340.54,4341.0,184,35,0
2026.06.09 12:16:00,4340.97,4341.44,4338.83,4339.49,151,35,0
2026.06.09 12:17:00,4339.47,4341.89,4339.2,4341.39,167,35,0
2026.06.09 12:18:00,4341.41,4342.16,4340.73,4341.73,153,35,0
2026.06.09 12:19:00,4341.72,4342.86,4341.12,4342.82,162,35,0
2026.06.09 12:20:00,4342.8,4342.8,4338.19,4339.05,201,35,0
2026.06.09 12:21:00,4338.67,4339.41,4337.51,4337.53,168,35,0
2026.06.09 12:22:00,4337.52,4338.87,4337.28,4337.59,148,35,0
2026.06.09 12:23:00,4337.76,4338.22,4337.02,4337.56,174,35,0
2026.06.09 12:24:00,4337.6,4338.66,4337.52,4338.46,158,35,0
2026.06.09 12:25:00,4338.49,4339.6,4337.79,4338.88,186,35,0
2026.06.09 12:26:00,4338.9,4339.6,4338.72,4338.84,155,35,0
2026.06.09 12:27:00,4339.0,4339.18,4338.3,4339.16,153,35,0
2026.06.09 12:28:00,4339.09,4339.17,4337.22,4337.4,119,35,0
2026.06.09 12:29:00,4337.42,4337.49,4335.16,4335.9,194,35,0
2026.06.09 12:30:00,4335.74,4337.97,4334.7,4336.8,184,35,0
2026.06.09 12:31:00,4336.76,4339.78,4336.71,4338.87,200,35,0
2026.06.09 12:32:00,4339.19,4339.7,4338.84,4339.2,161,35,0
2026.06.09 12:33:00,4339.05,4339.12,4336.76,4337.08,163,35,0
2026.06.09 12:34:00,4337.1,4337.54,4334.87,4336.65,175,35,0
2026.06.09 12:35:00,4336.57,4338.35,4335.93,4337.94,161,35,0
2026.06.09 12:36:00,4337.97,4339.89,4337.56,4339.68,163,35,0
2026.06.09 12:37:00,4339.37,4339.44,4338.3,4338.61,167,35,0
2026.06.09 12:38:00,4338.64,4341.25,4338.26,4340.93,172,35,0
2026.06.09 12:39:00,4340.9,4341.14,4339.1,4340.45,170,35,0
2026.06.09 12:40:00,4340.36,4341.24,4339.86,4340.12,161,35,0
2026.06.09 12:41:00,4340.07,4341.07,4338.79,4340.65,165,35,0
2026.06.09 12:42:00,4340.62,4341.41,4340.03,4341.16,193,35,0
2026.06.09 12:43:00,4341.15,4341.42,4340.35,4340.73,143,35,0
2026.06.09 12:44:00,4340.72,4341.89,4340.33,4340.71,170,35,0
2026.06.09 12:45:00,4340.62,4341.02,4339.74,4340.46,153,35,0
2026.06.09 12:46:00,4340.27,4343.39,4340.2,4343.03,150,35,0
2026.06.09 12:47:00,4343.02,4344.14,4342.74,4343.2,182,35,0
2026.06.09 12:48:00,4343.21,4343.61,4342.31,4342.88,154,35,0
2026.06.09 12:49:00,4343.03,4343.47,4341.12,4341.22,179,35,0
2026.06.09 12:50:00,4341.23,4343.6,4341.23,4343.57,177,35,0
2026.06.09 12:51:00,4343.47,4343.49,4341.82,4342.45,150,35,0
2026.06.09 12:52:00,4342.4,4342.44,4340.46,4340.61,183,35,0
2026.06.09 12:53:00,4340.64,4340.64,4338.59,4338.68,167,35,0
2026.06.09 12:54:00,4338.67,4338.89,4337.17,4337.28,186,35,0
2026.06.09 12:55:00,4337.3,4338.84,4336.84,4337.75,179,35,0
2026.06.09 12:56:00,4337.61,4338.14,4337.17,4337.39,153,35,0
2026.06.09 12:57:00,4337.4,4338.83,4336.63,4338.67,177,35,0
2026.06.09 12:58:00,4338.65,4340.23,4338.39,4339.19,170,35,0
2026.06.09 12:59:00,4339.14,4341.77,4338.97,4341.27,172,35,0
2026.06.09 13:00:00,4341.91,4345.38,4340.76,4342.32,217,35,0
2026.06.09 13:01:00,4341.73,4342.69,4340.45,4340.7,205,35,0
2026.06.09 13:02:00,4340.31,4342.28,4339.94,4340.17,195,35,0
2026.06.09 13:03:00,4340.15,4341.09,4338.02,4340.89,192,35,0
2026.06.09 13:04:00,4340.9,4340.9,4338.01,4339.31,185,35,0
2026.06.09 13:05:00,4339.05,4342.36,4338.62,4342.18,188,35,0
2026.06.09 13:06:00,4341.97,4343.18,4341.18,4342.51,178,35,0
2026.06.09 13:07:00,4342.4,4343.03,4339.47,4339.47,208,35,0
2026.06.09 13:08:00,4339.37,4342.27,4338.73,4342.22,194,35,0
2026.06.09 13:09:00,4342.21,4344.18,4341.11,4341.31,190,35,0
2026.06.09 13:10:00,4341.42,4341.87,4340.51,4341.09,174,35,0
2026.06.09 13:11:00,4341.1,4342.4,4340.4,4341.75,175,35,0
2026.06.09 13:12:00,4341.79,4341.8,4340.28,4340.35,148,35,0
2026.06.09 13:13:00,4340.25,4341.95,4340.21,4341.87,165,35,0
2026.06.09 13:14:00,4341.96,4341.96,4339.65,4340.88,192,35,0
2026.06.09 13:15:00,4341.11,4341.92,4339.14,4339.78,179,35,0
2026.06.09 13:16:00,4339.8,4341.0,4339.65,4339.8,171,35,0
2026.06.09 13:17:00,4339.75,4340.3,4336.82,4337.26,212,35,0
2026.06.09 13:18:00,4337.18,4337.88,4334.75,4335.16,186,35,0
2026.06.09 13:19:00,4335.15,4335.98,4333.89,4333.89,186,35,0
2026.06.09 13:20:00,4333.76,4335.97,4333.38,4333.73,195,35,0
2026.06.09 13:21:00,4333.75,4334.21,4331.58,4333.09,187,35,0
2026.06.09 13:22:00,4333.1,4333.51,4332.37,4332.76,180,35,0
2026.06.09 13:23:00,4332.78,4334.51,4332.05,4334.03,191,35,0
2026.06.09 13:24:00,4333.77,4334.26,4333.0,4333.4,171,35,0
2026.06.09 13:25:00,4333.29,4335.33,4333.29,4334.53,180,35,0
2026.06.09 13:26:00,4334.38,4334.68,4332.24,4332.29,208,35,0
2026.06.09 13:27:00,4332.28,4332.83,4330.48,4331.09,189,35,0
2026.06.09 13:28:00,4330.9,4331.77,4330.16,4330.99,184,35,0
2026.06.09 13:29:00,4330.71,4331.77,4330.44,4330.77,194,35,0
2026.06.09 13:30:00,4330.76,4331.84,4328.69,4330.59,210,35,0
2026.06.09 13:31:00,4331.01,4333.32,4330.61,4331.57,205,35,0
2026.06.09 13:32:00,4331.39,4332.57,4329.71,4330.84,203,35,0
2026.06.09 13:33:00,4330.8,4333.9,4329.5,4331.83,211,35,0
2026.06.09 13:34:00,4332.17,4332.65,4329.45,4329.7,202,35,0
2026.06.09 13:35:00,4329.97,4331.41,4329.44,4331.21,206,35,0
2026.06.09 13:36:00,4331.19,4333.97,4330.29,4333.97,205,35,0
2026.06.09 13:37:00,4333.84,4334.34,4331.35,4331.51,198,35,0
2026.06.09 13:38:00,4331.83,4333.45,4331.44,4332.12,193,35,0
2026.06.09 13:39:00,4332.15,4332.65,4329.89,4331.84,197,35,0
2026.06.09 13:40:00,4331.81,4331.91,4327.54,4327.54,196,35,0
2026.06.09 13:41:00,4327.47,4328.65,4324.99,4325.45,201,35,0
2026.06.09 13:42:00,4325.42,4328.59,4325.32,4328.39,191,35,0
2026.06.09 13:43:00,4328.81,4329.74,4327.77,4328.08,195,35,0
2026.06.09 13:44:00,4328.16,4330.2,4327.74,4330.13,189,35,0
2026.06.09 13:45:00,4329.91,4333.5,4329.06,4332.87,202,35,0
2026.06.09 13:46:00,4332.85,4335.94,4331.55,4335.76,192,35,0
2026.06.09 13:47:00,4335.67,4344.81,4335.61,4344.44,203,35,0
2026.06.09 13:48:00,4344.46,4356.51,4343.87,4356.51,226,35,0
2026.06.09 13:49:00,4356.12,4363.45,4351.53,4352.09,237,35,0
2026.06.09 13:50:00,4352.12,4352.66,4342.14,4342.14,223,35,0
2026.06.09 13:51:00,4342.32,4344.06,4338.92,4340.52,225,35,0
2026.06.09 13:52:00,4340.71,4342.15,4336.25,4336.52,211,35,0
2026.06.09 13:53:00,4336.77,4338.63,4335.22,4336.97,212,35,0
2026.06.09 13:54:00,4336.82,4337.91,4333.58,4334.13,216,35,0
2026.06.09 13:55:00,4334.03,4334.53,4330.52,4330.66,220,35,0
2026.06.09 13:56:00,4330.67,4331.22,4327.58,4328.3,217,35,0
2026.06.09 13:57:00,4328.34,4329.25,4326.43,4329.25,217,35,0
2026.06.09 13:58:00,4329.39,4332.02,4329.35,4330.76,182,35,0
2026.06.09 13:59:00,4330.8,4330.8,4327.95,4328.82,195,35,0
2026.06.09 14:00:00,4328.64,4331.16,4327.15,4330.08,211,35,0
2026.06.09 14:01:00,4330.12,4333.79,4329.86,4333.32,210,35,0
2026.06.09 14:02:00,4333.83,4335.83,4332.62,4332.91,211,35,0
2026.06.09 14:03:00,4333.19,4333.92,4326.86,4327.36,208,35,0
2026.06.09 14:04:00,4327.17,4329.37,4326.49,4329.21,212,35,0
2026.06.09 14:05:00,4329.13,4331.0,4327.17,4327.17,211,35,0
2026.06.09 14:06:00,4326.84,4327.58,4325.01,4327.53,213,35,0
2026.06.09 14:07:00,4327.67,4329.01,4324.78,4327.68,210,35,0
2026.06.09 14:08:00,4328.0,4332.16,4327.9,4330.74,209,35,0
2026.06.09 14:09:00,4330.92,4330.92,4327.79,4328.37,207,35,0
2026.06.09 14:10:00,4328.06,4328.78,4325.92,4326.39,212,35,0
2026.06.09 14:11:00,4326.36,4327.67,4324.96,4327.6,217,35,0
2026.06.09 14:12:00,4327.43,4328.76,4326.99,4327.25,215,35,0
2026.06.09 14:13:00,4327.23,4327.68,4321.21,4321.21,211,35,0
2026.06.09 14:14:00,4321.5,4322.83,4319.6,4321.12,219,35,0
2026.06.09 14:15:00,4321.0,4323.0,4318.4,4318.45,216,35,0
2026.06.09 14:16:00,4318.15,4320.15,4315.2,4315.66,222,35,0
2026.06.09 14:17:00,4315.69,4315.9,4310.14,4310.52,223,35,0
2026.06.09 14:18:00,4310.85,4311.24,4305.87,4306.35,231,35,0
2026.06.09 14:19:00,4306.38,4311.51,4306.12,4311.45,226,35,0
2026.06.09 14:20:00,4311.5,4312.93,4309.29,4312.93,230,35,0
2026.06.09 14:21:00,4312.66,4314.12,4311.68,4313.51,218,35,0
2026.06.09 14:22:00,4313.74,4320.05,4313.41,4319.34,217,35,0
2026.06.09 14:23:00,4319.36,4319.55,4315.07,4317.21,220,35,0
2026.06.09 14:24:00,4317.19,4319.22,4316.2,4318.47,212,35,0
2026.06.09 14:25:00,4318.66,4323.38,4317.21,4322.82,218,35,0
2026.06.09 14:26:00,4322.93,4323.73,4319.7,4320.03,215,35,0
2026.06.09 14:27:00,4320.08,4321.42,4318.54,4320.53,212,35,0
2026.06.09 14:28:00,4320.56,4321.66,4316.42,4316.7,219,35,0
2026.06.09 14:29:00,4316.42,4319.13,4315.81,4318.27,214,35,0
2026.06.09 14:30:00,4317.5,4320.66,4314.92,4315.64,228,35,0
2026.06.09 14:31:00,4315.55,4316.55,4311.97,4312.48,220,35,0
2026.06.09 14:32:00,4312.74,4319.32,4312.25,4316.19,225,35,0
2026.06.09 14:33:00,4316.14,4316.14,4310.08,4311.87,227,35,0
2026.06.09 14:34:00,4311.98,4315.75,4311.08,4314.61,218,35,0
2026.06.09 14:35:00,4314.62,4314.89,4310.25,4311.21,217,35,0
2026.06.09 14:36:00,4311.26,4311.4,4305.12,4306.43,221,35,0
2026.06.09 14:37:00,4306.22,4310.55,4306.03,4310.32,213,35,0
2026.06.09 14:38:00,4310.46,4310.46,4304.68,4305.43,221,35,0
2026.06.09 14:39:00,4305.4,4305.61,4302.5,4305.22,208,35,0
2026.06.09 14:40:00,4305.24,4307.48,4303.72,4306.75,218,35,0
2026.06.09 14:41:00,4306.59,4306.82,4302.76,4303.08,213,35,0
2026.06.09 14:42:00,4302.79,4305.06,4300.26,4300.55,215,35,0
2026.06.09 14:43:00,4300.58,4300.58,4295.28,4295.68,220,35,0
2026.06.09 14:44:00,4295.72,4296.18,4284.97,4284.97,233,35,0
2026.06.09 14:45:00,4284.87,4290.03,4284.87,4287.44,233,35,0
2026.06.09 14:46:00,4287.42,4288.57,4280.53,4281.99,231,35,0
2026.06.09 14:47:00,4282.75,4284.09,4278.34,4281.66,234,35,0
2026.06.09 14:48:00,4281.5,4285.33,4279.38,4281.47,228,35,0
2026.06.09 14:49:00,4281.49,4285.01,4280.69,4283.94,228,35,0
2026.06.09 14:50:00,4283.79,4287.48,4281.61,4286.09,228,35,0
2026.06.09 14:51:00,4286.24,4294.35,4285.33,4294.08,229,35,0
2026.06.09 14:52:00,4294.14,4297.84,4292.67,4293.79,224,35,0
2026.06.09 14:53:00,4293.9,4296.58,4292.88,4295.57,225,35,0
2026.06.09 14:54:00,4295.54,4298.19,4294.52,4298.16,222,35,0
2026.06.09 14:55:00,4297.88,4298.98,4293.56,4294.62,223,35,0
2026.06.09 14:56:00,4294.72,4296.0,4292.76,4293.33,216,35,0
2026.06.09 14:57:00,4293.58,4298.6,4293.11,4297.79,210,35,0
2026.06.09 14:58:00,4297.76,4300.74,4297.76,4299.59,210,35,0
2026.06.09 14:59:00,4299.5,4300.68,4297.5,4300.5,211,35,0
2026.06.09 15:00:00,4300.8,4301.96,4297.31,4297.68,216,35,0
2026.06.09 15:01:00,4297.37,4298.68,4294.85,4295.43,218,35,0
2026.06.09 15:02:00,4295.29,4296.28,4291.75,4292.46,208,35,0
2026.06.09 15:03:00,4291.94,4296.15,4291.22,4294.45,219,35,0
2026.06.09 15:04:00,4294.37,4294.94,4291.81,4293.13,210,35,0
2026.06.09 15:05:00,4293.67,4294.54,4291.41,4294.15,216,35,0
2026.06.09 15:06:00,4294.16,4296.76,4293.24,4294.31,217,35,0
2026.06.09 15:07:00,4294.37,4294.37,4290.01,4292.9,220,35,0
2026.06.09 15:08:00,4293.03,4294.95,4293.03,4293.23,217,35,0
2026.06.09 15:09:00,4293.1,4296.16,4292.93,4295.66,204,35,0
2026.06.09 15:10:00,4295.68,4299.17,4293.89,4294.35,216,35,0
2026.06.09 15:11:00,4294.42,4294.48,4291.21,4293.69,215,35,0
2026.06.09 15:12:00,4293.77,4293.77,4289.74,4290.46,217,35,0
2026.06.09 15:13:00,4290.62,4296.29,4290.06,4295.82,217,35,0
2026.06.09 15:14:00,4295.69,4297.32,4294.82,4294.85,201,35,0
2026.06.09 15:15:00,4294.61,4296.8,4294.1,4295.75,194,35,0
2026.06.09 15:16:00,4295.71,4296.04,4292.96,4294.72,202,35,0
2026.06.09 15:17:00,4294.73,4296.84,4293.4,4293.57,204,35,0
2026.06.09 15:18:00,4293.62,4296.53,4292.57,4292.62,202,35,0
2026.06.09 15:19:00,4292.63,4293.39,4291.19,4291.77,202,35,0
2026.06.09 15:20:00,4291.45,4294.34,4290.86,4292.3,217,35,0
2026.06.09 15:21:00,4292.31,4292.84,4290.73,4291.64,194,35,0
2026.06.09 15:22:00,4291.87,4291.95,4288.67,4289.94,217,35,0
2026.06.09 15:23:00,4289.91,4291.42,4286.69,4286.73,217,35,0
2026.06.09 15:24:00,4286.71,4288.55,4284.96,4285.42,210,35,0
2026.06.09 15:25:00,4285.44,4288.67,4285.09,4287.66,213,35,0
2026.06.09 15:26:00,4287.39,4287.97,4283.3,4283.76,218,35,0
2026.06.09 15:27:00,4283.8,4286.78,4283.1,4284.43,221,35,0
2026.06.09 15:28:00,4284.62,4284.62,4278.79,4279.95,220,35,0
2026.06.09 15:29:00,4280.85,4280.95,4276.87,4278.63,227,35,0
2026.06.09 15:30:00,4278.79,4281.8,4275.86,4278.03,232,35,0
2026.06.09 15:31:00,4277.86,4278.08,4263.98,4264.21,244,35,0
2026.06.09 15:32:00,4264.4,4270.4,4263.88,4264.13,232,35,0
2026.06.09 15:33:00,4264.1,4272.38,4263.54,4272.1,230,35,0
2026.06.09 15:34:00,4272.3,4276.83,4271.88,4274.47,222,35,0
2026.06.09 15:35:00,4274.67,4274.67,4269.16,4272.8,230,35,0
2026.06.09 15:36:00,4272.75,4272.97,4268.36,4269.98,230,35,0
2026.06.09 15:37:00,4270.0,4270.0,4267.63,4268.8,224,35,0
2026.06.09 15:38:00,4268.57,4268.57,4263.03,4264.0,228,35,0
2026.06.09 15:39:00,4263.93,4271.85,4263.74,4270.09,232,35,0
2026.06.09 15:40:00,4269.84,4278.21,4269.17,4272.07,230,35,0
2026.06.09 15:41:00,4271.96,4277.49,4271.85,4277.18,228,35,0
2026.06.09 15:42:00,4277.05,4279.92,4276.27,4279.77,222,35,0
2026.06.09 15:43:00,4279.49,4279.49,4277.12,4278.32,221,35,0
2026.06.09 15:44:00,4278.27,4279.73,4277.03,4279.73,212,35,0
2026.06.09 15:45:00,4279.87,4285.29,4279.87,4283.06,225,35,0
2026.06.09 15:46:00,4283.09,4285.61,4282.16,4283.62,210,35,0
2026.06.09 15:47:00,4283.66,4284.58,4281.27,4282.44,213,35,0
2026.06.09 15:48:00,4282.32,4282.62,4278.22,4281.51,203,35,0
2026.06.09 15:49:00,4281.4,4283.0,4280.53,4280.82,205,35,0
2026.06.09 15:50:00,4280.36,4280.53,4276.36,4277.48,217,35,0
2026.06.09 15:51:00,4277.17,4283.78,4276.36,4283.08,221,35,0
2026.06.09 15:52:00,4282.83,4283.84,4281.1,4281.27,221,35,0
2026.06.09 15:53:00,4281.23,4282.42,4278.65,4280.29,210,35,0
2026.06.09 15:54:00,4280.15,4280.5,4276.79,4279.73,208,35,0
2026.06.09 15:55:00,4279.8,4283.04,4279.8,4281.31,210,35,0
2026.06.09 15:56:00,4281.03,4284.81,4277.31,4277.56,216,35,0
2026.06.09 15:57:00,4277.56,4277.56,4272.78,4274.04,212,35,0
2026.06.09 15:58:00,4273.92,4275.93,4273.61,4274.38,223,35,0
2026.06.09 15:59:00,4274.42,4276.57,4272.18,4272.18,207,35,0
2026.06.09 16:00:00,4272.1,4275.82,4270.8,4275.32,213,35,0
2026.06.09 16:01:00,4275.05,4279.23,4273.73,4279.21,210,35,0
2026.06.09 16:02:00,4279.06,4280.89,4277.31,4278.21,214,35,0
2026.06.09 16:03:00,4278.1,4278.44,4275.19,4275.21,210,35,0
2026.06.09 16:04:00,4275.18,4275.95,4273.08,4273.67,196,35,0
2026.06.09 16:05:00,4273.22,4274.32,4268.91,4269.38,222,35,0
2026.06.09 16:06:00,4269.31,4272.42,4266.8,4271.39,221,35,0
2026.06.09 16:07:00,4271.37,4272.38,4268.43,4269.67,219,35,0
2026.06.09 16:08:00,4269.74,4269.74,4266.06,4266.31,216,35,0
2026.06.09 16:09:00,4266.38,4266.8,4260.67,4263.68,226,35,0
2026.06.09 16:10:00,4263.31,4266.96,4260.31,4262.71,229,35,0
2026.06.09 16:11:00,4262.49,4264.83,4261.86,4264.68,217,35,0
2026.06.09 16:12:00,4265.09,4266.41,4261.8,4261.84,221,35,0
2026.06.09 16:13:00,4261.98,4262.44,4260.06,4261.38,212,35,0
2026.06.09 16:14:00,4261.27,4261.56,4258.23,4259.41,224,35,0
2026.06.09 16:15:00,4259.51,4262.13,4259.18,4261.13,225,35,0
2026.06.09 16:16:00,4260.99,4262.67,4258.58,4260.15,217,35,0
2026.06.09 16:17:00,4260.12,4261.26,4258.06,4259.49,221,35,0
2026.06.09 16:18:00,4259.53,4263.49,4259.2,4259.75,230,35,0
2026.06.09 16:19:00,4259.54,4259.58,4252.92,4254.43,226,35,0
2026.06.09 16:20:00,4254.32,4258.04,4252.98,4257.2,218,35,0
2026.06.09 16:21:00,4257.04,4259.27,4256.52,4259.24,217,35,0
2026.06.09 16:22:00,4259.3,4261.91,4256.01,4261.55,216,35,0
2026.06.09 16:23:00,4261.33,4261.98,4256.61,4257.39,220,35,0
2026.06.09 16:24:00,4257.3,4263.58,4256.8,4262.13,220,35,0
2026.06.09 16:25:00,4261.87,4266.42,4261.78,4263.42,215,35,0
2026.06.09 16:26:00,4263.23,4265.88,4262.15,4262.37,221,35,0
2026.06.09 16:27:00,4262.54,4264.09,4261.28,4262.52,220,35,0
2026.06.09 16:28:00,4262.49,4265.61,4262.09,4264.01,213,35,0
2026.06.09 16:29:00,4263.91,4265.88,4262.94,4263.33,207,35,0
2026.06.09 16:30:00,4262.86,4264.29,4260.25,4261.63,208,35,0
2026.06.09 16:31:00,4261.56,4263.78,4260.07,4260.84,223,35,0
2026.06.09 16:32:00,4260.77,4263.24,4259.94,4261.45,218,35,0
2026.06.09 16:33:00,4261.3,4263.48,4260.52,4262.59,209,35,0
2026.06.09 16:34:00,4262.69,4264.7,4261.62,4261.93,207,35,0
2026.06.09 16:35:00,4261.91,4266.54,4261.9,4266.11,207,35,0
2026.06.09 16:36:00,4265.8,4267.62,4264.9,4266.56,198,35,0
2026.06.09 16:37:00,4266.68,4266.86,4261.92,4262.19,212,35,0
2026.06.09 16:38:00,4262.23,4262.97,4243.85,4246.15,238,35,0
2026.06.09 16:39:00,4245.86,4247.92,4236.7,4241.22,244,35,0
2026.06.09 16:40:00,4241.08,4243.18,4236.64,4241.94,243,35,0
2026.06.09 16:41:00,4242.02,4244.93,4236.72,4236.78,235,35,0
2026.06.09 16:42:00,4236.74,4243.65,4236.46,4241.78,231,35,0
2026.06.09 16:43:00,4240.64,4248.21,4240.56,4248.11,234,35,0
2026.06.09 16:44:00,4247.85,4247.85,4241.94,4244.71,230,35,0
2026.06.09 16:45:00,4244.24,4250.86,4243.92,4248.82,228,35,0
2026.06.09 16:46:00,4249.02,4249.12,4245.03,4246.88,225,35,0
2026.06.09 16:47:00,4246.83,4254.08,4246.47,4253.86,228,35,0
2026.06.09 16:48:00,4253.16,4254.27,4247.35,4247.36,223,35,0
2026.06.09 16:49:00,4247.51,4249.96,4244.69,4249.78,222,35,0
2026.06.09 16:50:00,4249.09,4251.34,4246.85,4247.58,224,35,0
2026.06.09 16:51:00,4247.42,4250.67,4246.97,4249.69,224,35,0
2026.06.09 16:52:00,4249.57,4249.57,4242.73,4243.14,220,35,0
2026.06.09 16:53:00,4243.5,4244.43,4241.65,4244.17,213,35,0
2026.06.09 16:54:00,4244.12,4244.16,4238.72,4239.91,224,35,0
2026.06.09 16:55:00,4239.95,4246.47,4239.75,4245.85,217,35,0
2026.06.09 16:56:00,4245.97,4247.49,4244.19,4246.41,214,35,0
2026.06.09 16:57:00,4246.3,4247.79,4244.57,4246.26,212,35,0
2026.06.09 16:58:00,4245.79,4249.53,4245.38,4249.3,218,35,0
2026.06.09 16:59:00,4249.17,4252.28,4247.39,4252.28,209,35,0
2026.06.09 17:00:00,4252.31,4254.67,4251.01,4254.64,218,43,0
2026.06.09 17:01:00,4254.61,4257.75,4254.4,4256.09,197,43,0
2026.06.09 17:02:00,4256.0,4261.11,4255.82,4259.86,213,43,0
2026.06.09 17:03:00,4260.22,4261.05,4257.98,4259.05,217,43,0
2026.06.09 17:04:00,4259.08,4263.54,4258.44,4262.34,217,43,0
2026.06.09 17:05:00,4262.33,4263.84,4260.19,4263.01,223,43,0
2026.06.09 17:06:00,4262.93,4263.49,4258.57,4258.92,216,43,0
2026.06.09 17:07:00,4259.16,4262.04,4259.16,4261.31,218,43,0
2026.06.09 17:08:00,4261.46,4262.32,4259.65,4261.68,222,43,0
2026.06.09 17:09:00,4261.5,4262.76,4259.75,4262.67,209,43,0
2026.06.09 17:10:00,4262.78,4262.8,4257.55,4258.47,216,43,0
2026.06.09 17:11:00,4258.68,4262.35,4257.72,4261.74,219,43,0
2026.06.09 17:12:00,4261.84,4262.3,4260.63,4261.56,208,43,0
2026.06.09 17:13:00,4261.65,4262.63,4260.26,4261.93,207,43,0
2026.06.09 17:14:00,4261.96,4264.35,4260.03,4261.31,217,43,0
2026.06.09 17:15:00,4260.39,4261.53,4259.57,4259.71,199,43,0
2026.06.09 17:16:00,4259.79,4261.09,4258.6,4261.04,197,43,0
2026.06.09 17:17:00,4261.05,4265.52,4260.61,4264.55,199,43,0
2026.06.09 17:18:00,4264.43,4265.48,4263.3,4263.98,207,43,0
2026.06.09 17:19:00,4263.86,4264.67,4263.49,4263.91,213,43,0
2026.06.09 17:20:00,4263.22,4267.08,4262.5,4264.77,221,43,0
2026.06.09 17:21:00,4264.88,4267.1,4263.0,4266.76,212,43,0
2026.06.09 17:22:00,4266.84,4267.65,4265.15,4265.5,172,43,0
2026.06.09 17:23:00,4265.36,4267.2,4263.73,4264.28,209,43,0
2026.06.09 17:24:00,4264.11,4266.59,4262.97,4266.31,221,43,0
2026.06.09 17:25:00,4266.14,4266.62,4263.51,4263.72,209,43,0
2026.06.09 17:26:00,4263.89,4265.21,4262.19,4263.44,204,43,0
2026.06.09 17:27:00,4262.99,4265.97,4262.74,4265.63,201,43,0
2026.06.09 17:28:00,4265.8,4266.2,4263.1,4263.49,210,43,0
2026.06.09 17:29:00,4262.83,4263.11,4260.68,4263.06,210,43,0
2026.06.09 17:30:00,4263.01,4264.19,4261.19,4261.64,207,43,0
2026.06.09 17:31:00,4261.79,4263.13,4260.89,4263.13,199,43,0
2026.06.09 17:32:00,4262.94,4266.08,4262.69,4264.17,199,43,0
2026.06.09 17:33:00,4264.25,4264.25,4262.5,4263.18,188,43,0
2026.06.09 17:34:00,4263.12,4265.96,4263.12,4265.45,201,43,0
2026.06.09 17:35:00,4265.52,4265.56,4261.75,4262.51,199,43,0
2026.06.09 17:36:00,4262.54,4264.43,4262.39,4264.06,197,43,0
2026.06.09 17:37:00,4264.17,4265.36,4263.06,4263.62,200,43,0
2026.06.09 17:38:00,4263.63,4266.17,4262.89,4265.72,196,43,0
2026.06.09 17:39:00,4265.6,4265.6,4262.44,4262.8,199,43,0
2026.06.09 17:40:00,4262.7,4264.57,4261.97,4263.62,199,43,0
2026.06.09 17:41:00,4263.51,4264.8,4263.51,4264.4,189,43,0
2026.06.09 17:42:00,4264.46,4264.98,4263.35,4264.48,188,43,0
2026.06.09 17:43:00,4264.44,4268.0,4264.41,4266.36,193,43,0
2026.06.09 17:44:00,4266.17,4267.96,4264.65,4264.68,207,43,0
2026.06.09 17:45:00,4264.76,4266.65,4264.37,4264.92,209,43,0
2026.06.09 17:46:00,4264.95,4265.06,4259.78,4259.84,205,43,0
2026.06.09 17:47:00,4259.83,4261.41,4258.51,4258.53,207,43,0
2026.06.09 17:48:00,4258.5,4259.85,4258.08,4258.88,199,43,0
2026.06.09 17:49:00,4258.83,4259.08,4256.52,4257.12,204,43,0
2026.06.09 17:50:00,4257.15,4258.29,4256.12,4257.42,199,43,0
2026.06.09 17:51:00,4257.33,4259.99,4256.76,4258.74,199,43,0
2026.06.09 17:52:00,4258.69,4258.72,4256.53,4257.84,192,43,0
2026.06.09 17:53:00,4257.76,4258.0,4255.87,4257.71,200,43,0
2026.06.09 17:54:00,4257.42,4258.55,4257.24,4258.34,181,43,0
2026.06.09 17:55:00,4258.3,4261.24,4258.1,4261.22,200,43,0
2026.06.09 17:56:00,4261.33,4261.41,4260.08,4260.76,186,43,0
2026.06.09 17:57:00,4260.78,4263.45,4260.73,4262.98,187,43,0
2026.06.09 17:58:00,4262.94,4264.67,4262.85,4264.37,196,43,0
2026.06.09 17:59:00,4264.28,4264.41,4262.63,4262.98,200,43,0
2026.06.09 18:00:00,4263.26,4264.7,4262.42,4264.25,192,43,0
2026.06.09 18:01:00,4264.27,4265.55,4262.94,4263.68,192,43,0
2026.06.09 18:02:00,4263.57,4264.42,4263.03,4263.34,182,43,0
2026.06.09 18:03:00,4263.24,4263.37,4259.51,4260.55,195,43,0
2026.06.09 18:04:00,4260.73,4262.87,4260.02,4262.36,190,43,0
2026.06.09 18:05:00,4262.25,4263.13,4261.7,4262.61,186,43,0
2026.06.09 18:06:00,4263.02,4263.39,4260.71,4261.3,188,43,0
2026.06.09 18:07:00,4261.37,4264.5,4261.15,4264.47,192,43,0
2026.06.09 18:08:00,4264.46,4264.73,4263.34,4264.37,190,43,0
2026.06.09 18:09:00,4264.35,4266.81,4263.44,4266.67,185,43,0
2026.06.09 18:10:00,4266.77,4266.8,4262.88,4265.21,193,43,0
2026.06.09 18:11:00,4265.15,4265.63,4262.61,4264.52,204,43,0
2026.06.09 18:12:00,4264.5,4265.45,4264.05,4264.95,199,43,0
2026.06.09 18:13:00,4265.09,4265.33,4262.86,4264.17,197,43,0
2026.06.09 18:14:00,4264.22,4266.16,4264.22,4265.25,185,43,0
2026.06.09 18:15:00,4265.2,4265.32,4264.06,4265.2,193,43,0
2026.06.09 18:16:00,4265.36,4265.36,4263.55,4263.92,195,43,0
2026.06.09 18:17:00,4264.03,4266.48,4262.77,4264.88,196,43,0
2026.06.09 18:18:00,4264.93,4269.11,4264.92,4268.82,197,43,0
2026.06.09 18:19:00,4268.69,4269.85,4266.19,4269.13,194,43,0
2026.06.09 18:20:00,4269.18,4270.7,4267.55,4268.49,206,43,0
2026.06.09 18:21:00,4268.68,4269.1,4267.29,4268.23,206,43,0
2026.06.09 18:22:00,4268.47,4271.07,4268.47,4270.89,190,43,0
2026.06.09 18:23:00,4271.09,4273.87,4270.38,4273.86,184,43,0
2026.06.09 18:24:00,4273.99,4274.09,4272.67,4273.29,185,43,0
2026.06.09 18:25:00,4273.35,4273.4,4269.23,4269.52,191,43,0
2026.06.09 18:26:00,4269.54,4269.55,4267.8,4267.93,199,43,0
2026.06.09 18:27:00,4267.87,4270.08,4267.83,4270.01,190,43,0
2026.06.09 18:28:00,4270.28,4271.16,4268.74,4271.07,193,43,0
2026.06.09 18:29:00,4271.05,4271.51,4270.12,4270.79,184,43,0
2026.06.09 18:30:00,4270.57,4273.9,4270.41,4272.53,203,43,0
2026.06.09 18:31:00,4272.63,4273.05,4271.23,4271.74,187,43,0
2026.06.09 18:32:00,4271.77,4272.0,4268.75,4268.83,198,43,0
2026.06.09 18:33:00,4269.15,4271.01,4269.15,4270.24,169,43,0
2026.06.09 18:34:00,4270.72,4271.77,4270.17,4270.59,177,43,0
2026.06.09 18:35:00,4270.75,4270.82,4268.29,4268.83,180,43,0
2026.06.09 18:36:00,4268.85,4270.6,4268.64,4270.53,194,43,0
2026.06.09 18:37:00,4270.61,4270.86,4269.28,4269.7,138,43,0
2026.06.09 18:38:00,4269.6,4269.89,4268.89,4269.6,184,43,0
2026.06.09 18:39:00,4269.62,4270.49,4269.02,4269.04,172,43,0
2026.06.09 18:40:00,4269.06,4269.95,4268.36,4269.0,187,43,0
2026.06.09 18:41:00,4269.06,4269.35,4267.39,4267.4,189,43,0
2026.06.09 18:42:00,4267.41,4268.03,4266.41,4266.41,189,43,0
2026.06.09 18:43:00,4266.56,4266.58,4264.57,4265.08,187,43,0
2026.06.09 18:44:00,4265.16,4265.41,4263.57,4264.16,192,43,0
2026.06.09 18:45:00,4264.32,4265.21,4264.18,4265.12,176,43,0
2026.06.09 18:46:00,4265.17,4265.17,4263.21,4263.34,174,43,0
2026.06.09 18:47:00,4263.39,4264.0,4262.25,4263.43,176,43,0
2026.06.09 18:48:00,4263.46,4264.11,4262.94,4263.91,168,43,0
2026.06.09 18:49:00,4263.98,4265.15,4263.27,4265.06,177,43,0
2026.06.09 18:50:00,4265.1,4265.12,4263.89,4264.6,165,43,0
2026.06.09 18:51:00,4264.58,4265.78,4264.11,4264.89,165,43,0
2026.06.09 18:52:00,4264.91,4268.02,4264.75,4267.14,187,43,0
2026.06.09 18:53:00,4267.21,4267.72,4266.8,4267.06,177,43,0
2026.06.09 18:54:00,4267.05,4267.16,4265.42,4265.86,174,43,0
2026.06.09 18:55:00,4265.89,4268.41,4265.36,4267.73,173,43,0
2026.06.09 18:56:00,4267.87,4268.73,4267.22,4268.68,171,43,0
2026.06.09 18:57:00,4268.75,4269.6,4268.49,4269.42,172,43,0
2026.06.09 18:58:00,4269.44,4271.41,4269.32,4270.76,182,43,0
2026.06.09 18:59:00,4270.8,4271.16,4269.72,4269.77,167,43,0
2026.06.09 19:00:00,4269.9,4270.46,4267.36,4267.44,198,43,0
2026.06.09 19:01:00,4267.61,4268.21,4266.25,4267.71,173,43,0
2026.06.09 19:02:00,4267.68,4268.83,4267.29,4268.41,170,43,0
2026.06.09 19:03:00,4268.44,4269.08,4268.09,4268.84,190,43,0
2026.06.09 19:04:00,4268.93,4270.55,4268.87,4269.68,182,43,0
2026.06.09 19:05:00,4269.54,4271.56,4269.37,4269.38,190,43,0
2026.06.09 19:06:00,4269.33,4269.44,4266.33,4266.46,176,43,0
2026.06.09 19:07:00,4266.65,4267.65,4266.65,4267.12,201,43,0
2026.06.09 19:08:00,4267.32,4268.19,4266.48,4266.6,180,43,0
2026.06.09 19:09:00,4266.7,4267.08,4264.77,4264.99,183,43,0
2026.06.09 19:10:00,4264.91,4264.91,4263.51,4264.12,180,43,0
2026.06.09 19:11:00,4264.13,4264.91,4261.51,4261.58,164,43,0
2026.06.09 19:12:00,4261.81,4262.38,4260.45,4260.67,176,43,0
2026.06.09 19:13:00,4260.72,4261.77,4260.38,4260.89,178,43,0
2026.06.09 19:14:00,4260.87,4261.2,4257.87,4258.64,183,43,0
2026.06.09 19:15:00,4258.54,4258.86,4256.16,4256.51,189,43,0
2026.06.09 19:16:00,4256.52,4257.75,4256.1,4256.29,202,43,0
2026.06.09 19:17:00,4256.28,4257.85,4255.87,4256.85,192,43,0
2026.06.09 19:18:00,4256.84,4257.2,4254.93,4254.98,192,43,0
2026.06.09 19:19:00,4254.99,4256.17,4254.73,4255.27,200,43,0
2026.06.09 19:20:00,4255.3,4256.01,4253.99,4254.7,207,43,0
2026.06.09 19:21:00,4254.79,4256.29,4254.35,4254.79,189,43,0
2026.06.09 19:22:00,4255.2,4255.7,4252.96,4253.44,191,43,0
2026.06.09 19:23:00,4253.37,4254.75,4252.73,4254.33,192,43,0
2026.06.09 19:24:00,4254.31,4255.89,4253.91,4255.55,188,43,0
2026.06.09 19:25:00,4255.57,4256.38,4254.26,4254.54,189,43,0
2026.06.09 19:26:00,4254.7,4255.24,4253.97,4254.85,181,43,0
2026.06.09 19:27:00,4254.89,4256.18,4254.58,4256.15,182,43,0
2026.06.09 19:28:00,4256.12,4257.05,4255.49,4256.89,198,43,0
2026.06.09 19:29:00,4256.98,4257.78,4256.35,4257.25,189,43,0
2026.06.09 19:30:00,4257.13,4257.6,4256.31,4257.14,194,43,0
2026.06.09 19:31:00,4257.28,4258.88,4256.4,4258.88,194,43,0
2026.06.09 19:32:00,4258.81,4260.03,4258.43,4258.75,179,43,0
2026.06.09 19:33:00,4258.88,4258.95,4257.55,4257.9,189,43,0
2026.06.09 19:34:00,4257.92,4259.71,4257.91,4259.41,183,43,0
2026.06.09 19:35:00,4259.38,4259.74,4258.35,4259.43,190,43,0
2026.06.09 19:36:00,4259.49,4259.67,4256.31,4257.2,193,43,0
2026.06.09 19:37:00,4257.18,4257.36,4256.2,4256.7,190,43,0
2026.06.09 19:38:00,4256.69,4256.78,4254.67,4254.85,181,43,0
2026.06.09 19:39:00,4254.8,4255.35,4252.62,4253.52,192,43,0
2026.06.09 19:40:00,4253.53,4253.53,4251.86,4252.05,205,43,0
2026.06.09 19:41:00,4252.23,4252.77,4251.1,4251.43,191,43,0
2026.06.09 19:42:00,4251.42,4252.87,4250.07,4252.3,190,43,0
2026.06.09 19:43:00,4252.27,4252.27,4250.51,4251.42,190,43,0
2026.06.09 19:44:00,4251.46,4252.28,4250.69,4250.89,176,43,0
2026.06.09 19:45:00,4250.91,4251.93,4250.61,4251.75,188,43,0
2026.06.09 19:46:00,4251.73,4252.45,4250.59,4250.72,190,43,0
2026.06.09 19:47:00,4250.67,4251.02,4249.93,4249.97,183,43,0
2026.06.09 19:48:00,4250.01,4251.02,4249.83,4250.2,171,43,0
2026.06.09 19:49:00,4250.25,4251.84,4250.04,4250.86,183,43,0
2026.06.09 19:50:00,4250.97,4256.9,4250.97,4256.63,226,43,0
2026.06.09 19:51:00,4256.8,4257.49,4256.17,4256.82,199,43,0
2026.06.09 19:52:00,4256.98,4257.9,4256.74,4257.45,195,43,0
2026.06.09 19:53:00,4257.5,4258.54,4257.02,4257.89,194,43,0
2026.06.09 19:54:00,4257.76,4258.86,4257.1,4258.82,189,43,0
2026.06.09 19:55:00,4258.86,4259.6,4256.55,4257.07,201,43,0
2026.06.09 19:56:00,4257.12,4258.82,4256.24,4256.82,199,43,0
2026.06.09 19:57:00,4256.8,4257.47,4256.48,4257.43,196,43,0
2026.06.09 19:58:00,4257.44,4258.71,4256.86,4257.83,188,43,0
2026.06.09 19:59:00,4258.06,4259.01,4257.68,4258.56,189,43,0
2026.06.09 20:00:00,4258.81,4258.81,4256.79,4257.93,182,43,0
2026.06.09 20:01:00,4257.87,4257.87,4256.4,4256.53,157,43,0
2026.06.09 20:02:00,4256.55,4256.99,4255.58,4256.53,170,43,0
2026.06.09 20:03:00,4256.49,4258.41,4256.24,4258.17,167,43,0
2026.06.09 20:04:00,4258.19,4261.0,4258.09,4260.64,179,43,0
2026.06.09 20:05:00,4260.69,4260.69,4259.16,4259.31,142,43,0
2026.06.09 20:06:00,4259.3,4259.34,4257.8,4258.01,160,43,0
2026.06.09 20:07:00,4258.14,4258.27,4257.58,4257.61,138,43,0
2026.06.09 20:08:00,4257.62,4257.83,4257.19,4257.35,143,43,0
2026.06.09 20:09:00,4257.34,4257.92,4257.23,4257.49,143,43,0
2026.06.09 20:10:00,4257.46,4257.73,4256.62,4257.16,156,43,0
2026.06.09 20:11:00,4257.1,4258.34,4257.1,4257.99,125,43,0
2026.06.09 20:12:00,4257.95,4258.54,4257.65,4258.44,115,43,0
2026.06.09 20:13:00,4258.35,4258.73,4257.73,4258.58,136,43,0
2026.06.09 20:14:00,4258.57,4259.28,4258.01,4258.36,130,43,0
2026.06.09 20:15:00,4258.33,4260.32,4258.03,4259.63,180,43,0
2026.06.09 20:16:00,4259.62,4259.8,4259.34,4259.7,111,43,0
2026.06.09 20:17:00,4259.75,4259.79,4259.41,4259.49,120,43,0
2026.06.09 20:18:00,4259.45,4260.31,4258.99,4259.11,123,43,0
2026.06.09 20:19:00,4259.12,4259.14,4258.57,4258.57,80,43,0
2026.06.09 20:20:00,4258.75,4258.89,4258.24,4258.51,99,43,0
2026.06.09 20:21:00,4258.52,4259.59,4258.52,4259.28,108,43,0
2026.06.09 20:22:00,4259.21,4259.66,4259.05,4259.25,103,43,0
2026.06.09 20:23:00,4259.19,4259.19,4257.78,4258.03,82,43,0
2026.06.09 20:24:00,4258.07,4258.6,4258.01,4258.16,70,43,0
2026.06.09 20:25:00,4258.17,4258.79,4258.0,4258.75,81,43,0
2026.06.09 20:26:00,4258.74,4259.07,4258.66,4258.83,112,43,0
2026.06.09 20:27:00,4258.78,4259.82,4258.78,4259.65,97,43,0
2026.06.09 20:28:00,4259.68,4259.88,4259.24,4259.37,82,43,0
2026.06.09 20:29:00,4259.48,4259.48,4258.35,4258.95,82,43,0
2026.06.09 20:30:00,4258.9,4259.05,4257.93,4257.97,111,43,0
2026.06.09 20:31:00,4257.98,4258.09,4257.69,4258.02,57,52,0
2026.06.09 20:32:00,4257.97,4258.38,4257.58,4257.87,86,52,0
2026.06.09 20:33:00,4257.91,4258.48,4257.81,4257.81,69,52,0
2026.06.09 20:34:00,4257.83,4258.07,4257.59,4257.73,79,52,0
2026.06.09 20:35:00,4257.74,4258.78,4257.74,4258.58,84,52,0
2026.06.09 20:36:00,4258.64,4259.11,4258.22,4258.87,105,52,0
2026.06.09 20:37:00,4258.88,4260.82,4258.75,4260.6,116,52,0
2026.06.09 20:38:00,4260.57,4260.64,4259.81,4259.94,83,52,0
2026.06.09 20:39:00,4259.99,4260.35,4259.66,4260.26,72,52,0
2026.06.09 20:40:00,4260.39,4261.39,4260.15,4261.35,130,52,0
2026.06.09 20:41:00,4261.36,4261.64,4261.02,4261.41,105,52,0
2026.06.09 20:42:00,4261.36,4261.84,4261.08,4261.11,127,52,0
2026.06.09 20:43:00,4261.13,4261.71,4261.13,4261.39,83,52,0
2026.06.09 20:44:00,4261.36,4261.44,4260.9,4261.27,81,52,0
2026.06.09 20:45:00,4261.33,4261.97,4261.33,4261.58,119,52,0
2026.06.09 20:46:00,4261.75,4261.76,4261.01,4261.21,92,52,0
2026.06.09 20:47:00,4261.22,4261.26,4260.4,4260.4,100,52,0
2026.06.09 20:48:00,4260.53,4260.85,4260.28,4260.79,94,52,0
2026.06.09 20:49:00,4260.84,4261.67,4260.79,4261.63,111,52,0
2026.06.09 20:50:00,4261.6,4261.66,4260.44,4260.54,94,52,0
2026.06.09 20:51:00,4260.58,4260.68,4260.32,4260.44,70,52,0
2026.06.09 20:52:00,4260.53,4260.81,4260.07,4260.07,69,52,0
2026.06.09 20:53:00,4260.01,4260.4,4259.96,4260.39,52,52,0
2026.06.09 20:54:00,4260.37,4260.49,4259.56,4260.1,83,52,0
2026.06.09 20:55:00,4260.12,4260.58,4259.76,4260.03,101,48,0
2026.06.09 20:56:00,4260.0,4260.45,4260.0,4260.17,60,48,0
2026.06.09 20:57:00,4260.12,4260.17,4259.84,4260.16,38,48,0
2026.06.09 20:58:00,4260.01,4260.01,4258.73,4258.82,62,49,0
2026.06.09 22:01:00,4255.5,4256.16,4252.01,4253.74,70,43,0
2026.06.09 22:02:00,4253.71,4255.17,4251.29,4251.29,65,43,0
2026.06.09 22:03:00,4251.1,4254.1,4251.07,4253.98,56,43,0
2026.06.09 22:04:00,4254.02,4255.85,4254.02,4255.78,45,43,0
2026.06.09 22:05:00,4255.42,4256.66,4253.44,4253.54,145,43,0
2026.06.09 22:06:00,4253.4,4253.4,4250.92,4252.27,111,43,0
2026.06.09 22:07:00,4252.29,4253.7,4252.27,4253.25,100,43,0
2026.06.09 22:08:00,4253.26,4253.28,4251.53,4252.77,88,43,0
2026.06.09 22:09:00,4252.8,4253.45,4252.49,4253.43,112,43,0
2026.06.09 22:10:00,4253.51,4256.02,4252.99,4255.62,117,43,0
2026.06.09 22:11:00,4255.67,4256.47,4255.34,4255.77,116,43,0
2026.06.09 22:12:00,4255.76,4256.01,4255.12,4255.55,97,43,0
2026.06.09 22:13:00,4255.45,4255.76,4254.16,4255.51,101,43,0
2026.06.09 22:14:00,4255.5,4255.68,4254.88,4255.18,90,43,0
2026.06.09 22:15:00,4255.2,4256.04,4254.83,4255.66,141,43,0
2026.06.09 22:16:00,4255.63,4256.02,4254.91,4256.0,91,43,0
2026.06.09 22:17:00,4255.99,4256.04,4252.95,4253.67,92,43,0
2026.06.09 22:18:00,4253.6,4254.07,4253.23,4254.07,92,43,0
2026.06.09 22:19:00,4254.08,4254.12,4253.09,4253.55,92,43,0
2026.06.09 22:20:00,4253.43,4255.53,4253.41,4255.53,118,43,0
2026.06.09 22:21:00,4255.57,4255.57,4253.61,4253.62,115,43,0
2026.06.09 22:22:00,4253.44,4256.14,4253.3,4254.51,139,43,0
2026.06.09 22:23:00,4254.54,4254.59,4253.97,4254.11,81,43,0
2026.06.09 22:24:00,4254.2,4254.99,4253.86,4254.25,95,43,0
2026.06.09 22:25:00,4254.16,4254.63,4253.07,4253.48,129,43,0
2026.06.09 22:26:00,4253.53,4254.33,4253.21,4254.32,124,43,0
2026.06.09 22:27:00,4254.3,4256.37,4254.15,4255.9,97,43,0
2026.06.09 22:28:00,4255.87,4256.29,4254.86,4255.74,101,43,0
2026.06.09 22:29:00,4255.73,4256.57,4255.73,4256.54,54,43,0
2026.06.09 22:30:00,4256.55,4257.16,4254.92,4255.36,111,43,0
2026.06.09 22:31:00,4255.33,4257.18,4255.03,4256.02,119,43,0
2026.06.09 22:32:00,4255.99,4257.09,4255.66,4256.36,142,43,0
2026.06.09 22:33:00,4256.38,4256.65,4255.74,4256.07,110,43,0
2026.06.09 22:34:00,4256.08,4256.1,4252.34,4253.22,175,43,0
2026.06.09 22:35:00,4253.14,4254.49,4252.64,4252.66,132,43,0
2026.06.09 22:36:00,4252.6,4253.14,4251.86,4251.93,139,43,0
2026.06.09 22:37:00,4251.95,4252.52,4250.64,4250.64,144,43,0
2026.06.09 22:38:00,4250.77,4251.81,4250.29,4251.45,147,43,0
2026.06.09 22:39:00,4251.38,4253.05,4250.96,4252.92,153,43,0
2026.06.09 22:40:00,4252.74,4254.91,4252.68,4254.67,172,43,0
2026.06.09 22:41:00,4254.69,4254.88,4249.03,4250.12,237,43,0
2026.06.09 22:42:00,4250.22,4251.68,4249.73,4250.02,156,43,0
2026.06.09 22:43:00,4250.03,4251.08,4247.68,4251.06,202,43,0
2026.06.09 22:44:00,4251.05,4252.56,4248.72,4249.04,218,43,0
2026.06.09 22:45:00,4249.1,4249.86,4245.51,4245.99,160,43,0
2026.06.09 22:46:00,4246.26,4247.28,4244.65,4244.76,174,43,0
2026.06.09 22:47:00,4244.85,4245.05,4239.33,4240.06,256,43,0
2026.06.09 22:48:00,4240.05,4243.62,4240.05,4243.07,211,43,0
2026.06.09 22:49:00,4242.91,4243.16,4237.32,4239.09,228,43,0
2026.06.09 22:50:00,4239.11,4240.85,4238.41,4238.43,218,43,0
2026.06.09 22:51:00,4238.34,4238.34,4233.4,4234.12,234,43,0
2026.06.09 22:52:00,4234.14,4234.17,4232.25,4233.4,239,43,0
2026.06.09 22:53:00,4233.43,4236.62,4233.43,4235.43,199,43,0
2026.06.09 22:54:00,4235.38,4236.5,4233.43,4234.94,210,43,0
2026.06.09 22:55:00,4234.99,4236.71,4234.86,4235.95,171,43,0
2026.06.09 22:56:00,4236.1,4237.08,4235.65,4236.73,162,43,0
2026.06.09 22:57:00,4236.75,4237.6,4235.54,4236.29,162,43,0
2026.06.09 22:58:00,4236.69,4236.69,4233.95,4235.61,153,43,0
2026.06.09 22:59:00,4235.54,4237.97,4235.53,4237.16,153,43,0
2026.06.09 23:00:00,4237.06,4238.97,4235.5,4238.79,164,43,0
2026.06.09 23:01:00,4238.7,4238.7,4237.52,4238.12,128,43,0
2026.06.09 23:02:00,4238.1,4242.4,4237.65,4242.4,155,43,0
2026.06.09 23:03:00,4242.38,4246.23,4242.36,4245.77,218,43,0
2026.06.09 23:04:00,4245.75,4246.32,4245.26,4246.04,144,43,0
2026.06.09 23:05:00,4245.99,4247.13,4244.94,4244.96,154,43,0
2026.06.09 23:06:00,4244.93,4246.25,4244.12,4245.98,157,43,0
2026.06.09 23:07:00,4245.9,4245.9,4243.58,4244.86,173,43,0
2026.06.09 23:08:00,4244.89,4245.34,4243.35,4244.12,141,43,0
2026.06.09 23:09:00,4244.09,4244.14,4241.56,4241.59,156,43,0
2026.06.09 23:10:00,4241.58,4242.61,4241.27,4242.14,157,43,0
2026.06.09 23:11:00,4242.03,4242.03,4240.42,4241.03,178,43,0
2026.06.09 23:12:00,4241.05,4242.63,4237.69,4238.77,191,43,0
2026.06.09 23:13:00,4238.76,4240.15,4237.1,4237.37,215,43,0
2026.06.09 23:14:00,4237.24,4237.74,4235.54,4235.96,213,43,0
2026.06.09 23:15:00,4235.97,4236.42,4231.78,4232.96,234,43,0
2026.06.09 23:16:00,4233.52,4235.02,4232.75,4232.75,194,43,0
2026.06.09 23:17:00,4232.8,4232.84,4229.1,4229.23,230,43,0
2026.06.09 23:18:00,4229.21,4230.64,4227.77,4229.27,210,43,0
2026.06.09 23:19:00,4229.39,4233.17,4229.28,4232.97,224,43,0
2026.06.09 23:20:00,4232.51,4234.29,4232.28,4234.16,160,43,0
2026.06.09 23:21:00,4234.18,4234.37,4232.55,4233.01,136,43,0
2026.06.09 23:22:00,4232.85,4233.76,4231.55,4231.61,145,43,0
2026.06.09 23:23:00,4231.63,4233.22,4225.52,4227.83,232,43,0
2026.06.09 23:24:00,4227.92,4229.22,4226.63,4227.33,195,43,0
2026.06.09 23:25:00,4227.39,4227.97,4225.08,4225.26,230,43,0
2026.06.09 23:26:00,4225.24,4226.24,4224.95,4225.6,152,43,0
2026.06.09 23:27:00,4225.63,4225.69,4222.8,4224.39,181,43,0
2026.06.09 23:28:00,4224.38,4227.15,4224.29,4226.68,172,43,0
2026.06.09 23:29:00,4226.69,4226.73,4223.19,4224.1,182,43,0
2026.06.09 23:30:00,4224.15,4224.87,4222.1,4222.33,217,43,0
2026.06.09 23:31:00,4222.34,4223.81,4221.68,4222.45,192,43,0
2026.06.09 23:32:00,4222.94,4229.79,4222.94,4227.67,198,43,0
2026.06.09 23:33:00,4227.63,4227.92,4226.35,4226.81,147,43,0
2026.06.09 23:34:00,4226.86,4227.42,4225.03,4225.56,176,43,0
2026.06.09 23:35:00,4225.61,4226.16,4222.38,4222.47,165,43,0
2026.06.09 23:36:00,4222.52,4223.43,4221.55,4222.63,201,43,0
2026.06.09 23:37:00,4222.66,4222.73,4221.56,4221.81,173,43,0
2026.06.09 23:38:00,4221.83,4222.76,4221.55,4221.9,149,43,0
2026.06.09 23:39:00,4221.92,4223.62,4221.35,4221.72,185,43,0
2026.06.09 23:40:00,4221.92,4222.3,4220.95,4221.25,161,43,0
2026.06.09 23:41:00,4221.29,4222.85,4220.99,4221.22,200,43,0
2026.06.09 23:42:00,4221.25,4222.92,4221.14,4222.18,154,43,0
2026.06.09 23:43:00,4222.11,4224.35,4219.24,4219.93,209,43,0
2026.06.09 23:44:00,4219.87,4220.42,4216.33,4218.4,270,43,0
2026.06.09 23:45:00,4218.42,4218.42,4211.34,4213.87,234,43,0
2026.06.09 23:46:00,4213.78,4217.21,4213.03,4214.72,249,43,0
2026.06.09 23:47:00,4214.82,4217.26,4212.72,4216.93,252,43,0
2026.06.09 23:48:00,4216.35,4216.89,4215.36,4216.78,242,43,0
2026.06.09 23:49:00,4216.77,4216.86,4211.69,4213.12,263,43,0
2026.06.09 23:50:00,4213.17,4215.81,4213.05,4214.8,210,43,0
2026.06.09 23:51:00,4214.83,4214.87,4210.39,4214.08,229,43,0
2026.06.09 23:52:00,4214.07,4215.66,4212.64,4215.51,264,43,0
2026.06.09 23:53:00,4215.52,4220.53,4215.24,4219.77,255,43,0
2026.06.09 23:54:00,4219.8,4221.13,4216.95,4220.75,221,43,0
2026.06.09 23:55:00,4220.76,4224.26,4220.54,4224.08,216,43,0
2026.06.09 23:56:00,4224.06,4224.53,4222.01,4222.44,220,43,0
2026.06.09 23:57:00,4222.45,4222.49,4220.23,4220.25,241,43,0
2026.06.09 23:58:00,4220.3,4220.44,4217.78,4218.76,252,43,0
2026.06.09 23:59:00,4218.77,4222.96,4218.69,4221.84,260,43,0
2026.06.10 00:00:00,4221.88,4223.67,4221.58,4223.34,205,43,0
2026.06.10 00:01:00,4223.33,4223.66,4218.44,4218.51,195,43,0
2026.06.10 00:02:00,4218.54,4223.39,4218.39,4221.05,220,43,0
2026.06.10 00:03:00,4221.08,4223.8,4221.04,4221.48,167,43,0
2026.06.10 00:04:00,4221.34,4222.74,4219.48,4220.6,187,43,0
2026.06.10 00:05:00,4220.45,4226.46,4219.29,4226.05,194,43,0
2026.06.10 00:06:00,4226.11,4226.36,4223.67,4225.5,196,43,0
2026.06.10 00:07:00,4225.51,4226.58,4223.74,4225.5,204,43,0
2026.06.10 00:08:00,4224.96,4226.34,4221.44,4222.16,184,43,0
2026.06.10 00:09:00,4222.14,4225.69,4219.61,4225.41,198,43,0
2026.06.10 00:10:00,4224.69,4224.92,4221.58,4222.31,181,43,0
2026.06.10 00:11:00,4222.29,4223.54,4221.54,4221.69,214,43,0
2026.06.10 00:12:00,4221.66,4221.84,4219.29,4219.42,207,43,0
2026.06.10 00:13:00,4219.29,4220.23,4216.54,4218.18,198,43,0
2026.06.10 00:14:00,4218.16,4225.63,4218.16,4224.94,207,43,0
2026.06.10 00:15:00,4224.68,4224.68,4220.59,4221.14,196,43,0
2026.06.10 00:16:00,4220.8,4221.82,4218.41,4219.14,184,43,0
2026.06.10 00:17:00,4219.26,4224.04,4219.25,4224.02,198,43,0
2026.06.10 00:18:00,4223.99,4223.99,4221.33,4222.65,176,43,0
2026.06.10 00:19:00,4222.58,4228.1,4222.28,4227.42,192,43,0
2026.06.10 00:20:00,4227.43,4228.23,4225.45,4225.61,194,43,0
2026.06.10 00:21:00,4225.62,4226.27,4224.12,4226.14,186,43,0
2026.06.10 00:22:00,4226.15,4227.62,4224.4,4227.44,188,43,0
2026.06.10 00:23:00,4227.6,4227.6,4222.77,4225.32,191,43,0
2026.06.10 00:24:00,4225.26,4225.6,4224.3,4225.05,174,43,0
2026.06.10 00:25:00,4225.07,4225.45,4221.49,4221.53,192,43,0
2026.06.10 00:26:00,4221.49,4222.1,4218.9,4221.13,199,43,0
2026.06.10 00:27:00,4221.11,4223.9,4219.45,4223.22,200,43,0
2026.06.10 00:28:00,4223.18,4224.77,4222.04,4224.6,195,43,0
2026.06.10 00:29:00,4224.28,4224.74,4217.96,4218.02,193,43,0
2026.06.10 00:30:00,4217.95,4218.87,4213.06,4215.54,206,43,0
2026.06.10 00:31:00,4215.47,4215.61,4213.76,4215.1,207,43,0
2026.06.10 00:32:00,4215.29,4215.36,4207.11,4208.29,216,43,0
2026.06.10 00:33:00,4208.45,4209.5,4206.94,4207.33,191,43,0
2026.06.10 00:34:00,4207.32,4209.05,4205.72,4206.19,195,43,0
2026.06.10 00:35:00,4205.95,4209.24,4205.6,4207.24,197,43,0
2026.06.10 00:36:00,4207.37,4207.37,4205.34,4205.5,197,43,0
2026.06.10 00:37:00,4205.51,4205.51,4201.84,4202.13,197,43,0
2026.06.10 00:38:00,4202.01,4209.3,4202.01,4208.37,215,43,0
2026.06.10 00:39:00,4208.37,4208.75,4205.95,4207.71,209,43,0
2026.06.10 00:40:00,4207.86,4208.24,4205.58,4206.03,192,43,0
2026.06.10 00:41:00,4206.1,4207.27,4204.65,4205.59,206,43,0
2026.06.10 00:42:00,4205.6,4206.01,4201.63,4203.18,211,43,0
2026.06.10 00:43:00,4203.03,4203.23,4200.03,4200.06,177,43,0
2026.06.10 00:44:00,4200.06,4204.33,4198.9,4204.19,204,43,0
2026.06.10 00:45:00,4204.73,4205.91,4202.9,4205.43,202,43,0
2026.06.10 00:46:00,4205.55,4205.85,4203.39,4203.39,192,43,0
2026.06.10 00:47:00,4203.38,4205.83,4202.73,4204.35,178,43,0
2026.06.10 00:48:00,4204.28,4204.54,4201.16,4201.29,176,43,0
2026.06.10 00:49:00,4201.05,4204.24,4199.76,4203.69,187,43,0
2026.06.10 00:50:00,4203.57,4205.17,4200.47,4201.53,197,43,0
2026.06.10 00:51:00,4201.45,4202.86,4200.59,4202.18,192,43,0
2026.06.10 00:52:00,4202.34,4206.18,4202.34,4205.7,191,43,0
2026.06.10 00:53:00,4205.74,4208.49,4204.82,4208.25,206,43,0
2026.06.10 00:54:00,4208.08,4208.47,4205.92,4207.31,195,43,0
2026.06.10 00:55:00,4207.34,4211.46,4207.3,4209.18,191,43,0
2026.06.10 00:56:00,4209.37,4212.7,4209.02,4212.08,178,43,0
2026.06.10 00:57:00,4211.99,4212.96,4210.31,4212.79,193,43,0
2026.06.10 00:58:00,4212.83,4218.43,4212.32,4218.28,208,43,0
2026.06.10 00:59:00,4218.3,4220.58,4216.76,4218.04,204,43,0
2026.06.10 01:00:00,4218.76,4218.76,4206.71,4214.4,225,43,0
2026.06.10 01:01:00,4214.28,4215.52,4202.9,4203.22,225,43,0
2026.06.10 01:02:00,4202.85,4207.38,4199.84,4202.82,220,43,0
2026.06.10 01:03:00,4202.78,4203.43,4197.33,4197.35,198,43,0
2026.06.10 01:04:00,4197.54,4199.98,4194.44,4194.44,220,43,0
2026.06.10 01:05:00,4194.47,4195.01,4187.66,4187.91,223,43,0
2026.06.10 01:06:00,4187.55,4198.16,4187.31,4197.73,232,43,0
2026.06.10 01:07:00,4197.93,4199.52,4193.02,4194.55,212,43,0
2026.06.10 01:08:00,4194.26,4198.26,4193.5,4197.12,213,43,0
2026.06.10 01:09:00,4196.99,4199.47,4194.33,4195.09,197,43,0
2026.06.10 01:10:00,4195.27,4196.44,4193.65,4196.13,202,43,0
2026.06.10 01:11:00,4196.12,4202.19,4196.06,4200.62,188,43,0
2026.06.10 01:12:00,4200.37,4204.17,4199.5,4203.67,224,43,0
2026.06.10 01:13:00,4203.71,4206.46,4203.29,4203.71,205,43,0
2026.06.10 01:14:00,4203.45,4204.62,4201.96,4203.27,213,43,0
2026.06.10 01:15:00,4203.09,4205.0,4200.56,4204.68,197,43,0
2026.06.10 01:16:00,4204.62,4211.28,4203.4,4210.87,202,43,0
2026.06.10 01:17:00,4210.91,4215.46,4209.9,4215.39,194,43,0
2026.06.10 01:18:00,4215.23,4216.08,4213.5,4215.02,201,43,0
2026.06.10 01:19:00,4215.04,4216.38,4212.39,4213.03,225,43,0
2026.06.10 01:20:00,4213.31,4213.31,4205.99,4206.16,186,43,0
2026.06.10 01:21:00,4205.96,4208.7,4205.34,4206.67,203,43,0
2026.06.10 01:22:00,4206.76,4207.81,4205.35,4206.97,224,43,0
2026.06.10 01:23:00,4206.95,4207.36,4204.59,4205.65,207,43,0
2026.06.10 01:24:00,4205.73,4206.29,4199.15,4200.79,209,43,0
2026.06.10 01:25:00,4201.14,4202.21,4197.47,4199.18,198,43,0
2026.06.10 01:26:00,4199.34,4201.14,4197.32,4199.65,179,43,0
2026.06.10 01:27:00,4199.66,4202.37,4197.93,4202.37,206,43,0
2026.06.10 01:28:00,4202.17,4204.31,4201.52,4202.25,215,43,0
2026.06.10 01:29:00,4202.52,4203.17,4199.8,4201.81,185,43,0
2026.06.10 01:30:00,4201.79,4203.27,4196.73,4197.03,216,43,0
2026.06.10 01:31:00,4196.99,4202.53,4196.93,4199.92,219,43,0
2026.06.10 01:32:00,4199.94,4204.57,4199.45,4201.09,207,43,0
2026.06.10 01:33:00,4201.05,4201.2,4196.19,4199.11,201,43,0
2026.06.10 01:34:00,4199.12,4202.71,4197.71,4202.43,204,43,0
2026.06.10 01:35:00,4202.33,4202.37,4199.41,4200.63,216,43,0
2026.06.10 01:36:00,4200.4,4202.7,4197.64,4202.61,194,43,0
2026.06.10 01:37:00,4202.71,4203.27,4198.93,4200.69,193,43,0
2026.06.10 01:38:00,4200.56,4203.63,4199.24,4203.63,213,43,0
2026.06.10 01:39:00,4203.46,4206.56,4200.42,4200.51,216,43,0
2026.06.10 01:40:00,4200.6,4201.99,4196.52,4196.52,200,43,0
2026.06.10 01:41:00,4196.53,4197.7,4192.3,4192.66,201,43,0
2026.06.10 01:42:00,4192.49,4192.98,4186.27,4187.7,202,43,0
2026.06.10 01:43:00,4188.07,4188.07,4184.48,4184.89,205,43,0
2026.06.10 01:44:00,4184.74,4187.49,4184.68,4187.06,225,43,0
2026.06.10 01:45:00,4186.98,4191.23,4186.65,4187.02,195,43,0
2026.06.10 01:46:00,4186.9,4187.42,4184.73,4185.42,204,43,0
2026.06.10 01:47:00,4185.41,4186.75,4184.51,4184.51,199,43,0
2026.06.10 01:48:00,4184.78,4191.48,4184.26,4190.66,203,43,0
2026.06.10 01:49:00,4190.76,4193.42,4190.45,4192.81,188,43,0
2026.06.10 01:50:00,4192.53,4195.36,4190.6,4190.71,194,43,0
2026.06.10 01:51:00,4190.8,4191.1,4184.79,4186.46,193,43,0
2026.06.10 01:52:00,4186.55,4188.7,4183.75,4186.31,198,43,0
2026.06.10 01:53:00,4186.35,4189.13,4185.93,4188.61,180,43,0
2026.06.10 01:54:00,4188.69,4192.24,4188.34,4191.91,202,43,0
2026.06.10 01:55:00,4191.89,4192.75,4189.22,4189.79,185,43,0
2026.06.10 01:56:00,4189.54,4192.32,4188.84,4189.97,176,43,0
2026.06.10 01:57:00,4190.34,4190.94,4188.15,4189.58,182,43,0
2026.06.10 01:58:00,4189.49,4189.68,4187.26,4187.98,195,43,0
2026.06.10 01:59:00,4187.88,4188.92,4187.55,4188.58,216,43,0
2026.06.10 02:00:00,4188.56,4191.58,4188.56,4189.84,192,43,0
2026.06.10 02:01:00,4189.82,4189.96,4188.39,4189.87,174,43,0
2026.06.10 02:02:00,4189.94,4190.78,4188.43,4189.08,197,43,0
2026.06.10 02:03:00,4189.06,4189.08,4184.97,4184.97,186,43,0
2026.06.10 02:04:00,4185.18,4187.06,4183.83,4186.86,209,43,0
2026.06.10 02:05:00,4186.92,4186.99,4183.27,4184.2,213,43,0
2026.06.10 02:06:00,4184.03,4184.18,4181.44,4182.2,202,43,0
2026.06.10 02:07:00,4182.33,4182.61,4179.56,4181.97,207,43,0
2026.06.10 02:08:00,4181.78,4183.39,4181.35,4181.35,214,43,0
2026.06.10 02:09:00,4181.28,4181.81,4179.44,4181.01,193,43,0
2026.06.10 02:10:00,4181.03,4181.35,4179.81,4181.06,222,43,0
2026.06.10 02:11:00,4181.04,4184.47,4180.47,4184.16,216,43,0
2026.06.10 02:12:00,4184.11,4184.55,4182.52,4184.4,203,43,0
2026.06.10 02:13:00,4184.38,4186.24,4183.75,4183.76,201,43,0
2026.06.10 02:14:00,4183.77,4184.58,4182.5,4182.63,207,43,0
2026.06.10 02:15:00,4182.99,4184.08,4181.68,4183.49,190,43,0
2026.06.10 02:16:00,4183.52,4184.65,4181.38,4184.5,186,43,0
2026.06.10 02:17:00,4184.49,4186.47,4183.82,4186.47,180,43,0
2026.06.10 02:18:00,4186.2,4186.28,4182.52,4183.54,176,43,0
2026.06.10 02:19:00,4183.5,4183.54,4179.83,4180.77,192,43,0
2026.06.10 02:20:00,4180.81,4183.35,4180.01,4182.56,178,43,0
2026.06.10 02:21:00,4182.41,4184.49,4182.18,4184.37,183,43,0
2026.06.10 02:22:00,4184.36,4185.54,4182.35,4182.67,168,43,0
2026.06.10 02:23:00,4182.68,4185.19,4182.45,4183.91,168,43,0
2026.06.10 02:24:00,4183.92,4187.05,4182.87,4183.29,199,43,0
2026.06.10 02:25:00,4183.16,4183.23,4179.18,4180.48,171,43,0
2026.06.10 02:26:00,4180.39,4180.39,4178.13,4179.06,181,43,0
2026.06.10 02:27:00,4179.09,4182.01,4178.72,4181.95,162,43,0
2026.06.10 02:28:00,4181.99,4186.22,4181.82,4185.79,179,43,0
2026.06.10 02:29:00,4185.71,4188.28,4185.65,4187.91,211,43,0
2026.06.10 02:30:00,4188.26,4192.52,4184.9,4184.9,207,43,0
2026.06.10 02:31:00,4184.89,4187.99,4184.89,4186.46,204,43,0
2026.06.10 02:32:00,4186.43,4187.1,4176.86,4177.82,238,43,0
2026.06.10 02:33:00,4177.82,4178.48,4174.02,4176.77,204,43,0
2026.06.10 02:34:00,4176.83,4180.93,4176.68,4179.15,195,43,0
2026.06.10 02:35:00,4179.13,4181.27,4178.69,4180.3,231,43,0
2026.06.10 02:36:00,4180.25,4182.37,4179.98,4182.02,226,43,0
2026.06.10 02:37:00,4181.97,4183.66,4180.86,4183.48,231,43,0
2026.06.10 02:38:00,4183.47,4188.44,4182.68,4188.22,240,43,0
2026.06.10 02:39:00,4188.12,4189.36,4183.84,4184.37,206,43,0
2026.06.10 02:40:00,4184.63,4186.49,4183.02,4186.08,200,43,0
2026.06.10 02:41:00,4185.95,4189.33,4184.98,4187.86,206,43,0
2026.06.10 02:42:00,4188.03,4188.88,4185.62,4185.9,204,43,0
2026.06.10 02:43:00,4186.05,4186.61,4181.71,4181.71,202,43,0
2026.06.10 02:44:00,4181.66,4184.45,4180.29,4184.26,195,43,0
2026.06.10 02:45:00,4184.2,4186.77,4183.75,4186.24,239,43,0
2026.06.10 02:46:00,4186.29,4190.59,4186.26,4188.14,217,43,0
2026.06.10 02:47:00,4188.14,4188.15,4184.53,4184.53,240,43,0
2026.06.10 02:48:00,4184.37,4185.0,4183.43,4184.51,226,43,0
2026.06.10 02:49:00,4184.49,4187.73,4184.49,4187.33,226,43,0
2026.06.10 02:50:00,4187.46,4188.43,4181.29,4181.33,209,43,0
2026.06.10 02:51:00,4181.07,4181.17,4176.08,4177.39,246,43,0
2026.06.10 02:52:00,4177.43,4177.43,4174.12,4175.62,222,43,0
2026.06.10 02:53:00,4175.76,4176.75,4173.81,4175.49,232,43,0
2026.06.10 02:54:00,4175.41,4175.52,4174.13,4174.75,262,43,0
2026.06.10 02:55:00,4174.75,4176.41,4174.63,4175.9,235,43,0
2026.06.10 02:56:00,4175.92,4175.92,4173.29,4175.46,232,43,0
2026.06.10 02:57:00,4175.54,4175.89,4174.58,4175.41,215,43,0
2026.06.10 02:58:00,4175.25,4175.53,4173.14,4173.53,185,43,0
2026.06.10 02:59:00,4173.4,4174.91,4173.19,4174.02,216,43,0
2026.06.10 03:00:00,4173.92,4174.39,4172.84,4173.93,179,43,0
2026.06.10 03:01:00,4174.01,4175.24,4173.09,4175.24,181,43,0
2026.06.10 03:02:00,4175.17,4176.6,4174.52,4175.03,200,43,0
2026.06.10 03:03:00,4175.01,4175.07,4173.56,4174.75,172,43,0
2026.06.10 03:04:00,4174.84,4176.92,4173.62,4176.69,198,43,0
2026.06.10 03:05:00,4176.65,4178.65,4176.63,4178.65,203,43,0
2026.06.10 03:06:00,4178.91,4180.67,4178.87,4180.21,198,43,0
2026.06.10 03:07:00,4180.03,4180.34,4174.3,4175.53,205,43,0
2026.06.10 03:08:00,4175.16,4176.42,4173.96,4174.26,210,43,0
2026.06.10 03:09:00,4174.25,4176.3,4174.25,4175.27,201,43,0
2026.06.10 03:10:00,4175.25,4175.31,4173.96,4174.92,197,43,0
2026.06.10 03:11:00,4174.81,4177.66,4174.76,4176.71,184,43,0
2026.06.10 03:12:00,4176.77,4178.09,4176.3,4176.88,188,43,0
2026.06.10 03:13:00,4176.64,4177.55,4176.3,4177.19,151,43,0
2026.06.10 03:14:00,4177.18,4178.45,4176.9,4178.14,182,43,0
2026.06.10 03:15:00,4178.26,4179.13,4176.65,4178.44,186,43,0
2026.06.10 03:16:00,4178.75,4180.82,4178.51,4180.71,171,43,0
2026.06.10 03:17:00,4180.61,4181.08,4178.02,4178.19,173,43,0
2026.06.10 03:18:00,4178.23,4179.17,4177.98,4177.98,178,43,0
2026.06.10 03:19:00,4178.03,4178.18,4175.42,4175.88,162,43,0
2026.06.10 03:20:00,4175.89,4175.92,4173.65,4175.92,183,43,0
2026.06.10 03:21:00,4175.95,4175.98,4174.02,4174.22,170,43,0
2026.06.10 03:22:00,4174.12,4176.18,4174.07,4175.34,204,43,0
2026.06.10 03:23:00,4175.32,4176.12,4174.64,4175.71,165,43,0
2026.06.10 03:24:00,4175.74,4176.03,4174.14,4175.01,170,43,0
2026.06.10 03:25:00,4175.03,4176.57,4174.83,4175.64,192,43,0
2026.06.10 03:26:00,4175.63,4180.17,4174.79,4178.64,192,43,0
2026.06.10 03:27:00,4178.66,4178.66,4176.35,4176.4,203,43,0
2026.06.10 03:28:00,4176.3,4177.05,4175.59,4177.05,176,43,0
2026.06.10 03:29:00,4176.9,4178.33,4176.72,4177.1,204,43,0
2026.06.10 03:30:00,4177.37,4178.9,4176.18,4178.52,183,43,0
2026.06.10 03:31:00,4178.54,4179.85,4178.52,4179.1,168,43,0
2026.06.10 03:32:00,4179.19,4179.31,4176.48,4177.03,163,43,0
2026.06.10 03:33:00,4177.03,4180.41,4176.94,4179.3,164,43,0
2026.06.10 03:34:00,4179.32,4180.63,4178.16,4180.28,162,43,0
2026.06.10 03:35:00,4179.92,4179.92,4176.61,4178.39,193,43,0
2026.06.10 03:36:00,4178.42,4178.72,4176.99,4178.45,158,43,0
2026.06.10 03:37:00,4178.27,4179.66,4177.89,4179.0,208,43,0
2026.06.10 03:38:00,4179.13,4182.75,4178.87,4182.64,188,43,0
2026.06.10 03:39:00,4182.65,4183.23,4180.16,4180.37,188,43,0
2026.06.10 03:40:00,4180.37,4182.6,4179.78,4182.6,178,43,0
2026.06.10 03:41:00,4182.45,4182.45,4179.49,4180.15,165,43,0
2026.06.10 03:42:00,4180.17,4180.62,4178.52,4179.34,173,43,0
2026.06.10 03:43:00,4179.36,4179.77,4178.08,4178.08,167,43,0
2026.06.10 03:44:00,4178.11,4180.45,4178.11,4179.72,186,43,0
2026.06.10 03:45:00,4179.68,4181.59,4179.49,4181.58,226,43,0
2026.06.10 03:46:00,4181.56,4185.62,4181.56,4184.55,223,43,0
2026.06.10 03:47:00,4184.54,4184.94,4183.09,4183.58,174,43,0
2026.06.10 03:48:00,4183.65,4185.01,4183.23,4184.7,188,43,0
2026.06.10 03:49:00,4184.72,4186.39,4184.2,4185.32,203,43,0
2026.06.10 03:50:00,4184.94,4185.81,4183.8,4183.87,196,43,0
2026.06.10 03:51:00,4183.9,4184.46,4182.82,4183.6,197,43,0
2026.06.10 03:52:00,4183.58,4185.79,4183.5,4183.61,171,43,0
2026.06.10 03:53:00,4183.68,4184.09,4183.21,4183.53,155,43,0
2026.06.10 03:54:00,4183.66,4185.4,4182.17,4184.88,173,43,0
2026.06.10 03:55:00,4184.78,4184.99,4181.74,4182.01,162,43,0
2026.06.10 03:56:00,4181.98,4183.74,4181.79,4183.38,164,43,0
2026.06.10 03:57:00,4183.44,4184.61,4182.97,4183.4,185,43,0
2026.06.10 03:58:00,4183.49,4184.68,4183.33,4184.31,185,43,0
2026.06.10 03:59:00,4184.25,4184.91,4184.13,4184.78,179,43,0
2026.06.10 04:00:00,4184.73,4187.08,4183.96,4184.73,192,43,0
2026.06.10 04:01:00,4184.72,4184.79,4182.36,4182.52,154,43,0
2026.06.10 04:02:00,4182.53,4184.89,4181.96,4184.45,182,43,0
2026.06.10 04:03:00,4184.61,4186.62,4184.61,4186.06,210,43,0
2026.06.10 04:04:00,4186.05,4186.65,4185.59,4186.21,148,43,0
2026.06.10 04:05:00,4185.98,4186.48,4185.34,4186.36,171,43,0
2026.06.10 04:06:00,4186.37,4186.4,4184.34,4184.7,153,43,0
2026.06.10 04:07:00,4184.62,4185.01,4181.87,4182.03,181,43,0
2026.06.10 04:08:00,4182.15,4183.03,4182.1,4182.46,165,43,0
2026.06.10 04:09:00,4182.5,4185.24,4182.35,4184.25,157,43,0
2026.06.10 04:10:00,4184.23,4184.29,4182.33,4182.73,147,43,0
2026.06.10 04:11:00,4182.81,4184.34,4182.78,4182.96,155,43,0
2026.06.10 04:12:00,4182.61,4182.61,4180.75,4180.8,150,43,0
2026.06.10 04:13:00,4180.8,4182.02,4180.62,4181.54,155,43,0
2026.06.10 04:14:00,4181.59,4181.95,4180.96,4181.11,131,43,0
2026.06.10 04:15:00,4181.12,4182.18,4179.74,4179.74,154,43,0
2026.06.10 04:16:00,4179.72,4180.16,4178.61,4180.06,151,43,0
2026.06.10 04:17:00,4180.14,4180.99,4179.86,4179.94,164,43,0
2026.06.10 04:18:00,4179.92,4180.17,4178.85,4180.17,185,43,0
2026.06.10 04:19:00,4180.16,4182.01,4180.05,4181.45,178,43,0
2026.06.10 04:20:00,4181.39,4182.89,4180.36,4180.52,168,43,0
2026.06.10 04:21:00,4180.52,4180.57,4178.09,4178.46,162,43,0
2026.06.10 04:22:00,4178.47,4178.86,4176.33,4177.82,196,43,0
2026.06.10 04:23:00,4177.91,4179.02,4177.04,4178.32,161,43,0
2026.06.10 04:24:00,4178.34,4179.15,4177.99,4178.25,165,43,0
2026.06.10 04:25:00,4178.24,4179.78,4177.57,4179.54,183,43,0
2026.06.10 04:26:00,4179.52,4180.21,4178.75,4179.73,188,43,0
2026.06.10 04:27:00,4179.66,4180.36,4177.65,4177.74,179,43,0
2026.06.10 04:28:00,4177.5,4178.08,4173.71,4173.71,192,43,0
2026.06.10 04:29:00,4173.65,4176.07,4173.58,4174.34,176,43,0
2026.06.10 04:30:00,4174.36,4174.47,4173.28,4173.77,169,43,0
2026.06.10 04:31:00,4173.77,4175.2,4172.98,4174.85,162,43,0
2026.06.10 04:32:00,4174.73,4174.73,4173.55,4173.92,164,43,0
2026.06.10 04:33:00,4173.94,4174.91,4173.66,4173.68,170,43,0
2026.06.10 04:34:00,4173.76,4175.13,4173.72,4174.34,189,43,0
2026.06.10 04:35:00,4174.25,4174.68,4172.98,4173.62,149,43,0
2026.06.10 04:36:00,4173.76,4174.2,4173.47,4174.0,155,43,0
2026.06.10 04:37:00,4173.95,4174.91,4173.78,4174.88,156,43,0
2026.06.10 04:38:00,4174.87,4175.24,4174.12,4174.78,163,43,0
2026.06.10 04:39:00,4174.78,4175.08,4173.91,4174.68,194,43,0
2026.06.10 04:40:00,4174.71,4175.13,4173.6,4173.77,194,43,0
2026.06.10 04:41:00,4173.74,4173.93,4173.05,4173.6,157,43,0
2026.06.10 04:42:00,4173.62,4174.27,4173.37,4173.83,188,43,0
2026.06.10 04:43:00,4173.86,4174.35,4173.85,4174.08,148,43,0
2026.06.10 04:44:00,4174.03,4174.12,4173.15,4173.38,120,43,0
2026.06.10 04:45:00,4173.56,4173.76,4172.34,4173.63,142,43,0
2026.06.10 04:46:00,4173.62,4174.75,4173.4,4174.28,172,43,0
2026.06.10 04:47:00,4174.3,4175.03,4173.42,4173.93,157,43,0
2026.06.10 04:48:00,4173.96,4174.16,4173.22,4173.66,157,43,0
2026.06.10 04:49:00,4173.73,4174.66,4173.57,4173.84,157,43,0
2026.06.10 04:50:00,4173.87,4175.81,4173.58,4174.71,163,43,0
2026.06.10 04:51:00,4174.68,4174.94,4173.61,4173.96,162,43,0
2026.06.10 04:52:00,4174.03,4175.09,4173.96,4174.1,139,43,0
2026.06.10 04:53:00,4174.09,4174.72,4173.87,4174.56,141,43,0
2026.06.10 04:54:00,4174.55,4175.21,4173.87,4174.94,177,43,0
2026.06.10 04:55:00,4174.93,4175.83,4173.99,4173.99,167,43,0
2026.06.10 04:56:00,4173.98,4174.62,4173.68,4174.04,170,43,0
2026.06.10 04:57:00,4174.09,4175.14,4173.65,4175.13,155,43,0
2026.06.10 04:58:00,4175.07,4175.14,4174.31,4174.55,151,43,0
2026.06.10 04:59:00,4174.59,4175.82,4174.21,4174.72,156,43,0
2026.06.10 05:00:00,4174.94,4175.09,4173.83,4175.01,173,43,0
2026.06.10 05:01:00,4174.73,4174.93,4173.93,4174.05,153,43,0
2026.06.10 05:02:00,4174.13,4178.18,4174.11,4176.3,202,43,0
2026.06.10 05:03:00,4176.51,4176.51,4174.62,4174.77,161,43,0
2026.06.10 05:04:00,4174.77,4175.26,4173.32,4174.54,154,43,0
2026.06.10 05:05:00,4174.54,4174.82,4173.63,4174.79,181,43,0
2026.06.10 05:06:00,4174.96,4178.65,4174.36,4177.84,182,43,0
2026.06.10 05:07:00,4177.81,4178.04,4176.71,4178.04,189,43,0
2026.06.10 05:08:00,4178.37,4178.94,4175.34,4175.93,180,43,0
2026.06.10 05:09:00,4175.94,4176.74,4175.14,4176.37,197,43,0
2026.06.10 05:10:00,4176.52,4178.09,4175.38,4178.07,142,43,0
2026.06.10 05:11:00,4178.2,4179.17,4177.86,4178.16,173,43,0
2026.06.10 05:12:00,4178.19,4178.34,4177.15,4177.17,166,43,0
2026.06.10 05:13:00,4177.15,4180.55,4176.95,4179.61,158,43,0
2026.06.10 05:14:00,4179.61,4179.95,4178.68,4179.59,160,43,0
2026.06.10 05:15:00,4179.88,4180.29,4177.51,4177.76,171,43,0
2026.06.10 05:16:00,4177.75,4177.75,4175.89,4176.89,148,43,0
2026.06.10 05:17:00,4176.86,4178.53,4176.38,4176.95,140,43,0
2026.06.10 05:18:00,4177.0,4177.38,4175.44,4176.07,182,43,0
2026.06.10 05:19:00,4176.05,4177.09,4175.5,4176.55,161,43,0
2026.06.10 05:20:00,4176.49,4177.1,4176.22,4176.63,159,43,0
2026.06.10 05:21:00,4176.63,4179.43,4175.83,4179.43,166,43,0
2026.06.10 05:22:00,4179.2,4181.38,4179.19,4181.37,178,43,0
2026.06.10 05:23:00,4181.57,4183.0,4181.25,4181.75,181,43,0
2026.06.10 05:24:00,4181.68,4182.12,4180.2,4180.62,177,43,0
2026.06.10 05:25:00,4180.65,4181.29,4179.61,4180.39,158,43,0
2026.06.10 05:26:00,4180.37,4182.62,4179.91,4181.91,175,43,0
2026.06.10 05:27:00,4181.89,4183.58,4181.39,4183.46,170,43,0
2026.06.10 05:28:00,4183.34,4184.23,4182.39,4183.74,163,43,0
2026.06.10 05:29:00,4183.83,4187.15,4182.88,4187.01,156,43,0
2026.06.10 05:30:00,4188.01,4189.15,4183.9,4185.08,208,43,0
2026.06.10 05:31:00,4185.01,4185.58,4181.63,4184.52,185,43,0
2026.06.10 05:32:00,4184.56,4190.85,4184.3,4189.44,208,43,0
2026.06.10 05:33:00,4189.02,4193.21,4187.27,4192.38,197,43,0
2026.06.10 05:34:00,4192.31,4192.31,4189.21,4190.9,192,43,0
2026.06.10 05:35:00,4190.41,4194.48,4187.86,4194.48,215,43,0
2026.06.10 05:36:00,4194.13,4194.3,4191.39,4192.65,194,43,0
2026.06.10 05:37:00,4192.54,4194.15,4190.78,4191.14,232,43,0
2026.06.10 05:38:00,4191.14,4193.77,4191.02,4193.77,190,43,0
2026.06.10 05:39:00,4193.81,4194.61,4191.74,4194.12,189,43,0
2026.06.10 05:40:00,4194.12,4195.95,4193.26,4195.92,204,43,0
2026.06.10 05:41:00,4195.67,4197.19,4194.72,4196.15,197,43,0
2026.06.10 05:42:00,4196.3,4198.76,4195.28,4198.3,202,43,0
2026.06.10 05:43:00,4198.2,4198.35,4196.61,4196.74,197,43,0
2026.06.10 05:44:00,4196.88,4198.65,4195.03,4197.98,207,43,0
2026.06.10 05:45:00,4198.02,4199.61,4197.34,4199.13,216,43,0
2026.06.10 05:46:00,4199.04,4199.22,4197.43,4198.68,221,43,0
2026.06.10 05:47:00,4198.67,4200.05,4197.66,4199.79,204,43,0
2026.06.10 05:48:00,4199.77,4204.35,4199.27,4203.92,221,43,0
2026.06.10 05:49:00,4203.88,4205.33,4202.3,4202.57,191,43,0
2026.06.10 05:50:00,4202.55,4205.25,4201.31,4201.31,219,43,0
2026.06.10 05:51:00,4201.43,4202.86,4200.39,4202.49,194,43,0
2026.06.10 05:52:00,4202.77,4203.09,4201.17,4201.43,185,43,0
2026.06.10 05:53:00,4201.46,4204.2,4201.46,4203.65,208,43,0
2026.06.10 05:54:00,4203.58,4206.46,4203.25,4203.66,190,43,0
2026.06.10 05:55:00,4203.69,4206.98,4203.63,4206.07,207,43,0
2026.06.10 05:56:00,4206.09,4206.15,4203.69,4204.16,216,43,0
2026.06.10 05:57:00,4204.23,4208.93,4204.23,4207.25,244,43,0
2026.06.10 05:58:00,4207.09,4207.25,4203.77,4204.01,214,43,0
2026.06.10 05:59:00,4204.08,4205.49,4204.07,4205.1,225,43,0
2026.06.10 06:00:00,4205.28,4209.68,4205.07,4209.19,198,43,0
2026.06.10 06:01:00,4209.34,4209.34,4205.82,4206.95,183,43,0
2026.06.10 06:02:00,4207.22,4209.56,4207.13,4208.56,190,43,0
2026.06.10 06:03:00,4208.54,4210.25,4208.36,4209.99,199,43,0
2026.06.10 06:04:00,4210.0,4212.55,4209.99,4210.98,191,43,0
2026.06.10 06:05:00,4210.75,4212.2,4209.22,4211.77,170,43,0
2026.06.10 06:06:00,4211.72,4216.3,4211.28,4216.15,210,43,0
2026.06.10 06:07:00,4216.09,4220.12,4214.01,4219.75,212,43,0
2026.06.10 06:08:00,4219.74,4221.74,4219.33,4219.43,185,43,0
2026.06.10 06:09:00,4219.35,4220.29,4213.17,4213.9,201,43,0
2026.06.10 06:10:00,4214.1,4214.53,4210.73,4211.14,192,43,0
2026.06.10 06:11:00,4210.57,4212.18,4209.67,4210.77,192,43,0
2026.06.10 06:12:00,4210.67,4212.4,4209.18,4212.23,194,43,0
2026.06.10 06:13:00,4212.27,4215.98,4211.84,4214.67,211,43,0
2026.06.10 06:14:00,4214.68,4215.06,4211.89,4212.84,179,43,0
2026.06.10 06:15:00,4212.85,4213.95,4212.53,4213.78,197,43,0
2026.06.10 06:16:00,4213.89,4214.88,4212.81,4213.13,177,43,0
2026.06.10 06:17:00,4213.12,4213.84,4210.97,4212.15,162,43,0
2026.06.10 06:18:00,4212.35,4213.34,4211.78,4212.57,174,43,0
2026.06.10 06:19:00,4212.58,4215.41,4212.54,4214.3,191,43,0
2026.06.10 06:20:00,4214.32,4216.59,4214.32,4216.33,186,43,0
2026.06.10 06:21:00,4216.38,4216.47,4210.16,4210.89,175,43,0
2026.06.10 06:22:00,4210.85,4212.05,4210.21,4212.05,168,43,0
2026.06.10 06:23:00,4212.12,4213.02,4210.92,4211.61,200,43,0
2026.06.10 06:24:00,4211.6,4212.13,4208.23,4209.03,201,43,0
2026.06.10 06:25:00,4209.21,4211.92,4209.21,4211.74,161,43,0
2026.06.10 06:26:00,4211.62,4214.86,4210.7,4214.73,180,43,0
2026.06.10 06:27:00,4214.56,4215.95,4211.13,4211.39,187,43,0
2026.06.10 06:28:00,4211.37,4211.85,4210.63,4211.21,195,43,0
2026.06.10 06:29:00,4211.23,4212.79,4210.2,4211.78,168,43,0
2026.06.10 06:30:00,4211.35,4213.3,4209.3,4209.49,163,43,0
2026.06.10 06:31:00,4209.58,4210.41,4208.05,4208.71,193,43,0
2026.06.10 06:32:00,4208.69,4210.03,4208.43,4209.47,193,43,0
2026.06.10 06:33:00,4209.63,4210.74,4209.37,4210.45,169,43,0
2026.06.10 06:34:00,4210.41,4211.37,4209.62,4210.39,172,43,0
2026.06.10 06:35:00,4210.37,4211.01,4209.14,4210.46,170,43,0
2026.06.10 06:36:00,4210.43,4211.3,4209.55,4211.29,192,43,0
2026.06.10 06:37:00,4211.32,4211.95,4209.28,4209.81,163,43,0
2026.06.10 06:38:00,4209.85,4210.47,4207.61,4209.24,187,43,0
2026.06.10 06:39:00,4209.3,4209.5,4208.3,4208.98,198,43,0
2026.06.10 06:40:00,4208.94,4209.27,4206.34,4207.05,170,43,0
2026.06.10 06:41:00,4207.04,4207.83,4206.25,4207.07,168,43,0
2026.06.10 06:42:00,4207.04,4208.63,4206.91,4207.33,156,43,0
2026.06.10 06:43:00,4207.39,4207.67,4205.41,4206.07,181,43,0
2026.06.10 06:44:00,4206.14,4208.54,4204.96,4207.37,173,43,0
2026.06.10 06:45:00,4207.47,4207.67,4205.85,4207.46,180,43,0
2026.06.10 06:46:00,4207.47,4207.54,4205.27,4206.26,180,43,0
2026.06.10 06:47:00,4206.28,4209.66,4205.65,4207.89,192,43,0
2026.06.10 06:48:00,4207.94,4207.98,4205.62,4205.83,184,43,0
2026.06.10 06:49:00,4205.81,4206.01,4203.06,4203.08,182,43,0
2026.06.10 06:50:00,4203.15,4205.1,4202.45,4204.08,183,43,0
2026.06.10 06:51:00,4204.19,4206.08,4204.19,4205.72,202,43,0
2026.06.10 06:52:00,4205.7,4206.45,4204.74,4204.88,185,43,0
2026.06.10 06:53:00,4204.85,4205.01,4203.36,4203.42,197,43,0
2026.06.10 06:54:00,4203.41,4203.48,4201.69,4202.16,211,43,0
2026.06.10 06:55:00,4202.03,4204.07,4201.63,4202.9,193,43,0
2026.06.10 06:56:00,4202.85,4203.41,4201.94,4202.47,175,43,0
2026.06.10 06:57:00,4202.39,4204.22,4202.39,4203.58,171,43,0
2026.06.10 06:58:00,4203.63,4205.77,4203.45,4203.52,200,43,0
2026.06.10 06:59:00,4203.28,4204.01,4202.82,4203.73,190,43,0
2026.06.10 07:00:00,4203.6,4204.5,4201.39,4203.94,183,35,0
2026.06.10 07:01:00,4203.95,4204.88,4201.25,4203.33,191,35,0
2026.06.10 07:02:00,4203.3,4204.36,4202.66,4203.77,180,35,0
2026.06.10 07:03:00,4204.06,4205.65,4202.25,4202.53,179,35,0
2026.06.10 07:04:00,4202.52,4204.69,4201.3,4203.61,172,35,0
2026.06.10 07:05:00,4203.54,4204.69,4201.93,4204.06,183,35,0
2026.06.10 07:06:00,4204.11,4205.39,4203.83,4204.73,171,35,0
2026.06.10 07:07:00,4205.05,4206.46,4204.82,4205.72,171,35,0
2026.06.10 07:08:00,4205.84,4206.22,4202.75,4206.06,175,35,0
2026.06.10 07:09:00,4206.08,4207.52,4204.63,4207.11,176,35,0
2026.06.10 07:10:00,4206.41,4207.57,4204.9,4205.19,178,35,0
2026.06.10 07:11:00,4205.22,4205.35,4200.38,4201.55,171,35,0
2026.06.10 07:12:00,4201.54,4201.75,4199.42,4199.72,156,35,0
2026.06.10 07:13:00,4199.82,4199.93,4197.33,4198.36,178,35,0
2026.06.10 07:14:00,4198.37,4200.64,4198.37,4200.31,181,35,0
2026.06.10 07:15:00,4200.22,4202.65,4199.37,4202.45,180,35,0
2026.06.10 07:16:00,4202.49,4202.92,4200.18,4200.18,155,35,0
2026.06.10 07:17:00,4200.17,4200.7,4199.62,4200.58,162,35,0
2026.06.10 07:18:00,4200.53,4200.85,4197.84,4199.01,173,35,0
2026.06.10 07:19:00,4199.12,4199.66,4197.98,4198.66,154,35,0
2026.06.10 07:20:00,4198.6,4200.72,4198.58,4198.88,161,35,0
2026.06.10 07:21:00,4198.87,4200.73,4198.07,4200.73,162,35,0
2026.06.10 07:22:00,4200.68,4201.21,4199.63,4200.91,175,35,0
2026.06.10 07:23:00,4201.06,4203.51,4200.9,4201.54,170,35,0
2026.06.10 07:24:00,4201.66,4201.66,4199.0,4199.09,159,35,0
2026.06.10 07:25:00,4199.1,4199.1,4195.37,4196.29,177,35,0
2026.06.10 07:26:00,4196.28,4196.42,4194.55,4194.89,167,35,0
2026.06.10 07:27:00,4194.88,4196.23,4194.17,4194.17,176,35,0
2026.06.10 07:28:00,4194.04,4194.45,4193.54,4194.1,163,35,0
2026.06.10 07:29:00,4194.38,4195.22,4193.66,4194.8,181,35,0
2026.06.10 07:30:00,4194.71,4196.25,4193.42,4195.82,167,35,0
2026.06.10 07:31:00,4195.79,4197.19,4194.26,4194.59,166,35,0
2026.06.10 07:32:00,4194.67,4194.77,4191.74,4193.2,179,35,0
2026.06.10 07:33:00,4193.09,4194.51,4192.97,4194.3,167,35,0
2026.06.10 07:34:00,4194.31,4195.82,4194.31,4194.63,171,35,0
2026.06.10 07:35:00,4194.62,4195.58,4194.38,4194.52,157,35,0
2026.06.10 07:36:00,4194.46,4195.14,4192.32,4193.76,177,35,0
2026.06.10 07:37:00,4193.92,4195.03,4192.58,4193.02,177,35,0
2026.06.10 07:38:00,4193.05,4193.51,4191.25,4191.76,174,35,0
2026.06.10 07:39:00,4191.73,4191.82,4190.19,4190.6,165,35,0
2026.06.10 07:40:00,4190.2,4191.8,4189.53,4191.63,169,35,0
2026.06.10 07:41:00,4191.64,4193.09,4191.59,4192.32,162,35,0
2026.06.10 07:42:00,4192.34,4193.36,4191.3,4191.59,148,35,0
2026.06.10 07:43:00,4191.64,4192.49,4188.46,4189.24,167,35,0
2026.06.10 07:44:00,4189.29,4190.02,4187.83,4189.56,167,35,0
2026.06.10 07:45:00,4189.59,4192.63,4189.17,4192.04,173,35,0
2026.06.10 07:46:00,4191.84,4192.7,4191.57,4192.38,180,35,0
2026.06.10 07:47:00,4192.43,4192.81,4190.62,4192.57,177,35,0
2026.06.10 07:48:00,4192.62,4192.74,4190.91,4191.84,181,35,0
2026.06.10 07:49:00,4191.86,4192.19,4189.68,4190.23,174,35,0
2026.06.10 07:50:00,4189.97,4190.16,4187.82,4188.58,163,35,0
2026.06.10 07:51:00,4188.92,4189.68,4187.83,4187.86,178,35,0
2026.06.10 07:52:00,4187.77,4187.78,4181.76,4181.76,188,35,0
2026.06.10 07:53:00,4181.77,4183.88,4181.75,4183.85,176,35,0
2026.06.10 07:54:00,4183.67,4184.88,4181.63,4182.07,183,35,0
2026.06.10 07:55:00,4182.08,4183.56,4181.63,4183.45,183,35,0
2026.06.10 07:56:00,4183.56,4185.67,4183.28,4185.01,185,35,0
2026.06.10 07:57:00,4185.0,4185.24,4181.69,4181.78,176,35,0
2026.06.10 07:58:00,4181.7,4185.86,4181.7,4185.73,172,35,0
2026.06.10 07:59:00,4185.83,4187.6,4185.62,4186.39,178,35,0
2026.06.10 08:00:00,4186.07,4187.38,4179.31,4179.66,198,35,0
2026.06.10 08:01:00,4179.75,4180.78,4177.74,4177.81,201,35,0
2026.06.10 08:02:00,4178.03,4178.03,4173.95,4174.39,213,35,0
2026.06.10 08:03:00,4174.3,4175.17,4165.98,4166.48,200,35,0
2026.06.10 08:04:00,4166.48,4166.7,4161.33,4164.18,214,35,0
2026.06.10 08:05:00,4164.22,4167.92,4161.94,4165.56,218,35,0
2026.06.10 08:06:00,4165.74,4167.3,4164.25,4166.86,195,35,0
2026.06.10 08:07:00,4166.88,4171.25,4166.43,4170.75,187,35,0
2026.06.10 08:08:00,4170.92,4170.92,4166.0,4167.75,193,35,0
2026.06.10 08:09:00,4167.67,4167.67,4164.77,4167.32,194,35,0
2026.06.10 08:10:00,4167.33,4170.67,4165.64,4170.04,191,35,0
2026.06.10 08:11:00,4170.1,4171.76,4168.65,4171.5,185,35,0
2026.06.10 08:12:00,4171.43,4172.11,4169.37,4169.37,179,35,0
2026.06.10 08:13:00,4169.38,4169.63,4163.81,4163.81,193,35,0
2026.06.10 08:14:00,4164.37,4167.29,4161.42,4166.32,204,35,0
2026.06.10 08:15:00,4166.62,4171.92,4166.06,4171.67,200,35,0
2026.06.10 08:16:00,4171.62,4179.08,4171.45,4175.91,193,35,0
2026.06.10 08:17:00,4175.9,4178.48,4175.81,4177.14,192,35,0
2026.06.10 08:18:00,4177.13,4177.13,4172.78,4173.06,186,35,0
2026.06.10 08:19:00,4173.2,4176.3,4172.54,4173.39,177,35,0
2026.06.10 08:20:00,4173.54,4174.58,4170.82,4171.1,191,35,0
2026.06.10 08:21:00,4170.9,4171.57,4168.14,4170.49,179,35,0
2026.06.10 08:22:00,4170.73,4170.84,4169.4,4170.2,192,35,0
2026.06.10 08:23:00,4170.19,4171.47,4169.65,4171.09,187,35,0
2026.06.10 08:24:00,4171.08,4171.96,4169.32,4170.89,193,35,0
2026.06.10 08:25:00,4170.97,4173.05,4170.78,4170.98,179,35,0
2026.06.10 08:26:00,4171.03,4172.12,4169.57,4170.33,177,35,0
2026.06.10 08:27:00,4170.19,4171.68,4169.37,4170.16,195,35,0
2026.06.10 08:28:00,4170.37,4173.45,4170.37,4172.49,176,35,0
2026.06.10 08:29:00,4172.34,4173.23,4171.66,4172.14,190,35,0
2026.06.10 08:30:00,4172.04,4172.15,4169.06,4169.56,178,35,0
2026.06.10 08:31:00,4169.54,4170.45,4166.32,4169.65,182,35,0
2026.06.10 08:32:00,4169.28,4169.28,4166.4,4167.4,182,35,0
2026.06.10 08:33:00,4167.43,4168.58,4167.04,4168.17,160,35,0
2026.06.10 08:34:00,4168.1,4169.38,4167.82,4168.04,173,35,0
2026.06.10 08:35:00,4168.07,4172.09,4168.07,4171.89,177,35,0
2026.06.10 08:36:00,4171.83,4175.75,4171.51,4175.26,176,35,0
2026.06.10 08:37:00,4175.28,4175.46,4172.99,4174.47,194,35,0
2026.06.10 08:38:00,4174.4,4174.43,4172.74,4174.22,170,35,0
2026.06.10 08:39:00,4174.3,4175.21,4172.0,4172.84,174,35,0
2026.06.10 08:40:00,4172.89,4175.03,4172.64,4174.8,185,35,0
2026.06.10 08:41:00,4174.75,4177.96,4174.74,4177.3,173,35,0
2026.06.10 08:42:00,4177.36,4179.17,4176.58,4177.37,163,35,0
2026.06.10 08:43:00,4177.23,4177.63,4175.13,4176.67,176,35,0
2026.06.10 08:44:00,4176.91,4176.91,4169.96,4170.44,186,35,0
2026.06.10 08:45:00,4170.43,4170.5,4167.81,4169.26,192,35,0
2026.06.10 08:46:00,4169.43,4169.59,4166.42,4167.5,188,35,0
2026.06.10 08:47:00,4167.39,4169.61,4167.25,4168.95,190,35,0
2026.06.10 08:48:00,4169.07,4173.19,4169.07,4172.14,186,35,0
2026.06.10 08:49:00,4172.1,4174.55,4172.06,4174.22,184,35,0
2026.06.10 08:50:00,4174.03,4175.7,4173.51,4174.86,179,35,0
2026.06.10 08:51:00,4174.97,4176.39,4171.53,4171.53,192,35,0
2026.06.10 08:52:00,4171.54,4174.17,4171.13,4174.11,168,35,0
2026.06.10 08:53:00,4174.0,4174.85,4172.29,4174.63,184,35,0
2026.06.10 08:54:00,4174.56,4174.81,4171.07,4171.08,173,35,0
2026.06.10 08:55:00,4171.21,4172.71,4170.0,4171.69,190,35,0
2026.06.10 08:56:00,4171.73,4172.07,4169.85,4171.53,181,35,0
2026.06.10 08:57:00,4171.52,4171.64,4169.88,4170.48,198,35,0
2026.06.10 08:58:00,4170.12,4170.12,4167.86,4168.15,195,35,0
2026.06.10 08:59:00,4168.19,4169.66,4167.69,4168.53,174,35,0
2026.06.10 09:00:00,4168.94,4169.57,4166.84,4168.73,180,35,0
2026.06.10 09:01:00,4168.72,4168.98,4167.3,4168.71,178,35,0
2026.06.10 09:02:00,4168.73,4169.07,4165.55,4165.82,179,35,0
2026.06.10 09:03:00,4165.92,4169.14,4165.28,4167.19,192,35,0
2026.06.10 09:04:00,4167.21,4168.59,4166.72,4167.06,183,35,0
2026.06.10 09:05:00,4166.94,4169.26,4166.7,4169.03,195,35,0
2026.06.10 09:06:00,4168.95,4171.54,4168.25,4168.27,184,35,0
2026.06.10 09:07:00,4168.2,4170.68,4166.41,4169.58,168,35,0
2026.06.10 09:08:00,4169.57,4169.9,4168.55,4168.57,182,35,0
2026.06.10 09:09:00,4168.95,4170.97,4168.68,4170.4,181,35,0
2026.06.10 09:10:00,4170.37,4174.1,4169.63,4172.04,187,35,0
2026.06.10 09:11:00,4172.05,4172.39,4168.87,4168.87,171,35,0
2026.06.10 09:12:00,4168.86,4169.37,4167.02,4167.07,168,35,0
2026.06.10 09:13:00,4167.21,4168.82,4166.2,4168.2,193,35,0
2026.06.10 09:14:00,4168.48,4168.64,4164.71,4165.08,177,35,0
2026.06.10 09:15:00,4165.04,4168.43,4164.39,4167.38,187,35,0
2026.06.10 09:16:00,4167.46,4169.99,4165.98,4169.89,183,35,0
2026.06.10 09:17:00,4169.74,4173.07,4169.28,4172.35,189,35,0
2026.06.10 09:18:00,4172.77,4174.93,4172.31,4172.32,177,35,0
2026.06.10 09:19:00,4172.22,4173.92,4171.05,4171.23,184,35,0
2026.06.10 09:20:00,4171.15,4171.17,4168.57,4170.18,181,35,0
2026.06.10 09:21:00,4170.48,4171.1,4168.59,4168.99,167,35,0
2026.06.10 09:22:00,4168.67,4168.97,4166.39,4166.82,164,35,0
2026.06.10 09:23:00,4166.54,4167.97,4166.14,4167.21,182,35,0
2026.06.10 09:24:00,4167.27,4169.1,4166.51,4168.28,176,35,0
2026.06.10 09:25:00,4168.25,4170.97,4168.02,4170.85,164,35,0
2026.06.10 09:26:00,4170.83,4171.83,4168.67,4169.97,178,35,0
2026.06.10 09:27:00,4169.96,4171.3,4168.17,4168.6,161,35,0
2026.06.10 09:28:00,4168.5,4169.69,4166.45,4166.49,169,35,0
2026.06.10 09:29:00,4166.08,4167.1,4164.22,4166.11,168,35,0
2026.06.10 09:30:00,4165.82,4170.07,4165.8,4169.0,183,35,0
2026.06.10 09:31:00,4169.03,4170.19,4168.11,4168.9,183,35,0
2026.06.10 09:32:00,4168.97,4175.85,4168.97,4175.22,189,35,0
2026.06.10 09:33:00,4175.23,4175.9,4173.01,4173.48,183,35,0
2026.06.10 09:34:00,4173.46,4177.39,4173.44,4176.88,187,35,0
2026.06.10 09:35:00,4176.69,4177.89,4176.44,4177.84,180,35,0
2026.06.10 09:36:00,4177.85,4179.6,4173.8,4174.23,186,35,0
2026.06.10 09:37:00,4174.22,4175.12,4172.63,4173.51,173,35,0
2026.06.10 09:38:00,4173.46,4175.31,4173.25,4174.42,188,35,0
2026.06.10 09:39:00,4174.44,4174.61,4171.19,4172.33,172,35,0
2026.06.10 09:40:00,4172.31,4172.76,4167.42,4168.73,184,35,0
2026.06.10 09:41:00,4168.9,4170.16,4167.82,4169.17,174,35,0
2026.06.10 09:42:00,4169.18,4170.02,4167.73,4168.82,177,35,0
2026.06.10 09:43:00,4168.81,4170.67,4167.79,4170.42,184,35,0
2026.06.10 09:44:00,4170.18,4171.87,4170.05,4171.41,189,35,0
2026.06.10 09:45:00,4171.45,4174.02,4171.28,4173.94,182,35,0
2026.06.10 09:46:00,4173.91,4174.85,4173.13,4173.74,178,35,0
2026.06.10 09:47:00,4173.84,4174.21,4168.67,4168.72,179,35,0
2026.06.10 09:48:00,4167.79,4168.85,4165.88,4167.29,183,35,0
2026.06.10 09:49:00,4167.14,4169.55,4167.14,4168.28,165,35,0
2026.06.10 09:50:00,4168.05,4168.59,4166.63,4167.66,185,35,0
2026.06.10 09:51:00,4167.85,4168.52,4167.04,4168.31,168,35,0
2026.06.10 09:52:00,4168.18,4168.58,4164.94,4164.94,187,35,0
2026.06.10 09:53:00,4164.95,4165.86,4163.05,4164.35,179,35,0
2026.06.10 09:54:00,4164.36,4166.65,4164.06,4166.05,178,35,0
2026.06.10 09:55:00,4165.76,4166.47,4165.28,4165.96,161,35,0
2026.06.10 09:56:00,4165.99,4167.29,4165.83,4167.29,161,35,0
2026.06.10 09:57:00,4167.32,4167.39,4165.68,4166.15,171,35,0
2026.06.10 09:58:00,4166.14,4167.76,4166.09,4167.46,167,35,0
2026.06.10 09:59:00,4167.44,4169.13,4166.54,4168.67,151,35,0
2026.06.10 10:00:00,4168.71,4170.22,4168.15,4168.17,167,35,0
2026.06.10 10:01:00,4168.18,4170.7,4167.23,4170.59,172,35,0
2026.06.10 10:02:00,4170.91,4171.08,4169.68,4169.84,175,35,0
2026.06.10 10:03:00,4169.74,4170.11,4168.18,4168.74,154,35,0
2026.06.10 10:04:00,4168.54,4170.2,4167.87,4169.23,146,35,0
2026.06.10 10:05:00,4169.24,4169.77,4165.55,4166.57,151,35,0
2026.06.10 10:06:00,4166.68,4166.85,4162.84,4162.84,181,35,0
2026.06.10 10:07:00,4162.82,4163.58,4156.05,4156.1,196,35,0
2026.06.10 10:08:00,4156.21,4157.9,4155.66,4156.72,186,35,0
2026.06.10 10:09:00,4156.86,4159.7,4156.8,4159.29,185,35,0
2026.06.10 10:10:00,4159.32,4159.63,4155.88,4156.81,192,35,0
2026.06.10 10:11:00,4156.78,4159.91,4156.33,4158.85,179,35,0
2026.06.10 10:12:00,4158.68,4161.72,4158.34,4161.61,193,35,0
2026.06.10 10:13:00,4161.6,4162.05,4159.69,4160.41,173,35,0
2026.06.10 10:14:00,4160.65,4162.3,4160.54,4160.98,155,35,0
2026.06.10 10:15:00,4160.91,4161.74,4159.57,4160.14,180,35,0
2026.06.10 10:16:00,4160.08,4161.11,4159.99,4160.69,165,35,0
2026.06.10 10:17:00,4160.68,4161.41,4159.78,4160.44,159,35,0
2026.06.10 10:18:00,4160.39,4163.45,4160.36,4161.27,173,35,0
2026.06.10 10:19:00,4161.26,4164.79,4161.2,4164.32,172,35,0
2026.06.10 10:20:00,4164.37,4164.92,4163.66,4164.92,187,35,0
2026.06.10 10:21:00,4165.23,4169.66,4165.1,4169.16,184,35,0
2026.06.10 10:22:00,4169.08,4169.71,4168.11,4168.47,161,35,0
2026.06.10 10:23:00,4168.49,4168.9,4166.73,4166.83,168,35,0
2026.06.10 10:24:00,4166.57,4167.46,4165.2,4166.68,182,35,0
2026.06.10 10:25:00,4166.7,4166.97,4164.71,4164.91,171,35,0
2026.06.10 10:26:00,4164.92,4164.96,4162.61,4163.6,189,35,0
2026.06.10 10:27:00,4163.61,4165.53,4163.61,4165.12,164,35,0
2026.06.10 10:28:00,4165.1,4168.74,4164.47,4168.1,171,35,0
2026.06.10 10:29:00,4168.18,4169.28,4164.92,4164.92,159,35,0
2026.06.10 10:30:00,4164.64,4168.78,4164.05,4167.39,175,35,0
2026.06.10 10:31:00,4167.23,4168.11,4166.19,4167.67,178,35,0
2026.06.10 10:32:00,4167.66,4167.79,4166.02,4166.98,159,35,0
2026.06.10 10:33:00,4167.0,4168.9,4167.0,4167.7,163,35,0
2026.06.10 10:34:00,4167.69,4167.88,4164.82,4165.02,170,35,0
2026.06.10 10:35:00,4165.04,4166.75,4164.58,4165.07,175,35,0
2026.06.10 10:36:00,4165.11,4168.74,4165.09,4168.74,169,35,0
2026.06.10 10:37:00,4168.75,4169.04,4167.69,4168.74,177,35,0
2026.06.10 10:38:00,4168.79,4168.94,4166.27,4166.28,160,35,0
2026.06.10 10:39:00,4166.29,4167.19,4165.99,4167.13,160,35,0
2026.06.10 10:40:00,4167.47,4167.56,4164.15,4165.43,174,35,0
2026.06.10 10:41:00,4165.47,4167.88,4165.46,4166.78,149,35,0
2026.06.10 10:42:00,4166.79,4169.07,4166.42,4169.03,165,35,0
2026.06.10 10:43:00,4168.96,4171.12,4167.76,4168.21,184,35,0
2026.06.10 10:44:00,4168.25,4171.4,4167.41,4171.4,186,35,0
2026.06.10 10:45:00,4171.43,4171.46,4170.12,4170.54,174,35,0
2026.06.10 10:46:00,4170.55,4171.13,4169.72,4170.63,178,35,0
2026.06.10 10:47:00,4170.72,4173.32,4170.16,4171.07,206,35,0
2026.06.10 10:48:00,4171.23,4172.47,4170.1,4172.39,153,35,0
2026.06.10 10:49:00,4172.37,4177.47,4172.37,4177.47,193,35,0
2026.06.10 10:50:00,4176.82,4178.52,4175.25,4175.83,179,35,0
2026.06.10 10:51:00,4175.77,4175.84,4174.41,4174.42,193,35,0
2026.06.10 10:52:00,4174.41,4175.43,4173.44,4173.45,183,35,0
2026.06.10 10:53:00,4173.03,4173.53,4171.41,4173.01,181,35,0
2026.06.10 10:54:00,4172.99,4173.36,4171.51,4171.69,189,35,0
2026.06.10 10:55:00,4171.57,4173.11,4171.43,4172.64,184,35,0
2026.06.10 10:56:00,4172.65,4176.28,4171.67,4175.19,184,35,0
2026.06.10 10:57:00,4175.21,4178.29,4174.53,4176.36,196,35,0
2026.06.10 10:58:00,4176.4,4177.34,4174.64,4175.6,175,35,0
2026.06.10 10:59:00,4175.61,4175.61,4173.61,4174.36,158,35,0
2026.06.10 11:00:00,4174.75,4176.03,4173.42,4174.03,189,35,0
2026.06.10 11:01:00,4174.15,4174.6,4173.61,4174.12,178,35,0
2026.06.10 11:02:00,4174.13,4175.69,4173.47,4174.94,173,35,0
2026.06.10 11:03:00,4174.93,4174.93,4161.33,4161.46,190,35,0
2026.06.10 11:04:00,4161.0,4165.53,4160.13,4161.02,236,35,0
2026.06.10 11:05:00,4161.3,4163.82,4153.47,4161.86,230,35,0
2026.06.10 11:06:00,4161.49,4162.63,4158.1,4161.69,218,35,0
2026.06.10 11:07:00,4161.91,4164.48,4160.58,4162.5,206,35,0
2026.06.10 11:08:00,4162.53,4163.45,4161.33,4162.98,202,35,0
2026.06.10 11:09:00,4162.72,4163.44,4158.79,4161.26,210,35,0
2026.06.10 11:10:00,4161.27,4164.58,4161.0,4162.99,198,35,0
2026.06.10 11:11:00,4162.89,4166.56,4162.64,4164.68,203,35,0
2026.06.10 11:12:00,4164.69,4165.96,4163.9,4164.49,203,35,0
2026.06.10 11:13:00,4164.45,4165.29,4163.24,4163.92,187,35,0
2026.06.10 11:14:00,4163.79,4168.85,4162.76,4168.73,207,35,0
2026.06.10 11:15:00,4168.45,4171.62,4168.09,4170.84,202,35,0
2026.06.10 11:16:00,4170.69,4170.79,4166.57,4167.6,189,35,0
2026.06.10 11:17:00,4167.57,4169.23,4166.76,4166.96,196,35,0
2026.06.10 11:18:00,4166.98,4169.06,4166.34,4166.93,184,35,0
2026.06.10 11:19:00,4166.94,4167.89,4164.71,4164.81,188,35,0
2026.06.10 11:20:00,4164.74,4167.9,4164.66,4165.24,200,35,0
2026.06.10 11:21:00,4165.29,4168.73,4165.29,4167.47,186,35,0
2026.06.10 11:22:00,4167.45,4170.7,4166.73,4168.96,185,35,0
2026.06.10 11:23:00,4168.77,4170.34,4168.34,4168.87,196,35,0
2026.06.10 11:24:00,4168.85,4169.28,4163.67,4163.67,190,35,0
2026.06.10 11:25:00,4163.48,4164.52,4156.8,4158.67,230,35,0
2026.06.10 11:26:00,4158.99,4163.32,4157.89,4162.83,214,35,0
2026.06.10 11:27:00,4162.78,4166.52,4161.72,4165.7,208,35,0
2026.06.10 11:28:00,4165.41,4166.5,4164.54,4165.37,206,35,0
2026.06.10 11:29:00,4165.3,4166.47,4163.54,4166.47,197,35,0
2026.06.10 11:30:00,4166.02,4167.84,4164.69,4165.87,195,35,0
2026.06.10 11:31:00,4165.96,4166.03,4161.13,4161.76,191,35,0
2026.06.10 11:32:00,4161.51,4165.05,4161.46,4162.58,202,35,0
2026.06.10 11:33:00,4162.47,4166.68,4162.38,4164.75,205,35,0
2026.06.10 11:34:00,4164.92,4165.17,4162.68,4164.76,190,35,0
2026.06.10 11:35:00,4164.75,4165.64,4162.12,4162.67,189,35,0
2026.06.10 11:36:00,4162.87,4164.41,4161.86,4164.11,196,35,0
2026.06.10 11:37:00,4164.11,4164.33,4159.61,4160.55,187,35,0
2026.06.10 11:38:00,4160.52,4161.36,4156.56,4157.3,202,35,0
2026.06.10 11:39:00,4157.41,4157.54,4156.23,4156.25,202,35,0
2026.06.10 11:40:00,4156.41,4160.0,4156.41,4158.39,199,35,0
2026.06.10 11:41:00,4158.26,4158.35,4156.38,4157.46,192,35,0
2026.06.10 11:42:00,4157.66,4158.72,4156.48,4157.25,193,35,0
2026.06.10 11:43:00,4156.9,4158.95,4156.39,4158.72,189,35,0
2026.06.10 11:44:00,4158.48,4158.52,4154.22,4154.43,188,35,0
2026.06.10 11:45:00,4154.44,4154.76,4152.23,4153.11,187,35,0
2026.06.10 11:46:00,4153.2,4154.32,4152.71,4153.42,182,35,0
2026.06.10 11:47:00,4153.44,4154.99,4152.62,4154.99,183,35,0
2026.06.10 11:48:00,4155.12,4155.12,4153.5,4154.99,189,35,0
2026.06.10 11:49:00,4154.89,4155.67,4152.78,4155.57,183,35,0
2026.06.10 11:50:00,4155.36,4157.07,4154.78,4157.07,187,35,0
2026.06.10 11:51:00,4157.02,4163.31,4156.45,4162.21,209,35,0
2026.06.10 11:52:00,4162.32,4163.25,4160.79,4160.79,193,35,0
2026.06.10 11:53:00,4160.83,4162.0,4157.26,4157.81,195,35,0
2026.06.10 11:54:00,4157.85,4158.06,4153.55,4154.44,195,35,0
2026.06.10 11:55:00,4154.62,4155.67,4152.67,4152.95,198,35,0
2026.06.10 11:56:00,4152.62,4153.8,4150.23,4150.8,200,35,0
2026.06.10 11:57:00,4150.74,4152.68,4150.23,4150.51,180,35,0
2026.06.10 11:58:00,4150.53,4152.25,4147.54,4147.57,189,35,0
2026.06.10 11:59:00,4147.26,4148.37,4145.73,4147.43,221,35,0
2026.06.10 12:00:00,4147.39,4150.85,4146.37,4148.82,202,35,0
2026.06.10 12:01:00,4149.26,4149.26,4145.44,4147.64,208,35,0
2026.06.10 12:02:00,4147.73,4150.87,4147.18,4150.48,199,35,0
2026.06.10 12:03:00,4150.49,4152.44,4148.64,4149.12,199,35,0
2026.06.10 12:04:00,4149.2,4149.87,4146.79,4146.89,190,35,0
2026.06.10 12:05:00,4147.18,4150.72,4147.08,4150.72,200,35,0
2026.06.10 12:06:00,4150.56,4150.56,4147.06,4148.15,192,35,0
2026.06.10 12:07:00,4148.2,4148.34,4145.23,4147.24,197,35,0
2026.06.10 12:08:00,4147.25,4147.84,4145.04,4145.79,198,35,0
2026.06.10 12:09:00,4145.78,4147.26,4144.64,4144.97,193,35,0
2026.06.10 12:10:00,4144.9,4145.02,4139.87,4139.87,192,35,0
2026.06.10 12:11:00,4140.17,4141.89,4139.93,4140.44,201,35,0
2026.06.10 12:12:00,4140.32,4141.41,4134.96,4136.82,206,35,0
2026.06.10 12:13:00,4136.67,4141.5,4135.56,4138.57,211,35,0
2026.06.10 12:14:00,4138.43,4138.43,4134.56,4136.2,207,35,0
2026.06.10 12:15:00,4135.9,4141.99,4135.83,4137.21,219,35,0
2026.06.10 12:16:00,4137.24,4141.63,4137.24,4140.57,198,35,0
2026.06.10 12:17:00,4140.73,4142.75,4139.73,4142.31,190,35,0
2026.06.10 12:18:00,4142.32,4142.32,4136.04,4136.85,191,35,0
2026.06.10 12:19:00,4136.75,4138.09,4135.5,4136.29,188,35,0
2026.06.10 12:20:00,4136.22,4136.78,4133.93,4135.01,185,35,0
2026.06.10 12:21:00,4135.24,4137.34,4135.12,4135.57,184,35,0
2026.06.10 12:22:00,4135.6,4137.2,4134.95,4135.21,179,35,0
2026.06.10 12:23:00,4135.06,4135.67,4134.07,4134.93,187,35,0
2026.06.10 12:24:00,4135.04,4136.5,4133.88,4134.46,187,35,0
2026.06.10 12:25:00,4134.29,4138.99,4134.29,4138.88,185,35,0
2026.06.10 12:26:00,4139.09,4141.81,4138.18,4140.84,188,35,0
2026.06.10 12:27:00,4140.83,4140.83,4130.7,4134.04,215,35,0
2026.06.10 12:28:00,4134.05,4139.0,4134.05,4139.0,207,35,0
2026.06.10 12:29:00,4139.21,4142.0,4135.29,4140.74,186,35,0
2026.06.10 12:30:00,4141.45,4173.67,4139.86,4169.06,245,35,0
2026.06.10 12:31:00,4169.4,4170.77,4154.9,4155.37,230,35,0
2026.06.10 12:32:00,4155.63,4161.93,4154.34,4161.78,235,35,0
2026.06.10 12:33:00,4162.65,4170.69,4161.84,4165.7,235,35,0
2026.06.10 12:34:00,4166.33,4167.13,4158.37,4162.23,231,35,0
2026.06.10 12:35:00,4162.61,4164.13,4157.27,4157.39,232,35,0
2026.06.10 12:36:00,4158.21,4166.41,4155.82,4166.4,236,35,0
2026.06.10 12:37:00,4166.13,4172.81,4165.48,4166.06,222,35,0
2026.06.10 12:38:00,4166.25,4167.6,4163.29,4164.47,223,35,0
2026.06.10 12:39:00,4164.74,4166.11,4160.73,4160.75,218,35,0
2026.06.10 12:40:00,4160.86,4161.98,4155.18,4159.02,223,35,0
2026.06.10 12:41:00,4159.5,4165.03,4157.8,4164.54,230,35,0
2026.06.10 12:42:00,4164.45,4166.51,4158.45,4160.93,218,35,0
2026.06.10 12:43:00,4161.07,4163.52,4158.99,4160.61,212,35,0
2026.06.10 12:44:00,4160.56,4160.64,4158.04,4160.3,220,35,0
2026.06.10 12:45:00,4160.54,4160.85,4157.51,4159.27,218,35,0
2026.06.10 12:46:00,4159.13,4169.41,4158.88,4164.63,231,35,0
2026.06.10 12:47:00,4164.66,4165.4,4158.75,4159.02,216,35,0
2026.06.10 12:48:00,4159.87,4162.37,4158.08,4158.45,223,35,0
2026.06.10 12:49:00,4158.35,4159.31,4156.22,4157.6,206,35,0
2026.06.10 12:50:00,4157.99,4158.24,4153.56,4155.89,218,35,0
2026.06.10 12:51:00,4155.98,4155.98,4152.38,4153.67,222,35,0
2026.06.10 12:52:00,4153.89,4154.27,4148.78,4150.59,226,35,0
2026.06.10 12:53:00,4150.75,4155.13,4150.75,4153.38,204,35,0
2026.06.10 12:54:00,4153.27,4155.02,4150.86,4151.69,208,35,0
2026.06.10 12:55:00,4151.78,4152.68,4149.51,4150.2,201,35,0
2026.06.10 12:56:00,4150.25,4150.61,4143.48,4144.15,226,35,0
2026.06.10 12:57:00,4144.61,4147.56,4143.01,4143.4,216,35,0
2026.06.10 12:58:00,4143.34,4147.14,4142.23,4145.82,215,35,0
2026.06.10 12:59:00,4145.76,4148.02,4145.19,4146.8,203,35,0
2026.06.10 13:00:00,4146.92,4151.82,4144.88,4148.42,226,35,0
2026.06.10 13:01:00,4148.11,4155.88,4147.36,4154.46,215,35,0
2026.06.10 13:02:00,4154.36,4154.58,4151.06,4153.56,216,35,0
2026.06.10 13:03:00,4153.58,4156.16,4148.49,4151.97,217,35,0
2026.06.10 13:04:00,4151.96,4153.97,4150.83,4153.15,211,35,0
2026.06.10 13:05:00,4152.98,4153.65,4151.46,4152.49,208,35,0
2026.06.10 13:06:00,4152.46,4155.13,4152.16,4155.12,213,35,0
2026.06.10 13:07:00,4154.87,4156.36,4153.23,4153.77,205,35,0
2026.06.10 13:08:00,4154.28,4157.88,4153.71,4154.47,210,35,0
2026.06.10 13:09:00,4154.81,4155.13,4148.64,4154.11,216,35,0
2026.06.10 13:10:00,4154.46,4155.8,4148.94,4152.28,208,35,0
2026.06.10 13:11:00,4152.36,4157.03,4151.51,4155.2,208,35,0
2026.06.10 13:12:00,4155.21,4157.08,4154.24,4154.53,195,35,0
2026.06.10 13:13:00,4154.61,4156.1,4154.35,4155.05,194,35,0
2026.06.10 13:14:00,4155.26,4155.4,4150.17,4151.36,193,35,0
2026.06.10 13:15:00,4151.07,4151.07,4141.31,4142.01,210,35,0
2026.06.10 13:16:00,4141.82,4145.07,4136.56,4137.41,225,35,0
2026.06.10 13:17:00,4137.4,4139.89,4134.25,4138.65,221,35,0
2026.06.10 13:18:00,4138.58,4142.79,4138.24,4141.41,209,35,0
2026.06.10 13:19:00,4141.52,4142.21,4135.61,4135.63,205,35,0
2026.06.10 13:20:00,4134.9,4136.45,4132.89,4135.58,219,35,0
2026.06.10 13:21:00,4135.59,4138.47,4135.57,4136.11,215,35,0
2026.06.10 13:22:00,4136.04,4138.31,4135.01,4137.42,197,35,0
2026.06.10 13:23:00,4137.57,4139.69,4136.28,4139.37,201,35,0
2026.06.10 13:24:00,4139.49,4146.27,4139.0,4144.28,199,35,0
2026.06.10 13:25:00,4144.24,4149.61,4143.45,4148.31,202,35,0
2026.06.10 13:26:00,4148.34,4149.13,4146.75,4147.56,205,35,0
2026.06.10 13:27:00,4147.49,4150.1,4145.67,4149.87,204,35,0
2026.06.10 13:28:00,4149.92,4150.62,4148.23,4149.74,199,35,0
2026.06.10 13:29:00,4149.98,4151.0,4147.97,4149.68,211,35,0
2026.06.10 13:30:00,4147.55,4153.71,4147.4,4149.09,232,35,0
2026.06.10 13:31:00,4149.06,4151.57,4145.61,4151.1,229,35,0
2026.06.10 13:32:00,4151.18,4151.73,4145.92,4146.17,226,35,0
2026.06.10 13:33:00,4145.21,4147.07,4143.25,4144.78,221,35,0
2026.06.10 13:34:00,4144.16,4147.06,4142.76,4142.76,223,35,0
2026.06.10 13:35:00,4142.85,4154.3,4141.95,4152.73,230,35,0
2026.06.10 13:36:00,4152.57,4159.49,4151.46,4159.07,230,35,0
2026.06.10 13:37:00,4159.25,4164.76,4157.85,4161.53,231,35,0
2026.06.10 13:38:00,4161.59,4168.81,4160.58,4163.93,233,35,0
2026.06.10 13:39:00,4164.25,4168.57,4162.07,4166.13,226,35,0
2026.06.10 13:40:00,4165.9,4167.77,4163.98,4165.78,226,35,0
2026.06.10 13:41:00,4165.51,4169.33,4163.49,4169.33,225,35,0
2026.06.10 13:42:00,4169.21,4173.44,4167.19,4171.11,223,35,0
2026.06.10 13:43:00,4170.75,4174.23,4168.49,4172.25,216,35,0
2026.06.10 13:44:00,4172.14,4177.91,4172.14,4177.91,206,35,0
2026.06.10 13:45:00,4179.11,4185.36,4173.75,4184.32,227,35,0
2026.06.10 13:46:00,4184.16,4184.16,4175.91,4177.14,223,35,0
2026.06.10 13:47:00,4177.17,4178.62,4176.32,4177.16,217,35,0
2026.06.10 13:48:00,4177.46,4182.9,4177.4,4182.61,208,35,0
2026.06.10 13:49:00,4182.56,4185.56,4179.66,4185.56,224,35,0
2026.06.10 13:50:00,4185.69,4186.1,4178.22,4178.69,225,35,0
2026.06.10 13:51:00,4178.7,4181.17,4176.09,4177.66,229,35,0
2026.06.10 13:52:00,4177.55,4183.01,4177.36,4182.8,221,35,0
2026.06.10 13:53:00,4182.88,4186.07,4180.41,4180.73,228,35,0
2026.06.10 13:54:00,4180.69,4183.8,4178.57,4179.96,215,35,0
2026.06.10 13:55:00,4180.19,4181.0,4175.57,4176.74,217,35,0
2026.06.10 13:56:00,4177.11,4181.24,4176.93,4180.32,216,35,0
2026.06.10 13:57:00,4180.28,4183.87,4178.7,4180.04,218,35,0
2026.06.10 13:58:00,4180.25,4180.66,4176.34,4178.41,213,35,0
2026.06.10 13:59:00,4178.5,4180.1,4176.96,4179.49,215,35,0
2026.06.10 14:00:00,4179.72,4180.84,4174.25,4174.82,225,35,0
2026.06.10 14:01:00,4174.88,4177.11,4170.77,4171.64,226,35,0
2026.06.10 14:02:00,4171.58,4174.17,4170.72,4171.69,218,35,0
2026.06.10 14:03:00,4172.02,4179.46,4172.02,4176.93,224,35,0
2026.06.10 14:04:00,4176.85,4177.12,4171.12,4171.55,217,35,0
2026.06.10 14:05:00,4171.46,4172.94,4170.21,4171.51,214,35,0
2026.06.10 14:06:00,4171.58,4174.67,4171.26,4173.91,209,35,0
2026.06.10 14:07:00,4174.05,4174.94,4172.11,4173.39,216,35,0
2026.06.10 14:08:00,4173.94,4174.12,4170.89,4173.49,208,35,0
2026.06.10 14:09:00,4173.45,4176.31,4172.49,4173.39,201,35,0
2026.06.10 14:10:00,4173.38,4175.11,4170.55,4172.99,209,35,0
2026.06.10 14:11:00,4172.97,4177.75,4172.3,4175.37,215,35,0
2026.06.10 14:12:00,4175.79,4176.41,4174.44,4175.46,209,35,0
2026.06.10 14:13:00,4175.42,4179.91,4173.21,4178.9,219,35,0
2026.06.10 14:14:00,4178.86,4179.59,4172.73,4174.2,220,35,0
2026.06.10 14:15:00,4174.63,4175.01,4168.37,4168.54,224,35,0
2026.06.10 14:16:00,4168.51,4175.21,4167.87,4174.55,225,35,0
2026.06.10 14:17:00,4174.48,4174.48,4169.02,4169.41,217,35,0
2026.06.10 14:18:00,4169.42,4171.03,4168.47,4169.33,203,35,0
2026.06.10 14:19:00,4169.31,4169.53,4167.32,4168.37,209,35,0
2026.06.10 14:20:00,4168.17,4170.6,4165.75,4166.11,205,35,0
2026.06.10 14:21:00,4166.18,4166.18,4162.63,4164.86,212,35,0
2026.06.10 14:22:00,4164.62,4166.05,4162.78,4165.05,210,35,0
2026.06.10 14:23:00,4165.2,4166.24,4162.78,4165.37,204,35,0
2026.06.10 14:24:00,4165.73,4172.85,4165.53,4170.29,210,35,0
2026.06.10 14:25:00,4169.79,4171.5,4165.01,4165.19,220,35,0
2026.06.10 14:26:00,4165.35,4167.3,4164.18,4167.26,202,35,0
2026.06.10 14:27:00,4167.41,4167.52,4163.96,4165.04,207,35,0
2026.06.10 14:28:00,4165.0,4165.58,4159.39,4160.05,216,35,0
2026.06.10 14:29:00,4160.24,4161.84,4159.72,4161.16,214,35,0
2026.06.10 14:30:00,4161.01,4163.25,4159.76,4161.43,215,35,0
2026.06.10 14:31:00,4161.41,4161.41,4155.4,4155.46,212,35,0
2026.06.10 14:32:00,4155.44,4160.1,4155.44,4160.05,207,35,0
2026.06.10 14:33:00,4160.51,4160.51,4157.33,4157.84,211,35,0
2026.06.10 14:34:00,4157.75,4161.16,4156.8,4160.16,213,35,0
2026.06.10 14:35:00,4160.67,4162.39,4157.66,4157.66,212,35,0
2026.06.10 14:36:00,4157.56,4157.65,4154.14,4154.45,210,35,0
2026.06.10 14:37:00,4154.75,4155.49,4152.85,4154.23,213,35,0
2026.06.10 14:38:00,4154.19,4155.86,4153.92,4154.35,199,35,0
2026.06.10 14:39:00,4154.36,4158.22,4154.32,4157.75,207,35,0
2026.06.10 14:40:00,4157.53,4159.45,4156.0,4159.17,210,35,0
2026.06.10 14:41:00,4159.18,4161.32,4158.36,4160.22,206,35,0
2026.06.10 14:42:00,4160.19,4160.57,4155.95,4156.08,204,35,0
2026.06.10 14:43:00,4155.89,4156.77,4152.68,4153.16,202,35,0
2026.06.10 14:44:00,4153.14,4153.37,4149.72,4149.79,210,35,0
2026.06.10 14:45:00,4149.81,4151.53,4147.7,4149.6,214,35,0
2026.06.10 14:46:00,4149.63,4150.23,4148.27,4149.92,204,35,0
2026.06.10 14:47:00,4149.93,4150.96,4147.55,4147.61,203,35,0
2026.06.10 14:48:00,4147.54,4147.7,4140.72,4140.72,214,35,0
2026.06.10 14:49:00,4140.63,4142.82,4138.02,4140.37,213,35,0
2026.06.10 14:50:00,4140.12,4141.62,4137.59,4139.9,217,35,0
2026.06.10 14:51:00,4139.73,4142.77,4138.8,4139.9,214,35,0
2026.06.10 14:52:00,4139.72,4139.79,4137.38,4139.36,214,35,0
2026.06.10 14:53:00,4139.31,4142.61,4139.02,4140.24,209,35,0
2026.06.10 14:54:00,4140.45,4141.27,4137.43,4138.04,218,35,0
2026.06.10 14:55:00,4137.92,4138.72,4133.91,4134.15,221,35,0
2026.06.10 14:56:00,4134.5,4134.53,4125.75,4127.36,235,35,0
2026.06.10 14:57:00,4127.6,4128.63,4118.34,4118.95,230,35,0
2026.06.10 14:58:00,4119.06,4122.36,4117.94,4120.12,228,35,0
2026.06.10 14:59:00,4120.14,4125.19,4119.27,4124.83,226,35,0
2026.06.10 15:00:00,4125.15,4128.54,4122.99,4124.48,233,35,0
2026.06.10 15:01:00,4123.85,4136.04,4123.85,4136.04,229,35,0
2026.06.10 15:02:00,4135.8,4136.42,4131.82,4132.38,230,35,0
2026.06.10 15:03:00,4132.6,4134.12,4128.86,4128.86,221,35,0
2026.06.10 15:04:00,4129.25,4129.65,4125.88,4129.03,211,35,0
2026.06.10 15:05:00,4129.11,4129.11,4122.14,4124.17,220,35,0
2026.06.10 15:06:00,4124.14,4126.81,4123.8,4124.19,214,35,0
2026.06.10 15:07:00,4123.86,4129.18,4123.86,4128.48,211,35,0
2026.06.10 15:08:00,4128.55,4128.55,4124.56,4126.17,209,35,0
2026.06.10 15:09:00,4126.24,4128.26,4125.88,4126.48,214,35,0
2026.06.10 15:10:00,4126.44,4127.32,4121.93,4122.01,221,35,0
2026.06.10 15:11:00,4121.85,4123.62,4119.12,4121.79,214,35,0
2026.06.10 15:12:00,4121.75,4122.61,4119.87,4122.23,213,35,0
2026.06.10 15:13:00,4122.39,4126.39,4122.23,4123.35,225,35,0
2026.06.10 15:14:00,4123.36,4125.36,4122.7,4123.45,215,35,0
2026.06.10 15:15:00,4123.28,4124.05,4117.63,4119.08,217,35,0
2026.06.10 15:16:00,4119.06,4122.66,4118.26,4121.76,211,35,0
2026.06.10 15:17:00,4121.68,4121.68,4117.63,4118.14,215,35,0
2026.06.10 15:18:00,4118.07,4119.42,4114.45,4114.55,221,35,0
2026.06.10 15:19:00,4114.62,4115.97,4113.41,4115.52,215,35,0
2026.06.10 15:20:00,4115.47,4124.66,4115.46,4124.21,219,35,0
2026.06.10 15:21:00,4124.17,4126.94,4122.61,4126.75,221,35,0
2026.06.10 15:22:00,4126.64,4128.72,4125.56,4128.45,217,35,0
2026.06.10 15:23:00,4128.36,4131.58,4127.98,4131.58,216,35,0
2026.06.10 15:24:00,4131.66,4133.79,4129.49,4130.29,220,35,0
2026.06.10 15:25:00,4130.06,4134.16,4128.87,4133.18,214,35,0
2026.06.10 15:26:00,4133.49,4135.96,4131.31,4131.87,216,35,0
2026.06.10 15:27:00,4131.91,4132.58,4129.42,4130.65,214,35,0
2026.06.10 15:28:00,4131.13,4136.85,4130.7,4134.12,222,35,0
2026.06.10 15:29:00,4134.03,4134.03,4127.63,4127.76,213,35,0
2026.06.10 15:30:00,4128.02,4130.39,4125.78,4129.02,223,35,0
2026.06.10 15:31:00,4129.06,4129.21,4126.31,4126.41,218,35,0
2026.06.10 15:32:00,4126.47,4131.09,4125.66,4129.89,210,35,0
2026.06.10 15:33:00,4129.81,4129.81,4123.82,4124.09,215,35,0
2026.06.10 15:34:00,4124.18,4129.31,4123.71,4128.06,216,35,0
2026.06.10 15:35:00,4128.08,4129.4,4125.68,4126.11,211,35,0
2026.06.10 15:36:00,4126.07,4130.65,4125.71,4129.71,209,35,0
2026.06.10 15:37:00,4129.76,4130.15,4125.26,4125.41,208,35,0
2026.06.10 15:38:00,4125.54,4126.31,4123.09,4123.55,209,35,0
2026.06.10 15:39:00,4123.49,4126.41,4122.43,4124.5,209,35,0
2026.06.10 15:40:00,4124.47,4124.47,4121.9,4122.53,218,35,0
2026.06.10 15:41:00,4122.4,4127.86,4122.09,4126.67,214,35,0
2026.06.10 15:42:00,4126.68,4126.69,4122.58,4122.69,215,35,0
2026.06.10 15:43:00,4122.71,4129.23,4122.69,4128.34,209,35,0
2026.06.10 15:44:00,4128.3,4129.92,4127.2,4128.67,210,35,0
2026.06.10 15:45:00,4128.59,4129.29,4124.97,4127.25,212,35,0
2026.06.10 15:46:00,4127.23,4131.06,4126.2,4129.53,207,35,0
2026.06.10 15:47:00,4129.36,4130.11,4117.21,4121.3,211,35,0
2026.06.10 15:48:00,4121.08,4122.77,4108.5,4115.03,241,35,0
2026.06.10 15:49:00,4115.15,4123.4,4114.06,4118.09,230,35,0
2026.06.10 15:50:00,4117.42,4121.68,4109.53,4110.79,237,35,0
2026.06.10 15:51:00,4110.93,4114.47,4106.86,4107.52,232,35,0
2026.06.10 15:52:00,4108.01,4113.65,4106.77,4113.51,231,35,0
2026.06.10 15:53:00,4113.32,4120.61,4111.87,4119.99,230,35,0
2026.06.10 15:54:00,4120.18,4125.7,4119.23,4120.31,221,35,0
2026.06.10 15:55:00,4120.01,4120.67,4117.55,4118.26,219,35,0
2026.06.10 15:56:00,4118.31,4120.1,4115.49,4117.26,223,35,0
2026.06.10 15:57:00,4117.44,4125.46,4116.91,4125.01,218,35,0
2026.06.10 15:58:00,4125.17,4125.72,4123.09,4123.67,217,35,0
2026.06.10 15:59:00,4123.62,4128.93,4123.36,4128.77,212,35,0
2026.06.10 16:00:00,4129.53,4131.59,4128.54,4128.54,223,35,0
2026.06.10 16:01:00,4128.11,4128.36,4122.87,4124.55,215,35,0
2026.06.10 16:02:00,4124.57,4126.85,4123.65,4123.84,207,35,0
2026.06.10 16:03:00,4123.85,4126.56,4123.72,4126.31,210,35,0
2026.06.10 16:04:00,4126.23,4129.49,4125.22,4126.73,202,35,0
2026.06.10 16:05:00,4126.66,4128.13,4125.39,4125.59,199,35,0
2026.06.10 16:06:00,4125.56,4130.76,4124.79,4130.76,204,35,0
2026.06.10 16:07:00,4130.84,4131.22,4128.94,4129.3,198,35,0
2026.06.10 16:08:00,4129.27,4130.09,4125.89,4126.25,207,35,0
2026.06.10 16:09:00,4126.06,4130.63,4124.25,4130.09,196,35,0
2026.06.10 16:10:00,4130.05,4130.05,4126.3,4126.64,201,35,0
2026.06.10 16:11:00,4126.53,4128.33,4125.33,4126.48,202,35,0
2026.06.10 16:12:00,4126.54,4129.38,4126.48,4127.75,197,35,0
2026.06.10 16:13:00,4127.9,4131.26,4127.4,4130.74,197,35,0
2026.06.10 16:14:00,4130.79,4132.9,4128.8,4129.22,200,35,0
2026.06.10 16:15:00,4129.1,4130.66,4128.01,4129.04,191,35,0
2026.06.10 16:16:00,4129.01,4133.87,4128.73,4131.73,200,35,0
2026.06.10 16:17:00,4131.69,4132.54,4129.89,4130.02,205,35,0
2026.06.10 16:18:00,4130.25,4130.86,4128.49,4129.14,187,35,0
2026.06.10 16:19:00,4129.16,4132.92,4127.93,4132.92,203,35,0
2026.06.10 16:20:00,4133.07,4134.57,4130.65,4130.75,207,35,0
2026.06.10 16:21:00,4130.72,4132.38,4128.41,4132.23,206,35,0
2026.06.10 16:22:00,4132.26,4133.3,4130.47,4132.44,197,35,0
2026.06.10 16:23:00,4132.32,4133.67,4131.04,4133.32,188,35,0
2026.06.10 16:24:00,4133.51,4133.7,4129.43,4129.73,198,35,0
2026.06.10 16:25:00,4129.9,4130.14,4127.42,4129.26,199,35,0
2026.06.10 16:26:00,4129.23,4132.2,4128.68,4131.54,198,35,0
2026.06.10 16:27:00,4131.58,4132.33,4130.13,4130.74,189,35,0
2026.06.10 16:28:00,4130.29,4132.01,4128.89,4129.36,197,35,0
2026.06.10 16:29:00,4129.56,4129.8,4125.96,4127.5,193,35,0
2026.06.10 16:30:00,4127.7,4129.96,4125.89,4126.07,198,35,0
2026.06.10 16:31:00,4125.98,4127.97,4124.87,4124.99,201,35,0
2026.06.10 16:32:00,4124.37,4124.44,4121.06,4122.24,205,35,0
2026.06.10 16:33:00,4122.62,4123.8,4122.03,4122.39,188,35,0
2026.06.10 16:34:00,4122.56,4129.65,4122.43,4129.12,212,35,0
2026.06.10 16:35:00,4129.3,4130.1,4126.22,4127.7,209,35,0
2026.06.10 16:36:00,4127.57,4129.31,4126.35,4129.13,204,35,0
2026.06.10 16:37:00,4129.16,4132.08,4128.62,4130.61,204,35,0
2026.06.10 16:38:00,4130.55,4130.9,4129.36,4129.36,187,35,0
2026.06.10 16:39:00,4129.42,4129.42,4125.96,4127.87,207,35,0
2026.06.10 16:40:00,4127.61,4128.18,4126.26,4126.56,196,35,0
2026.06.10 16:41:00,4126.66,4127.0,4123.32,4124.29,193,35,0
2026.06.10 16:42:00,4124.19,4124.49,4120.81,4121.4,194,35,0
2026.06.10 16:43:00,4121.32,4123.19,4120.7,4121.22,199,35,0
2026.06.10 16:44:00,4121.19,4122.97,4120.53,4122.19,184,35,0
2026.06.10 16:45:00,4122.0,4122.8,4120.26,4120.53,196,35,0
2026.06.10 16:46:00,4120.3,4121.34,4119.21,4120.25,207,35,0
2026.06.10 16:47:00,4120.24,4120.24,4115.95,4116.73,206,35,0
2026.06.10 16:48:00,4116.91,4120.29,4116.91,4119.86,208,35,0
2026.06.10 16:49:00,4119.78,4121.09,4119.21,4120.34,187,35,0
2026.06.10 16:50:00,4120.05,4120.6,4117.89,4119.67,197,35,0
2026.06.10 16:51:00,4119.64,4121.98,4119.02,4121.63,192,35,0
2026.06.10 16:52:00,4121.73,4122.18,4120.6,4121.64,199,35,0
2026.06.10 16:53:00,4121.59,4123.03,4119.77,4120.26,187,35,0
2026.06.10 16:54:00,4120.18,4120.6,4118.96,4120.22,182,35,0
2026.06.10 16:55:00,4120.23,4120.23,4117.24,4118.2,197,35,0
2026.06.10 16:56:00,4118.13,4120.24,4117.81,4120.23,190,35,0
2026.06.10 16:57:00,4120.08,4121.06,4119.16,4120.88,197,35,0
2026.06.10 16:58:00,4120.9,4121.33,4119.57,4120.81,187,35,0
2026.06.10 16:59:00,4120.7,4122.14,4120.68,4121.87,176,35,0
2026.06.10 17:00:00,4121.85,4125.34,4121.31,4125.02,195,35,0
2026.06.10 17:01:00,4125.07,4125.07,4122.51,4123.53,175,43,0
2026.06.10 17:02:00,4123.59,4130.28,4123.59,4129.88,187,43,0
2026.06.10 17:03:00,4129.75,4134.87,4129.67,4132.6,198,43,0
2026.06.10 17:04:00,4132.63,4132.84,4131.17,4132.08,185,43,0
2026.06.10 17:05:00,4132.09,4132.3,4124.58,4125.15,198,43,0
2026.06.10 17:06:00,4125.06,4126.77,4124.61,4125.37,196,43,0
2026.06.10 17:07:00,4125.49,4126.57,4124.03,4124.71,195,43,0
2026.06.10 17:08:00,4124.81,4124.97,4120.84,4121.41,206,43,0
2026.06.10 17:09:00,4121.42,4121.62,4119.04,4120.08,196,43,0
2026.06.10 17:10:00,4119.95,4120.23,4115.08,4116.6,205,43,0
2026.06.10 17:11:00,4116.3,4117.26,4114.69,4116.55,192,43,0
2026.06.10 17:12:00,4116.46,4117.81,4115.15,4117.32,189,43,0
2026.06.10 17:13:00,4117.3,4119.74,4116.55,4118.43,194,43,0
2026.06.10 17:14:00,4118.64,4118.64,4116.02,4117.88,194,43,0
2026.06.10 17:15:00,4117.85,4120.06,4116.62,4116.64,191,43,0
2026.06.10 17:16:00,4116.71,4119.06,4115.75,4118.27,184,43,0
2026.06.10 17:17:00,4118.28,4118.97,4114.97,4115.37,187,43,0
2026.06.10 17:18:00,4115.42,4116.43,4114.43,4115.43,197,43,0
2026.06.10 17:19:00,4115.52,4116.21,4113.2,4113.67,194,43,0
2026.06.10 17:20:00,4113.78,4115.87,4113.57,4115.77,188,43,0
2026.06.10 17:21:00,4115.8,4116.28,4114.47,4115.36,189,43,0
2026.06.10 17:22:00,4115.38,4115.57,4110.36,4111.18,201,43,0
2026.06.10 17:23:00,4111.01,4113.49,4110.89,4112.64,207,43,0
2026.06.10 17:24:00,4112.41,4112.74,4110.02,4111.72,209,43,0
2026.06.10 17:25:00,4111.43,4113.5,4111.29,4112.48,191,43,0
2026.06.10 17:26:00,4112.47,4113.64,4110.91,4113.5,198,43,0
2026.06.10 17:27:00,4113.51,4114.1,4111.96,4112.32,186,43,0
2026.06.10 17:28:00,4112.01,4115.22,4112.01,4114.22,189,43,0
2026.06.10 17:29:00,4113.1,4113.1,4109.12,4110.91,213,43,0
2026.06.10 17:30:00,4111.0,4111.0,4105.68,4106.35,211,43,0
2026.06.10 17:31:00,4106.35,4109.75,4106.34,4107.16,193,43,0
2026.06.10 17:32:00,4107.17,4110.38,4105.72,4109.06,211,43,0
2026.06.10 17:33:00,4109.05,4109.88,4107.84,4108.55,196,43,0
2026.06.10 17:34:00,4108.62,4112.35,4107.92,4111.1,204,43,0
2026.06.10 17:35:00,4111.09,4111.8,4109.17,4110.96,206,43,0
2026.06.10 17:36:00,4111.0,4111.03,4106.47,4106.93,178,43,0
2026.06.10 17:37:00,4106.98,4109.01,4106.73,4107.9,187,43,0
2026.06.10 17:38:00,4107.83,4107.9,4105.37,4106.24,202,43,0
2026.06.10 17:39:00,4106.17,4107.58,4104.97,4105.18,192,43,0
2026.06.10 17:40:00,4105.25,4106.27,4104.26,4104.57,191,43,0
2026.06.10 17:41:00,4104.58,4105.65,4104.1,4105.22,190,43,0
2026.06.10 17:42:00,4105.24,4106.1,4104.49,4104.94,178,43,0
2026.06.10 17:43:00,4104.95,4105.11,4104.09,4104.78,179,43,0
2026.06.10 17:44:00,4104.48,4105.75,4101.84,4102.24,194,43,0
2026.06.10 17:45:00,4102.3,4104.45,4100.79,4103.84,219,43,0
2026.06.10 17:46:00,4103.98,4110.87,4103.98,4110.62,223,43,0
2026.06.10 17:47:00,4110.68,4110.68,4107.68,4110.05,200,43,0
2026.06.10 17:48:00,4110.02,4111.95,4108.39,4111.65,202,43,0
2026.06.10 17:49:00,4111.8,4112.4,4110.39,4111.33,202,43,0
2026.06.10 17:50:00,4111.27,4113.21,4104.99,4109.72,220,43,0
2026.06.10 17:51:00,4110.08,4110.59,4106.92,4107.63,211,43,0
2026.06.10 17:52:00,4107.68,4108.93,4106.07,4106.31,202,43,0
2026.06.10 17:53:00,4106.34,4109.06,4106.34,4109.01,191,43,0
2026.06.10 17:54:00,4109.02,4111.01,4108.52,4109.74,200,43,0
2026.06.10 17:55:00,4109.68,4112.9,4109.23,4112.1,195,43,0
2026.06.10 17:56:00,4112.11,4113.1,4109.9,4113.05,196,43,0
2026.06.10 17:57:00,4113.26,4113.42,4109.27,4109.27,189,43,0
2026.06.10 17:58:00,4109.31,4112.22,4109.31,4112.15,191,43,0
2026.06.10 17:59:00,4112.12,4112.44,4110.8,4111.58,192,43,0
2026.06.10 18:00:00,4111.57,4117.07,4111.57,4116.24,195,43,0
2026.06.10 18:01:00,4116.32,4116.32,4114.69,4115.31,202,43,0
2026.06.10 18:02:00,4115.21,4119.3,4114.89,4118.65,189,43,0
2026.06.10 18:03:00,4118.57,4119.14,4117.44,4118.87,194,43,0
2026.06.10 18:04:00,4118.85,4120.35,4118.27,4119.72,200,43,0
2026.06.10 18:05:00,4119.7,4120.36,4117.86,4119.08,195,43,0
2026.06.10 18:06:00,4118.94,4119.27,4117.43,4117.44,186,43,0
2026.06.10 18:07:00,4117.59,4118.87,4115.69,4115.74,197,43,0
2026.06.10 18:08:00,4115.97,4118.13,4115.1,4116.74,192,43,0
2026.06.10 18:09:00,4116.82,4116.83,4114.35,4114.38,178,43,0
2026.06.10 18:10:00,4114.53,4116.63,4114.53,4115.75,176,43,0
2026.06.10 18:11:00,4115.8,4116.85,4115.41,4116.44,177,43,0
2026.06.10 18:12:00,4116.49,4117.69,4116.03,4116.85,182,43,0
2026.06.10 18:13:00,4116.86,4116.86,4115.01,4115.91,184,43,0
2026.06.10 18:14:00,4115.93,4116.9,4115.64,4115.79,183,43,0
2026.06.10 18:15:00,4115.78,4118.0,4115.66,4116.83,185,43,0
2026.06.10 18:16:00,4116.88,4117.58,4115.38,4115.64,175,43,0
2026.06.10 18:17:00,4115.67,4115.69,4112.66,4112.69,194,43,0
2026.06.10 18:18:00,4112.7,4113.63,4110.26,4110.97,188,43,0
2026.06.10 18:19:00,4111.2,4112.75,4111.13,4112.38,179,43,0
2026.06.10 18:20:00,4112.34,4113.48,4112.29,4112.89,173,43,0
2026.06.10 18:21:00,4112.53,4114.95,4112.24,4112.3,187,43,0
2026.06.10 18:22:00,4112.37,4113.58,4111.01,4111.83,182,43,0
2026.06.10 18:23:00,4111.85,4113.6,4111.36,4112.88,189,43,0
2026.06.10 18:24:00,4112.85,4113.84,4112.43,4112.71,175,43,0
2026.06.10 18:25:00,4112.68,4112.99,4109.58,4110.57,187,43,0
2026.06.10 18:26:00,4110.33,4113.03,4110.17,4112.23,179,43,0
2026.06.10 18:27:00,4111.86,4112.11,4110.36,4111.88,184,43,0
2026.06.10 18:28:00,4112.08,4114.45,4112.08,4114.01,193,43,0
2026.06.10 18:29:00,4114.03,4114.85,4112.04,4112.25,191,43,0
2026.06.10 18:30:00,4112.56,4112.56,4110.47,4111.5,178,43,0
2026.06.10 18:31:00,4111.3,4111.35,4109.53,4110.18,178,43,0
2026.06.10 18:32:00,4110.14,4111.97,4110.1,4110.55,190,43,0
2026.06.10 18:33:00,4110.51,4111.43,4110.12,4110.12,192,43,0
2026.06.10 18:34:00,4110.13,4110.2,4108.93,4109.19,182,43,0
2026.06.10 18:35:00,4109.1,4109.96,4106.95,4107.95,201,43,0
2026.06.10 18:36:00,4107.89,4109.42,4107.73,4108.74,188,43,0
2026.06.10 18:37:00,4108.67,4108.7,4107.11,4107.28,196,43,0
2026.06.10 18:38:00,4107.29,4107.78,4106.51,4107.48,187,43,0
2026.06.10 18:39:00,4107.45,4108.17,4106.98,4107.33,185,43,0
2026.06.10 18:40:00,4107.42,4108.72,4106.98,4108.3,176,43,0
2026.06.10 18:41:00,4108.33,4109.85,4106.96,4106.96,172,43,0
2026.06.10 18:42:00,4107.08,4108.1,4104.64,4104.84,189,43,0
2026.06.10 18:43:00,4104.85,4106.29,4104.72,4105.98,192,43,0
2026.06.10 18:44:00,4106.17,4106.58,4104.55,4104.85,186,43,0
2026.06.10 18:45:00,4104.94,4105.95,4104.38,4105.19,188,43,0
2026.06.10 18:46:00,4105.2,4105.88,4104.76,4105.04,172,43,0
2026.06.10 18:47:00,4105.07,4105.2,4104.08,4104.87,184,43,0
2026.06.10 18:48:00,4104.89,4107.6,4104.59,4106.52,191,43,0
2026.06.10 18:49:00,4106.54,4106.54,4104.28,4104.29,184,43,0
2026.06.10 18:50:00,4104.35,4104.36,4096.73,4097.49,219,43,0
2026.06.10 18:51:00,4097.56,4102.51,4097.52,4100.34,193,43,0
2026.06.10 18:52:00,4100.34,4102.09,4099.82,4101.87,185,43,0
2026.06.10 18:53:00,4101.82,4102.95,4101.82,4102.42,194,43,0
2026.06.10 18:54:00,4102.4,4102.67,4101.28,4101.37,175,43,0
2026.06.10 18:55:00,4101.36,4101.36,4099.06,4100.1,189,43,0
2026.06.10 18:56:00,4100.14,4101.36,4099.36,4101.08,173,43,0
2026.06.10 18:57:00,4101.11,4103.08,4101.05,4102.43,184,43,0
2026.06.10 18:58:00,4102.39,4102.67,4101.61,4102.02,186,43,0
2026.06.10 18:59:00,4102.01,4102.01,4100.16,4101.45,188,43,0
2026.06.10 19:00:00,4101.45,4101.91,4099.38,4099.44,190,43,0
2026.06.10 19:01:00,4099.37,4100.89,4099.05,4100.47,182,43,0
2026.06.10 19:02:00,4100.41,4100.41,4098.14,4099.47,185,43,0
2026.06.10 19:03:00,4099.8,4100.97,4099.22,4099.89,181,43,0
2026.06.10 19:04:00,4099.74,4099.95,4095.76,4096.16,192,43,0
2026.06.10 19:05:00,4096.04,4096.88,4095.3,4096.23,180,43,0
2026.06.10 19:06:00,4096.3,4099.04,4096.28,4098.22,181,43,0
2026.06.10 19:07:00,4098.21,4098.85,4095.89,4096.87,189,43,0
2026.06.10 19:08:00,4096.94,4097.47,4095.69,4096.24,178,43,0
2026.06.10 19:09:00,4096.27,4096.89,4094.73,4094.83,181,43,0
2026.06.10 19:10:00,4094.85,4094.87,4092.5,4093.06,178,43,0
2026.06.10 19:11:00,4092.81,4093.15,4089.55,4089.55,182,43,0
2026.06.10 19:12:00,4089.44,4090.9,4088.47,4089.15,187,43,0
2026.06.10 19:13:00,4089.21,4089.69,4087.37,4089.3,197,43,0
2026.06.10 19:14:00,4089.31,4089.47,4087.19,4088.8,188,43,0
2026.06.10 19:15:00,4088.83,4090.22,4087.42,4089.52,187,43,0
2026.06.10 19:16:00,4089.58,4091.92,4089.33,4090.7,201,43,0
2026.06.10 19:17:00,4090.76,4091.0,4089.36,4090.77,174,43,0
2026.06.10 19:18:00,4090.78,4091.21,4089.5,4090.81,187,43,0
2026.06.10 19:19:00,4090.55,4091.07,4089.44,4089.73,174,43,0
2026.06.10 19:20:00,4089.72,4089.9,4088.59,4088.86,191,43,0
2026.06.10 19:21:00,4088.9,4089.76,4087.83,4088.66,168,43,0
2026.06.10 19:22:00,4088.64,4089.96,4088.55,4088.6,189,43,0
2026.06.10 19:23:00,4088.51,4088.51,4082.47,4083.41,199,43,0
2026.06.10 19:24:00,4083.34,4085.08,4082.96,4084.81,186,43,0
2026.06.10 19:25:00,4084.62,4084.82,4082.13,4082.2,176,43,0
2026.06.10 19:26:00,4082.09,4083.39,4081.92,4082.55,184,43,0
2026.06.10 19:27:00,4082.66,4083.1,4081.44,4083.1,201,43,0
2026.06.10 19:28:00,4083.29,4085.41,4082.64,4085.02,188,43,0
2026.06.10 19:29:00,4085.04,4085.78,4084.12,4084.75,180,43,0
2026.06.10 19:30:00,4084.87,4086.53,4083.64,4086.33,202,43,0
2026.06.10 19:31:00,4086.59,4088.9,4085.38,4086.94,200,43,0
2026.06.10 19:32:00,4086.92,4087.77,4086.01,4087.15,189,43,0
2026.06.10 19:33:00,4087.21,4087.69,4084.49,4085.24,191,43,0
2026.06.10 19:34:00,4085.21,4086.86,4085.21,4086.18,185,43,0
2026.06.10 19:35:00,4086.19,4086.68,4082.95,4083.6,197,43,0
2026.06.10 19:36:00,4083.59,4084.68,4082.12,4082.92,188,43,0
2026.06.10 19:37:00,4082.83,4084.96,4082.54,4084.96,189,43,0
2026.06.10 19:38:00,4085.09,4086.57,4084.31,4085.39,169,43,0
2026.06.10 19:39:00,4085.24,4087.05,4085.24,4086.25,191,43,0
2026.06.10 19:40:00,4086.2,4090.67,4086.07,4090.67,196,43,0
2026.06.10 19:41:00,4090.95,4091.06,4088.21,4089.45,178,43,0
2026.06.10 19:42:00,4089.46,4090.56,4088.23,4089.99,175,43,0
2026.06.10 19:43:00,4090.14,4091.59,4089.74,4091.55,186,43,0
2026.06.10 19:44:00,4091.51,4091.83,4089.81,4091.45,178,43,0
2026.06.10 19:45:00,4091.41,4092.15,4090.23,4091.08,192,43,0
2026.06.10 19:46:00,4091.0,4091.4,4088.29,4089.37,202,43,0
2026.06.10 19:47:00,4089.41,4089.75,4087.2,4087.6,207,43,0
2026.06.10 19:48:00,4087.49,4088.06,4085.52,4085.64,200,43,0
2026.06.10 19:49:00,4085.63,4088.32,4085.63,4088.25,178,43,0
2026.06.10 19:50:00,4088.04,4091.47,4085.61,4090.53,207,43,0
2026.06.10 19:51:00,4090.51,4090.51,4088.42,4089.74,199,43,0
2026.06.10 19:52:00,4089.78,4090.05,4087.98,4088.28,179,43,0
2026.06.10 19:53:00,4088.31,4088.62,4086.47,4088.24,199,43,0
2026.06.10 19:54:00,4088.21,4088.23,4086.42,4087.17,183,43,0
2026.06.10 19:55:00,4086.64,4086.64,4083.34,4083.79,199,43,0
2026.06.10 19:56:00,4083.53,4085.5,4083.2,4084.89,183,43,0
2026.06.10 19:57:00,4084.41,4085.17,4082.74,4082.74,189,43,0
2026.06.10 19:58:00,4082.67,4083.17,4081.61,4083.17,191,43,0
2026.06.10 19:59:00,4082.83,4083.89,4082.37,4082.59,199,43,0
2026.06.10 20:00:00,4082.24,4082.9,4080.76,4081.62,191,43,0
2026.06.10 20:01:00,4081.61,4081.73,4078.57,4078.57,179,43,0
2026.06.10 20:02:00,4078.7,4078.7,4076.95,4077.65,222,43,0
2026.06.10 20:03:00,4077.66,4078.44,4074.92,4077.55,210,43,0
2026.06.10 20:04:00,4077.59,4078.55,4076.78,4077.45,199,43,0
2026.06.10 20:05:00,4077.44,4077.74,4074.97,4076.17,176,43,0
2026.06.10 20:06:00,4076.15,4077.78,4075.8,4076.17,174,43,0
2026.06.10 20:07:00,4076.14,4076.35,4075.25,4075.79,179,43,0
2026.06.10 20:08:00,4075.77,4075.82,4072.71,4072.86,181,43,0
2026.06.10 20:09:00,4073.03,4073.14,4069.93,4071.02,203,43,0
2026.06.10 20:10:00,4070.98,4072.51,4070.4,4072.06,206,43,0
2026.06.10 20:11:00,4072.07,4072.07,4069.16,4071.01,161,43,0
2026.06.10 20:12:00,4071.06,4072.54,4070.82,4071.0,170,43,0
2026.06.10 20:13:00,4071.02,4073.53,4070.95,4072.34,160,43,0
2026.06.10 20:14:00,4072.33,4072.75,4071.51,4072.11,146,43,0
2026.06.10 20:15:00,4072.1,4073.58,4071.92,4073.05,139,43,0
2026.06.10 20:16:00,4073.04,4074.39,4071.96,4072.34,164,43,0
2026.06.10 20:17:00,4072.25,4073.67,4071.07,4073.58,191,43,0
2026.06.10 20:18:00,4073.6,4074.57,4072.79,4072.8,177,43,0
2026.06.10 20:19:00,4072.78,4074.14,4072.78,4073.88,146,43,0
2026.06.10 20:20:00,4073.85,4074.27,4073.04,4074.06,156,43,0
2026.06.10 20:21:00,4073.94,4076.87,4073.49,4076.83,191,43,0
2026.06.10 20:22:00,4076.75,4076.85,4075.36,4075.43,140,43,0
2026.06.10 20:23:00,4075.46,4076.8,4075.29,4076.47,150,43,0
2026.06.10 20:24:00,4076.45,4076.74,4076.01,4076.35,108,43,0
2026.06.10 20:25:00,4076.71,4078.05,4075.96,4078.05,153,43,0
2026.06.10 20:26:00,4078.15,4079.91,4077.93,4079.44,158,43,0
2026.06.10 20:27:00,4079.46,4079.51,4078.75,4078.81,143,43,0
2026.06.10 20:28:00,4078.8,4079.85,4078.65,4078.65,148,43,0
2026.06.10 20:29:00,4078.67,4078.88,4077.89,4078.28,128,43,0
2026.06.10 20:30:00,4078.26,4078.26,4076.12,4076.28,138,43,0
2026.06.10 20:31:00,4076.61,4077.09,4074.39,4075.1,143,52,0
2026.06.10 20:32:00,4075.11,4075.68,4074.92,4075.55,121,52,0
2026.06.10 20:33:00,4075.53,4077.19,4075.36,4076.48,143,52,0
2026.06.10 20:34:00,4076.49,4077.16,4075.83,4075.98,150,52,0
2026.06.10 20:35:00,4075.97,4076.33,4074.88,4074.92,105,52,0
2026.06.10 20:36:00,4074.96,4075.42,4074.72,4075.41,115,52,0
2026.06.10 20:37:00,4075.39,4076.81,4073.71,4076.41,100,52,0
2026.06.10 20:38:00,4076.4,4078.04,4076.34,4077.69,151,52,0
2026.06.10 20:39:00,4077.67,4077.68,4075.93,4076.23,94,52,0
2026.06.10 20:40:00,4076.08,4076.08,4075.16,4075.19,117,52,0
2026.06.10 20:41:00,4075.17,4075.43,4074.44,4074.76,145,52,0
2026.06.10 20:42:00,4074.87,4075.06,4074.17,4074.73,132,52,0
2026.06.10 20:43:00,4074.72,4074.82,4071.28,4071.52,157,52,0
2026.06.10 20:44:00,4071.37,4073.76,4071.37,4072.66,152,52,0
2026.06.10 20:45:00,4072.52,4072.59,4070.08,4070.13,153,52,0
2026.06.10 20:46:00,4070.09,4070.81,4068.13,4068.58,170,52,0
2026.06.10 20:47:00,4068.57,4070.05,4068.11,4068.11,188,52,0
2026.06.10 20:48:00,4068.1,4068.57,4067.49,4067.63,129,52,0
2026.06.10 20:49:00,4067.65,4068.12,4067.37,4067.77,133,52,0
2026.06.10 20:50:00,4067.73,4068.57,4067.01,4067.34,156,52,0
2026.06.10 20:51:00,4067.36,4068.25,4066.97,4067.84,114,52,0
2026.06.10 20:52:00,4067.81,4068.14,4067.2,4067.95,96,52,0
2026.06.10 20:53:00,4067.94,4067.99,4067.28,4067.62,116,52,0
2026.06.10 20:54:00,4067.59,4069.18,4067.47,4068.99,144,52,0
2026.06.10 20:55:00,4069.01,4069.92,4069.01,4069.63,127,48,0
2026.06.10 20:56:00,4069.56,4070.02,4069.0,4069.94,125,48,0
2026.06.10 20:57:00,4069.78,4070.44,4069.51,4070.34,114,48,0
2026.06.10 20:58:00,4070.28,4071.32,4069.56,4070.52,118,53,0
2026.06.10 22:01:00,4070.19,4071.49,4066.05,4066.05,74,43,0
2026.06.10 22:02:00,4066.08,4066.19,4059.77,4060.33,93,43,0
2026.06.10 22:03:00,4059.83,4061.88,4058.72,4061.74,99,43,0
2026.06.10 22:04:00,4061.79,4063.4,4060.77,4061.93,91,43,0
2026.06.10 22:05:00,4063.22,4063.32,4059.62,4059.62,150,43,0
2026.06.10 22:06:00,4059.71,4061.04,4055.3,4055.45,183,43,0
2026.06.10 22:07:00,4055.47,4056.61,4053.43,4053.73,244,43,0
2026.06.10 22:08:00,4053.64,4056.28,4053.07,4054.0,217,43,0
2026.06.10 22:09:00,4054.06,4054.6,4050.67,4050.95,181,43,0
2026.06.10 22:10:00,4051.07,4053.98,4050.26,4051.22,213,43,0
2026.06.10 22:11:00,4051.26,4051.67,4050.22,4050.44,228,43,0
2026.06.10 22:12:00,4050.69,4051.53,4050.29,4050.82,163,43,0
2026.06.10 22:13:00,4050.74,4054.19,4050.69,4053.79,198,43,0
2026.06.10 22:14:00,4053.8,4057.07,4052.71,4056.09,213,43,0
2026.06.10 22:15:00,4056.36,4057.05,4049.5,4049.69,250,43,0
2026.06.10 22:16:00,4049.84,4050.12,4043.98,4046.83,258,43,0
2026.06.10 22:17:00,4046.79,4047.18,4042.83,4044.22,233,43,0
2026.06.10 22:18:00,4044.34,4047.03,4043.95,4044.42,215,43,0
2026.06.10 22:19:00,4044.58,4048.16,4043.88,4047.44,200,43,0
2026.06.10 22:20:00,4047.45,4047.59,4039.54,4039.98,189,43,0
2026.06.10 22:21:00,4039.89,4042.39,4037.36,4037.38,249,43,0
2026.06.10 22:22:00,4037.49,4040.4,4036.1,4040.0,250,43,0
2026.06.10 22:23:00,4040.15,4043.2,4039.53,4040.92,267,43,0
2026.06.10 22:24:00,4041.0,4041.02,4037.81,4038.37,195,43,0
2026.06.10 22:25:00,4038.4,4041.3,4036.12,4040.34,221,43,0
2026.06.10 22:26:00,4040.29,4041.7,4038.75,4040.02,209,43,0
2026.06.10 22:27:00,4040.08,4041.5,4038.5,4040.14,187,43,0
2026.06.10 22:28:00,4040.17,4044.28,4039.91,4042.57,168,43,0
2026.06.10 22:29:00,4042.64,4044.78,4041.02,4044.57,190,43,0
2026.06.10 22:30:00,4044.6,4052.06,4044.56,4051.24,249,43,0
2026.06.10 22:31:00,4051.05,4052.09,4049.87,4051.25,196,43,0
2026.06.10 22:32:00,4051.1,4051.66,4049.68,4050.69,207,43,0
2026.06.10 22:33:00,4050.73,4054.32,4049.33,4050.9,200,43,0
2026.06.10 22:34:00,4050.92,4053.44,4049.95,4050.57,179,43,0
2026.06.10 22:35:00,4050.53,4054.61,4050.27,4054.61,180,43,0
2026.06.10 22:36:00,4054.65,4056.22,4054.52,4056.06,198,43,0
2026.06.10 22:37:00,4056.03,4062.84,4055.9,4062.33,186,43,0
2026.06.10 22:38:00,4062.31,4063.48,4061.16,4063.07,174,43,0
2026.06.10 22:39:00,4062.85,4066.04,4062.17,4065.21,215,43,0
2026.06.10 22:40:00,4065.23,4068.84,4063.85,4066.4,220,43,0
2026.06.10 22:41:00,4066.43,4066.43,4062.88,4062.88,192,43,0
2026.06.10 22:42:00,4062.88,4065.64,4061.37,4065.5,189,43,0
2026.06.10 22:43:00,4065.41,4067.88,4065.41,4067.79,149,43,0
2026.06.10 22:44:00,4067.83,4068.77,4060.06,4062.65,198,43,0
2026.06.10 22:45:00,4062.64,4063.38,4057.75,4060.59,193,43,0
2026.06.10 22:46:00,4060.62,4064.7,4058.77,4064.5,241,43,0
2026.06.10 22:47:00,4064.66,4066.52,4063.83,4064.59,215,43,0
2026.06.10 22:48:00,4064.52,4066.55,4062.06,4063.69,192,43,0
2026.06.10 22:49:00,4063.69,4063.69,4061.5,4061.96,203,43,0
2026.06.10 22:50:00,4061.99,4064.15,4059.13,4059.54,218,43,0
2026.06.10 22:51:00,4059.65,4060.47,4059.06,4060.0,204,43,0
2026.06.10 22:52:00,4060.02,4060.1,4058.79,4059.09,186,43,0
2026.06.10 22:53:00,4059.06,4059.41,4051.86,4053.28,218,43,0
2026.06.10 22:54:00,4053.3,4055.07,4052.97,4053.51,280,43,0
2026.06.10 22:55:00,4053.93,4054.05,4047.42,4050.54,260,43,0
2026.06.10 22:56:00,4050.59,4051.95,4049.57,4050.89,262,43,0
2026.06.10 22:57:00,4050.9,4051.84,4050.36,4050.96,202,43,0
2026.06.10 22:58:00,4050.93,4051.33,4047.29,4048.1,210,43,0
2026.06.10 22:59:00,4048.14,4048.14,4045.48,4046.17,183,43,0
2026.06.10 23:00:00,4046.33,4050.17,4044.23,4049.0,187,43,0
2026.06.10 23:01:00,4048.89,4051.3,4048.68,4049.69,172,43,0
2026.06.10 23:02:00,4049.67,4053.76,4049.47,4052.41,209,43,0
2026.06.10 23:03:00,4052.45,4052.5,4050.12,4050.53,200,43,0
2026.06.10 23:04:00,4050.5,4051.86,4048.79,4049.48,182,43,0
2026.06.10 23:05:00,4049.49,4050.14,4046.73,4048.49,184,43,0
2026.06.10 23:06:00,4048.21,4048.73,4046.16,4046.44,176,43,0
2026.06.10 23:07:00,4046.36,4046.56,4044.39,4044.7,194,43,0
2026.06.10 23:08:00,4044.77,4045.26,4042.99,4043.75,204,43,0
2026.06.10 23:09:00,4043.78,4044.66,4038.7,4040.4,233,43,0
2026.06.10 23:10:00,4040.42,4042.29,4040.06,4040.73,224,43,0
2026.06.10 23:11:00,4040.77,4042.35,4038.52,4039.64,213,43,0
2026.06.10 23:12:00,4039.7,4040.73,4032.11,4033.75,221,43,0
2026.06.10 23:13:00,4033.09,4033.61,4024.17,4024.68,230,43,0
2026.06.10 23:14:00,4024.58,4030.1,4023.69,4029.73,290,43,0
2026.06.10 23:15:00,4029.78,4032.78,4025.44,4030.03,289,43,0
2026.06.10 23:16:00,4029.9,4030.02,4024.83,4028.27,270,43,0
2026.06.10 23:17:00,4028.32,4031.4,4026.89,4029.02,291,43,0
2026.06.10 23:18:00,4029.09,4030.05,4027.94,4028.44,225,43,0
2026.06.10 23:19:00,4028.45,4041.9,4027.29,4039.02,212,43,0
2026.06.10 23:20:00,4038.68,4047.35,4037.0,4043.28,225,43,0
2026.06.10 23:21:00,4043.4,4046.4,4037.89,4043.83,212,43,0
2026.06.10 23:22:00,4043.8,4044.95,4041.37,4044.47,225,43,0
2026.06.10 23:23:00,4045.57,4046.29,4041.77,4041.77,220,43,0
2026.06.10 23:24:00,4041.75,4043.85,4041.05,4043.26,188,43,0
2026.06.10 23:25:00,4043.22,4050.01,4041.47,4047.82,200,43,0
2026.06.10 23:26:00,4047.7,4061.35,4046.97,4059.42,261,43,0
2026.06.10 23:27:00,4059.32,4061.99,4057.61,4060.89,217,43,0
2026.06.10 23:28:00,4060.83,4061.06,4057.99,4060.53,232,43,0
2026.06.10 23:29:00,4060.56,4064.61,4059.15,4061.49,219,43,0
2026.06.10 23:30:00,4061.49,4063.88,4059.51,4061.49,234,43,0
2026.06.10 23:31:00,4061.37,4062.18,4058.25,4058.33,245,43,0
2026.06.10 23:32:00,4058.35,4062.27,4057.39,4061.68,217,43,0
2026.06.10 23:33:00,4061.65,4061.98,4056.29,4056.29,187,43,0
2026.06.10 23:34:00,4056.26,4058.59,4056.25,4057.86,207,43,0
2026.06.10 23:35:00,4057.91,4061.75,4057.0,4060.0,182,43,0
2026.06.10 23:36:00,4060.56,4062.17,4059.62,4060.1,182,43,0
2026.06.10 23:37:00,4060.11,4063.37,4059.82,4062.42,164,43,0
2026.06.10 23:38:00,4062.39,4062.59,4059.52,4060.65,173,43,0
2026.06.10 23:39:00,4060.63,4060.97,4059.53,4060.66,159,43,0
2026.06.10 23:40:00,4060.65,4063.66,4059.18,4063.2,166,43,0
2026.06.10 23:41:00,4063.2,4064.27,4057.72,4059.96,196,43,0
2026.06.10 23:42:00,4059.85,4062.58,4059.28,4059.96,182,43,0
2026.06.10 23:43:00,4059.88,4061.85,4059.48,4059.91,149,43,0
2026.06.10 23:44:00,4059.84,4059.84,4054.66,4056.13,254,43,0
2026.06.10 23:45:00,4056.11,4056.29,4048.97,4049.19,239,43,0
2026.06.10 23:46:00,4049.16,4053.63,4048.99,4052.53,245,43,0
2026.06.10 23:47:00,4052.75,4057.27,4050.93,4057.27,206,43,0
2026.06.10 23:48:00,4057.16,4057.16,4050.21,4050.72,248,43,0
2026.06.10 23:49:00,4050.75,4052.34,4049.7,4050.07,224,43,0
2026.06.10 23:50:00,4050.05,4052.25,4048.88,4051.79,238,43,0
2026.06.10 23:51:00,4051.88,4051.88,4049.64,4049.77,190,43,0
2026.06.10 23:52:00,4049.77,4050.82,4049.56,4049.85,188,43,0
2026.06.10 23:53:00,4049.87,4052.26,4049.64,4051.98,207,43,0
2026.06.10 23:54:00,4052.0,4052.12,4049.94,4050.98,175,43,0
2026.06.10 23:55:00,4050.72,4051.33,4048.69,4049.73,226,43,0
2026.06.10 23:56:00,4049.64,4050.86,4046.65,4048.47,263,43,0
2026.06.10 23:57:00,4048.37,4048.37,4044.48,4046.69,222,43,0
2026.06.10 23:58:00,4047.07,4049.28,4047.0,4048.87,242,43,0
2026.06.10 23:59:00,4049.22,4052.24,4047.0,4047.05,202,43,0
2026.06.11 00:00:00,4048.17,4059.51,4046.51,4057.07,221,43,0
