time,open,high,low,close,volume,spread
2026.04.13 02:00:00,4721.22,4725.7,4718.86,4722.99,2758,42
2026.04.13 02:10:00,4722.99,4724.33,4719.59,4722.02,2411,41
2026.04.13 02:20:00,4722.02,4724.71,4719.18,4719.89,2011,41
2026.04.13 02:30:00,4719.88,4727.82,4715.95,4715.95,2940,42
2026.04.13 02:40:00,4715.8,4719.46,4711.11,4712.42,2778,35
2026.04.13 02:50:00,4712.42,4721.48,4711.3,4720.34,2384,42
2026.04.13 03:00:00,4720.32,4721.64,4712.5,4714.53,2226,35
2026.04.13 03:10:00,4714.56,4717.22,4712.05,4715.1,2463,42
2026.04.13 03:20:00,4715.1,4720.93,4713.72,4718.87,2456,41
2026.04.13 03:30:00,4718.9,4721.79,4717.37,4718.63,1880,42
2026.04.13 03:40:00,4718.63,4724.11,4718.48,4720.67,2009,35
2026.04.13 03:50:00,4720.58,4720.75,4717.27,4718.07,1372,42
2026.04.13 04:00:00,4718.07,4718.42,4707.96,4712.52,1753,42
2026.04.13 04:10:00,4712.53,4715.86,4710.62,4712.17,1651,42
2026.04.13 04:20:00,4712.18,4715.45,4709.63,4712.63,1431,42
2026.04.13 04:30:00,4712.63,4713.75,4708.91,4712.11,1725,42
2026.04.13 04:40:00,4712.12,4719.53,4712.12,4718.78,1676,42
2026.04.13 04:50:00,4718.72,4724.92,4717.98,4723.01,1933,42
2026.04.13 05:00:00,4723.0,4726.11,4720.02,4720.81,1955,42
2026.04.13 05:10:00,4721.02,4722.84,4716.89,4716.9,1789,42
2026.04.13 05:20:00,4716.89,4721.43,4716.25,4720.46,1722,42
2026.04.13 05:30:00,4720.02,4724.83,4717.9,4722.79,2508,35
2026.04.13 05:40:00,4722.79,4725.76,4720.1,4722.82,2656,42
2026.04.13 05:50:00,4722.83,4730.59,4720.45,4729.3,2526,42
2026.04.13 06:00:00,4729.32,4729.41,4723.53,4727.81,2776,35
2026.04.13 06:10:00,4727.87,4731.72,4724.34,4728.55,2825,42
2026.04.13 06:20:00,4728.52,4731.82,4725.3,4731.27,2522,35
2026.04.13 06:30:00,4731.46,4732.55,4725.42,4726.86,2484,35
2026.04.13 06:40:00,4726.88,4728.13,4721.06,4721.51,2493,37
2026.04.13 06:50:00,4721.55,4725.74,4721.0,4725.56,2312,42
2026.04.13 07:00:00,4725.75,4738.67,4725.68,4726.7,2938,35
2026.04.13 07:10:00,4726.64,4732.84,4724.85,4731.24,2579,35
2026.04.13 07:20:00,4731.23,4732.11,4727.09,4730.8,2297,35
2026.04.13 07:30:00,4730.96,4733.67,4727.42,4729.72,2392,35
2026.04.13 07:40:00,4729.72,4739.19,4728.43,4738.92,2434,35
2026.04.13 07:50:00,4738.87,4739.91,4728.32,4733.68,2781,35
2026.04.13 08:00:00,4733.61,4738.51,4732.18,4734.01,2819,35
2026.04.13 08:10:00,4734.14,4735.77,4729.94,4732.81,2379,35
2026.04.13 08:20:00,4732.81,4734.29,4730.06,4731.95,2130,35
2026.04.13 08:30:00,4731.96,4736.3,4729.07,4729.99,2241,35
2026.04.13 08:40:00,4729.95,4730.09,4720.18,4728.49,2594,35
2026.04.13 08:50:00,4728.39,4728.6,4723.15,4723.24,2194,35
2026.04.13 09:00:00,4723.24,4728.45,4717.49,4717.54,2456,35
2026.04.13 09:10:00,4717.54,4721.78,4715.92,4719.82,2476,35
2026.04.13 09:20:00,4719.77,4721.32,4713.94,4715.12,2131,35
2026.04.13 09:30:00,4715.18,4719.71,4710.93,4715.82,2497,35
2026.04.13 09:40:00,4715.82,4716.31,4710.41,4713.58,2263,35
2026.04.13 09:50:00,4713.56,4716.52,4711.97,4714.56,1795,35
2026.04.13 10:00:00,4714.59,4718.56,4713.51,4717.92,1995,35
2026.04.13 10:10:00,4717.91,4718.91,4712.42,4713.09,2057,35
2026.04.13 10:20:00,4713.08,4714.42,4708.33,4712.48,2164,35
2026.04.13 10:30:00,4712.57,4717.37,4711.67,4717.27,2097,35
2026.04.13 10:40:00,4717.27,4721.93,4714.62,4721.55,2039,35
2026.04.13 10:50:00,4721.55,4723.83,4719.28,4721.98,2311,35
2026.04.13 11:00:00,4722.1,4729.11,4720.88,4722.74,2764,35
2026.04.13 11:10:00,4722.73,4723.57,4719.96,4720.07,2318,35
2026.04.13 11:20:00,4720.05,4723.56,4718.36,4720.95,2171,35
2026.04.13 11:30:00,4720.95,4722.31,4710.63,4712.14,2448,35
2026.04.13 11:40:00,4712.09,4712.69,4703.35,4708.56,3092,35
2026.04.13 11:50:00,4708.56,4712.01,4704.98,4706.92,2968,35
2026.04.13 12:00:00,4706.83,4715.03,4703.53,4714.0,3127,35
2026.04.13 12:10:00,4713.98,4720.04,4713.45,4713.86,2662,35
2026.04.13 12:20:00,4714.1,4714.58,4703.83,4710.55,2937,35
2026.04.13 12:30:00,4710.55,4715.94,4708.78,4711.38,3055,35
2026.04.13 12:40:00,4711.35,4722.46,4710.59,4721.17,3040,35
2026.04.13 12:50:00,4721.16,4725.07,4719.34,4723.52,3013,35
2026.04.13 13:00:00,4723.51,4730.82,4722.61,4728.31,3676,35
2026.04.13 13:10:00,4728.43,4737.66,4726.07,4735.22,3491,35
2026.04.13 13:20:00,4735.18,4735.72,4728.73,4733.27,3045,35
2026.04.13 13:30:00,4733.49,4737.25,4726.9,4727.49,3810,35
2026.04.13 13:40:00,4727.44,4741.17,4722.63,4738.36,3812,35
2026.04.13 13:50:00,4738.68,4745.39,4721.45,4730.7,4183,35
2026.04.13 14:00:00,4730.3,4731.26,4720.43,4725.07,3927,35
2026.04.13 14:10:00,4725.05,4728.7,4717.12,4718.32,3783,35
2026.04.13 14:20:00,4718.34,4721.23,4709.71,4715.33,4066,35
2026.04.13 14:30:00,4715.31,4720.51,4708.68,4719.04,3727,35
2026.04.13 14:40:00,4719.04,4723.3,4714.67,4715.18,3419,35
2026.04.13 14:50:00,4715.09,4720.22,4710.08,4719.01,3559,35
2026.04.13 15:00:00,4719.03,4719.83,4699.85,4705.24,3972,35
2026.04.13 15:10:00,4705.29,4711.4,4703.17,4706.42,3550,35
2026.04.13 15:20:00,4706.64,4710.09,4702.92,4703.65,3480,35
2026.04.13 15:30:00,4703.65,4717.99,4702.16,4715.94,3538,35
2026.04.13 15:40:00,4716.08,4716.45,4710.77,4715.1,2956,35
2026.04.13 15:50:00,4715.11,4715.8,4711.88,4714.47,2649,35
2026.04.13 16:00:00,4714.46,4719.41,4709.23,4716.78,3203,35
2026.04.13 16:10:00,4716.78,4729.44,4715.34,4725.94,3298,35
2026.04.13 16:20:00,4725.95,4734.03,4722.54,4730.18,3459,35
2026.04.13 16:30:00,4730.0,4737.21,4728.48,4735.74,3741,35
2026.04.13 16:40:00,4735.57,4746.44,4730.04,4737.64,3897,35
2026.04.13 16:50:00,4737.64,4743.41,4732.14,4732.94,3411,35
2026.04.13 17:00:00,4732.97,4738.49,4725.45,4728.84,3152,35
2026.04.13 17:10:00,4728.75,4744.58,4728.69,4744.17,3028,35
2026.04.13 17:20:00,4744.22,4749.8,4741.35,4743.05,3466,42
2026.04.13 17:30:00,4743.0,4747.34,4742.69,4746.0,2856,42
2026.04.13 17:40:00,4745.99,4746.71,4736.77,4738.41,2495,42
2026.04.13 17:50:00,4738.41,4740.16,4727.36,4729.9,2922,41
2026.04.13 18:00:00,4729.97,4732.85,4728.83,4729.3,2428,35
2026.04.13 18:10:00,4729.31,4732.11,4724.6,4724.71,2682,42
2026.04.13 18:20:00,4724.67,4730.11,4722.91,4727.19,2540,35
2026.04.13 18:30:00,4726.96,4735.18,4726.55,4731.63,2809,42
2026.04.13 18:40:00,4731.67,4736.41,4730.7,4735.37,2626,42
2026.04.13 18:50:00,4735.43,4740.59,4733.92,4738.28,2862,35
2026.04.13 19:00:00,4738.24,4739.49,4730.51,4734.3,2724,35
2026.04.13 19:10:00,4734.27,4738.03,4732.31,4737.17,2235,42
2026.04.13 19:20:00,4737.17,4744.09,4736.84,4743.1,2082,35
2026.04.13 19:30:00,4743.07,4747.31,4741.49,4741.49,2471,35
2026.04.13 19:40:00,4741.47,4742.41,4738.87,4741.02,2275,42
2026.04.13 19:50:00,4741.2,4745.7,4739.56,4741.07,2755,36
2026.04.13 20:00:00,4741.07,4743.61,4739.65,4742.5,1380,42
2026.04.13 20:10:00,4742.58,4743.95,4741.29,4741.76,849,42
2026.04.13 20:20:00,4741.74,4743.71,4738.25,4739.21,1080,38
2026.04.13 20:30:00,4739.21,4740.44,4738.35,4738.43,1154,42
2026.04.13 20:40:00,4738.37,4740.96,4738.37,4738.98,979,42
2026.04.13 20:50:00,4738.97,4741.83,4738.1,4740.11,914,42
2026.04.13 22:00:00,4752.0,4753.25,4746.43,4748.18,1933,35
2026.04.13 22:10:00,4748.18,4751.91,4746.51,4748.58,1395,41
2026.04.13 22:20:00,4748.59,4748.88,4745.53,4748.58,830,41
2026.04.13 22:30:00,4748.58,4749.53,4746.27,4747.71,1506,42
2026.04.13 22:40:00,4747.7,4753.08,4747.68,4750.92,1777,35
2026.04.13 22:50:00,4750.9,4759.61,4750.9,4757.89,2035,35
2026.04.13 23:00:00,4757.9,4765.52,4757.9,4765.02,2378,42
2026.04.13 23:10:00,4764.84,4765.7,4759.69,4760.5,1747,42
2026.04.13 23:20:00,4760.51,4760.54,4754.43,4755.26,1704,35
2026.04.13 23:30:00,4755.3,4759.95,4754.26,4759.62,1821,42
2026.04.13 23:40:00,4759.6,4761.66,4758.3,4758.3,1865,42
2026.04.13 23:50:00,4758.34,4760.47,4756.52,4757.47,1672,42
2026.04.14 00:00:00,4757.65,4757.9,4751.62,4755.95,2842,42
2026.04.14 00:10:00,4756.07,4764.48,4755.34,4763.66,2584,35
2026.04.14 00:20:00,4764.33,4767.57,4759.77,4762.27,2539,35
2026.04.14 00:30:00,4762.28,4771.58,4761.29,4771.41,2485,35
2026.04.14 00:40:00,4771.53,4775.88,4768.31,4770.75,2478,41
2026.04.14 00:50:00,4770.77,4771.75,4768.7,4769.8,2104,42
2026.04.14 01:00:00,4769.8,4776.57,4762.45,4775.24,3874,35
2026.04.14 01:10:00,4775.26,4776.84,4770.56,4771.64,3378,42
2026.04.14 01:20:00,4771.66,4774.63,4769.72,4770.32,2833,42
2026.04.14 01:30:00,4770.29,4770.94,4764.18,4768.16,3028,37
2026.04.14 01:40:00,4768.16,4773.55,4767.11,4767.88,2650,42
2026.04.14 01:50:00,4767.91,4768.69,4761.7,4764.66,2693,42
2026.04.14 02:00:00,4764.58,4771.04,4762.73,4769.05,2856,42
2026.04.14 02:10:00,4769.05,4772.38,4767.45,4771.12,2170,41
2026.04.14 02:20:00,4771.13,4771.26,4768.2,4768.75,1430,42
2026.04.14 02:30:00,4768.74,4769.28,4762.03,4767.89,2660,42
2026.04.14 02:40:00,4767.91,4776.94,4766.68,4775.81,2674,42
2026.04.14 02:50:00,4775.87,4777.14,4773.13,4774.95,2235,42
2026.04.14 03:00:00,4774.96,4775.5,4768.82,4768.89,2244,41
2026.04.14 03:10:00,4768.88,4770.92,4766.43,4769.62,2444,42
2026.04.14 03:20:00,4769.68,4771.24,4765.88,4768.34,1996,42
2026.04.14 03:30:00,4768.29,4769.54,4765.52,4766.71,1700,41
2026.04.14 03:40:00,4766.69,4771.26,4765.61,4771.05,1608,42
2026.04.14 03:50:00,4771.03,4771.85,4767.46,4767.94,1644,42
2026.04.14 04:00:00,4768.25,4770.46,4766.96,4767.88,1367,41
2026.04.14 04:10:00,4767.88,4773.59,4767.77,4773.59,1264,42
2026.04.14 04:20:00,4773.6,4776.91,4773.47,4775.86,1880,35
2026.04.14 04:30:00,4775.87,4776.12,4771.36,4772.96,1615,42
2026.04.14 04:40:00,4772.96,4775.71,4771.59,4775.48,1450,42
2026.04.14 04:50:00,4775.47,4775.94,4773.6,4774.06,1230,42
2026.04.14 05:00:00,4774.04,4774.14,4767.05,4767.37,1881,42
2026.04.14 05:10:00,4767.34,4768.22,4763.2,4766.49,2316,41
2026.04.14 05:20:00,4766.4,4767.96,4761.71,4764.61,2000,35
2026.04.14 05:30:00,4764.63,4767.06,4758.11,4759.05,3180,35
2026.04.14 05:40:00,4759.05,4766.36,4757.95,4763.91,2894,42
2026.04.14 05:50:00,4763.65,4766.65,4759.86,4760.0,2736,42
2026.04.14 06:00:00,4760.15,4769.56,4760.03,4769.47,3022,40
2026.04.14 06:10:00,4769.47,4769.47,4763.23,4763.74,2435,42
2026.04.14 06:20:00,4763.76,4767.94,4763.76,4767.66,2430,42
2026.04.14 06:30:00,4767.62,4768.07,4764.26,4767.51,2144,42
2026.04.14 06:40:00,4767.49,4774.29,4767.25,4772.66,2644,38
2026.04.14 06:50:00,4772.58,4782.82,4770.93,4782.07,3377,35
2026.04.14 07:00:00,4782.04,4796.35,4780.87,4793.5,3796,35
2026.04.14 07:10:00,4793.48,4793.48,4784.62,4784.93,3276,35
2026.04.14 07:20:00,4784.95,4787.07,4767.98,4772.72,3513,35
2026.04.14 07:30:00,4772.67,4777.74,4771.75,4777.65,2773,35
2026.04.14 07:40:00,4777.66,4780.62,4773.96,4777.62,2948,35
2026.04.14 07:50:00,4777.5,4779.37,4773.81,4777.13,2833,35
2026.04.14 08:00:00,4776.97,4782.3,4774.19,4780.45,2906,35
2026.04.14 08:10:00,4780.47,4782.46,4777.83,4779.8,2780,35
2026.04.14 08:20:00,4779.73,4786.42,4775.48,4785.95,2942,35
2026.04.14 08:30:00,4785.95,4789.89,4784.98,4787.86,2929,35
2026.04.14 08:40:00,4787.83,4787.83,4782.55,4784.6,2679,35
2026.04.14 08:50:00,4784.59,4786.84,4781.37,4786.84,2358,35
2026.04.14 09:00:00,4786.91,4787.98,4780.19,4785.4,2598,35
2026.04.14 09:10:00,4785.41,4787.47,4783.65,4785.14,2275,35
2026.04.14 09:20:00,4785.15,4789.2,4778.62,4778.62,2535,35
2026.04.14 09:30:00,4778.66,4779.33,4771.76,4778.88,2932,35
2026.04.14 09:40:00,4778.86,4779.5,4772.92,4776.06,2351,35
2026.04.14 09:50:00,4776.08,4782.3,4775.8,4778.13,2635,35
2026.04.14 10:00:00,4778.18,4784.66,4778.18,4784.3,2411,35
2026.04.14 10:10:00,4784.46,4787.05,4780.12,4787.05,2413,35
2026.04.14 10:20:00,4787.05,4787.92,4780.43,4783.87,2305,35
2026.04.14 10:30:00,4783.81,4784.48,4752.29,4763.06,2748,35
2026.04.14 10:40:00,4763.07,4769.9,4756.84,4769.66,3079,35
2026.04.14 10:50:00,4769.68,4772.35,4768.27,4768.27,2565,35
2026.04.14 11:00:00,4768.33,4776.92,4766.81,4775.96,2952,35
2026.04.14 11:10:00,4776.01,4777.96,4775.2,4777.05,2370,35
2026.04.14 11:20:00,4777.06,4782.89,4776.65,4778.16,2460,35
2026.04.14 11:30:00,4778.48,4778.49,4773.28,4777.73,2771,35
2026.04.14 11:40:00,4777.74,4779.89,4775.12,4775.5,2483,35
2026.04.14 11:50:00,4775.4,4782.95,4770.38,4774.99,2844,35
2026.04.14 12:00:00,4774.97,4777.56,4773.8,4774.86,2974,35
2026.04.14 12:10:00,4774.99,4775.3,4765.93,4770.64,3042,35
2026.04.14 12:20:00,4770.7,4770.7,4762.57,4769.14,3295,35
2026.04.14 12:30:00,4769.12,4776.12,4768.71,4773.38,3469,35
2026.04.14 12:40:00,4773.38,4776.11,4765.91,4772.64,3200,35
2026.04.14 12:50:00,4772.58,4773.3,4762.17,4771.33,3417,35
2026.04.14 13:00:00,4771.33,4777.91,4771.0,4776.81,3685,35
2026.04.14 13:10:00,4776.89,4787.73,4776.86,4787.43,3523,35
2026.04.14 13:20:00,4787.46,4792.41,4781.92,4783.07,3777,35
2026.04.14 13:30:00,4783.09,4803.59,4780.22,4789.28,4373,35
2026.04.14 13:40:00,4789.28,4794.6,4786.68,4794.12,4068,35
2026.04.14 13:50:00,4794.13,4796.31,4788.94,4794.39,3603,35
2026.04.14 14:00:00,4794.97,4803.82,4792.86,4801.91,4155,35
2026.04.14 14:10:00,4801.85,4805.9,4794.06,4804.46,3932,35
2026.04.14 14:20:00,4804.54,4810.63,4798.65,4809.16,3749,35
2026.04.14 14:30:00,4809.19,4817.71,4801.71,4804.2,3828,35
2026.04.14 14:40:00,4804.26,4804.44,4795.33,4799.48,3753,35
2026.04.14 14:50:00,4799.49,4806.39,4796.43,4803.86,3421,35
2026.04.14 15:00:00,4803.87,4803.87,4791.6,4793.03,3958,35
2026.04.14 15:10:00,4793.04,4800.65,4791.3,4800.41,3386,35
2026.04.14 15:20:00,4800.42,4805.55,4799.15,4802.26,3605,35
2026.04.14 15:30:00,4802.34,4813.64,4802.34,4811.85,3379,35
2026.04.14 15:40:00,4811.75,4812.05,4807.18,4808.59,3311,35
2026.04.14 15:50:00,4808.59,4816.22,4806.67,4808.08,3235,35
2026.04.14 16:00:00,4808.17,4814.13,4805.0,4810.9,3163,35
2026.04.14 16:10:00,4810.75,4816.73,4807.22,4815.97,2761,35
2026.04.14 16:20:00,4815.96,4819.29,4810.13,4816.31,3168,35
2026.04.14 16:30:00,4816.33,4820.25,4813.52,4816.17,3039,35
2026.04.14 16:40:00,4816.23,4817.65,4810.91,4814.65,2426,35
2026.04.14 16:50:00,4814.86,4819.8,4809.14,4810.08,2795,35
2026.04.14 17:00:00,4810.06,4832.69,4809.35,4829.22,3440,35
2026.04.14 17:10:00,4829.26,4833.49,4825.09,4827.39,2870,36
2026.04.14 17:20:00,4827.43,4831.82,4824.64,4825.52,2946,42
2026.04.14 17:30:00,4825.47,4839.83,4825.15,4837.72,2879,35
2026.04.14 17:40:00,4837.71,4841.52,4836.07,4837.91,2648,35
2026.04.14 17:50:00,4837.92,4839.58,4834.32,4834.97,2575,35
2026.04.14 18:00:00,4834.97,4842.78,4834.34,4842.56,2564,42
2026.04.14 18:10:00,4842.5,4843.09,4834.95,4835.7,2818,42
2026.04.14 18:20:00,4835.72,4839.67,4833.16,4837.78,3388,42
2026.04.14 18:30:00,4837.62,4839.22,4836.1,4837.42,2757,42
2026.04.14 18:40:00,4837.42,4838.28,4832.83,4833.43,2602,42
2026.04.14 18:50:00,4833.42,4836.38,4830.74,4835.48,2350,35
2026.04.14 19:00:00,4835.61,4841.49,4835.61,4841.34,2399,35
2026.04.14 19:10:00,4841.35,4842.39,4838.48,4839.26,2132,35
2026.04.14 19:20:00,4839.14,4841.77,4838.31,4840.61,2048,42
2026.04.14 19:30:00,4839.91,4843.42,4838.46,4841.96,2261,35
2026.04.14 19:40:00,4841.93,4842.96,4839.78,4842.84,2055,42
2026.04.14 19:50:00,4842.99,4846.14,4840.73,4844.7,2761,42
2026.04.14 20:00:00,4844.9,4846.13,4842.16,4843.58,1580,35
2026.04.14 20:10:00,4843.59,4843.81,4839.37,4840.82,1134,42
2026.04.14 20:20:00,4840.87,4841.54,4839.57,4840.42,898,37
2026.04.14 20:30:00,4840.41,4841.12,4839.96,4839.99,811,35
2026.04.14 20:40:00,4839.98,4843.13,4839.7,4841.55,1148,42
2026.04.14 20:50:00,4841.54,4841.98,4840.22,4841.73,1033,42
2026.04.14 22:00:00,4839.85,4850.48,4838.14,4847.92,2030,35
2026.04.14 22:10:00,4847.93,4848.04,4837.6,4837.71,1740,42
2026.04.14 22:20:00,4837.32,4842.99,4836.31,4840.08,1504,38
2026.04.14 22:30:00,4840.07,4843.19,4837.59,4839.94,1504,41
2026.04.14 22:40:00,4839.91,4841.6,4837.76,4837.76,1189,42
2026.04.14 22:50:00,4837.76,4838.76,4833.04,4834.92,1768,36
2026.04.14 23:00:00,4834.93,4843.8,4833.65,4839.41,1870,35
2026.04.14 23:10:00,4839.42,4840.02,4835.13,4838.02,1869,35
2026.04.14 23:20:00,4838.01,4839.04,4835.14,4836.09,1828,42
2026.04.14 23:30:00,4836.06,4842.69,4835.0,4842.26,2255,35
2026.04.14 23:40:00,4842.26,4843.92,4837.74,4841.61,2351,41
2026.04.14 23:50:00,4841.61,4841.93,4836.04,4837.01,1850,42
2026.04.15 00:00:00,4837.1,4840.02,4832.74,4834.47,2559,42
2026.04.15 00:10:00,4834.47,4835.57,4828.75,4832.84,2398,41
2026.04.15 00:20:00,4832.77,4836.32,4828.78,4833.57,2207,35
2026.04.15 00:30:00,4833.54,4833.67,4827.1,4829.12,1917,41
2026.04.15 00:40:00,4829.12,4832.04,4828.12,4830.06,1813,41
2026.04.15 00:50:00,4829.94,4837.5,4829.09,4835.26,2236,42
2026.04.15 01:00:00,4835.26,4840.64,4827.98,4840.53,3444,41
2026.04.15 01:10:00,4840.53,4871.25,4839.26,4864.05,3707,35
2026.04.15 01:20:00,4864.05,4865.46,4842.21,4850.76,3549,35
2026.04.15 01:30:00,4850.76,4850.8,4843.77,4845.57,3142,42
2026.04.15 01:40:00,4845.57,4851.36,4839.67,4844.19,2957,41
2026.04.15 01:50:00,4844.19,4848.87,4842.81,4846.98,2759,42
2026.04.15 02:00:00,4846.81,4853.31,4845.29,4850.92,2984,42
2026.04.15 02:10:00,4851.08,4851.27,4841.58,4842.55,2704,41
2026.04.15 02:20:00,4842.5,4843.37,4832.21,4834.61,2239,42
2026.04.15 02:30:00,4834.67,4835.41,4821.46,4829.32,3552,35
2026.04.15 02:40:00,4829.26,4830.77,4825.32,4827.44,3059,42
2026.04.15 02:50:00,4827.49,4829.88,4820.61,4823.85,3075,41
2026.04.15 03:00:00,4823.84,4825.02,4816.76,4819.18,2964,40
2026.04.15 03:10:00,4819.18,4826.28,4818.22,4825.81,2563,41
2026.04.15 03:20:00,4825.79,4827.85,4822.11,4826.52,2212,41
2026.04.15 03:30:00,4826.44,4828.51,4825.89,4827.69,1598,42
2026.04.15 03:40:00,4827.74,4829.53,4825.29,4826.71,1508,42
2026.04.15 03:50:00,4826.71,4828.65,4823.69,4823.93,1649,41
2026.04.15 04:00:00,4823.95,4823.95,4820.35,4823.29,1895,42
2026.04.15 04:10:00,4823.21,4826.67,4822.47,4822.88,1589,41
2026.04.15 04:20:00,4822.82,4825.4,4821.11,4824.49,1265,42
2026.04.15 04:30:00,4824.51,4827.64,4824.27,4825.48,1282,41
2026.04.15 04:40:00,4825.33,4825.68,4821.36,4825.68,1354,35
2026.04.15 04:50:00,4825.66,4826.18,4823.56,4824.83,1239,42
2026.04.15 05:00:00,4824.83,4828.51,4822.58,4825.16,2356,35
2026.04.15 05:10:00,4825.16,4830.37,4824.57,4830.07,2204,35
2026.04.15 05:20:00,4830.05,4830.05,4824.3,4826.08,2196,42
2026.04.15 05:30:00,4826.08,4827.86,4813.58,4820.03,3345,42
2026.04.15 05:40:00,4819.93,4821.05,4811.97,4817.23,3066,42
2026.04.15 05:50:00,4817.24,4823.61,4815.08,4819.6,2803,42
2026.04.15 06:00:00,4819.69,4824.99,4816.55,4817.53,2773,38
2026.04.15 06:10:00,4817.53,4820.77,4815.99,4816.49,2687,42
2026.04.15 06:20:00,4816.34,4817.35,4813.44,4814.59,2599,42
2026.04.15 06:30:00,4814.55,4817.7,4811.02,4815.86,2942,35
2026.04.15 06:40:00,4815.75,4822.16,4813.35,4820.26,2642,35
2026.04.15 06:50:00,4820.31,4820.43,4811.18,4811.49,2871,35
2026.04.15 07:00:00,4811.49,4813.62,4803.53,4809.13,3113,35
2026.04.15 07:10:00,4809.06,4816.85,4808.1,4812.19,2884,35
2026.04.15 07:20:00,4812.22,4814.14,4805.64,4812.67,2866,35
2026.04.15 07:30:00,4812.67,4815.6,4808.51,4813.14,2580,35
2026.04.15 07:40:00,4813.23,4814.18,4806.03,4808.14,2691,35
2026.04.15 07:50:00,4808.14,4812.76,4807.13,4810.97,2540,35
2026.04.15 08:00:00,4810.85,4812.47,4806.69,4808.56,2692,35
2026.04.15 08:10:00,4808.48,4813.04,4804.49,4811.85,2747,35
2026.04.15 08:20:00,4811.85,4814.16,4806.09,4809.89,2619,35
2026.04.15 08:30:00,4809.81,4811.86,4805.4,4809.72,2620,35
2026.04.15 08:40:00,4809.71,4812.82,4808.79,4811.36,2203,35
2026.04.15 08:50:00,4811.37,4821.08,4810.6,4818.26,2325,35
2026.04.15 09:00:00,4818.27,4819.48,4805.26,4806.15,3268,35
2026.04.15 09:10:00,4806.07,4808.59,4792.88,4806.25,3279,35
2026.04.15 09:20:00,4806.29,4807.25,4797.43,4797.97,2864,35
2026.04.15 09:30:00,4797.32,4803.73,4795.39,4796.35,2764,35
2026.04.15 09:40:00,4796.36,4800.24,4786.54,4795.07,2959,35
2026.04.15 09:50:00,4795.04,4800.19,4792.6,4797.84,2752,35
2026.04.15 10:00:00,4797.68,4802.48,4795.34,4801.57,2730,35
2026.04.15 10:10:00,4801.57,4803.07,4793.45,4794.9,2932,35
2026.04.15 10:20:00,4794.88,4798.15,4790.36,4794.87,3273,35
2026.04.15 10:30:00,4794.86,4798.6,4792.96,4796.07,2792,35
2026.04.15 10:40:00,4796.1,4805.16,4795.35,4800.9,3076,35
2026.04.15 10:50:00,4800.88,4804.43,4799.79,4799.97,2386,35
2026.04.15 11:00:00,4799.98,4800.6,4795.7,4798.97,2464,35
2026.04.15 11:10:00,4798.88,4804.54,4798.76,4804.1,2454,35
2026.04.15 11:20:00,4804.11,4806.93,4803.42,4804.84,2557,35
2026.04.15 11:30:00,4804.84,4808.53,4802.63,4804.05,2678,35
2026.04.15 11:40:00,4803.75,4811.87,4802.65,4809.2,2536,35
2026.04.15 11:50:00,4809.14,4814.75,4808.65,4812.57,3023,35
2026.04.15 12:00:00,4812.56,4814.17,4807.04,4812.76,3024,35
2026.04.15 12:10:00,4813.1,4816.25,4810.61,4814.12,2534,35
2026.04.15 12:20:00,4813.87,4814.97,4810.05,4812.73,2762,35
2026.04.15 12:30:00,4812.38,4816.09,4810.43,4813.19,2726,35
2026.04.15 12:40:00,4813.18,4814.42,4808.35,4810.77,2481,35
2026.04.15 12:50:00,4810.78,4815.63,4809.96,4811.54,2597,35
2026.04.15 13:00:00,4811.51,4816.32,4808.65,4814.03,3575,35
2026.04.15 13:10:00,4814.04,4815.12,4810.13,4813.47,3087,35
2026.04.15 13:20:00,4813.47,4821.95,4812.75,4821.64,3173,35
2026.04.15 13:30:00,4821.68,4825.28,4815.79,4823.7,4029,35
2026.04.15 13:40:00,4823.72,4825.69,4817.78,4825.31,3834,35
2026.04.15 13:50:00,4825.42,4830.08,4821.9,4828.87,3645,35
2026.04.15 14:00:00,4828.93,4829.82,4820.66,4824.7,3568,35
2026.04.15 14:10:00,4824.72,4830.69,4824.1,4824.72,3441,35
2026.04.15 14:20:00,4824.72,4827.34,4822.32,4825.12,3444,35
2026.04.15 14:30:00,4825.35,4825.62,4815.37,4816.22,3602,35
2026.04.15 14:40:00,4816.23,4821.26,4815.23,4816.39,3183,35
2026.04.15 14:50:00,4816.52,4818.83,4813.32,4815.43,3209,35
2026.04.15 15:00:00,4815.43,4816.18,4799.93,4806.87,3624,35
2026.04.15 15:10:00,4806.79,4811.88,4803.63,4808.92,3474,35
2026.04.15 15:20:00,4808.98,4809.52,4797.49,4798.15,3260,35
2026.04.15 15:30:00,4798.13,4804.72,4786.56,4800.8,3883,35
2026.04.15 15:40:00,4800.82,4807.67,4800.82,4802.6,3349,35
2026.04.15 15:50:00,4802.58,4806.61,4799.22,4801.75,2966,35
2026.04.15 16:00:00,4801.7,4808.02,4800.17,4807.28,2981,35
2026.04.15 16:10:00,4807.23,4810.45,4805.13,4806.76,2560,35
2026.04.15 16:20:00,4806.95,4812.91,4806.74,4811.23,2695,35
2026.04.15 16:30:00,4811.3,4812.03,4806.4,4806.81,2741,35
2026.04.15 16:40:00,4806.8,4809.71,4802.56,4805.53,3183,35
2026.04.15 16:50:00,4805.53,4807.19,4799.87,4803.74,3079,35
2026.04.15 17:00:00,4803.76,4804.85,4799.47,4802.48,2897,35
2026.04.15 17:10:00,4802.42,4803.04,4797.56,4801.01,2486,41
2026.04.15 17:20:00,4801.0,4808.73,4800.27,4801.7,2822,41
2026.04.15 17:30:00,4801.62,4802.57,4797.12,4797.21,2655,38
2026.04.15 17:40:00,4797.08,4797.9,4792.1,4794.41,2816,42
2026.04.15 17:50:00,4794.4,4795.7,4790.83,4792.56,2434,42
2026.04.15 18:00:00,4792.57,4801.04,4790.02,4793.97,3468,42
2026.04.15 18:10:00,4793.97,4798.62,4792.26,4795.31,2723,35
2026.04.15 18:20:00,4795.37,4796.71,4792.61,4794.63,2518,35
2026.04.15 18:30:00,4794.63,4798.31,4794.63,4796.58,2231,35
2026.04.15 18:40:00,4796.59,4799.14,4794.48,4798.55,2126,42
2026.04.15 18:50:00,4798.56,4802.03,4796.69,4799.64,2288,35
2026.04.15 19:00:00,4799.53,4803.27,4797.94,4802.05,2368,42
2026.04.15 19:10:00,4801.97,4802.97,4797.52,4801.19,1966,42
2026.04.15 19:20:00,4801.32,4803.22,4799.87,4802.79,1737,42
2026.04.15 19:30:00,4802.74,4802.76,4798.04,4798.14,1995,35
2026.04.15 19:40:00,4798.14,4799.36,4795.27,4798.83,2557,35
2026.04.15 19:50:00,4799.12,4801.58,4794.52,4795.67,2825,35
2026.04.15 20:00:00,4795.79,4796.73,4792.6,4793.99,1634,35
2026.04.15 20:10:00,4793.94,4795.07,4792.59,4794.02,1150,42
2026.04.15 20:20:00,4794.02,4795.8,4793.48,4793.7,1062,42
2026.04.15 20:30:00,4793.58,4793.58,4790.07,4791.3,1030,42
2026.04.15 20:40:00,4791.26,4792.97,4788.05,4789.54,1380,42
2026.04.15 20:50:00,4789.16,4791.5,4787.37,4790.45,1169,42
2026.04.15 22:00:00,4797.75,4799.27,4793.9,4795.91,1332,42
2026.04.15 22:10:00,4795.87,4798.28,4790.93,4797.13,1805,42
2026.04.15 22:20:00,4797.15,4802.1,4796.37,4801.05,1577,42
2026.04.15 22:30:00,4801.13,4803.38,4798.92,4801.88,1530,35
2026.04.15 22:40:00,4801.89,4805.37,4800.32,4803.89,1380,42
2026.04.15 22:50:00,4803.78,4811.66,4803.23,4807.47,1752,42
2026.04.15 23:00:00,4807.47,4810.8,4807.31,4809.99,1559,42
2026.04.15 23:10:00,4810.0,4813.85,4808.94,4812.47,1449,35
2026.04.15 23:20:00,4812.47,4815.71,4812.4,4814.92,1315,35
2026.04.15 23:30:00,4814.92,4822.71,4814.42,4821.39,2156,42
2026.04.15 23:40:00,4821.46,4826.5,4821.02,4824.73,1954,35
2026.04.15 23:50:00,4824.75,4826.9,4821.91,4823.26,1682,42
2026.04.16 00:00:00,4823.29,4831.13,4823.29,4830.37,2314,35
2026.04.16 00:10:00,4830.39,4831.08,4828.28,4829.55,2029,35
2026.04.16 00:20:00,4829.52,4829.86,4822.45,4824.59,2279,35
2026.04.16 00:30:00,4824.64,4828.59,4820.57,4827.7,1968,35
2026.04.16 00:40:00,4827.64,4837.61,4827.63,4835.61,2326,35
2026.04.16 00:50:00,4835.8,4837.29,4832.39,4833.01,2382,35
2026.04.16 01:00:00,4832.92,4836.06,4828.49,4830.67,3232,35
2026.04.16 01:10:00,4830.58,4832.38,4824.94,4826.09,2709,41
2026.04.16 01:20:00,4826.09,4829.01,4822.59,4823.55,2471,42
2026.04.16 01:30:00,4823.6,4825.57,4812.74,4812.88,2886,38
2026.04.16 01:40:00,4812.89,4820.37,4811.4,4819.98,2841,35
2026.04.16 01:50:00,4819.99,4821.99,4817.44,4817.9,2403,35
2026.04.16 02:00:00,4817.93,4823.21,4817.31,4822.37,2496,35
2026.04.16 02:10:00,4822.47,4824.94,4820.22,4822.41,2179,42
2026.04.16 02:20:00,4822.48,4823.31,4818.94,4819.02,1643,42
2026.04.16 02:30:00,4819.02,4821.37,4812.4,4816.94,2802,35
2026.04.16 02:40:00,4817.06,4820.7,4815.43,4816.94,2598,42
2026.04.16 02:50:00,4816.94,4820.85,4816.75,4819.59,2138,42
2026.04.16 03:00:00,4819.33,4826.3,4819.11,4825.77,2333,35
2026.04.16 03:10:00,4825.76,4826.99,4823.09,4823.74,2034,41
2026.04.16 03:20:00,4823.73,4824.81,4822.44,4823.71,1795,35
2026.04.16 03:30:00,4823.74,4825.73,4819.08,4819.33,1741,42
2026.04.16 03:40:00,4819.36,4825.22,4819.03,4824.56,1842,41
2026.04.16 03:50:00,4824.55,4826.55,4823.7,4823.9,1359,42
2026.04.16 04:00:00,4823.81,4826.07,4822.98,4824.14,1602,42
2026.04.16 04:10:00,4824.15,4829.97,4822.75,4827.16,1692,41
2026.04.16 04:20:00,4827.15,4827.8,4825.74,4826.39,1337,41
2026.04.16 04:30:00,4826.37,4831.1,4824.79,4829.33,1474,42
2026.04.16 04:40:00,4829.33,4831.02,4829.12,4830.34,1283,42
2026.04.16 04:50:00,4830.39,4833.4,4829.46,4833.0,1374,42
2026.04.16 05:00:00,4833.03,4838.28,4832.64,4835.4,2287,41
2026.04.16 05:10:00,4835.39,4836.52,4833.75,4835.59,1581,42
2026.04.16 05:20:00,4835.42,4835.48,4831.55,4833.22,1780,35
2026.04.16 05:30:00,4833.2,4833.86,4825.19,4827.74,2930,41
2026.04.16 05:40:00,4827.74,4829.39,4824.41,4827.48,2441,42
2026.04.16 05:50:00,4827.47,4829.29,4820.91,4821.11,2707,35
2026.04.16 06:00:00,4821.11,4827.55,4821.11,4823.99,2601,42
2026.04.16 06:10:00,4823.88,4826.53,4820.57,4824.06,2446,42
2026.04.16 06:20:00,4824.16,4824.49,4814.45,4816.02,2940,35
2026.04.16 06:30:00,4815.99,4820.05,4814.71,4819.81,2556,35
2026.04.16 06:40:00,4819.8,4829.42,4818.16,4828.48,3133,35
2026.04.16 06:50:00,4828.57,4830.15,4824.76,4825.89,3102,42
2026.04.16 07:00:00,4826.36,4830.23,4822.96,4830.02,3007,35
2026.04.16 07:10:00,4830.03,4830.74,4820.55,4821.33,3045,35
2026.04.16 07:20:00,4821.33,4828.99,4816.86,4827.95,2694,35
2026.04.16 07:30:00,4828.07,4830.07,4824.68,4829.09,2284,35
2026.04.16 07:40:00,4829.09,4830.1,4823.1,4824.13,2189,35
2026.04.16 07:50:00,4824.13,4826.14,4819.33,4821.02,2324,35
2026.04.16 08:00:00,4821.09,4822.46,4807.26,4810.96,3268,35
2026.04.16 08:10:00,4811.04,4814.76,4809.4,4811.64,2731,35
2026.04.16 08:20:00,4811.58,4813.91,4809.48,4811.53,2452,35
2026.04.16 08:30:00,4811.48,4811.55,4806.7,4810.22,2634,35
2026.04.16 08:40:00,4810.22,4813.79,4807.98,4810.98,2402,35
2026.04.16 08:50:00,4810.98,4814.67,4808.28,4813.9,2352,35
2026.04.16 09:00:00,4813.9,4818.13,4811.84,4818.13,2196,35
2026.04.16 09:10:00,4818.06,4818.25,4813.47,4815.73,1908,35
2026.04.16 09:20:00,4816.44,4817.16,4811.39,4813.07,1998,35
2026.04.16 09:30:00,4812.73,4813.1,4806.74,4812.2,2687,35
2026.04.16 09:40:00,4812.21,4815.29,4810.73,4813.69,2439,35
2026.04.16 09:50:00,4813.67,4814.36,4810.13,4812.87,2549,35
2026.04.16 10:00:00,4812.88,4815.46,4810.26,4811.83,2284,35
2026.04.16 10:10:00,4811.84,4811.94,4805.15,4807.8,2297,35
2026.04.16 10:20:00,4807.81,4810.06,4806.74,4806.98,2061,35
2026.04.16 10:30:00,4806.98,4810.24,4805.0,4809.95,2183,35
2026.04.16 10:40:00,4809.97,4812.12,4806.53,4809.34,2452,35
2026.04.16 10:50:00,4809.32,4817.12,4808.63,4817.04,2375,35
2026.04.16 11:00:00,4817.15,4820.55,4816.34,4818.09,2597,35
2026.04.16 11:10:00,4818.09,4820.06,4816.88,4817.66,2091,35
2026.04.16 11:20:00,4817.67,4819.25,4815.53,4816.03,2171,35
2026.04.16 11:30:00,4816.1,4819.96,4816.1,4818.36,2308,35
2026.04.16 11:40:00,4818.36,4819.04,4815.86,4816.42,2157,35
2026.04.16 11:50:00,4816.51,4822.56,4816.46,4822.12,2205,35
2026.04.16 12:00:00,4822.12,4823.16,4815.61,4816.36,2537,35
2026.04.16 12:10:00,4816.36,4818.46,4811.29,4817.9,2906,35
2026.04.16 12:20:00,4818.25,4818.54,4813.82,4814.96,2293,35
2026.04.16 12:30:00,4814.97,4820.8,4811.79,4815.11,3047,35
2026.04.16 12:40:00,4815.1,4817.82,4813.5,4814.71,2524,35
2026.04.16 12:50:00,4814.76,4818.96,4814.68,4816.19,2393,35
2026.04.16 13:00:00,4816.55,4823.07,4814.64,4815.77,3311,35
2026.04.16 13:10:00,4815.79,4819.92,4814.1,4818.13,2616,35
2026.04.16 13:20:00,4818.13,4821.16,4814.98,4815.47,2831,35
2026.04.16 13:30:00,4815.58,4823.87,4812.66,4821.7,4026,35
2026.04.16 13:40:00,4821.69,4823.62,4809.54,4814.02,3915,35
2026.04.16 13:50:00,4813.95,4815.44,4784.45,4794.69,4333,35
2026.04.16 14:00:00,4794.36,4800.1,4785.13,4799.48,4356,35
2026.04.16 14:10:00,4799.47,4805.12,4793.85,4794.57,3905,35
2026.04.16 14:20:00,4794.51,4799.27,4790.83,4799.01,3802,35
2026.04.16 14:30:00,4799.17,4800.67,4789.97,4789.99,3787,35
2026.04.16 14:40:00,4789.89,4791.82,4772.7,4790.9,4117,35
2026.04.16 14:50:00,4790.62,4793.44,4785.43,4788.68,3928,35
2026.04.16 15:00:00,4788.64,4811.62,4788.26,4808.09,3952,35
2026.04.16 15:10:00,4808.09,4812.77,4802.76,4803.48,3597,35
2026.04.16 15:20:00,4803.6,4807.23,4801.64,4801.81,3260,35
2026.04.16 15:30:00,4801.37,4811.1,4798.06,4806.49,3642,35
2026.04.16 15:40:00,4806.57,4807.47,4800.25,4803.32,3504,35
2026.04.16 15:50:00,4803.4,4808.31,4803.25,4806.88,3044,35
2026.04.16 16:00:00,4806.9,4809.79,4805.82,4805.88,2780,35
2026.04.16 16:10:00,4805.93,4807.38,4802.35,4804.16,2758,35
2026.04.16 16:20:00,4804.13,4804.42,4796.67,4799.29,2962,35
2026.04.16 16:30:00,4799.28,4799.86,4786.6,4796.12,3557,35
2026.04.16 16:40:00,4796.21,4796.32,4785.02,4787.68,3613,35
2026.04.16 16:50:00,4787.65,4793.55,4787.07,4791.9,2955,35
2026.04.16 17:00:00,4791.96,4795.08,4789.76,4794.42,3133,35
2026.04.16 17:10:00,4794.45,4795.34,4788.63,4790.58,3260,42
2026.04.16 17:20:00,4790.69,4793.89,4784.74,4785.13,3094,41
2026.04.16 17:30:00,4785.23,4789.26,4781.19,4782.22,3142,35
2026.04.16 17:40:00,4782.22,4788.9,4781.76,4788.6,2698,42
2026.04.16 17:50:00,4788.6,4790.82,4782.46,4789.07,2992,42
2026.04.16 18:00:00,4789.04,4794.09,4785.62,4789.69,3683,35
2026.04.16 18:10:00,4789.64,4791.13,4787.46,4789.96,3077,42
2026.04.16 18:20:00,4789.99,4792.95,4786.55,4786.95,3040,42
2026.04.16 18:30:00,4786.93,4790.04,4786.5,4789.39,2690,35
2026.04.16 18:40:00,4789.41,4791.34,4788.36,4789.97,2426,42
2026.04.16 18:50:00,4789.98,4792.58,4788.1,4789.39,2733,42
2026.04.16 19:00:00,4789.59,4794.8,4789.52,4793.35,2607,42
2026.04.16 19:10:00,4793.35,4793.65,4789.47,4792.97,2545,35
2026.04.16 19:20:00,4792.93,4793.84,4790.47,4790.86,2344,42
2026.04.16 19:30:00,4790.99,4793.61,4790.52,4793.27,2377,42
2026.04.16 19:40:00,4793.28,4798.49,4793.14,4794.06,2475,35
2026.04.16 19:50:00,4794.12,4795.77,4792.35,4793.58,2529,42
2026.04.16 20:00:00,4793.4,4793.77,4789.61,4790.78,1670,42
2026.04.16 20:10:00,4790.71,4791.53,4789.97,4791.23,938,41
2026.04.16 20:20:00,4791.3,4791.3,4788.23,4788.85,1234,35
2026.04.16 20:30:00,4788.84,4790.37,4786.15,4789.46,1001,35
2026.04.16 20:40:00,4789.46,4790.62,4788.02,4790.17,922,42
2026.04.16 20:50:00,4790.07,4790.61,4787.63,4790.57,783,42
2026.04.16 22:00:00,4794.48,4798.03,4790.62,4796.31,1511,35
2026.04.16 22:10:00,4796.31,4796.94,4792.6,4792.68,1441,35
2026.04.16 22:20:00,4792.69,4795.4,4792.41,4793.88,1071,42
2026.04.16 22:30:00,4793.91,4795.95,4790.93,4793.69,1597,42
2026.04.16 22:40:00,4793.64,4796.73,4793.22,4795.27,1184,42
2026.04.16 22:50:00,4795.29,4796.58,4794.74,4795.16,1208,42
2026.04.16 23:00:00,4794.74,4795.35,4792.56,4793.63,1608,41
2026.04.16 23:10:00,4793.63,4796.42,4792.04,4796.26,1382,42
2026.04.16 23:20:00,4796.27,4797.67,4793.96,4794.36,1508,42
2026.04.16 23:30:00,4794.35,4795.9,4792.24,4794.9,1299,39
2026.04.16 23:40:00,4795.08,4796.66,4793.02,4794.02,1487,35
2026.04.16 23:50:00,4794.01,4795.7,4791.59,4791.67,1749,41
2026.04.17 00:00:00,4791.59,4791.59,4785.67,4790.34,2324,41
2026.04.17 00:10:00,4790.37,4792.31,4787.47,4791.24,2063,35
2026.04.17 00:20:00,4791.24,4792.9,4789.41,4792.82,1837,42
2026.04.17 00:30:00,4792.82,4798.27,4792.43,4796.2,2049,42
2026.04.17 00:40:00,4796.15,4801.19,4794.72,4799.23,1729,35
2026.04.17 00:50:00,4799.21,4799.25,4793.79,4794.75,1882,42
2026.04.17 01:00:00,4794.66,4795.36,4782.93,4783.26,3198,42
2026.04.17 01:10:00,4783.27,4784.95,4767.72,4782.47,3377,35
2026.04.17 01:20:00,4782.47,4783.42,4767.54,4768.4,3176,42
2026.04.17 01:30:00,4768.39,4777.55,4767.52,4773.7,3036,42
2026.04.17 01:40:00,4773.7,4779.26,4772.07,4778.51,2663,35
2026.04.17 01:50:00,4778.51,4791.3,4777.86,4789.38,2972,35
2026.04.17 02:00:00,4789.38,4794.36,4788.37,4789.82,2594,42
2026.04.17 02:10:00,4789.83,4791.86,4788.18,4789.31,1727,35
2026.04.17 02:20:00,4789.31,4791.79,4788.37,4788.9,1534,42
2026.04.17 02:30:00,4789.03,4794.68,4788.54,4793.05,2269,42
2026.04.17 02:40:00,4793.05,4794.64,4789.61,4789.65,1923,42
2026.04.17 02:50:00,4789.58,4789.85,4784.38,4784.42,1982,42
2026.04.17 03:00:00,4784.44,4797.72,4784.44,4795.54,2692,35
2026.04.17 03:10:00,4795.55,4797.89,4792.67,4797.06,2162,42
2026.04.17 03:20:00,4797.08,4797.47,4792.87,4794.05,2054,35
2026.04.17 03:30:00,4794.02,4795.03,4791.85,4792.77,1300,42
2026.04.17 03:40:00,4792.77,4796.32,4792.08,4796.14,1375,42
2026.04.17 03:50:00,4796.15,4796.76,4792.76,4793.18,1142,42
2026.04.17 04:00:00,4793.09,4795.34,4792.52,4794.14,1418,41
2026.04.17 04:10:00,4794.14,4796.11,4793.66,4795.61,1199,42
2026.04.17 04:20:00,4795.57,4796.11,4793.75,4795.9,994,41
2026.04.17 04:30:00,4795.91,4799.38,4795.25,4799.38,1308,42
2026.04.17 04:40:00,4799.38,4801.68,4798.29,4798.73,1442,35
2026.04.17 04:50:00,4798.83,4804.41,4798.51,4802.88,1566,42
2026.04.17 05:00:00,4802.84,4805.59,4799.51,4804.37,2260,42
2026.04.17 05:10:00,4804.29,4806.06,4801.42,4803.42,1629,42
2026.04.17 05:20:00,4803.43,4805.23,4802.4,4803.47,1483,42
2026.04.17 05:30:00,4803.4,4805.3,4797.96,4799.47,2726,42
2026.04.17 05:40:00,4799.41,4801.12,4794.62,4797.62,2599,35
2026.04.17 05:50:00,4797.63,4800.46,4793.54,4794.07,2603,35
2026.04.17 06:00:00,4794.07,4795.04,4789.73,4790.25,2943,42
2026.04.17 06:10:00,4790.04,4791.08,4785.04,4785.52,2790,41
2026.04.17 06:20:00,4785.59,4788.56,4783.11,4783.73,2439,35
2026.04.17 06:30:00,4783.7,4786.09,4779.02,4785.55,2881,42
2026.04.17 06:40:00,4785.55,4786.93,4783.86,4785.5,2055,35
2026.04.17 06:50:00,4785.51,4787.09,4783.68,4784.9,2127,42
2026.04.17 07:00:00,4784.86,4790.86,4784.22,4789.64,2507,35
2026.04.17 07:10:00,4789.62,4789.79,4784.56,4789.05,2135,35
2026.04.17 07:20:00,4789.08,4792.63,4785.06,4791.55,2217,35
2026.04.17 07:30:00,4791.55,4794.89,4785.69,4786.68,2524,35
2026.04.17 07:40:00,4786.67,4787.74,4780.17,4780.17,2543,35
2026.04.17 07:50:00,4780.23,4785.59,4778.57,4784.28,2594,35
2026.04.17 08:00:00,4784.25,4790.86,4783.22,4784.29,2538,35
2026.04.17 08:10:00,4784.31,4785.39,4780.96,4785.28,2210,35
2026.04.17 08:20:00,4785.25,4787.02,4782.98,4784.32,1993,35
2026.04.17 08:30:00,4784.32,4789.52,4784.2,4789.3,1757,35
2026.04.17 08:40:00,4789.3,4796.94,4788.11,4793.56,2570,35
2026.04.17 08:50:00,4793.48,4796.37,4790.88,4795.85,2292,35
2026.04.17 09:00:00,4795.84,4800.98,4794.62,4795.99,2547,35
2026.04.17 09:10:00,4795.95,4796.05,4791.99,4795.4,2121,35
2026.04.17 09:20:00,4795.41,4798.37,4794.4,4795.79,2320,35
2026.04.17 09:30:00,4795.78,4798.99,4794.26,4795.35,2265,35
2026.04.17 09:40:00,4795.37,4796.4,4790.49,4791.95,2052,35
2026.04.17 09:50:00,4791.95,4793.04,4789.84,4790.23,1976,35
2026.04.17 10:00:00,4790.36,4791.99,4788.62,4788.95,2142,35
2026.04.17 10:10:00,4788.95,4794.18,4787.02,4791.36,2224,35
2026.04.17 10:20:00,4791.37,4793.58,4788.56,4789.4,1998,35
2026.04.17 10:30:00,4789.4,4789.73,4785.42,4785.68,2026,35
2026.04.17 10:40:00,4785.53,4787.76,4782.36,4787.73,2198,35
2026.04.17 10:50:00,4787.69,4788.2,4782.43,4787.18,2138,35
2026.04.17 11:00:00,4787.47,4789.54,4783.44,4787.1,2116,35
2026.04.17 11:10:00,4787.09,4788.17,4784.53,4785.43,1471,35
2026.04.17 11:20:00,4785.43,4793.28,4784.91,4792.8,1927,35
2026.04.17 11:30:00,4792.76,4794.31,4789.54,4792.5,2023,35
2026.04.17 11:40:00,4792.42,4812.01,4792.15,4805.64,2783,35
2026.04.17 11:50:00,4805.61,4806.84,4798.65,4799.13,2753,35
2026.04.17 12:00:00,4799.22,4805.43,4797.39,4803.98,2541,35
2026.04.17 12:10:00,4804.0,4805.85,4800.74,4805.72,2241,35
2026.04.17 12:20:00,4806.06,4819.64,4804.35,4816.81,3279,35
2026.04.17 12:30:00,4816.8,4823.69,4815.42,4822.56,3442,35
2026.04.17 12:40:00,4822.48,4843.07,4821.34,4836.34,3383,35
2026.04.17 12:50:00,4836.39,4847.63,4833.48,4846.26,3882,35
2026.04.17 13:00:00,4846.48,4863.7,4835.1,4862.9,4174,35
2026.04.17 13:10:00,4862.81,4889.19,4861.92,4864.21,4420,35
2026.04.17 13:20:00,4864.17,4864.41,4850.33,4851.68,4166,35
2026.04.17 13:30:00,4851.66,4869.05,4848.62,4867.36,4331,35
2026.04.17 13:40:00,4867.46,4873.4,4852.06,4865.28,4215,35
2026.04.17 13:50:00,4865.12,4881.85,4862.5,4880.16,4090,35
2026.04.17 14:00:00,4880.24,4885.38,4868.87,4871.97,4053,35
2026.04.17 14:10:00,4872.09,4874.02,4860.84,4870.49,3997,35
2026.04.17 14:20:00,4870.49,4880.44,4866.8,4871.35,3927,35
2026.04.17 14:30:00,4871.5,4880.26,4869.32,4875.48,3579,35
2026.04.17 14:40:00,4875.47,4883.18,4873.75,4880.08,3785,35
2026.04.17 14:50:00,4879.6,4879.75,4869.82,4873.0,3604,35
2026.04.17 15:00:00,4873.16,4880.56,4862.79,4872.69,3882,35
2026.04.17 15:10:00,4872.66,4874.43,4863.6,4864.94,3737,35
2026.04.17 15:20:00,4864.93,4873.25,4862.99,4865.68,3699,35
2026.04.17 15:30:00,4865.99,4873.96,4864.64,4869.75,3561,35
2026.04.17 15:40:00,4869.76,4870.26,4854.69,4863.46,3515,35
2026.04.17 15:50:00,4863.33,4871.72,4863.14,4867.36,3278,35
2026.04.17 16:00:00,4867.36,4873.17,4863.45,4871.28,3366,35
2026.04.17 16:10:00,4871.3,4873.36,4869.88,4870.81,3007,35
2026.04.17 16:20:00,4870.84,4872.99,4867.59,4867.73,2684,35
2026.04.17 16:30:00,4867.75,4872.82,4867.61,4871.4,2809,35
2026.04.17 16:40:00,4871.43,4872.43,4865.25,4866.06,2548,35
2026.04.17 16:50:00,4866.08,4867.51,4864.86,4866.89,2208,35
2026.04.17 17:00:00,4866.86,4869.49,4858.08,4861.49,2876,35
2026.04.17 17:10:00,4861.51,4864.84,4857.66,4863.01,3076,41
2026.04.17 17:20:00,4863.1,4863.62,4853.7,4858.35,3426,35
2026.04.17 17:30:00,4858.03,4862.88,4855.6,4857.48,3031,42
2026.04.17 17:40:00,4857.53,4861.04,4853.95,4860.18,2611,42
2026.04.17 17:50:00,4860.32,4863.34,4859.7,4862.5,2350,42
2026.04.17 18:00:00,4862.51,4866.32,4861.61,4863.27,2685,42
2026.04.17 18:10:00,4863.27,4864.43,4860.15,4861.58,2788,42
2026.04.17 18:20:00,4861.53,4868.17,4858.86,4860.58,3082,41
2026.04.17 18:30:00,4860.51,4866.61,4860.28,4863.01,2503,41
2026.04.17 18:40:00,4862.75,4863.48,4859.98,4860.61,2591,42
2026.04.17 18:50:00,4860.61,4861.14,4855.83,4858.13,2764,42
2026.04.17 19:00:00,4858.11,4858.77,4854.25,4854.79,2504,35
2026.04.17 19:10:00,4854.8,4858.14,4853.71,4855.72,2344,42
2026.04.17 19:20:00,4855.72,4857.6,4854.05,4857.05,2318,35
2026.04.17 19:30:00,4857.02,4860.67,4855.79,4859.74,2569,42
2026.04.17 19:40:00,4859.74,4861.28,4857.51,4858.48,2366,42
2026.04.17 19:50:00,4858.88,4859.22,4852.45,4854.33,2952,42
2026.04.17 20:00:00,4854.43,4855.29,4845.66,4847.16,2287,42
2026.04.17 20:10:00,4847.24,4851.87,4844.27,4851.35,1928,35
2026.04.17 20:20:00,4851.4,4851.5,4844.52,4845.73,1786,42
2026.04.17 20:30:00,4845.74,4846.92,4840.43,4841.89,1914,35
2026.04.17 20:40:00,4841.86,4842.19,4832.8,4833.44,2232,42
2026.04.17 20:50:00,4833.37,4835.65,4830.21,4831.75,1911,35
2026.04.19 22:00:00,4765.68,4791.34,4757.94,4789.92,3769,35
2026.04.19 22:10:00,4793.84,4795.07,4782.42,4791.97,3021,41
2026.04.19 22:20:00,4791.94,4793.91,4783.93,4785.28,2769,35
2026.04.19 22:30:00,4785.32,4790.85,4782.54,4784.29,2739,42
2026.04.19 22:40:00,4784.29,4785.86,4779.38,4785.25,2355,42
2026.04.19 22:50:00,4785.26,4786.79,4777.79,4779.22,2177,42
2026.04.19 23:00:00,4779.25,4779.36,4771.93,4775.63,2737,42
2026.04.19 23:10:00,4775.65,4778.89,4770.7,4772.86,2406,42
2026.04.19 23:20:00,4772.81,4772.98,4768.01,4768.94,2318,42
2026.04.19 23:30:00,4768.97,4773.3,4758.93,4763.89,2888,35
2026.04.19 23:40:00,4763.66,4764.03,4736.97,4743.76,3887,35
2026.04.19 23:50:00,4743.75,4755.47,4743.51,4755.13,2961,35
2026.04.20 00:00:00,4755.16,4755.16,4745.18,4752.26,3714,37
2026.04.20 00:10:00,4752.31,4759.01,4749.39,4758.17,3381,35
2026.04.20 00:20:00,4758.16,4765.77,4756.64,4765.2,2796,35
2026.04.20 00:30:00,4765.23,4768.21,4760.96,4764.77,2787,42
2026.04.20 00:40:00,4764.77,4767.89,4762.61,4764.19,2434,42
2026.04.20 00:50:00,4764.19,4774.31,4759.53,4772.32,2891,42
2026.04.20 01:00:00,4772.34,4789.01,4771.08,4787.95,4263,35
2026.04.20 01:10:00,4787.92,4794.6,4786.11,4792.49,3756,42
2026.04.20 01:20:00,4792.46,4803.74,4791.79,4802.73,3331,42
2026.04.20 01:30:00,4802.78,4812.04,4801.36,4808.1,3582,35
2026.04.20 01:40:00,4808.1,4813.22,4805.83,4810.35,2986,42
2026.04.20 01:50:00,4810.32,4814.29,4807.44,4807.56,2809,35
2026.04.20 02:00:00,4807.55,4809.11,4802.84,4802.92,3068,41
2026.04.20 02:10:00,4802.94,4804.63,4799.57,4800.81,2497,41
2026.04.20 02:20:00,4800.81,4803.96,4798.47,4800.29,2226,42
2026.04.20 02:30:00,4800.29,4801.87,4795.56,4796.73,2822,42
2026.04.20 02:40:00,4796.72,4797.92,4793.05,4795.24,2768,42
2026.04.20 02:50:00,4795.25,4797.48,4793.12,4797.25,2421,42
2026.04.20 03:00:00,4797.17,4798.28,4793.9,4793.9,2806,42
2026.04.20 03:10:00,4793.9,4793.9,4788.88,4791.61,2619,42
2026.04.20 03:20:00,4791.6,4795.84,4791.6,4795.06,2280,37
2026.04.20 03:30:00,4795.1,4796.63,4789.93,4794.06,1976,42
2026.04.20 03:40:00,4794.04,4795.14,4791.43,4792.12,1435,42
2026.04.20 03:50:00,4792.12,4794.66,4789.01,4791.09,1628,42
2026.04.20 04:00:00,4791.12,4795.85,4790.9,4794.26,1730,41
2026.04.20 04:10:00,4794.33,4795.02,4791.7,4793.12,1554,42
2026.04.20 04:20:00,4793.11,4795.52,4791.56,4794.53,1344,42
2026.04.20 04:30:00,4794.62,4794.65,4788.17,4790.39,1865,42
2026.04.20 04:40:00,4790.41,4793.11,4787.09,4792.8,1871,42
2026.04.20 04:50:00,4792.6,4792.97,4787.49,4788.83,1702,42
2026.04.20 05:00:00,4788.72,4792.83,4786.19,4786.94,2165,42
2026.04.20 05:10:00,4786.93,4789.43,4784.31,4787.61,2096,42
2026.04.20 05:20:00,4787.62,4788.79,4785.21,4787.86,2073,42
2026.04.20 05:30:00,4787.77,4796.03,4787.47,4792.73,3512,35
2026.04.20 05:40:00,4792.76,4794.27,4779.29,4785.44,3605,39
2026.04.20 05:50:00,4785.51,4792.99,4782.68,4790.71,3310,41
2026.04.20 06:00:00,4790.6,4793.71,4785.51,4791.48,3364,42
2026.04.20 06:10:00,4791.48,4793.69,4786.99,4787.35,2941,41
2026.04.20 06:20:00,4787.35,4788.24,4783.72,4786.0,2926,41
2026.04.20 06:30:00,4786.0,4791.63,4785.46,4790.25,2716,38
2026.04.20 06:40:00,4790.25,4791.04,4785.2,4787.39,2588,38
2026.04.20 06:50:00,4787.48,4795.35,4785.27,4795.32,3074,35
2026.04.20 07:00:00,4795.31,4801.46,4794.13,4795.85,3307,35
2026.04.20 07:10:00,4795.98,4803.9,4793.84,4802.63,2974,35
2026.04.20 07:20:00,4802.64,4805.72,4796.62,4797.77,3186,35
2026.04.20 07:30:00,4797.77,4798.59,4790.13,4796.21,3158,35
2026.04.20 07:40:00,4796.21,4798.63,4792.43,4792.63,2746,35
2026.04.20 07:50:00,4792.65,4793.88,4786.82,4789.69,2995,35
2026.04.20 08:00:00,4789.68,4791.23,4785.86,4788.24,3053,35
2026.04.20 08:10:00,4788.24,4791.72,4786.37,4788.57,2786,35
2026.04.20 08:20:00,4788.57,4792.45,4787.17,4791.93,2441,35
2026.04.20 08:30:00,4791.93,4792.51,4788.52,4789.5,2354,35
2026.04.20 08:40:00,4789.5,4794.96,4788.83,4794.36,2134,35
2026.04.20 08:50:00,4794.36,4796.16,4792.62,4796.13,2413,35
2026.04.20 09:00:00,4796.05,4797.77,4793.4,4794.95,2732,35
2026.04.20 09:10:00,4794.95,4797.31,4791.91,4794.35,2194,35
2026.04.20 09:20:00,4794.37,4795.72,4791.68,4792.26,2105,35
2026.04.20 09:30:00,4792.32,4794.17,4783.51,4788.36,3055,35
2026.04.20 09:40:00,4788.41,4795.95,4787.7,4795.17,2281,35
2026.04.20 09:50:00,4795.14,4797.0,4789.1,4791.61,2717,35
2026.04.20 10:00:00,4791.59,4799.22,4789.87,4797.75,2799,35
2026.04.20 10:10:00,4797.77,4800.38,4795.05,4800.07,2484,35
2026.04.20 10:20:00,4799.93,4800.89,4796.72,4798.11,2159,35
2026.04.20 10:30:00,4798.13,4799.87,4795.9,4796.47,1919,35
2026.04.20 10:40:00,4796.34,4797.27,4794.68,4796.32,1948,35
2026.04.20 10:50:00,4796.33,4797.11,4794.36,4795.78,2202,35
2026.04.20 11:00:00,4795.76,4796.22,4790.23,4792.49,2822,35
2026.04.20 11:10:00,4792.42,4793.0,4786.66,4787.82,2821,35
2026.04.20 11:20:00,4787.82,4790.34,4786.38,4788.52,2384,35
2026.04.20 11:30:00,4788.48,4791.87,4787.67,4791.06,2496,35
2026.04.20 11:40:00,4791.39,4802.18,4789.85,4801.96,2867,35
2026.04.20 11:50:00,4801.96,4810.88,4801.41,4810.48,3308,35
2026.04.20 12:00:00,4810.51,4812.45,4803.14,4807.52,3489,35
2026.04.20 12:10:00,4807.52,4815.93,4807.51,4814.71,3635,35
2026.04.20 12:20:00,4814.83,4822.03,4804.03,4805.76,3747,35
2026.04.20 12:30:00,4805.76,4809.5,4798.94,4803.72,3275,35
2026.04.20 12:40:00,4803.74,4808.38,4802.94,4806.27,2665,35
2026.04.20 12:50:00,4806.21,4807.59,4800.99,4803.33,2699,35
2026.04.20 13:00:00,4803.32,4814.4,4799.51,4811.21,3821,35
2026.04.20 13:10:00,4810.84,4817.23,4809.86,4816.13,3816,35
2026.04.20 13:20:00,4816.19,4825.51,4814.85,4824.23,3498,35
2026.04.20 13:30:00,4824.36,4826.26,4815.97,4818.27,4649,35
2026.04.20 13:40:00,4818.41,4824.49,4816.55,4820.23,4168,35
2026.04.20 13:50:00,4820.46,4822.89,4816.84,4817.77,4004,35
2026.04.20 14:00:00,4817.77,4818.54,4811.06,4812.67,4258,35
2026.04.20 14:10:00,4812.66,4818.21,4806.8,4815.81,4363,35
2026.04.20 14:20:00,4816.08,4826.79,4815.75,4823.33,3999,35
2026.04.20 14:30:00,4823.43,4827.76,4813.29,4814.2,4052,35
2026.04.20 14:40:00,4814.24,4815.17,4810.15,4813.31,3913,35
2026.04.20 14:50:00,4813.3,4814.06,4793.14,4805.16,3721,35
2026.04.20 15:00:00,4805.09,4807.4,4795.15,4797.49,4380,35
2026.04.20 15:10:00,4797.49,4802.64,4792.76,4798.04,4112,35
2026.04.20 15:20:00,4798.05,4809.34,4796.0,4808.07,3984,35
2026.04.20 15:30:00,4807.95,4809.23,4800.54,4802.15,3765,35
2026.04.20 15:40:00,4802.17,4804.44,4797.55,4799.8,3266,35
2026.04.20 15:50:00,4799.8,4800.98,4795.15,4799.63,3268,35
2026.04.20 16:00:00,4799.63,4801.61,4794.16,4797.87,4195,35
2026.04.20 16:10:00,4797.86,4799.77,4792.67,4796.79,2707,35
2026.04.20 16:20:00,4796.78,4801.83,4796.62,4801.09,2760,35
2026.04.20 16:30:00,4801.23,4804.25,4798.81,4799.98,2924,35
2026.04.20 16:40:00,4800.01,4804.65,4798.79,4803.57,2671,35
2026.04.20 16:50:00,4803.56,4806.5,4803.24,4805.44,2518,35
2026.04.20 17:00:00,4805.59,4809.59,4803.6,4809.12,2912,35
2026.04.20 17:10:00,4809.12,4810.38,4807.54,4808.94,2326,42
2026.04.20 17:20:00,4808.95,4811.11,4806.15,4809.76,2576,42
2026.04.20 17:30:00,4809.77,4812.16,4804.99,4809.69,2886,42
2026.04.20 17:40:00,4809.72,4811.99,4807.56,4808.84,2405,42
2026.04.20 17:50:00,4808.85,4809.68,4805.55,4806.66,1936,39
2026.04.20 18:00:00,4806.66,4815.09,4806.66,4813.92,2725,42
2026.04.20 18:10:00,4813.9,4816.01,4810.6,4813.53,2583,42
2026.04.20 18:20:00,4813.56,4815.3,4811.78,4813.33,2584,42
2026.04.20 18:30:00,4813.31,4815.4,4810.92,4812.09,2312,42
2026.04.20 18:40:00,4812.07,4816.04,4812.07,4814.9,1972,42
2026.04.20 18:50:00,4814.87,4816.63,4812.96,4813.97,2037,35
2026.04.20 19:00:00,4813.96,4820.01,4813.82,4819.9,2038,42
2026.04.20 19:10:00,4819.94,4821.33,4817.91,4818.56,1832,42
2026.04.20 19:20:00,4818.67,4819.19,4816.05,4816.82,1734,35
2026.04.20 19:30:00,4816.82,4817.15,4810.36,4810.99,2242,35
2026.04.20 19:40:00,4810.73,4813.13,4810.31,4812.49,1841,42
2026.04.20 19:50:00,4812.15,4814.26,4810.93,4814.17,2269,42
2026.04.20 20:00:00,4814.16,4816.75,4813.89,4814.21,1352,42
2026.04.20 20:10:00,4814.22,4814.69,4812.06,4813.11,832,41
2026.04.20 20:20:00,4813.11,4816.94,4812.73,4815.8,843,41
2026.04.20 20:30:00,4815.76,4816.88,4812.84,4815.36,1388,41
2026.04.20 20:40:00,4815.27,4817.61,4814.76,4817.16,1072,42
2026.04.20 20:50:00,4817.17,4821.81,4817.17,4820.62,1208,42
2026.04.20 22:00:00,4824.39,4831.46,4820.89,4829.85,2473,35
2026.04.20 22:10:00,4829.86,4832.86,4827.75,4831.58,1911,35
2026.04.20 22:20:00,4831.55,4832.98,4828.45,4828.81,1461,42
2026.04.20 22:30:00,4828.82,4830.55,4825.14,4828.85,1479,42
2026.04.20 22:40:00,4828.83,4831.68,4828.83,4829.52,1608,42
2026.04.20 22:50:00,4829.53,4829.74,4825.19,4827.55,1510,35
2026.04.20 23:00:00,4827.51,4831.48,4823.74,4824.53,1829,35
2026.04.20 23:10:00,4824.53,4826.48,4823.49,4824.5,1309,42
2026.04.20 23:20:00,4824.52,4826.69,4824.34,4825.48,1261,42
2026.04.20 23:30:00,4825.46,4825.46,4822.62,4824.86,1389,35
2026.04.20 23:40:00,4824.86,4824.86,4820.07,4821.12,1380,42
2026.04.20 23:50:00,4821.12,4821.78,4819.49,4821.66,1306,42
2026.04.21 00:00:00,4822.16,4828.33,4820.18,4828.25,2361,42
2026.04.21 00:10:00,4828.25,4830.5,4826.14,4827.86,2057,42
2026.04.21 00:20:00,4827.84,4828.53,4819.15,4819.75,2320,42
2026.04.21 00:30:00,4819.81,4820.73,4816.81,4819.54,2286,35
2026.04.21 00:40:00,4819.54,4825.89,4819.34,4825.07,2368,42
2026.04.21 00:50:00,4825.06,4826.14,4822.54,4823.87,2281,42
2026.04.21 01:00:00,4823.83,4824.38,4816.44,4818.36,3211,35
2026.04.21 01:10:00,4818.37,4818.54,4813.01,4817.47,2687,35
2026.04.21 01:20:00,4817.48,4818.52,4814.76,4818.41,2454,35
2026.04.21 01:30:00,4818.42,4818.93,4812.73,4813.25,2581,42
2026.04.21 01:40:00,4813.25,4814.05,4809.23,4812.3,2750,35
2026.04.21 01:50:00,4812.3,4812.99,4806.14,4810.06,2486,35
2026.04.21 02:00:00,4810.05,4810.3,4806.62,4808.22,2270,35
2026.04.21 02:10:00,4808.19,4809.44,4805.85,4806.9,1960,35
2026.04.21 02:20:00,4806.91,4808.44,4803.46,4807.48,1852,35
2026.04.21 02:30:00,4807.51,4807.62,4802.34,4805.99,2634,42
2026.04.21 02:40:00,4806.02,4807.11,4802.32,4803.85,2177,42
2026.04.21 02:50:00,4803.87,4808.09,4803.48,4806.75,2138,42
2026.04.21 03:00:00,4806.79,4807.65,4802.11,4803.4,2333,42
2026.04.21 03:10:00,4803.4,4804.14,4796.57,4797.55,2640,35
2026.04.21 03:20:00,4797.54,4799.41,4793.74,4798.65,2626,35
2026.04.21 03:30:00,4798.69,4799.86,4793.96,4794.67,2015,42
2026.04.21 03:40:00,4794.69,4795.53,4792.69,4795.24,1665,35
2026.04.21 03:50:00,4795.25,4797.6,4794.51,4796.92,1538,35
2026.04.21 04:00:00,4796.92,4797.75,4793.96,4794.3,1581,39
2026.04.21 04:10:00,4794.31,4796.54,4792.63,4793.05,1761,42
2026.04.21 04:20:00,4793.05,4795.2,4791.06,4792.08,1743,41
2026.04.21 04:30:00,4792.08,4793.41,4789.17,4793.02,1604,35
2026.04.21 04:40:00,4793.02,4794.16,4789.51,4789.69,1518,42
2026.04.21 04:50:00,4789.67,4791.71,4787.81,4789.01,1647,42
2026.04.21 05:00:00,4789.17,4793.01,4785.74,4789.88,2505,38
2026.04.21 05:10:00,4789.86,4791.28,4787.43,4789.02,1542,42
2026.04.21 05:20:00,4789.05,4790.64,4785.88,4787.43,1840,42
2026.04.21 05:30:00,4787.42,4796.36,4786.65,4795.85,3011,41
2026.04.21 05:40:00,4795.86,4796.9,4790.53,4790.69,2435,35
2026.04.21 05:50:00,4790.69,4790.78,4783.02,4784.1,3163,35
2026.04.21 06:00:00,4784.1,4787.5,4775.5,4787.35,3566,35
2026.04.21 06:10:00,4787.42,4790.49,4779.32,4780.38,3117,37
2026.04.21 06:20:00,4780.39,4783.5,4775.25,4778.67,3023,35
2026.04.21 06:30:00,4779.1,4782.19,4775.9,4778.21,2778,41
2026.04.21 06:40:00,4778.21,4783.16,4776.5,4777.68,2418,35
2026.04.21 06:50:00,4777.38,4779.67,4774.37,4778.69,2716,42
2026.04.21 07:00:00,4778.06,4781.37,4772.63,4781.06,2897,35
2026.04.21 07:10:00,4781.03,4787.54,4780.56,4784.23,2900,35
2026.04.21 07:20:00,4784.22,4785.54,4780.4,4783.3,2433,35
2026.04.21 07:30:00,4783.3,4784.7,4781.24,4781.88,2166,35
2026.04.21 07:40:00,4781.91,4790.64,4780.85,4790.32,2447,35
2026.04.21 07:50:00,4790.32,4792.55,4784.5,4786.09,2887,35
2026.04.21 08:00:00,4786.13,4787.46,4778.14,4780.33,3034,35
2026.04.21 08:10:00,4780.38,4783.58,4774.7,4783.04,3163,35
2026.04.21 08:20:00,4783.09,4789.05,4782.68,4787.28,2753,35
2026.04.21 08:30:00,4787.26,4789.06,4784.75,4788.39,2484,35
2026.04.21 08:40:00,4788.35,4792.84,4786.93,4789.64,2495,35
2026.04.21 08:50:00,4789.64,4789.99,4785.54,4785.54,2055,35
2026.04.21 09:00:00,4785.88,4786.82,4781.52,4785.98,2658,35
2026.04.21 09:10:00,4785.97,4787.4,4783.46,4786.97,2198,35
2026.04.21 09:20:00,4786.99,4787.79,4781.15,4782.23,2253,35
2026.04.21 09:30:00,4782.23,4785.76,4782.0,4783.42,2377,35
2026.04.21 09:40:00,4783.42,4787.84,4782.93,4785.1,2403,35
2026.04.21 09:50:00,4785.09,4789.39,4783.06,4783.63,2570,35
2026.04.21 10:00:00,4783.73,4785.9,4782.45,4785.31,2003,35
2026.04.21 10:10:00,4785.3,4785.49,4780.8,4783.0,2171,35
2026.04.21 10:20:00,4783.0,4784.87,4781.83,4782.89,1786,35
2026.04.21 10:30:00,4782.89,4787.88,4782.62,4786.98,1949,35
2026.04.21 10:40:00,4786.98,4787.81,4785.4,4786.57,1945,35
2026.04.21 10:50:00,4786.59,4790.33,4786.57,4789.58,1871,35
2026.04.21 11:00:00,4789.57,4790.07,4775.27,4780.25,2335,35
2026.04.21 11:10:00,4780.24,4782.98,4779.28,4781.67,2975,35
2026.04.21 11:20:00,4781.84,4784.31,4779.25,4783.64,2325,35
2026.04.21 11:30:00,4783.61,4790.49,4783.19,4789.77,2559,35
2026.04.21 11:40:00,4789.73,4797.76,4789.27,4795.64,2553,35
2026.04.21 11:50:00,4795.65,4796.85,4792.7,4794.56,2582,35
2026.04.21 12:00:00,4794.59,4796.92,4791.32,4795.35,2811,35
2026.04.21 12:10:00,4795.37,4795.67,4783.55,4783.72,3251,35
2026.04.21 12:20:00,4783.88,4785.31,4779.2,4780.78,3343,35
2026.04.21 12:30:00,4780.9,4790.52,4766.46,4780.59,4132,35
2026.04.21 12:40:00,4780.48,4782.96,4776.12,4777.78,3590,35
2026.04.21 12:50:00,4777.92,4782.61,4776.39,4778.61,3415,35
2026.04.21 13:00:00,4778.6,4783.67,4767.43,4767.96,4231,35
2026.04.21 13:10:00,4767.94,4772.12,4760.8,4768.43,4126,35
2026.04.21 13:20:00,4768.4,4775.28,4767.13,4774.86,3690,35
2026.04.21 13:30:00,4774.8,4785.93,4770.05,4784.29,4648,35
2026.04.21 13:40:00,4784.3,4794.12,4784.14,4788.89,4154,35
2026.04.21 13:50:00,4788.77,4793.44,4777.25,4779.28,3882,35
2026.04.21 14:00:00,4779.26,4782.39,4772.96,4780.58,4019,35
2026.04.21 14:10:00,4780.28,4780.66,4775.95,4777.57,3661,35
2026.04.21 14:20:00,4777.67,4778.19,4769.95,4774.03,3844,35
2026.04.21 14:30:00,4774.02,4775.16,4760.59,4761.15,4352,35
2026.04.21 14:40:00,4761.11,4763.21,4723.64,4727.75,4961,35
2026.04.21 14:50:00,4727.65,4742.16,4723.62,4738.87,4924,35
2026.04.21 15:00:00,4738.87,4740.99,4727.76,4740.46,4936,35
2026.04.21 15:10:00,4740.44,4756.59,4739.69,4755.74,4553,35
2026.04.21 15:20:00,4755.21,4757.61,4741.87,4742.79,4492,35
2026.04.21 15:30:00,4742.88,4745.56,4736.49,4742.88,4255,35
2026.04.21 15:40:00,4742.99,4750.22,4738.93,4746.25,3998,35
2026.04.21 15:50:00,4746.17,4746.41,4738.76,4741.52,3663,35
2026.04.21 16:00:00,4741.64,4746.52,4734.43,4735.13,3593,35
2026.04.21 16:10:00,4735.01,4735.17,4726.69,4732.29,3643,35
2026.04.21 16:20:00,4732.07,4732.28,4719.51,4720.79,3526,35
2026.04.21 16:30:00,4720.57,4727.39,4719.66,4723.54,3752,35
2026.04.21 16:40:00,4723.53,4725.39,4718.32,4721.43,3447,35
2026.04.21 16:50:00,4721.26,4721.52,4708.12,4710.96,3805,35
2026.04.21 17:00:00,4710.99,4718.04,4707.39,4710.12,3861,35
2026.04.21 17:10:00,4710.15,4711.34,4699.35,4700.75,4320,41
2026.04.21 17:20:00,4700.76,4705.52,4697.56,4699.73,3793,39
2026.04.21 17:30:00,4699.55,4710.18,4696.9,4708.9,3605,35
2026.04.21 17:40:00,4709.02,4721.95,4706.7,4711.72,4029,35
2026.04.21 17:50:00,4711.64,4712.35,4705.73,4710.54,3248,35
2026.04.21 18:00:00,4710.54,4714.41,4708.01,4708.09,3227,35
2026.04.21 18:10:00,4708.09,4708.27,4694.42,4695.87,3519,42
2026.04.21 18:20:00,4695.86,4697.51,4692.28,4696.17,3335,38
2026.04.21 18:30:00,4696.24,4703.2,4696.24,4701.29,3065,42
2026.04.21 18:40:00,4701.29,4703.88,4699.15,4701.77,2588,42
2026.04.21 18:50:00,4701.76,4713.4,4698.56,4709.08,3322,41
2026.04.21 19:00:00,4709.09,4712.04,4707.18,4709.59,3548,41
2026.04.21 19:10:00,4709.59,4712.66,4704.4,4706.54,3248,39
2026.04.21 19:20:00,4706.54,4714.99,4705.54,4713.77,3189,42
2026.04.21 19:30:00,4713.77,4714.64,4698.88,4701.1,3429,35
2026.04.21 19:40:00,4701.1,4701.27,4668.52,4682.01,4454,42
2026.04.21 19:50:00,4681.75,4685.52,4676.53,4679.34,4253,35
2026.04.21 20:00:00,4679.16,4681.51,4668.78,4678.16,2769,35
2026.04.21 20:10:00,4678.21,4709.75,4678.1,4703.01,4170,35
2026.04.21 20:20:00,4703.06,4711.02,4702.05,4705.64,3071,35
2026.04.21 20:30:00,4705.64,4713.64,4705.15,4712.44,2274,35
2026.04.21 20:40:00,4712.44,4714.01,4709.29,4713.24,1955,39
2026.04.21 20:50:00,4713.34,4720.07,4711.66,4720.06,1740,42
2026.04.21 22:00:00,4720.49,4729.39,4718.25,4720.68,2122,35
2026.04.21 22:10:00,4720.7,4723.41,4718.36,4720.57,1772,38
2026.04.21 22:20:00,4720.52,4720.72,4716.36,4719.0,1296,42
2026.04.21 22:30:00,4718.96,4719.62,4716.57,4718.5,1285,42
2026.04.21 22:40:00,4718.51,4718.95,4716.09,4716.8,1240,42
2026.04.21 22:50:00,4716.81,4720.03,4715.48,4719.53,1315,35
2026.04.21 23:00:00,4719.4,4725.86,4718.03,4725.0,1687,41
2026.04.21 23:10:00,4724.95,4733.11,4724.68,4731.51,1799,35
2026.04.21 23:20:00,4731.51,4733.07,4729.89,4729.89,1503,35
2026.04.21 23:30:00,4729.9,4733.72,4728.8,4730.41,1490,42
2026.04.21 23:40:00,4730.55,4738.22,4729.26,4738.13,1730,41
2026.04.21 23:50:00,4738.11,4740.42,4736.67,4738.06,1990,38
2026.04.22 00:00:00,4738.07,4747.18,4738.07,4744.25,2567,35
2026.04.22 00:10:00,4744.23,4746.35,4741.25,4743.38,2365,42
2026.04.22 00:20:00,4743.39,4745.66,4740.68,4742.39,2047,39
2026.04.22 00:30:00,4742.38,4747.04,4742.17,4744.77,1946,35
2026.04.22 00:40:00,4744.75,4746.68,4741.17,4743.61,2016,42
2026.04.22 00:50:00,4743.61,4744.26,4738.38,4739.63,2217,42
2026.04.22 01:00:00,4739.55,4745.19,4735.84,4739.03,3206,35
2026.04.22 01:10:00,4739.08,4743.43,4736.08,4740.32,2448,42
2026.04.22 01:20:00,4740.31,4749.04,4740.31,4746.24,2447,41
2026.04.22 01:30:00,4746.24,4752.96,4746.17,4751.47,2726,35
2026.04.22 01:40:00,4751.43,4754.12,4747.78,4752.73,2683,35
2026.04.22 01:50:00,4752.71,4754.55,4750.92,4752.12,2369,42
2026.04.22 02:00:00,4752.13,4753.74,4749.96,4753.28,2308,42
2026.04.22 02:10:00,4753.29,4757.58,4753.19,4757.51,2095,35
2026.04.22 02:20:00,4757.54,4758.06,4754.78,4755.57,1311,35
2026.04.22 02:30:00,4755.54,4758.84,4753.19,4753.23,2228,35
2026.04.22 02:40:00,4753.21,4754.45,4751.0,4751.61,1908,42
2026.04.22 02:50:00,4751.52,4757.15,4751.44,4755.63,1920,42
2026.04.22 03:00:00,4755.62,4760.75,4753.04,4759.37,2168,35
2026.04.22 03:10:00,4759.39,4759.92,4756.8,4758.54,1940,42
2026.04.22 03:20:00,4758.52,4763.48,4756.66,4763.04,1906,42
2026.04.22 03:30:00,4763.05,4764.9,4756.91,4758.21,1828,35
2026.04.22 03:40:00,4758.22,4760.32,4757.12,4758.83,1357,42
2026.04.22 03:50:00,4758.75,4760.7,4757.23,4758.21,1570,42
2026.04.22 04:00:00,4758.26,4759.58,4757.48,4758.31,1163,42
2026.04.22 04:10:00,4758.32,4758.93,4755.33,4756.35,1658,35
2026.04.22 04:20:00,4756.35,4757.1,4754.36,4755.89,1367,42
2026.04.22 04:30:00,4755.86,4757.24,4753.3,4753.66,1269,42
2026.04.22 04:40:00,4753.79,4759.46,4752.74,4758.06,1652,42
2026.04.22 04:50:00,4758.01,4758.03,4752.14,4754.49,1980,42
2026.04.22 05:00:00,4754.51,4756.12,4752.04,4755.71,1474,35
2026.04.22 05:10:00,4755.81,4769.17,4754.29,4768.44,2343,41
2026.04.22 05:20:00,4768.51,4771.48,4764.86,4766.02,2751,35
2026.04.22 05:30:00,4766.05,4768.35,4763.7,4766.51,2721,35
2026.04.22 05:40:00,4766.56,4770.75,4764.64,4769.03,2500,35
2026.04.22 05:50:00,4769.03,4771.82,4764.22,4767.37,2469,42
2026.04.22 06:00:00,4767.39,4767.52,4758.76,4760.52,2795,35
2026.04.22 06:10:00,4760.52,4763.76,4760.38,4763.38,2150,39
2026.04.22 06:20:00,4763.44,4767.12,4762.48,4766.85,2037,42
2026.04.22 06:30:00,4766.56,4767.88,4764.16,4764.79,2142,35
2026.04.22 06:40:00,4764.79,4766.41,4763.18,4765.86,2072,42
2026.04.22 06:50:00,4765.88,4767.75,4765.54,4767.57,1956,42
2026.04.22 07:00:00,4767.59,4772.35,4766.62,4769.98,2738,35
2026.04.22 07:10:00,4769.95,4769.95,4762.49,4763.71,2469,35
2026.04.22 07:20:00,4763.71,4767.85,4763.37,4765.83,2499,35
2026.04.22 07:30:00,4765.85,4766.61,4763.81,4764.87,2010,35
2026.04.22 07:40:00,4764.77,4764.78,4760.95,4761.34,2488,35
2026.04.22 07:50:00,4761.28,4763.48,4759.45,4760.51,2328,35
2026.04.22 08:00:00,4760.57,4761.68,4758.67,4759.98,2478,35
2026.04.22 08:10:00,4759.96,4762.21,4756.18,4758.7,2533,35
2026.04.22 08:20:00,4758.7,4758.97,4754.16,4754.27,2579,35
2026.04.22 08:30:00,4754.31,4756.94,4751.79,4753.33,2597,35
2026.04.22 08:40:00,4753.19,4756.65,4751.87,4755.25,2132,35
2026.04.22 08:50:00,4755.31,4758.21,4753.51,4756.99,2103,35
2026.04.22 09:00:00,4757.0,4761.71,4756.58,4760.69,2574,35
2026.04.22 09:10:00,4760.66,4761.67,4759.34,4760.11,2147,35
2026.04.22 09:20:00,4760.11,4761.99,4756.29,4756.33,2154,35
2026.04.22 09:30:00,4756.32,4758.7,4755.07,4758.7,2175,35
2026.04.22 09:40:00,4758.51,4762.49,4755.85,4757.53,2124,35
2026.04.22 09:50:00,4757.53,4758.01,4752.49,4755.09,2401,35
2026.04.22 10:00:00,4755.09,4757.37,4747.55,4748.54,2880,35
2026.04.22 10:10:00,4748.54,4754.04,4745.91,4753.46,2596,35
2026.04.22 10:20:00,4753.47,4755.98,4749.81,4754.59,2511,35
2026.04.22 10:30:00,4754.6,4759.36,4753.59,4757.32,2337,35
2026.04.22 10:40:00,4757.34,4757.81,4754.19,4757.14,1975,35
2026.04.22 10:50:00,4757.13,4759.9,4756.07,4759.22,1930,35
2026.04.22 11:00:00,4759.22,4760.28,4756.36,4756.51,2334,35
2026.04.22 11:10:00,4756.47,4761.04,4756.44,4759.71,2166,35
2026.04.22 11:20:00,4759.64,4760.66,4756.3,4757.23,1978,35
2026.04.22 11:30:00,4757.23,4759.9,4754.72,4754.72,2127,35
2026.04.22 11:40:00,4754.69,4755.22,4747.81,4752.01,2890,35
2026.04.22 11:50:00,4751.98,4753.14,4749.22,4750.28,2309,35
2026.04.22 12:00:00,4750.43,4757.58,4750.43,4752.78,2664,35
2026.04.22 12:10:00,4752.78,4752.78,4747.57,4747.79,2526,35
2026.04.22 12:20:00,4747.47,4759.57,4747.16,4753.13,2890,35
2026.04.22 12:30:00,4753.13,4754.29,4747.11,4750.42,3067,35
2026.04.22 12:40:00,4750.41,4750.41,4742.68,4744.04,2960,35
2026.04.22 12:50:00,4744.06,4747.0,4742.86,4744.16,2750,35
2026.04.22 13:00:00,4744.29,4750.24,4739.06,4745.01,3428,35
2026.04.22 13:10:00,4744.96,4744.96,4736.31,4743.01,3448,35
2026.04.22 13:20:00,4743.49,4749.75,4740.47,4749.68,3496,35
2026.04.22 13:30:00,4750.2,4752.63,4742.1,4748.44,4147,35
2026.04.22 13:40:00,4748.39,4760.68,4747.0,4756.55,3989,35
2026.04.22 13:50:00,4756.54,4758.0,4750.89,4752.9,3594,35
2026.04.22 14:00:00,4752.48,4757.47,4742.39,4745.85,3912,35
2026.04.22 14:10:00,4746.32,4749.27,4742.53,4746.74,3662,35
2026.04.22 14:20:00,4746.88,4750.42,4742.88,4743.92,3667,35
2026.04.22 14:30:00,4743.88,4744.74,4729.76,4736.89,4065,35
2026.04.22 14:40:00,4737.0,4740.51,4732.27,4737.73,3660,35
2026.04.22 14:50:00,4737.73,4738.14,4732.39,4735.97,3509,35
2026.04.22 15:00:00,4735.95,4739.38,4734.2,4736.08,3597,35
2026.04.22 15:10:00,4736.07,4739.88,4729.7,4733.52,3525,35
2026.04.22 15:20:00,4733.16,4736.08,4730.87,4735.26,3442,35
2026.04.22 15:30:00,4735.31,4735.44,4726.86,4728.06,3441,35
2026.04.22 15:40:00,4728.06,4730.52,4726.04,4728.28,3066,35
2026.04.22 15:50:00,4728.09,4731.41,4724.77,4727.55,2945,35
2026.04.22 16:00:00,4727.88,4734.63,4725.82,4733.45,3144,35
2026.04.22 16:10:00,4733.37,4733.56,4724.82,4725.0,2630,35
2026.04.22 16:20:00,4725.0,4727.93,4724.15,4726.91,2834,35
2026.04.22 16:30:00,4726.93,4731.32,4723.86,4730.81,2725,35
2026.04.22 16:40:00,4730.82,4732.12,4726.19,4730.01,2797,35
2026.04.22 16:50:00,4729.95,4730.8,4726.69,4728.66,2699,35
2026.04.22 17:00:00,4728.66,4736.64,4728.45,4736.47,3088,35
2026.04.22 17:10:00,4736.6,4739.19,4732.91,4733.56,2749,42
2026.04.22 17:20:00,4733.63,4737.46,4732.73,4734.97,2438,42
2026.04.22 17:30:00,4734.96,4738.01,4734.84,4734.89,2099,35
2026.04.22 17:40:00,4734.96,4738.12,4733.22,4736.61,2518,35
2026.04.22 17:50:00,4736.59,4738.16,4735.05,4737.11,2408,35
2026.04.22 18:00:00,4737.18,4738.6,4734.73,4737.26,2221,42
2026.04.22 18:10:00,4737.24,4737.26,4731.88,4732.67,2302,42
2026.04.22 18:20:00,4732.66,4733.47,4729.72,4730.25,2684,37
2026.04.22 18:30:00,4730.09,4738.13,4729.99,4737.95,2164,42
2026.04.22 18:40:00,4737.95,4749.47,4735.36,4746.67,2564,35
2026.04.22 18:50:00,4746.55,4747.35,4739.61,4741.59,2593,35
2026.04.22 19:00:00,4741.65,4743.48,4739.08,4740.07,2949,39
2026.04.22 19:10:00,4740.06,4741.81,4736.68,4741.08,2083,35
2026.04.22 19:20:00,4741.07,4745.2,4740.28,4744.27,2263,41
2026.04.22 19:30:00,4744.48,4744.57,4739.08,4739.37,2084,42
2026.04.22 19:40:00,4739.42,4740.74,4737.06,4738.43,2067,42
2026.04.22 19:50:00,4739.07,4741.73,4736.75,4740.0,2785,42
2026.04.22 20:00:00,4740.1,4740.29,4737.27,4737.92,1707,42
2026.04.22 20:10:00,4737.94,4737.94,4734.6,4736.58,1534,42
2026.04.22 20:20:00,4736.57,4737.14,4734.47,4736.71,1189,42
2026.04.22 20:30:00,4736.69,4739.31,4736.47,4737.59,1189,42
2026.04.22 20:40:00,4737.55,4739.65,4736.16,4738.6,972,35
2026.04.22 20:50:00,4738.6,4740.72,4737.84,4739.84,843,42
2026.04.22 22:00:00,4745.3,4745.68,4736.28,4738.63,1566,35
2026.04.22 22:10:00,4738.58,4738.93,4735.0,4736.13,1292,42
2026.04.22 22:20:00,4736.14,4737.6,4732.43,4732.86,1489,35
2026.04.22 22:30:00,4732.99,4735.09,4730.09,4730.77,1386,42
2026.04.22 22:40:00,4730.8,4731.66,4728.26,4729.84,1523,35
2026.04.22 22:50:00,4729.85,4731.79,4725.61,4725.91,1511,35
2026.04.22 23:00:00,4725.97,4726.7,4723.11,4726.09,1741,41
2026.04.22 23:10:00,4726.12,4728.98,4725.44,4728.83,1446,41
2026.04.22 23:20:00,4728.82,4729.92,4725.25,4728.26,1319,42
2026.04.22 23:30:00,4728.25,4728.28,4724.47,4724.83,1099,42
2026.04.22 23:40:00,4724.88,4728.38,4723.64,4727.76,1357,35
2026.04.22 23:50:00,4727.76,4729.15,4725.42,4727.78,1560,42
2026.04.23 00:00:00,4727.79,4728.1,4714.34,4715.3,2989,35
2026.04.23 00:10:00,4715.4,4723.58,4693.96,4722.44,4327,35
2026.04.23 00:20:00,4722.64,4742.41,4722.14,4741.41,4254,35
2026.04.23 00:30:00,4741.46,4751.94,4741.08,4745.87,3850,35
2026.04.23 00:40:00,4745.62,4749.98,4742.29,4747.29,3333,42
2026.04.23 00:50:00,4747.27,4753.8,4744.73,4747.98,3035,42
2026.04.23 01:00:00,4747.62,4749.82,4742.2,4743.89,3572,35
2026.04.23 01:10:00,4743.99,4743.99,4733.01,4734.01,3560,35
2026.04.23 01:20:00,4733.96,4735.22,4727.06,4728.16,3302,35
2026.04.23 01:30:00,4728.26,4733.02,4725.78,4732.49,3329,35
2026.04.23 01:40:00,4732.49,4736.77,4731.59,4733.94,2987,42
2026.04.23 01:50:00,4733.92,4736.24,4722.36,4723.17,3543,35
2026.04.23 02:00:00,4723.18,4724.59,4712.09,4714.44,3735,40
2026.04.23 02:10:00,4714.45,4714.78,4704.79,4710.36,3923,42
2026.04.23 02:20:00,4710.35,4717.94,4710.35,4713.72,3196,42
2026.04.23 02:30:00,4713.74,4715.71,4707.08,4711.66,3846,41
2026.04.23 02:40:00,4711.66,4713.08,4698.87,4706.39,3706,35
2026.04.23 02:50:00,4706.44,4707.23,4698.22,4698.86,3434,42
2026.04.23 03:00:00,4698.87,4708.61,4698.87,4703.72,3444,42
2026.04.23 03:10:00,4703.7,4704.73,4697.84,4700.44,3620,42
2026.04.23 03:20:00,4700.45,4705.82,4699.04,4703.15,3039,41
2026.04.23 03:30:00,4703.11,4705.19,4701.21,4702.55,2452,42
2026.04.23 03:40:00,4702.6,4707.28,4700.98,4706.47,2485,42
2026.04.23 03:50:00,4706.47,4707.38,4702.53,4703.85,2054,42
2026.04.23 04:00:00,4703.85,4706.14,4700.72,4703.96,1956,42
2026.04.23 04:10:00,4703.97,4706.26,4703.8,4704.54,2126,42
2026.04.23 04:20:00,4704.41,4707.05,4702.74,4705.42,1955,42
2026.04.23 04:30:00,4705.45,4706.89,4702.16,4703.19,1689,35
2026.04.23 04:40:00,4703.19,4703.67,4698.65,4702.19,1898,42
2026.04.23 04:50:00,4702.12,4704.47,4701.16,4704.1,1977,42
2026.04.23 05:00:00,4704.1,4709.85,4703.25,4709.77,2278,42
2026.04.23 05:10:00,4709.77,4710.16,4705.83,4706.93,2345,36
2026.04.23 05:20:00,4706.91,4709.29,4704.61,4705.8,2219,42
2026.04.23 05:30:00,4705.82,4707.01,4691.81,4702.85,3481,42
2026.04.23 05:40:00,4702.8,4710.57,4700.93,4710.57,3017,42
2026.04.23 05:50:00,4710.61,4715.0,4710.39,4713.61,3214,42
2026.04.23 06:00:00,4713.64,4718.07,4711.38,4713.2,3301,35
2026.04.23 06:10:00,4713.19,4715.56,4709.36,4710.24,2682,42
2026.04.23 06:20:00,4710.24,4714.28,4708.56,4712.12,2724,35
2026.04.23 06:30:00,4711.92,4714.4,4709.17,4713.19,2484,42
2026.04.23 06:40:00,4713.09,4720.11,4712.93,4716.2,3054,35
2026.04.23 06:50:00,4716.22,4721.07,4712.04,4712.98,3050,35
2026.04.23 07:00:00,4712.85,4715.25,4707.54,4710.15,3477,35
2026.04.23 07:10:00,4710.26,4716.42,4708.85,4712.3,3225,35
2026.04.23 07:20:00,4712.37,4713.03,4703.1,4706.05,3404,35
2026.04.23 07:30:00,4706.04,4713.04,4703.51,4709.36,2882,35
2026.04.23 07:40:00,4709.36,4720.17,4708.36,4719.97,2856,35
2026.04.23 07:50:00,4720.04,4720.49,4715.56,4718.85,2792,35
2026.04.23 08:00:00,4718.59,4724.78,4718.06,4718.71,2929,35
2026.04.23 08:10:00,4718.79,4721.08,4717.41,4720.28,2539,35
2026.04.23 08:20:00,4720.44,4721.76,4714.92,4715.48,2624,35
2026.04.23 08:30:00,4715.49,4716.14,4704.91,4707.74,3302,35
2026.04.23 08:40:00,4707.74,4708.93,4701.76,4705.87,3002,35
2026.04.23 08:50:00,4705.89,4707.39,4703.02,4703.28,2478,35
2026.04.23 09:00:00,4703.25,4703.64,4694.58,4695.37,3514,35
2026.04.23 09:10:00,4695.37,4702.44,4695.1,4699.87,3196,35
2026.04.23 09:20:00,4699.85,4702.94,4698.99,4700.79,2706,35
2026.04.23 09:30:00,4700.63,4703.2,4699.25,4700.63,2784,35
2026.04.23 09:40:00,4700.63,4701.98,4698.42,4698.84,2543,35
2026.04.23 09:50:00,4698.89,4701.1,4694.68,4697.44,2698,35
2026.04.23 10:00:00,4697.46,4701.49,4691.15,4691.25,2857,35
2026.04.23 10:10:00,4691.24,4692.9,4684.92,4688.03,3396,35
2026.04.23 10:20:00,4688.3,4692.07,4684.41,4686.55,3112,35
2026.04.23 10:30:00,4686.56,4693.91,4684.09,4693.77,3050,35
2026.04.23 10:40:00,4693.78,4696.7,4689.39,4690.12,3002,35
2026.04.23 10:50:00,4690.12,4697.15,4689.79,4696.41,2783,35
2026.04.23 11:00:00,4696.44,4700.04,4695.48,4697.68,3180,35
2026.04.23 11:10:00,4697.69,4702.52,4696.25,4702.2,2656,35
2026.04.23 11:20:00,4702.19,4703.33,4697.3,4699.25,2446,35
2026.04.23 11:30:00,4699.25,4703.36,4696.58,4702.32,3027,35
2026.04.23 11:40:00,4702.32,4710.97,4701.88,4706.22,3422,35
2026.04.23 11:50:00,4706.33,4720.87,4705.12,4720.49,3661,35
2026.04.23 12:00:00,4720.53,4737.88,4719.72,4729.63,4236,35
2026.04.23 12:10:00,4729.72,4735.57,4725.98,4731.56,3911,35
2026.04.23 12:20:00,4731.67,4734.83,4728.23,4733.34,3301,35
2026.04.23 12:30:00,4733.08,4741.34,4733.08,4736.65,3671,35
2026.04.23 12:40:00,4736.59,4742.65,4731.53,4735.2,3629,35
2026.04.23 12:50:00,4735.51,4742.88,4733.69,4739.98,3754,35
2026.04.23 13:00:00,4739.99,4740.7,4726.89,4727.01,3893,35
2026.04.23 13:10:00,4726.94,4730.32,4724.45,4726.41,3224,35
2026.04.23 13:20:00,4726.4,4730.56,4726.08,4727.16,3317,35
2026.04.23 13:30:00,4726.6,4732.43,4724.5,4730.68,4317,35
2026.04.23 13:40:00,4730.52,4738.15,4729.65,4737.24,4027,35
2026.04.23 13:50:00,4737.24,4741.09,4724.32,4724.42,4369,35
2026.04.23 14:00:00,4724.49,4728.56,4717.17,4721.2,4820,35
2026.04.23 14:10:00,4721.4,4728.07,4719.2,4724.22,4092,35
2026.04.23 14:20:00,4724.18,4735.77,4723.63,4731.38,4077,35
2026.04.23 14:30:00,4731.31,4734.43,4725.96,4728.25,4184,35
2026.04.23 14:40:00,4728.14,4733.58,4727.16,4730.79,3953,35
2026.04.23 14:50:00,4730.79,4736.58,4728.33,4733.54,3781,35
2026.04.23 15:00:00,4733.52,4734.75,4726.66,4728.73,3686,35
2026.04.23 15:10:00,4729.09,4741.26,4728.92,4738.21,3679,35
2026.04.23 15:20:00,4738.19,4739.8,4733.0,4733.6,3545,35
2026.04.23 15:30:00,4733.55,4734.81,4730.0,4731.33,3296,35
2026.04.23 15:40:00,4731.13,4733.69,4720.08,4724.79,3619,35
2026.04.23 15:50:00,4724.79,4725.04,4716.64,4720.29,3837,35
2026.04.23 16:00:00,4720.31,4721.73,4715.54,4720.25,3636,35
2026.04.23 16:10:00,4720.24,4722.88,4717.57,4722.74,3148,35
2026.04.23 16:20:00,4722.74,4724.92,4720.69,4723.13,2962,35
2026.04.23 16:30:00,4723.16,4729.92,4722.57,4727.87,2781,35
2026.04.23 16:40:00,4727.87,4736.06,4727.4,4734.81,3023,35
2026.04.23 16:50:00,4734.81,4737.04,4730.7,4732.93,2976,35
2026.04.23 17:00:00,4732.99,4734.46,4709.14,4710.63,4422,35
2026.04.23 17:10:00,4710.7,4717.64,4704.45,4708.81,4820,42
2026.04.23 17:20:00,4708.81,4717.84,4704.57,4706.37,4789,35
2026.04.23 17:30:00,4706.28,4713.76,4698.0,4698.62,4476,35
2026.04.23 17:40:00,4698.49,4699.04,4664.05,4683.21,4929,35
2026.04.23 17:50:00,4682.95,4710.77,4678.4,4709.08,4788,35
2026.04.23 18:00:00,4709.52,4721.26,4707.67,4710.37,4390,35
2026.04.23 18:10:00,4710.55,4719.45,4709.83,4713.63,4183,41
2026.04.23 18:20:00,4713.64,4716.66,4711.01,4716.5,3817,42
2026.04.23 18:30:00,4716.43,4720.34,4713.62,4714.08,3718,42
2026.04.23 18:40:00,4714.14,4714.92,4705.93,4706.56,3580,35
2026.04.23 18:50:00,4706.55,4711.75,4699.31,4700.98,3586,40
2026.04.23 19:00:00,4700.99,4704.28,4693.52,4695.97,3998,42
2026.04.23 19:10:00,4696.08,4699.26,4692.77,4698.95,3346,42
2026.04.23 19:20:00,4698.95,4702.51,4696.98,4700.1,3147,42
2026.04.23 19:30:00,4700.18,4701.13,4689.55,4692.73,3586,42
2026.04.23 19:40:00,4692.8,4697.29,4691.21,4696.59,3051,42
2026.04.23 19:50:00,4695.76,4699.99,4693.93,4696.02,3476,35
2026.04.23 20:00:00,4695.92,4698.07,4693.87,4696.45,2343,35
2026.04.23 20:10:00,4696.47,4696.95,4686.26,4691.07,2223,42
2026.04.23 20:20:00,4691.3,4692.51,4688.69,4689.17,1450,42
2026.04.23 20:30:00,4689.22,4691.02,4688.04,4690.07,1132,42
2026.04.23 20:40:00,4690.08,4691.95,4688.91,4690.57,1066,35
2026.04.23 20:50:00,4690.58,4694.41,4688.24,4694.41,1381,42
2026.04.23 22:00:00,4699.96,4699.96,4694.78,4697.17,1426,35
2026.04.23 22:10:00,4697.19,4698.97,4693.03,4693.78,1221,42
2026.04.23 22:20:00,4693.78,4696.06,4691.82,4692.52,1309,42
2026.04.23 22:30:00,4692.52,4696.66,4691.61,4691.72,1414,42
2026.04.23 22:40:00,4691.72,4694.41,4690.66,4692.13,1508,42
2026.04.23 22:50:00,4692.13,4693.15,4689.91,4693.15,1413,35
2026.04.23 23:00:00,4693.1,4695.44,4690.17,4690.25,1685,41
2026.04.23 23:10:00,4690.25,4692.37,4686.72,4688.35,1797,36
2026.04.23 23:20:00,4688.36,4694.5,4688.32,4694.38,1734,35
2026.04.23 23:30:00,4694.68,4700.7,4693.49,4696.74,1991,41
2026.04.23 23:40:00,4696.74,4699.48,4696.09,4696.78,1883,42
2026.04.23 23:50:00,4696.8,4697.64,4692.18,4695.25,2095,42
2026.04.24 00:00:00,4695.68,4700.07,4690.89,4696.18,3303,35
2026.04.24 00:10:00,4696.33,4700.32,4693.63,4697.02,2929,35
2026.04.24 00:20:00,4697.01,4705.42,4696.27,4705.33,2704,35
2026.04.24 00:30:00,4705.35,4707.7,4702.58,4704.0,2602,35
2026.04.24 00:40:00,4704.0,4704.25,4697.23,4699.18,2915,35
2026.04.24 00:50:00,4699.35,4705.92,4697.64,4704.47,2594,42
2026.04.24 01:00:00,4704.46,4707.96,4695.78,4703.88,3684,42
2026.04.24 01:10:00,4703.8,4710.95,4703.03,4705.28,3110,35
2026.04.24 01:20:00,4705.28,4705.39,4698.31,4698.36,2801,36
2026.04.24 01:30:00,4698.33,4702.18,4690.82,4695.83,3480,42
2026.04.24 01:40:00,4695.8,4697.66,4690.23,4696.92,3260,42
2026.04.24 01:50:00,4696.89,4700.61,4693.16,4699.3,3046,41
2026.04.24 02:00:00,4699.25,4700.34,4694.86,4694.86,2988,35
2026.04.24 02:10:00,4694.86,4696.02,4689.91,4691.71,3105,35
2026.04.24 02:20:00,4691.7,4692.19,4681.9,4683.55,2949,42
2026.04.24 02:30:00,4683.89,4690.79,4682.83,4683.39,3287,42
2026.04.24 02:40:00,4683.56,4683.95,4675.14,4675.88,2998,35
2026.04.24 02:50:00,4675.96,4678.87,4672.84,4676.62,3152,42
2026.04.24 03:00:00,4676.62,4678.22,4669.59,4670.3,3349,42
2026.04.24 03:10:00,4670.3,4674.14,4668.66,4673.38,2660,42
2026.04.24 03:20:00,4673.38,4677.95,4673.27,4674.36,2842,41
2026.04.24 03:30:00,4674.32,4677.52,4672.53,4676.69,2510,42
2026.04.24 03:40:00,4676.73,4678.04,4673.81,4675.22,1862,42
2026.04.24 03:50:00,4675.18,4675.89,4671.38,4672.12,1937,42
2026.04.24 04:00:00,4671.93,4674.37,4667.16,4673.86,2513,42
2026.04.24 04:10:00,4673.69,4674.44,4668.04,4669.09,2179,41
2026.04.24 04:20:00,4668.92,4668.95,4658.66,4659.21,2809,35
2026.04.24 04:30:00,4659.21,4665.98,4657.62,4665.79,2567,35
2026.04.24 04:40:00,4665.84,4676.75,4664.43,4675.92,2511,35
2026.04.24 04:50:00,4675.84,4675.97,4673.37,4674.38,1927,35
2026.04.24 05:00:00,4674.38,4676.79,4670.27,4670.6,2251,42
2026.04.24 05:10:00,4670.57,4675.8,4669.58,4674.7,2383,35
2026.04.24 05:20:00,4674.68,4678.32,4673.14,4676.35,2370,42
2026.04.24 05:30:00,4676.32,4685.1,4676.32,4684.42,3190,42
2026.04.24 05:40:00,4684.41,4687.56,4680.08,4680.83,3172,41
2026.04.24 05:50:00,4680.8,4686.97,4680.25,4686.46,2834,41
2026.04.24 06:00:00,4686.46,4688.02,4682.05,4683.09,2968,42
2026.04.24 06:10:00,4683.08,4683.95,4676.01,4677.71,2943,42
2026.04.24 06:20:00,4677.71,4677.89,4670.03,4671.49,2900,42
2026.04.24 06:30:00,4671.48,4675.39,4671.48,4674.85,2656,42
2026.04.24 06:40:00,4674.75,4676.03,4668.67,4669.54,2738,42
2026.04.24 06:50:00,4669.59,4676.48,4666.39,4671.88,2812,42
2026.04.24 07:00:00,4671.85,4678.49,4670.95,4677.48,2546,35
2026.04.24 07:10:00,4677.39,4682.26,4676.71,4681.38,2241,35
2026.04.24 07:20:00,4681.38,4684.7,4679.98,4684.37,2512,35
2026.04.24 07:30:00,4684.22,4685.69,4682.22,4683.39,2428,35
2026.04.24 07:40:00,4683.38,4691.79,4682.7,4690.72,2745,35
2026.04.24 07:50:00,4690.72,4695.38,4689.96,4694.44,2701,35
2026.04.24 08:00:00,4694.37,4694.78,4686.45,4687.97,3168,35
2026.04.24 08:10:00,4687.91,4694.08,4686.65,4693.12,2921,35
2026.04.24 08:20:00,4693.09,4697.46,4686.74,4687.9,3009,35
2026.04.24 08:30:00,4687.83,4689.05,4685.02,4688.14,2696,35
2026.04.24 08:40:00,4688.14,4692.92,4687.28,4691.81,2489,35
2026.04.24 08:50:00,4691.86,4691.86,4688.65,4690.88,2239,35
2026.04.24 09:00:00,4690.9,4694.06,4689.65,4691.28,2844,35
2026.04.24 09:10:00,4691.28,4696.65,4690.97,4694.77,2558,35
2026.04.24 09:20:00,4694.83,4695.01,4682.25,4683.28,3209,35
2026.04.24 09:30:00,4683.18,4684.51,4679.38,4682.84,2832,35
2026.04.24 09:40:00,4682.73,4688.65,4682.18,4685.07,2458,35
2026.04.24 09:50:00,4685.07,4685.18,4679.29,4682.02,2771,35
2026.04.24 10:00:00,4682.02,4684.68,4680.73,4683.36,2513,35
2026.04.24 10:10:00,4683.39,4683.59,4680.89,4682.85,2031,35
2026.04.24 10:20:00,4682.84,4686.07,4680.1,4682.11,2431,35
2026.04.24 10:30:00,4682.1,4682.44,4674.64,4677.14,2795,35
2026.04.24 10:40:00,4677.13,4680.92,4676.71,4679.53,2199,35
2026.04.24 10:50:00,4679.53,4680.57,4676.59,4677.7,2093,35
2026.04.24 11:00:00,4677.66,4703.42,4677.66,4696.27,3631,35
2026.04.24 11:10:00,4696.36,4701.66,4692.4,4695.06,3867,35
2026.04.24 11:20:00,4695.13,4716.81,4692.65,4715.07,4045,35
2026.04.24 11:30:00,4715.03,4717.34,4706.01,4707.03,3752,35
2026.04.24 11:40:00,4707.03,4709.58,4702.95,4704.49,3087,35
2026.04.24 11:50:00,4704.49,4708.16,4703.09,4706.89,2923,35
2026.04.24 12:00:00,4706.89,4709.79,4703.2,4705.31,3330,35
2026.04.24 12:10:00,4705.41,4711.67,4701.62,4706.04,3106,35
2026.04.24 12:20:00,4706.1,4711.45,4703.66,4710.24,3154,35
2026.04.24 12:30:00,4710.04,4711.49,4703.52,4705.8,3265,35
2026.04.24 12:40:00,4705.8,4706.82,4690.48,4692.44,3401,35
2026.04.24 12:50:00,4692.47,4700.86,4690.45,4700.51,3732,35
2026.04.24 13:00:00,4701.31,4703.01,4695.9,4700.31,4294,35
2026.04.24 13:10:00,4700.31,4705.47,4699.18,4702.17,3329,35
2026.04.24 13:20:00,4702.18,4704.23,4693.49,4696.98,3671,35
2026.04.24 13:30:00,4696.94,4704.8,4689.82,4704.14,4455,35
2026.04.24 13:40:00,4704.07,4717.53,4702.43,4712.13,4448,35
2026.04.24 13:50:00,4712.15,4712.85,4704.69,4711.56,4040,35
2026.04.24 14:00:00,4711.55,4730.82,4706.74,4728.0,4529,35
2026.04.24 14:10:00,4727.88,4740.02,4725.64,4731.16,4580,35
2026.04.24 14:20:00,4730.95,4733.8,4721.44,4725.4,4452,35
2026.04.24 14:30:00,4725.48,4731.78,4723.53,4729.77,4263,35
2026.04.24 14:40:00,4729.75,4732.77,4725.3,4727.75,3980,35
2026.04.24 14:50:00,4727.9,4729.29,4723.93,4726.35,3573,35
2026.04.24 15:00:00,4726.42,4726.89,4718.72,4723.91,3883,35
2026.04.24 15:10:00,4723.9,4724.93,4719.82,4721.49,3452,35
2026.04.24 15:20:00,4721.69,4726.13,4718.34,4721.89,3555,35
2026.04.24 15:30:00,4721.98,4724.64,4717.49,4718.65,3781,35
2026.04.24 15:40:00,4718.69,4733.28,4715.23,4724.18,3939,35
2026.04.24 15:50:00,4724.22,4730.92,4724.05,4726.97,4472,35
2026.04.24 16:00:00,4726.56,4729.42,4720.56,4721.69,3909,35
2026.04.24 16:10:00,4721.65,4723.64,4718.97,4720.39,3389,35
2026.04.24 16:20:00,4720.37,4725.7,4720.36,4723.06,3015,35
2026.04.24 16:30:00,4723.06,4726.94,4723.06,4724.05,3081,35
2026.04.24 16:40:00,4724.0,4724.44,4719.13,4721.6,3242,35
2026.04.24 16:50:00,4721.66,4727.65,4721.66,4726.57,3019,35
2026.04.24 17:00:00,4726.59,4729.83,4725.55,4727.61,3457,35
2026.04.24 17:10:00,4727.62,4729.1,4725.87,4728.63,2918,42
2026.04.24 17:20:00,4728.65,4728.91,4722.2,4722.75,3170,42
2026.04.24 17:30:00,4722.52,4725.26,4718.77,4721.75,3373,42
2026.04.24 17:40:00,4721.75,4723.13,4721.25,4721.98,2195,42
2026.04.24 17:50:00,4721.98,4727.5,4720.43,4723.35,2558,42
2026.04.24 18:00:00,4723.39,4724.67,4719.83,4722.27,2765,42
2026.04.24 18:10:00,4722.32,4724.67,4720.52,4721.23,2278,42
2026.04.24 18:20:00,4721.21,4722.38,4716.86,4716.98,2640,42
2026.04.24 18:30:00,4716.99,4720.37,4716.7,4719.79,2355,42
2026.04.24 18:40:00,4719.77,4720.47,4717.61,4718.47,2117,42
2026.04.24 18:50:00,4718.43,4723.17,4718.03,4722.59,2429,42
2026.04.24 19:00:00,4722.57,4725.91,4721.36,4721.96,2502,39
2026.04.24 19:10:00,4721.98,4723.12,4720.02,4721.05,2499,42
2026.04.24 19:20:00,4721.04,4721.04,4717.23,4718.84,2307,42
2026.04.24 19:30:00,4718.79,4720.44,4715.82,4717.21,2447,42
2026.04.24 19:40:00,4717.21,4718.48,4715.45,4716.17,2475,42
2026.04.24 19:50:00,4716.17,4717.58,4713.62,4716.27,2950,35
2026.04.24 20:00:00,4716.09,4717.28,4708.54,4709.06,2205,42
2026.04.24 20:10:00,4709.06,4710.34,4705.16,4705.83,1586,42
2026.04.24 20:20:00,4705.83,4709.65,4705.01,4707.99,1645,42
2026.04.24 20:30:00,4707.99,4708.71,4705.04,4707.27,1213,42
2026.04.24 20:40:00,4707.18,4708.73,4705.34,4707.01,1264,42
2026.04.24 20:50:00,4706.65,4710.41,4706.58,4710.28,1300,42
2026.04.26 22:00:00,4691.5,4700.14,4681.23,4681.41,2964,42
2026.04.26 22:10:00,4681.47,4688.49,4679.92,4688.49,2452,40
2026.04.26 22:20:00,4688.48,4688.49,4682.97,4686.72,1931,42
2026.04.26 22:30:00,4686.4,4686.74,4682.1,4686.08,1819,35
2026.04.26 22:40:00,4686.09,4686.19,4683.5,4684.9,1359,42
2026.04.26 22:50:00,4684.9,4685.95,4681.92,4684.6,1482,35
2026.04.26 23:00:00,4684.56,4684.56,4677.49,4683.26,2300,42
2026.04.26 23:10:00,4683.26,4684.84,4682.91,4683.55,1432,42
2026.04.26 23:20:00,4683.48,4683.7,4677.15,4677.33,1652,42
2026.04.26 23:30:00,4677.3,4679.92,4675.44,4676.59,1874,36
2026.04.26 23:40:00,4676.6,4682.14,4674.76,4680.63,2248,42
2026.04.26 23:50:00,4680.63,4681.84,4678.88,4680.15,1677,42
2026.04.27 00:00:00,4680.14,4681.07,4672.06,4675.66,3110,42
2026.04.27 00:10:00,4675.82,4681.35,4675.49,4678.71,2582,41
2026.04.27 00:20:00,4678.72,4682.11,4677.62,4680.72,2212,35
2026.04.27 00:30:00,4680.69,4681.45,4676.6,4679.13,2162,41
2026.04.27 00:40:00,4679.14,4682.95,4677.97,4682.34,1890,37
2026.04.27 00:50:00,4682.35,4698.06,4682.3,4697.58,2719,41
2026.04.27 01:00:00,4697.59,4709.51,4694.52,4698.15,4296,36
2026.04.27 01:10:00,4698.21,4702.36,4690.65,4695.81,3540,36
2026.04.27 01:20:00,4695.81,4698.5,4692.64,4697.94,3154,35
2026.04.27 01:30:00,4697.94,4700.72,4695.68,4699.72,3379,35
2026.04.27 01:40:00,4699.71,4701.68,4696.64,4701.52,3067,42
2026.04.27 01:50:00,4701.97,4706.38,4699.78,4702.6,3147,35
2026.04.27 02:00:00,4702.62,4706.66,4696.37,4698.53,3291,42
2026.04.27 02:10:00,4698.46,4708.0,4696.22,4705.0,2745,35
2026.04.27 02:20:00,4705.01,4707.12,4704.09,4705.64,2200,42
2026.04.27 02:30:00,4705.67,4714.57,4704.25,4712.14,2968,35
2026.04.27 02:40:00,4712.14,4719.28,4710.58,4718.47,3137,35
2026.04.27 02:50:00,4718.45,4723.32,4717.53,4718.18,2810,42
2026.04.27 03:00:00,4718.13,4722.27,4718.1,4720.34,2434,42
2026.04.27 03:10:00,4720.34,4721.77,4716.3,4716.73,2237,42
2026.04.27 03:20:00,4716.72,4718.44,4714.37,4715.6,2068,42
2026.04.27 03:30:00,4715.86,4725.61,4715.36,4723.65,2397,40
2026.04.27 03:40:00,4723.64,4729.31,4723.1,4724.23,2509,42
2026.04.27 03:50:00,4724.42,4726.29,4722.46,4724.06,1948,42
2026.04.27 04:00:00,4723.93,4727.47,4723.67,4726.99,1875,42
2026.04.27 04:10:00,4726.97,4727.92,4724.77,4726.4,1581,42
2026.04.27 04:20:00,4726.39,4727.57,4725.03,4726.85,1355,42
2026.04.27 04:30:00,4726.85,4730.08,4725.33,4727.93,1697,42
2026.04.27 04:40:00,4728.09,4728.16,4723.93,4724.25,1384,42
2026.04.27 04:50:00,4724.25,4726.26,4722.51,4724.84,1751,42
2026.04.27 05:00:00,4724.88,4725.34,4719.53,4719.54,2034,42
2026.04.27 05:10:00,4719.62,4720.35,4716.04,4717.93,2049,42
2026.04.27 05:20:00,4717.95,4719.79,4717.69,4718.03,1742,41
2026.04.27 05:30:00,4718.04,4718.26,4709.52,4710.51,3327,35
2026.04.27 05:40:00,4710.5,4713.49,4708.86,4711.3,2470,35
2026.04.27 05:50:00,4711.31,4712.88,4708.64,4710.08,2603,35
2026.04.27 06:00:00,4710.07,4713.29,4709.02,4713.12,3040,38
2026.04.27 06:10:00,4713.14,4715.48,4711.39,4711.83,2582,35
2026.04.27 06:20:00,4711.79,4715.52,4711.11,4714.28,2288,42
2026.04.27 06:30:00,4714.25,4714.38,4709.3,4711.72,2700,39
2026.04.27 06:40:00,4711.73,4714.31,4709.74,4713.86,2271,42
2026.04.27 06:50:00,4713.86,4715.6,4712.0,4712.78,2696,42
2026.04.27 07:00:00,4712.8,4718.16,4710.91,4717.23,3179,35
2026.04.27 07:10:00,4717.23,4717.65,4712.44,4714.91,2630,35
2026.04.27 07:20:00,4714.91,4718.22,4713.57,4715.88,2609,35
2026.04.27 07:30:00,4715.88,4717.32,4713.48,4715.84,2495,35
2026.04.27 07:40:00,4715.84,4716.85,4713.05,4714.27,2340,35
2026.04.27 07:50:00,4714.27,4714.79,4709.94,4713.24,2786,35
2026.04.27 08:00:00,4713.28,4714.2,4710.27,4711.73,2914,35
2026.04.27 08:10:00,4711.73,4714.05,4710.21,4710.47,2795,35
2026.04.27 08:20:00,4710.47,4712.47,4708.98,4710.34,2852,35
2026.04.27 08:30:00,4710.36,4710.36,4706.63,4707.41,2549,35
2026.04.27 08:40:00,4707.33,4714.72,4705.26,4712.07,3024,35
2026.04.27 08:50:00,4712.07,4712.35,4705.03,4706.63,2660,35
2026.04.27 09:00:00,4706.68,4708.22,4704.23,4704.42,2489,35
2026.04.27 09:10:00,4704.41,4706.02,4702.51,4705.36,2603,35
2026.04.27 09:20:00,4705.34,4706.64,4701.62,4702.24,2268,35
2026.04.27 09:30:00,4702.19,4704.29,4699.21,4704.27,2514,35
2026.04.27 09:40:00,4704.2,4705.3,4700.07,4700.44,2240,35
2026.04.27 09:50:00,4700.43,4704.29,4699.6,4703.46,2512,35
2026.04.27 10:00:00,4703.59,4706.86,4702.62,4703.8,2216,35
2026.04.27 10:10:00,4703.79,4704.26,4699.56,4702.1,2170,35
2026.04.27 10:20:00,4702.13,4705.68,4702.12,4704.76,1950,35
2026.04.27 10:30:00,4704.81,4709.37,4704.5,4708.22,2323,35
2026.04.27 10:40:00,4708.39,4710.61,4707.64,4708.3,2327,35
2026.04.27 10:50:00,4708.34,4711.01,4707.01,4708.79,2167,35
2026.04.27 11:00:00,4708.79,4709.1,4705.23,4706.87,2451,35
2026.04.27 11:10:00,4706.87,4706.91,4700.51,4703.99,2596,35
2026.04.27 11:20:00,4704.03,4707.01,4700.2,4705.03,2695,35
2026.04.27 11:30:00,4705.04,4708.4,4699.75,4701.98,2703,35
2026.04.27 11:40:00,4701.96,4705.15,4700.07,4702.81,2189,35
2026.04.27 11:50:00,4702.8,4705.09,4700.97,4704.73,2234,35
2026.04.27 12:00:00,4704.76,4706.11,4702.48,4705.99,2644,35
2026.04.27 12:10:00,4705.9,4711.46,4704.01,4710.78,3015,35
2026.04.27 12:20:00,4710.78,4712.51,4701.97,4706.77,3222,35
2026.04.27 12:30:00,4706.68,4707.54,4701.07,4701.56,2942,35
2026.04.27 12:40:00,4701.54,4703.43,4696.97,4703.21,3360,35
2026.04.27 12:50:00,4703.13,4704.24,4696.88,4699.23,3079,35
2026.04.27 13:00:00,4699.21,4700.45,4693.1,4696.14,3774,35
2026.04.27 13:10:00,4696.24,4703.19,4693.95,4700.51,3557,35
2026.04.27 13:20:00,4700.51,4702.97,4697.5,4699.89,3014,35
2026.04.27 13:30:00,4699.81,4702.56,4688.96,4692.26,4221,35
2026.04.27 13:40:00,4692.18,4695.53,4689.58,4689.8,4016,35
2026.04.27 13:50:00,4689.75,4697.3,4689.3,4696.06,3859,35
2026.04.27 14:00:00,4696.09,4696.19,4688.59,4689.03,4348,35
2026.04.27 14:10:00,4689.05,4696.34,4687.66,4695.16,4128,35
2026.04.27 14:20:00,4695.13,4696.15,4686.19,4688.99,3867,35
2026.04.27 14:30:00,4689.0,4696.46,4683.43,4693.2,4227,35
2026.04.27 14:40:00,4693.21,4694.72,4689.99,4690.82,3601,35
2026.04.27 14:50:00,4690.84,4691.89,4676.56,4678.02,4041,35
2026.04.27 15:00:00,4678.09,4679.35,4667.17,4670.28,4381,35
2026.04.27 15:10:00,4670.38,4677.85,4670.3,4677.64,4052,35
2026.04.27 15:20:00,4677.6,4680.92,4671.86,4680.89,3803,35
2026.04.27 15:30:00,4681.01,4682.28,4676.85,4679.15,3546,35
2026.04.27 15:40:00,4679.14,4681.25,4674.29,4674.29,3420,35
2026.04.27 15:50:00,4674.34,4676.3,4668.05,4669.96,3813,35
2026.04.27 16:00:00,4669.96,4674.34,4667.32,4672.68,3390,35
2026.04.27 16:10:00,4672.66,4677.6,4672.39,4676.56,2816,35
2026.04.27 16:20:00,4676.63,4677.1,4673.53,4676.07,2807,35
2026.04.27 16:30:00,4676.05,4679.37,4675.84,4677.52,2763,35
2026.04.27 16:40:00,4677.5,4677.94,4674.35,4675.81,2385,35
2026.04.27 16:50:00,4675.81,4677.61,4674.91,4676.61,2254,35
2026.04.27 17:00:00,4676.61,4678.37,4672.84,4673.34,2665,35
2026.04.27 17:10:00,4673.38,4674.65,4667.93,4671.23,2959,42
2026.04.27 17:20:00,4671.07,4679.79,4669.88,4679.56,3142,35
2026.04.27 17:30:00,4679.68,4685.93,4679.2,4680.37,3383,35
2026.04.27 17:40:00,4680.61,4684.32,4680.27,4682.06,2865,42
2026.04.27 17:50:00,4682.09,4683.64,4681.33,4682.08,2490,42
2026.04.27 18:00:00,4682.09,4682.17,4678.86,4681.79,2686,42
2026.04.27 18:10:00,4681.71,4682.72,4680.51,4681.63,2379,35
2026.04.27 18:20:00,4681.63,4685.34,4681.56,4683.96,2647,42
2026.04.27 18:30:00,4683.98,4684.12,4682.42,4683.15,1962,42
2026.04.27 18:40:00,4683.1,4685.17,4681.55,4683.56,2173,42
2026.04.27 18:50:00,4683.55,4684.9,4680.61,4680.61,2162,42
2026.04.27 19:00:00,4680.68,4681.36,4678.35,4679.37,2287,35
2026.04.27 19:10:00,4679.24,4681.86,4678.86,4681.64,2052,35
2026.04.27 19:20:00,4681.61,4682.62,4680.79,4682.11,1835,42
2026.04.27 19:30:00,4682.19,4682.19,4676.53,4677.44,2184,42
2026.04.27 19:40:00,4677.45,4681.25,4677.31,4680.87,2175,42
2026.04.27 19:50:00,4681.04,4681.05,4678.93,4680.57,2516,42
2026.04.27 20:00:00,4680.66,4681.3,4677.26,4678.92,1284,42
2026.04.27 20:10:00,4679.17,4679.61,4678.55,4679.2,817,41
2026.04.27 20:20:00,4679.23,4680.59,4678.42,4679.62,805,41
2026.04.27 20:30:00,4679.62,4680.39,4678.65,4679.52,721,42
2026.04.27 20:40:00,4679.52,4680.31,4679.04,4679.83,790,35
2026.04.27 20:50:00,4679.79,4681.7,4678.2,4681.66,768,41
2026.04.27 22:00:00,4684.0,4689.35,4682.12,4688.79,1445,37
2026.04.27 22:10:00,4688.83,4691.03,4687.27,4688.22,1418,35
2026.04.27 22:20:00,4688.21,4689.29,4686.85,4688.96,1065,42
2026.04.27 22:30:00,4688.95,4689.68,4686.88,4688.01,1203,35
2026.04.27 22:40:00,4688.03,4688.91,4686.05,4686.95,978,35
2026.04.27 22:50:00,4686.95,4688.05,4686.22,4687.84,1019,41
2026.04.27 23:00:00,4687.79,4689.39,4687.14,4688.06,1038,42
2026.04.27 23:10:00,4688.05,4691.21,4687.28,4690.84,1144,42
2026.04.27 23:20:00,4690.87,4691.56,4689.89,4690.49,1103,42
2026.04.27 23:30:00,4690.48,4694.31,4690.35,4693.24,1279,41
2026.04.27 23:40:00,4693.25,4694.92,4691.7,4694.46,1514,42
2026.04.27 23:50:00,4694.43,4694.75,4691.64,4691.67,1210,42
2026.04.28 00:00:00,4691.75,4701.12,4691.54,4699.91,2448,35
2026.04.28 00:10:00,4700.02,4701.06,4696.39,4697.0,2222,42
2026.04.28 00:20:00,4697.04,4697.65,4692.25,4694.79,2391,35
2026.04.28 00:30:00,4694.81,4695.1,4691.79,4691.8,1885,35
2026.04.28 00:40:00,4691.9,4694.54,4691.72,4693.67,1710,35
2026.04.28 00:50:00,4693.64,4694.04,4690.37,4690.44,1713,42
2026.04.28 01:00:00,4690.44,4690.64,4684.42,4688.75,3014,42
2026.04.28 01:10:00,4688.78,4690.76,4685.67,4689.18,2384,42
2026.04.28 01:20:00,4689.1,4690.55,4686.42,4687.44,2254,42
2026.04.28 01:30:00,4687.43,4690.28,4683.53,4690.26,2487,35
2026.04.28 01:40:00,4690.36,4691.3,4684.86,4684.96,2476,42
2026.04.28 01:50:00,4684.95,4685.46,4669.58,4670.63,3226,35
2026.04.28 02:00:00,4670.71,4676.41,4665.71,4675.07,3157,35
2026.04.28 02:10:00,4675.19,4679.7,4674.08,4678.03,2200,42
2026.04.28 02:20:00,4678.07,4679.45,4674.36,4675.41,1946,42
2026.04.28 02:30:00,4675.43,4675.51,4670.79,4671.08,2649,35
2026.04.28 02:40:00,4671.07,4673.11,4668.45,4670.02,2443,42
2026.04.28 02:50:00,4669.94,4670.74,4666.23,4669.0,2552,42
2026.04.28 03:00:00,4669.0,4673.21,4668.37,4672.63,2409,42
2026.04.28 03:10:00,4672.61,4674.1,4671.31,4673.26,2181,42
2026.04.28 03:20:00,4673.26,4675.85,4671.38,4674.79,2085,42
2026.04.28 03:30:00,4674.79,4675.31,4671.64,4673.13,1892,42
2026.04.28 03:40:00,4673.12,4673.69,4671.19,4671.37,1494,42
2026.04.28 03:50:00,4671.38,4671.64,4669.0,4670.79,1452,42
2026.04.28 04:00:00,4670.76,4671.14,4666.69,4667.83,1767,42
2026.04.28 04:10:00,4667.91,4669.74,4667.36,4668.44,1497,42
2026.04.28 04:20:00,4668.25,4668.29,4666.35,4667.32,1497,41
2026.04.28 04:30:00,4667.31,4669.05,4666.68,4668.85,1513,41
2026.04.28 04:40:00,4668.84,4669.85,4667.39,4667.58,1436,42
2026.04.28 04:50:00,4667.51,4669.67,4667.1,4667.51,1388,42
2026.04.28 05:00:00,4667.52,4668.09,4647.71,4653.7,2874,35
2026.04.28 05:10:00,4653.71,4655.21,4648.96,4654.89,2709,42
2026.04.28 05:20:00,4654.78,4659.46,4654.78,4658.2,2307,42
2026.04.28 05:30:00,4658.18,4658.21,4637.2,4638.02,3926,35
2026.04.28 05:40:00,4637.84,4637.84,4623.88,4627.64,3801,35
2026.04.28 05:50:00,4627.66,4634.1,4626.5,4632.01,3503,35
2026.04.28 06:00:00,4631.74,4642.58,4625.89,4639.91,3455,35
2026.04.28 06:10:00,4639.9,4641.87,4632.9,4633.92,2911,42
2026.04.28 06:20:00,4633.91,4633.91,4623.3,4631.47,3198,37
2026.04.28 06:30:00,4631.59,4634.25,4625.01,4631.55,2809,35
2026.04.28 06:40:00,4631.57,4634.52,4623.59,4625.51,3001,35
2026.04.28 06:50:00,4625.52,4631.59,4623.13,4628.92,2833,35
2026.04.28 07:00:00,4628.78,4639.19,4627.33,4633.78,2989,35
2026.04.28 07:10:00,4633.75,4636.27,4630.45,4632.56,2786,35
2026.04.28 07:20:00,4633.0,4633.78,4627.27,4629.57,2740,35
2026.04.28 07:30:00,4629.53,4635.23,4626.08,4627.72,2967,35
2026.04.28 07:40:00,4627.68,4633.34,4626.17,4628.14,2712,35
2026.04.28 07:50:00,4627.98,4633.66,4620.45,4633.05,3033,35
2026.04.28 08:00:00,4632.93,4633.59,4616.01,4621.78,3634,35
2026.04.28 08:10:00,4621.7,4623.68,4614.74,4621.74,3229,35
2026.04.28 08:20:00,4621.74,4626.96,4619.17,4626.54,2805,35
2026.04.28 08:30:00,4626.69,4635.16,4626.36,4629.01,3041,35
2026.04.28 08:40:00,4629.03,4630.46,4624.88,4625.89,2670,35
2026.04.28 08:50:00,4625.89,4630.59,4625.48,4629.7,2443,35
2026.04.28 09:00:00,4629.69,4630.0,4621.41,4627.05,2873,35
2026.04.28 09:10:00,4627.09,4628.01,4621.72,4622.13,2752,35
2026.04.28 09:20:00,4622.09,4622.27,4612.58,4618.13,3099,35
2026.04.28 09:30:00,4618.19,4618.82,4609.57,4610.74,3254,35
2026.04.28 09:40:00,4610.81,4615.21,4607.97,4610.37,3193,35
2026.04.28 09:50:00,4610.16,4612.85,4604.53,4604.96,2945,35
2026.04.28 10:00:00,4604.96,4612.22,4604.65,4609.83,3033,35
2026.04.28 10:10:00,4609.84,4615.25,4608.85,4614.37,2600,35
2026.04.28 10:20:00,4614.36,4616.25,4610.78,4611.69,2641,35
2026.04.28 10:30:00,4611.45,4615.05,4610.85,4614.59,2506,35
2026.04.28 10:40:00,4614.6,4615.71,4611.27,4613.4,2603,35
2026.04.28 10:50:00,4613.35,4614.16,4603.02,4603.16,2873,35
2026.04.28 11:00:00,4602.32,4608.6,4600.49,4601.91,3294,35
2026.04.28 11:10:00,4601.91,4602.47,4595.67,4597.31,3140,35
2026.04.28 11:20:00,4597.31,4603.93,4594.0,4599.35,3124,35
2026.04.28 11:30:00,4599.22,4599.8,4569.16,4570.08,3767,35
2026.04.28 11:40:00,4570.07,4574.93,4558.07,4559.03,3946,35
2026.04.28 11:50:00,4558.97,4564.21,4555.15,4562.59,3728,35
2026.04.28 12:00:00,4562.46,4573.44,4554.89,4569.93,3732,35
2026.04.28 12:10:00,4569.84,4586.74,4569.51,4579.33,3613,35
2026.04.28 12:20:00,4579.04,4597.88,4573.7,4579.96,3449,35
2026.04.28 12:30:00,4579.95,4585.45,4570.66,4583.61,3515,35
2026.04.28 12:40:00,4583.63,4599.39,4582.51,4598.83,3469,35
2026.04.28 12:50:00,4598.87,4599.97,4591.86,4593.63,3459,35
2026.04.28 13:00:00,4593.61,4594.53,4571.27,4573.12,3786,35
2026.04.28 13:10:00,4573.02,4581.55,4571.02,4577.87,3609,35
2026.04.28 13:20:00,4577.8,4583.98,4572.22,4581.67,3338,35
2026.04.28 13:30:00,4581.66,4582.92,4570.9,4579.7,3883,35
2026.04.28 13:40:00,4579.42,4592.24,4573.53,4586.47,3918,35
2026.04.28 13:50:00,4586.48,4590.51,4574.65,4580.29,3818,35
2026.04.28 14:00:00,4580.39,4580.65,4565.28,4569.32,4082,35
2026.04.28 14:10:00,4569.32,4577.81,4564.83,4571.36,4101,35
2026.04.28 14:20:00,4571.45,4574.29,4565.18,4571.51,3997,35
2026.04.28 14:30:00,4571.5,4577.76,4559.98,4560.33,3987,35
2026.04.28 14:40:00,4560.39,4567.27,4557.46,4562.87,3974,35
2026.04.28 14:50:00,4562.47,4574.54,4557.27,4574.03,3926,35
2026.04.28 15:00:00,4574.07,4581.44,4570.58,4572.7,3925,35
2026.04.28 15:10:00,4572.69,4576.0,4569.81,4572.58,3816,35
2026.04.28 15:20:00,4572.57,4577.42,4566.73,4576.98,3758,35
2026.04.28 15:30:00,4577.0,4581.19,4571.1,4578.83,3710,35
2026.04.28 15:40:00,4578.75,4582.96,4576.58,4581.68,3407,35
2026.04.28 15:50:00,4581.68,4586.54,4581.5,4586.54,3443,35
2026.04.28 16:00:00,4586.39,4586.72,4582.27,4585.09,3299,35
2026.04.28 16:10:00,4585.05,4585.89,4577.92,4580.68,3046,35
2026.04.28 16:20:00,4580.66,4585.33,4580.58,4582.92,2912,35
2026.04.28 16:30:00,4582.72,4586.84,4580.66,4584.67,3056,35
2026.04.28 16:40:00,4584.71,4588.24,4582.72,4586.47,2815,35
2026.04.28 16:50:00,4586.51,4594.88,4586.51,4591.94,3181,35
2026.04.28 17:00:00,4591.97,4593.83,4588.35,4591.28,2955,35
2026.04.28 17:10:00,4591.26,4594.91,4587.3,4588.48,2755,42
2026.04.28 17:20:00,4588.47,4597.08,4587.11,4593.15,3038,42
2026.04.28 17:30:00,4593.32,4599.1,4593.32,4598.27,2700,35
2026.04.28 17:40:00,4598.3,4601.63,4597.53,4598.0,2689,35
2026.04.28 17:50:00,4598.12,4598.27,4593.92,4594.58,2424,41
2026.04.28 18:00:00,4594.68,4598.43,4592.03,4596.16,2617,35
2026.04.28 18:10:00,4596.21,4599.16,4594.67,4597.74,2401,42
2026.04.28 18:20:00,4597.73,4600.32,4596.81,4598.83,2709,35
2026.04.28 18:30:00,4598.83,4599.4,4593.43,4596.27,2450,35
2026.04.28 18:40:00,4596.26,4598.75,4595.98,4597.9,2191,42
2026.04.28 18:50:00,4597.89,4598.59,4593.0,4594.19,2050,42
2026.04.28 19:00:00,4594.28,4598.55,4593.78,4596.62,2020,42
2026.04.28 19:10:00,4596.62,4597.41,4594.06,4594.78,2229,42
2026.04.28 19:20:00,4594.78,4597.09,4593.61,4596.16,2150,42
2026.04.28 19:30:00,4596.16,4598.55,4594.46,4598.36,2254,42
2026.04.28 19:40:00,4598.35,4600.01,4596.42,4597.78,2298,42
2026.04.28 19:50:00,4597.82,4598.27,4593.18,4595.54,2769,42
2026.04.28 20:00:00,4595.52,4598.22,4594.74,4597.88,1589,42
2026.04.28 20:10:00,4597.84,4598.62,4594.08,4594.12,1486,41
2026.04.28 20:20:00,4594.13,4594.25,4591.03,4592.66,1430,35
2026.04.28 20:30:00,4592.7,4595.24,4592.58,4594.31,1048,42
2026.04.28 20:40:00,4594.27,4594.58,4592.41,4593.13,930,35
2026.04.28 20:50:00,4593.11,4597.16,4592.61,4596.8,930,41
2026.04.28 22:00:00,4598.76,4599.42,4594.32,4595.38,1508,42
2026.04.28 22:10:00,4595.45,4597.05,4595.02,4596.57,1103,42
2026.04.28 22:20:00,4596.43,4597.07,4595.1,4595.69,724,42
2026.04.28 22:30:00,4595.69,4597.23,4593.85,4594.1,704,35
2026.04.28 22:40:00,4594.12,4595.18,4592.76,4593.88,999,42
2026.04.28 22:50:00,4593.81,4595.12,4592.32,4593.99,897,41
2026.04.28 23:00:00,4594.06,4594.4,4590.69,4590.85,1285,41
2026.04.28 23:10:00,4590.83,4592.73,4588.81,4592.0,1366,42
2026.04.28 23:20:00,4591.98,4592.36,4590.22,4592.09,885,42
2026.04.28 23:30:00,4592.1,4593.36,4587.81,4588.31,1477,41
2026.04.28 23:40:00,4588.25,4592.82,4587.89,4589.09,1411,42
2026.04.28 23:50:00,4589.08,4595.94,4589.08,4595.56,1524,42
2026.04.29 00:00:00,4595.57,4608.28,4594.87,4608.14,3458,35
2026.04.29 00:10:00,4608.16,4610.44,4600.71,4600.77,2811,35
2026.04.29 00:20:00,4600.69,4604.5,4598.56,4599.97,2533,42
2026.04.29 00:30:00,4599.96,4602.83,4599.18,4602.81,1911,42
2026.04.29 00:40:00,4602.81,4604.69,4599.31,4599.9,2043,42
2026.04.29 00:50:00,4599.89,4601.83,4595.98,4600.04,2179,42
2026.04.29 01:00:00,4600.05,4600.31,4576.19,4581.11,4332,42
2026.04.29 01:10:00,4581.14,4586.1,4578.94,4585.52,3384,41
2026.04.29 01:20:00,4585.54,4586.42,4580.18,4580.39,3212,35
2026.04.29 01:30:00,4580.39,4589.11,4578.9,4584.78,3582,42
2026.04.29 01:40:00,4584.78,4591.52,4582.19,4583.76,3417,35
2026.04.29 01:50:00,4583.65,4585.18,4580.26,4584.69,3161,42
2026.04.29 02:00:00,4584.74,4601.26,4584.71,4598.97,3416,35
2026.04.29 02:10:00,4598.97,4604.12,4598.87,4601.28,2881,42
2026.04.29 02:20:00,4601.27,4603.06,4598.08,4599.14,2318,35
2026.04.29 02:30:00,4599.14,4601.84,4595.16,4595.77,2819,35
2026.04.29 02:40:00,4595.76,4601.14,4595.49,4599.16,2452,42
2026.04.29 02:50:00,4599.19,4600.43,4592.07,4593.27,3160,35
2026.04.29 03:00:00,4593.31,4600.33,4592.76,4599.61,2812,35
2026.04.29 03:10:00,4599.61,4603.24,4598.43,4599.96,2445,42
2026.04.29 03:20:00,4599.97,4601.0,4596.86,4598.44,2612,42
2026.04.29 03:30:00,4598.45,4598.45,4594.73,4595.01,1805,42
2026.04.29 03:40:00,4594.97,4595.2,4592.01,4592.84,1883,42
2026.04.29 03:50:00,4592.83,4596.33,4592.83,4595.31,1629,42
2026.04.29 04:00:00,4595.32,4600.03,4595.16,4599.85,1596,41
2026.04.29 04:10:00,4599.91,4603.32,4598.46,4599.83,1921,41
2026.04.29 04:20:00,4599.8,4601.75,4597.27,4601.52,1377,42
2026.04.29 04:30:00,4601.55,4605.45,4601.55,4603.02,2061,41
2026.04.29 04:40:00,4603.01,4604.26,4601.63,4603.91,1780,42
2026.04.29 04:50:00,4603.91,4605.79,4602.65,4604.94,1767,42
2026.04.29 05:00:00,4604.94,4607.56,4601.94,4602.1,2342,35
2026.04.29 05:10:00,4602.34,4602.98,4600.36,4600.69,1692,35
2026.04.29 05:20:00,4600.67,4601.66,4598.55,4600.61,1786,35
2026.04.29 05:30:00,4600.54,4601.65,4594.08,4595.37,2639,42
2026.04.29 05:40:00,4595.37,4601.21,4595.16,4599.56,2845,35
2026.04.29 05:50:00,4599.63,4603.44,4590.63,4591.08,3164,35
2026.04.29 06:00:00,4590.88,4598.43,4590.38,4592.5,3495,35
2026.04.29 06:10:00,4592.5,4592.77,4583.78,4585.8,3056,35
2026.04.29 06:20:00,4585.81,4588.21,4580.93,4584.84,3103,35
2026.04.29 06:30:00,4584.82,4586.68,4580.63,4585.0,2510,42
2026.04.29 06:40:00,4585.03,4587.45,4583.96,4584.88,2215,35
2026.04.29 06:50:00,4584.88,4584.94,4580.98,4584.36,2628,35
2026.04.29 07:00:00,4584.18,4588.65,4578.96,4579.03,3192,35
2026.04.29 07:10:00,4579.23,4581.55,4575.92,4576.51,3220,35
2026.04.29 07:20:00,4576.33,4579.6,4569.29,4574.98,3341,35
2026.04.29 07:30:00,4574.95,4578.72,4570.57,4571.3,3167,35
2026.04.29 07:40:00,4571.34,4575.06,4567.41,4570.15,3436,35
2026.04.29 07:50:00,4570.36,4572.32,4567.21,4567.78,2716,35
2026.04.29 08:00:00,4567.78,4573.1,4564.49,4567.72,3369,35
2026.04.29 08:10:00,4567.64,4569.99,4564.4,4569.52,3153,35
2026.04.29 08:20:00,4569.49,4571.31,4565.75,4566.39,2965,35
2026.04.29 08:30:00,4566.28,4568.05,4557.19,4561.99,3476,35
2026.04.29 08:40:00,4561.77,4572.86,4561.29,4570.82,3190,35
2026.04.29 08:50:00,4570.81,4576.72,4570.36,4572.97,2734,35
2026.04.29 09:00:00,4572.95,4575.63,4570.28,4572.14,2831,35
2026.04.29 09:10:00,4572.14,4580.7,4571.35,4579.51,2973,35
2026.04.29 09:20:00,4579.51,4580.62,4565.71,4565.9,3004,35
2026.04.29 09:30:00,4565.96,4569.4,4562.62,4564.29,3194,35
2026.04.29 09:40:00,4564.31,4565.4,4557.92,4559.35,3384,35
2026.04.29 09:50:00,4559.34,4559.35,4551.36,4555.85,3512,35
2026.04.29 10:00:00,4555.67,4565.39,4554.92,4564.94,3065,35
2026.04.29 10:10:00,4564.93,4573.15,4563.77,4571.15,2821,35
2026.04.29 10:20:00,4571.21,4573.13,4568.33,4571.67,2507,35
2026.04.29 10:30:00,4571.7,4576.49,4569.67,4570.37,2775,35
2026.04.29 10:40:00,4570.38,4570.62,4564.91,4567.77,2714,35
2026.04.29 10:50:00,4567.94,4570.65,4563.87,4569.63,2580,35
2026.04.29 11:00:00,4569.62,4571.61,4565.36,4567.08,2923,35
2026.04.29 11:10:00,4567.01,4570.67,4566.13,4568.16,2509,35
2026.04.29 11:20:00,4568.45,4569.09,4564.15,4564.64,2604,35
2026.04.29 11:30:00,4564.52,4571.86,4563.47,4566.96,2760,35
2026.04.29 11:40:00,4566.92,4567.95,4561.3,4563.38,2758,35
2026.04.29 11:50:00,4563.38,4564.51,4558.77,4561.63,2739,35
2026.04.29 12:00:00,4561.62,4568.27,4560.5,4562.66,2871,35
2026.04.29 12:10:00,4562.7,4568.88,4560.72,4565.92,2811,35
2026.04.29 12:20:00,4565.92,4567.53,4559.45,4559.53,3128,35
2026.04.29 12:30:00,4559.47,4559.73,4551.18,4555.68,3710,35
2026.04.29 12:40:00,4555.75,4559.77,4554.15,4555.63,3282,35
2026.04.29 12:50:00,4555.63,4555.7,4541.56,4544.87,4017,35
2026.04.29 13:00:00,4544.87,4553.5,4544.81,4546.36,3954,35
2026.04.29 13:10:00,4546.4,4551.68,4543.41,4543.62,3366,35
2026.04.29 13:20:00,4543.76,4543.95,4534.6,4537.79,4055,35
2026.04.29 13:30:00,4537.82,4539.29,4524.25,4525.54,4482,35
2026.04.29 13:40:00,4525.5,4526.43,4510.06,4514.41,4799,35
2026.04.29 13:50:00,4514.41,4529.89,4514.21,4521.77,4423,35
2026.04.29 14:00:00,4521.8,4526.81,4518.0,4519.6,4590,35
2026.04.29 14:10:00,4519.63,4534.74,4519.17,4534.16,4652,35
2026.04.29 14:20:00,4534.15,4537.87,4531.26,4533.09,4304,35
2026.04.29 14:30:00,4532.96,4542.58,4530.81,4540.82,4199,35
2026.04.29 14:40:00,4540.81,4540.81,4532.81,4532.92,3726,35
2026.04.29 14:50:00,4533.14,4540.62,4532.1,4539.22,3706,35
2026.04.29 15:00:00,4539.13,4546.67,4538.67,4539.95,4102,35
2026.04.29 15:10:00,4539.95,4543.32,4536.13,4541.59,4007,35
2026.04.29 15:20:00,4541.76,4546.42,4540.35,4543.54,3827,35
2026.04.29 15:30:00,4543.45,4552.52,4540.37,4550.73,4195,35
2026.04.29 15:40:00,4550.76,4558.82,4550.33,4554.37,3974,35
2026.04.29 15:50:00,4554.42,4556.71,4542.43,4547.68,4056,35
2026.04.29 16:00:00,4547.74,4564.84,4547.03,4561.13,4079,35
2026.04.29 16:10:00,4561.11,4564.05,4557.22,4560.24,3670,35
2026.04.29 16:20:00,4560.24,4564.32,4557.03,4560.24,3372,35
2026.04.29 16:30:00,4560.2,4560.2,4545.39,4550.13,3921,35
2026.04.29 16:40:00,4550.14,4551.81,4546.01,4546.23,3345,35
2026.04.29 16:50:00,4546.14,4548.41,4543.34,4545.38,3103,35
2026.04.29 17:00:00,4545.45,4550.73,4542.65,4550.41,3268,35
2026.04.29 17:10:00,4550.45,4552.07,4547.74,4549.46,3149,35
2026.04.29 17:20:00,4549.44,4554.36,4545.97,4547.1,3603,39
2026.04.29 17:30:00,4547.02,4548.3,4542.51,4545.06,3209,42
2026.04.29 17:40:00,4544.77,4545.94,4541.53,4543.18,3044,42
2026.04.29 17:50:00,4543.22,4547.27,4542.41,4544.61,2816,35
2026.04.29 18:00:00,4547.34,4552.7,4531.64,4533.03,4438,35
2026.04.29 18:10:00,4533.03,4539.36,4525.05,4531.56,4293,35
2026.04.29 18:20:00,4531.57,4537.37,4529.62,4532.7,3932,42
2026.04.29 18:30:00,4532.71,4540.32,4519.98,4528.7,4305,39
2026.04.29 18:40:00,4528.75,4530.28,4517.68,4528.59,4241,35
2026.04.29 18:50:00,4528.63,4540.86,4528.63,4537.81,4347,35
2026.04.29 19:00:00,4537.82,4545.03,4533.0,4538.7,3962,41
2026.04.29 19:10:00,4538.73,4550.41,4537.71,4547.07,3790,35
2026.04.29 19:20:00,4547.06,4547.44,4541.06,4542.68,3458,35
2026.04.29 19:30:00,4542.22,4544.81,4537.43,4540.66,3578,42
2026.04.29 19:40:00,4540.68,4547.79,4537.63,4547.79,3237,35
2026.04.29 19:50:00,4547.77,4549.5,4543.46,4546.85,3618,35
2026.04.29 20:00:00,4546.71,4553.29,4542.53,4552.08,3726,35
2026.04.29 20:10:00,4552.11,4553.08,4541.45,4544.73,3637,36
2026.04.29 20:20:00,4544.73,4546.95,4542.54,4543.2,2671,42
2026.04.29 20:30:00,4543.23,4546.5,4542.43,4546.41,2188,35
2026.04.29 20:40:00,4546.36,4546.46,4541.86,4541.93,2076,35
2026.04.29 20:50:00,4541.93,4543.87,4541.41,4543.53,1618,35
2026.04.29 22:00:00,4542.96,4546.57,4539.2,4545.92,1410,42
2026.04.29 22:10:00,4545.93,4550.3,4545.19,4549.79,2036,35
2026.04.29 22:20:00,4549.79,4550.73,4547.92,4549.04,1730,42
2026.04.29 22:30:00,4549.04,4551.86,4547.74,4548.45,1704,42
2026.04.29 22:40:00,4548.45,4551.64,4547.35,4551.42,1822,42
2026.04.29 22:50:00,4551.44,4552.7,4549.55,4552.09,1755,42
2026.04.29 23:00:00,4552.11,4553.95,4550.28,4551.76,1895,35
2026.04.29 23:10:00,4551.76,4555.05,4549.59,4551.57,1826,42
2026.04.29 23:20:00,4551.56,4552.54,4550.7,4551.63,1713,42
2026.04.29 23:30:00,4551.61,4554.8,4551.33,4554.57,1534,42
2026.04.29 23:40:00,4554.58,4558.1,4553.72,4557.96,1791,42
2026.04.29 23:50:00,4557.95,4562.07,4557.22,4561.63,2152,42
2026.04.30 00:00:00,4561.75,4568.2,4557.99,4561.88,3602,35
2026.04.30 00:10:00,4561.96,4564.33,4556.31,4561.86,3315,42
2026.04.30 00:20:00,4561.76,4564.06,4558.39,4563.45,2754,42
2026.04.30 00:30:00,4563.46,4566.29,4562.24,4565.05,2618,42
2026.04.30 00:40:00,4565.04,4573.9,4563.6,4573.16,2680,42
2026.04.30 00:50:00,4573.14,4573.56,4568.84,4569.76,2540,42
2026.04.30 01:00:00,4569.76,4571.05,4565.27,4565.4,3329,35
2026.04.30 01:10:00,4565.45,4570.99,4564.53,4570.84,3158,42
2026.04.30 01:20:00,4570.87,4581.07,4565.72,4579.61,3437,42
2026.04.30 01:30:00,4579.78,4581.27,4570.97,4575.61,3677,35
2026.04.30 01:40:00,4575.61,4578.98,4573.97,4578.58,3024,42
2026.04.30 01:50:00,4578.59,4582.35,4576.8,4579.18,3032,42
2026.04.30 02:00:00,4579.04,4581.87,4576.35,4576.54,2890,42
2026.04.30 02:10:00,4576.54,4580.56,4574.44,4575.25,2425,42
2026.04.30 02:20:00,4575.51,4576.73,4571.96,4572.93,2224,35
2026.04.30 02:30:00,4573.04,4573.97,4561.6,4563.69,3789,35
2026.04.30 02:40:00,4563.76,4565.19,4559.82,4561.8,3124,40
2026.04.30 02:50:00,4561.79,4565.14,4560.59,4564.54,2807,35
2026.04.30 03:00:00,4564.37,4568.94,4563.93,4567.21,2730,42
2026.04.30 03:10:00,4567.22,4568.27,4562.34,4565.49,2901,42
2026.04.30 03:20:00,4565.49,4566.82,4562.72,4563.15,2376,42
2026.04.30 03:30:00,4563.39,4563.81,4557.77,4558.86,2381,42
2026.04.30 03:40:00,4558.83,4562.46,4557.64,4558.42,2429,35
2026.04.30 03:50:00,4558.65,4558.79,4555.46,4556.0,2476,42
2026.04.30 04:00:00,4556.0,4556.43,4550.65,4553.57,3021,41
2026.04.30 04:10:00,4553.57,4556.89,4551.78,4552.51,2682,42
2026.04.30 04:20:00,4552.49,4552.93,4545.96,4547.04,3069,42
2026.04.30 04:30:00,4546.99,4547.69,4540.75,4542.19,3160,35
2026.04.30 04:40:00,4542.2,4549.32,4541.59,4546.79,2812,35
2026.04.30 04:50:00,4546.76,4548.07,4542.06,4542.17,2434,42
2026.04.30 05:00:00,4542.07,4553.53,4542.07,4552.43,3162,41
2026.04.30 05:10:00,4552.42,4554.04,4551.25,4553.62,2566,35
2026.04.30 05:20:00,4553.62,4558.7,4552.15,4555.56,2264,35
2026.04.30 05:30:00,4555.57,4566.57,4553.75,4565.24,3471,35
2026.04.30 05:40:00,4565.16,4567.61,4562.16,4566.74,2969,42
2026.04.30 05:50:00,4566.74,4569.32,4562.06,4562.47,2700,35
2026.04.30 06:00:00,4562.48,4567.54,4560.14,4565.02,3661,35
2026.04.30 06:10:00,4565.07,4567.98,4562.56,4566.84,3288,42
2026.04.30 06:20:00,4566.86,4570.95,4565.57,4569.4,2610,35
2026.04.30 06:30:00,4569.46,4578.31,4569.46,4575.19,3348,35
2026.04.30 06:40:00,4575.2,4578.94,4571.96,4578.03,2933,35
2026.04.30 06:50:00,4578.01,4591.39,4577.48,4589.29,3387,35
2026.04.30 07:00:00,4589.37,4594.91,4586.17,4594.66,3450,35
2026.04.30 07:10:00,4594.66,4595.39,4587.51,4588.07,3167,35
2026.04.30 07:20:00,4588.08,4591.42,4584.79,4591.42,2901,35
2026.04.30 07:30:00,4591.36,4592.69,4587.9,4589.9,2739,35
2026.04.30 07:40:00,4589.91,4600.62,4589.86,4600.4,3014,35
2026.04.30 07:50:00,4600.42,4605.65,4596.46,4598.34,2944,35
2026.04.30 08:00:00,4598.38,4629.41,4597.21,4619.55,4064,35
2026.04.30 08:10:00,4619.62,4621.76,4613.75,4614.37,3640,35
2026.04.30 08:20:00,4614.41,4620.31,4611.93,4617.5,3559,35
2026.04.30 08:30:00,4617.46,4620.55,4613.9,4616.18,3138,35
2026.04.30 08:40:00,4616.14,4619.2,4613.66,4617.3,2963,35
2026.04.30 08:50:00,4617.33,4618.36,4615.41,4616.29,2309,35
2026.04.30 09:00:00,4616.32,4620.04,4614.5,4619.75,2779,35
2026.04.30 09:10:00,4619.74,4620.41,4614.94,4616.66,3049,35
2026.04.30 09:20:00,4616.63,4626.8,4615.36,4625.51,3310,35
2026.04.30 09:30:00,4625.55,4631.67,4620.93,4624.15,3752,35
2026.04.30 09:40:00,4624.14,4624.65,4618.1,4623.26,3171,35
2026.04.30 09:50:00,4623.37,4627.21,4621.44,4625.13,3033,35
2026.04.30 10:00:00,4625.15,4628.96,4623.6,4625.79,3047,35
2026.04.30 10:10:00,4625.83,4631.94,4625.08,4628.98,2787,35
2026.04.30 10:20:00,4628.97,4644.13,4628.34,4643.65,3134,35
2026.04.30 10:30:00,4643.94,4646.6,4634.08,4637.66,3252,35
2026.04.30 10:40:00,4637.7,4641.03,4634.29,4636.91,3434,35
2026.04.30 10:50:00,4636.89,4639.87,4633.91,4639.64,2935,35
2026.04.30 11:00:00,4639.7,4645.13,4637.71,4644.68,3403,35
2026.04.30 11:10:00,4644.7,4644.7,4633.45,4635.87,3352,35
2026.04.30 11:20:00,4635.88,4643.65,4630.32,4638.1,3596,35
2026.04.30 11:30:00,4637.61,4637.63,4628.25,4628.95,4094,35
2026.04.30 11:40:00,4628.91,4635.13,4626.69,4634.9,3621,35
2026.04.30 11:50:00,4634.9,4635.17,4627.93,4630.02,3214,35
2026.04.30 12:00:00,4630.05,4637.31,4629.38,4631.08,3669,35
2026.04.30 12:10:00,4631.1,4636.73,4628.23,4631.19,3051,35
2026.04.30 12:20:00,4631.19,4637.09,4628.8,4629.61,3046,35
2026.04.30 12:30:00,4629.84,4636.0,4625.19,4631.58,3479,35
2026.04.30 12:40:00,4631.18,4632.04,4624.35,4626.84,3287,35
2026.04.30 12:50:00,4626.84,4640.07,4625.75,4639.44,3209,35
2026.04.30 13:00:00,4639.48,4644.01,4634.5,4639.87,3471,35
2026.04.30 13:10:00,4639.97,4645.86,4635.46,4638.33,3164,35
2026.04.30 13:20:00,4638.33,4638.92,4632.88,4633.62,3473,35
2026.04.30 13:30:00,4633.64,4634.55,4623.4,4623.94,4060,35
2026.04.30 13:40:00,4624.08,4626.58,4613.57,4618.47,4242,35
2026.04.30 13:50:00,4618.46,4619.8,4610.38,4610.89,4382,35
2026.04.30 14:00:00,4610.75,4625.49,4609.43,4620.84,4294,35
2026.04.30 14:10:00,4620.89,4624.35,4616.08,4621.96,4129,35
2026.04.30 14:20:00,4621.87,4625.84,4618.9,4622.88,4398,35
2026.04.30 14:30:00,4622.91,4622.91,4610.82,4612.11,4108,35
2026.04.30 14:40:00,4612.09,4622.97,4612.09,4619.09,4043,35
2026.04.30 14:50:00,4619.12,4623.64,4618.01,4619.55,3647,35
2026.04.30 15:00:00,4619.6,4623.67,4614.82,4623.15,3536,35
2026.04.30 15:10:00,4623.14,4624.07,4616.46,4619.42,3898,35
2026.04.30 15:20:00,4619.5,4624.33,4615.81,4622.89,3685,35
2026.04.30 15:30:00,4622.9,4625.47,4615.09,4615.09,3758,35
2026.04.30 15:40:00,4615.07,4617.62,4612.58,4614.29,3301,35
2026.04.30 15:50:00,4614.37,4617.16,4611.07,4615.19,2825,35
2026.04.30 16:00:00,4615.18,4617.33,4609.8,4613.88,3247,35
2026.04.30 16:10:00,4613.91,4615.29,4605.52,4607.73,3426,35
2026.04.30 16:20:00,4607.7,4611.57,4606.51,4607.88,2967,35
2026.04.30 16:30:00,4607.87,4613.59,4607.0,4610.6,2406,35
2026.04.30 16:40:00,4610.58,4613.41,4608.31,4613.11,2045,35
2026.04.30 16:50:00,4612.95,4617.51,4605.31,4607.43,3003,35
2026.04.30 17:00:00,4607.49,4618.22,4607.42,4617.42,3147,35
2026.04.30 17:10:00,4617.44,4619.71,4612.75,4617.61,2885,42
2026.04.30 17:20:00,4617.7,4620.56,4614.77,4617.39,2906,42
2026.04.30 17:30:00,4617.21,4621.34,4615.39,4616.91,3097,42
2026.04.30 17:40:00,4616.91,4619.71,4615.01,4616.07,2701,42
2026.04.30 17:50:00,4616.08,4617.56,4615.17,4616.88,2245,35
2026.04.30 18:00:00,4616.88,4624.32,4616.78,4622.09,3166,40
2026.04.30 18:10:00,4622.08,4624.89,4620.07,4623.69,2847,42
2026.04.30 18:20:00,4623.68,4624.31,4619.77,4620.69,2565,42
2026.04.30 18:30:00,4620.66,4622.95,4619.25,4620.8,2302,42
2026.04.30 18:40:00,4620.75,4622.81,4619.03,4621.57,2128,42
2026.04.30 18:50:00,4621.52,4624.95,4620.84,4622.32,2482,42
2026.04.30 19:00:00,4622.35,4627.01,4622.02,4625.47,2675,42
2026.04.30 19:10:00,4625.46,4626.69,4621.72,4621.84,2400,42
2026.04.30 19:20:00,4621.84,4621.86,4616.68,4617.59,2914,38
2026.04.30 19:30:00,4617.7,4621.35,4615.0,4621.07,2774,35
2026.04.30 19:40:00,4621.08,4623.18,4619.49,4620.58,2228,35
2026.04.30 19:50:00,4621.17,4621.17,4614.52,4617.12,3497,35
2026.04.30 20:00:00,4616.92,4620.04,4615.67,4616.61,2781,42
2026.04.30 20:10:00,4616.72,4619.21,4615.85,4618.37,1605,42
2026.04.30 20:20:00,4618.38,4619.1,4615.68,4616.55,1317,42
2026.04.30 20:30:00,4615.97,4618.51,4615.32,4617.46,1422,42
2026.04.30 20:40:00,4617.44,4618.57,4616.46,4618.47,1369,42
2026.04.30 20:50:00,4618.46,4621.9,4618.32,4621.57,1130,42
2026.04.30 22:00:00,4628.17,4631.97,4625.51,4631.08,1383,37
2026.04.30 22:10:00,4631.16,4632.59,4628.66,4630.25,1690,37
2026.04.30 22:20:00,4630.28,4631.21,4629.21,4631.12,1149,42
2026.04.30 22:30:00,4631.18,4631.95,4626.81,4629.82,1756,42
2026.04.30 22:40:00,4629.83,4632.19,4628.35,4631.68,1483,35
2026.04.30 22:50:00,4631.68,4631.68,4629.03,4630.21,1601,42
2026.04.30 23:00:00,4630.21,4631.17,4628.06,4629.12,1516,35
2026.04.30 23:10:00,4629.34,4631.52,4628.66,4629.71,1367,42
2026.04.30 23:20:00,4629.71,4632.06,4629.71,4630.62,1148,35
2026.04.30 23:30:00,4630.63,4634.13,4630.52,4633.22,1576,35
2026.04.30 23:40:00,4633.23,4633.94,4630.56,4631.24,1700,35
2026.04.30 23:50:00,4631.25,4632.52,4626.28,4626.39,1897,41
2026.05.01 00:00:00,4626.31,4630.87,4623.11,4626.75,2781,35
2026.05.01 00:10:00,4626.75,4627.51,4620.72,4625.98,2583,42
2026.05.01 00:20:00,4625.99,4628.28,4623.08,4623.65,2319,42
2026.05.01 00:30:00,4623.71,4624.7,4618.24,4620.99,2632,42
2026.05.01 00:40:00,4620.99,4623.48,4618.68,4622.19,2647,42
2026.05.01 00:50:00,4622.16,4624.88,4619.45,4619.58,2380,42
2026.05.01 01:00:00,4619.57,4620.63,4616.06,4617.83,2464,35
2026.05.01 01:10:00,4617.83,4619.19,4614.49,4614.49,2212,42
2026.05.01 01:20:00,4614.39,4616.67,4613.79,4616.08,1694,42
2026.05.01 01:30:00,4616.06,4621.07,4615.88,4620.76,2077,35
2026.05.01 01:40:00,4620.75,4621.78,4618.67,4619.68,1924,42
2026.05.01 01:50:00,4619.68,4622.18,4618.55,4620.8,1917,42
2026.05.01 02:00:00,4620.55,4626.19,4619.64,4626.11,1835,37
2026.05.01 02:10:00,4626.12,4636.11,4626.07,4633.63,2780,35
2026.05.01 02:20:00,4633.64,4634.24,4628.32,4629.38,1942,42
2026.05.01 02:30:00,4629.38,4631.03,4627.76,4628.13,1629,35
2026.05.01 02:40:00,4628.15,4628.52,4619.2,4620.72,2067,42
2026.05.01 02:50:00,4620.71,4620.72,4616.48,4619.02,2032,42
2026.05.01 03:00:00,4618.98,4620.4,4617.62,4618.95,1652,41
2026.05.01 03:10:00,4618.97,4622.48,4618.68,4620.7,1568,35
2026.05.01 03:20:00,4620.68,4626.46,4620.58,4626.15,1519,35
2026.05.01 03:30:00,4626.14,4631.9,4626.14,4630.16,2062,35
2026.05.01 03:40:00,4630.15,4630.25,4625.35,4626.47,2156,42
2026.05.01 03:50:00,4626.42,4627.92,4625.62,4626.6,1444,42
2026.05.01 04:00:00,4626.6,4628.77,4619.89,4620.82,2096,35
2026.05.01 04:10:00,4620.79,4623.28,4619.93,4623.01,1754,42
2026.05.01 04:20:00,4623.04,4623.34,4616.91,4617.43,1761,42
2026.05.01 04:30:00,4617.47,4618.16,4612.21,4615.75,2275,42
2026.05.01 04:40:00,4615.74,4615.89,4610.48,4610.78,1839,35
2026.05.01 04:50:00,4610.78,4611.59,4609.0,4609.0,1635,42
2026.05.01 05:00:00,4608.99,4613.97,4607.37,4612.5,2367,37
2026.05.01 05:10:00,4612.5,4614.68,4611.2,4613.8,1962,35
2026.05.01 05:20:00,4613.84,4615.96,4612.51,4614.57,1701,42
2026.05.01 05:30:00,4614.58,4615.28,4609.35,4610.61,1902,42
2026.05.01 05:40:00,4610.61,4613.37,4607.17,4611.8,2185,41
2026.05.01 05:50:00,4611.79,4612.12,4602.71,4604.92,2187,42
2026.05.01 06:00:00,4604.92,4607.75,4601.38,4602.86,2839,35
2026.05.01 06:10:00,4602.88,4603.46,4595.89,4596.75,2095,39
2026.05.01 06:20:00,4596.9,4599.33,4593.26,4593.31,2454,42
2026.05.01 06:30:00,4593.31,4597.47,4591.13,4592.34,2463,41
2026.05.01 06:40:00,4592.34,4595.96,4590.62,4592.2,2513,42
2026.05.01 06:50:00,4592.2,4595.24,4591.11,4594.69,2348,42
2026.05.01 07:00:00,4594.57,4596.41,4590.01,4593.17,2810,35
2026.05.01 07:10:00,4593.17,4597.84,4592.6,4595.91,2504,35
2026.05.01 07:20:00,4595.98,4596.59,4585.06,4592.29,3005,35
2026.05.01 07:30:00,4592.29,4592.61,4583.64,4584.86,2997,35
2026.05.01 07:40:00,4584.86,4587.14,4582.36,4583.48,2470,35
2026.05.01 07:50:00,4583.7,4584.91,4575.82,4578.18,2849,35
2026.05.01 08:00:00,4578.14,4582.57,4577.13,4579.49,3023,35
2026.05.01 08:10:00,4579.59,4579.84,4571.05,4571.57,3049,35
2026.05.01 08:20:00,4571.56,4573.11,4566.32,4567.3,3035,35
2026.05.01 08:30:00,4567.25,4572.06,4565.96,4570.31,2637,35
2026.05.01 08:40:00,4570.29,4572.54,4568.29,4571.03,2152,35
2026.05.01 08:50:00,4571.04,4571.04,4564.98,4568.9,2144,35
2026.05.01 09:00:00,4568.81,4569.1,4564.27,4566.3,2268,35
2026.05.01 09:10:00,4566.3,4568.04,4564.12,4568.04,2106,35
2026.05.01 09:20:00,4567.98,4571.21,4567.4,4569.12,2372,35
2026.05.01 09:30:00,4569.1,4572.8,4567.56,4571.66,2101,35
2026.05.01 09:40:00,4571.65,4572.39,4567.75,4569.23,2107,35
2026.05.01 09:50:00,4569.08,4570.01,4559.97,4562.7,2717,35
2026.05.01 10:00:00,4562.72,4567.86,4561.36,4566.56,1992,35
2026.05.01 10:10:00,4566.56,4568.9,4564.99,4568.9,1665,35
2026.05.01 10:20:00,4568.99,4572.67,4568.39,4572.04,2003,35
2026.05.01 10:30:00,4572.04,4576.03,4567.53,4568.22,2352,35
2026.05.01 10:40:00,4568.29,4572.03,4567.6,4568.91,1872,35
2026.05.01 10:50:00,4568.89,4569.23,4565.95,4566.8,1854,35
2026.05.01 11:00:00,4566.75,4568.78,4563.86,4567.05,2229,35
2026.05.01 11:10:00,4567.05,4571.59,4562.38,4571.56,2388,35
2026.05.01 11:20:00,4571.58,4576.35,4571.46,4571.74,2624,35
2026.05.01 11:30:00,4571.52,4576.99,4570.24,4575.62,2344,35
2026.05.01 11:40:00,4575.67,4577.7,4572.98,4574.18,2270,35
2026.05.01 11:50:00,4574.15,4579.58,4572.66,4578.61,2242,35
2026.05.01 12:00:00,4578.2,4579.82,4575.02,4576.51,2428,35
2026.05.01 12:10:00,4576.49,4590.22,4574.76,4588.42,3051,35
2026.05.01 12:20:00,4588.46,4607.44,4587.45,4602.78,3862,35
2026.05.01 12:30:00,4602.89,4603.19,4595.6,4598.01,3151,35
2026.05.01 12:40:00,4597.99,4600.11,4589.06,4592.52,3421,35
2026.05.01 12:50:00,4592.52,4595.14,4589.7,4591.12,2867,35
2026.05.01 13:00:00,4590.86,4596.29,4589.71,4595.83,3009,35
2026.05.01 13:10:00,4595.81,4597.16,4587.32,4591.21,3022,35
2026.05.01 13:20:00,4591.26,4593.27,4586.85,4589.14,3006,35
2026.05.01 13:30:00,4589.17,4605.19,4586.56,4602.62,4225,35
2026.05.01 13:40:00,4602.55,4609.51,4598.83,4600.92,4143,35
2026.05.01 13:50:00,4600.86,4628.86,4599.22,4625.83,3852,35
2026.05.01 14:00:00,4625.87,4642.2,4625.8,4634.49,4387,35
2026.05.01 14:10:00,4634.51,4660.13,4634.32,4654.61,4584,35
2026.05.01 14:20:00,4654.61,4658.01,4643.91,4644.56,4371,35
2026.05.01 14:30:00,4644.57,4646.02,4635.93,4638.67,4448,35
2026.05.01 14:40:00,4638.89,4639.9,4628.92,4630.8,4361,35
2026.05.01 14:50:00,4630.89,4635.2,4627.09,4632.09,3833,35
2026.05.01 15:00:00,4632.02,4633.25,4618.91,4626.65,4079,35
2026.05.01 15:10:00,4626.7,4639.98,4623.62,4639.2,4025,35
2026.05.01 15:20:00,4639.2,4640.4,4633.99,4636.26,3304,35
2026.05.01 15:30:00,4636.27,4642.73,4635.69,4640.93,3411,35
2026.05.01 15:40:00,4640.93,4648.07,4640.6,4644.25,3279,35
2026.05.01 15:50:00,4644.3,4646.9,4633.53,4643.17,3410,35
2026.05.01 16:00:00,4643.1,4645.33,4639.19,4639.19,3221,35
2026.05.01 16:10:00,4639.19,4649.98,4638.02,4647.11,3302,35
2026.05.01 16:20:00,4647.12,4649.78,4637.84,4637.88,3334,35
2026.05.01 16:30:00,4637.87,4640.85,4633.91,4640.6,3840,35
2026.05.01 16:40:00,4640.6,4641.35,4637.03,4640.26,3182,35
2026.05.01 16:50:00,4639.94,4642.81,4636.77,4638.88,2580,35
2026.05.01 17:00:00,4638.79,4642.6,4637.51,4638.83,2434,35
2026.05.01 17:10:00,4638.82,4640.15,4637.0,4638.46,1985,35
2026.05.01 17:20:00,4638.5,4638.91,4630.92,4631.8,2566,35
2026.05.01 17:30:00,4631.78,4632.22,4628.04,4630.69,2800,40
2026.05.01 17:40:00,4630.67,4632.04,4626.8,4627.32,2655,41
2026.05.01 17:50:00,4627.32,4634.91,4627.19,4629.37,2551,42
2026.05.01 18:00:00,4629.37,4630.56,4622.25,4624.2,3020,42
2026.05.01 18:10:00,4624.26,4624.37,4613.85,4618.49,3157,35
2026.05.01 18:20:00,4618.6,4623.06,4618.58,4623.06,2772,42
2026.05.01 18:30:00,4622.8,4624.01,4616.06,4617.51,3029,35
2026.05.01 18:40:00,4617.5,4624.07,4617.08,4623.93,2736,42
2026.05.01 18:50:00,4624.0,4625.87,4622.96,4624.18,2481,42
2026.05.01 19:00:00,4624.19,4625.08,4620.41,4622.67,2330,35
2026.05.01 19:10:00,4622.66,4627.38,4621.69,4627.07,2154,42
2026.05.01 19:20:00,4627.07,4627.58,4624.47,4624.48,1997,35
2026.05.01 19:30:00,4624.5,4624.71,4614.83,4617.12,2611,35
2026.05.01 19:40:00,4617.17,4617.23,4611.01,4614.42,2748,42
2026.05.01 19:50:00,4614.45,4615.21,4608.68,4610.65,3079,42
2026.05.01 20:00:00,4610.72,4612.67,4607.15,4610.11,1980,37
2026.05.01 20:10:00,4610.08,4611.8,4608.7,4610.09,1622,42
2026.05.01 20:20:00,4610.09,4616.22,4609.58,4613.16,1509,42
2026.05.01 20:30:00,4613.28,4615.06,4610.06,4611.77,1339,42
2026.05.01 20:40:00,4611.86,4614.46,4610.83,4612.99,1430,42
2026.05.01 20:50:00,4613.01,4616.96,4612.89,4614.34,1403,42
2026.05.03 22:00:00,4620.35,4629.62,4618.05,4621.79,1781,35
2026.05.03 22:10:00,4621.88,4623.49,4617.13,4621.89,1931,42
2026.05.03 22:20:00,4621.89,4622.5,4612.31,4620.74,1959,35
2026.05.03 22:30:00,4620.73,4626.54,4619.66,4625.44,1602,35
2026.05.03 22:40:00,4625.45,4629.36,4625.45,4626.18,1607,42
2026.05.03 22:50:00,4626.24,4627.49,4618.13,4618.72,1983,42
2026.05.03 23:00:00,4618.71,4620.77,4613.27,4615.34,1939,35
2026.05.03 23:10:00,4615.17,4617.0,4611.2,4616.22,1849,42
2026.05.03 23:20:00,4616.21,4617.55,4613.72,4616.96,1312,42
2026.05.03 23:30:00,4616.98,4618.38,4614.66,4614.8,1488,42
2026.05.03 23:40:00,4614.79,4616.16,4611.56,4614.26,1826,39
2026.05.03 23:50:00,4614.23,4617.05,4612.12,4613.8,2008,41
2026.05.04 00:00:00,4613.69,4616.57,4604.55,4615.13,2875,42
2026.05.04 00:10:00,4615.14,4615.89,4604.97,4607.69,2798,42
2026.05.04 00:20:00,4608.02,4609.53,4601.86,4605.87,2576,41
2026.05.04 00:30:00,4605.87,4610.14,4604.82,4606.27,2372,42
2026.05.04 00:40:00,4606.27,4610.27,4604.78,4609.34,2224,42
2026.05.04 00:50:00,4609.34,4613.3,4606.9,4612.93,2180,35
2026.05.04 01:00:00,4612.83,4613.86,4597.48,4598.95,3104,35
2026.05.04 01:10:00,4598.95,4604.38,4595.9,4598.99,2852,35
2026.05.04 01:20:00,4598.98,4600.09,4593.61,4594.54,2446,35
2026.05.04 01:30:00,4594.49,4600.34,4592.74,4600.13,2459,35
2026.05.04 01:40:00,4600.25,4603.32,4599.0,4601.15,2021,35
2026.05.04 01:50:00,4601.09,4613.71,4601.0,4612.86,1935,35
2026.05.04 02:00:00,4612.84,4618.31,4607.77,4609.02,2674,35
2026.05.04 02:10:00,4609.04,4610.16,4602.4,4605.04,2603,35
2026.05.04 02:20:00,4605.03,4605.13,4591.21,4593.06,2520,35
2026.05.04 02:30:00,4593.08,4601.58,4590.85,4600.53,2435,42
2026.05.04 02:40:00,4600.56,4605.13,4599.27,4604.42,1986,42
2026.05.04 02:50:00,4604.42,4611.15,4602.56,4605.58,2358,42
2026.05.04 03:00:00,4605.54,4609.0,4604.34,4608.16,2067,42
2026.05.04 03:10:00,4608.17,4611.73,4605.76,4608.8,2157,42
2026.05.04 03:20:00,4608.82,4610.84,4608.06,4609.57,1575,42
2026.05.04 03:30:00,4609.18,4611.2,4601.15,4601.28,1991,42
2026.05.04 03:40:00,4601.28,4612.77,4598.42,4610.08,2820,42
2026.05.04 03:50:00,4610.08,4617.21,4609.23,4614.94,2512,42
2026.05.04 04:00:00,4614.95,4615.41,4607.98,4610.68,2499,42
2026.05.04 04:10:00,4610.68,4613.11,4609.93,4611.17,1655,42
2026.05.04 04:20:00,4611.17,4611.75,4607.1,4608.21,1983,42
2026.05.04 04:30:00,4608.18,4612.91,4607.36,4610.14,2093,42
2026.05.04 04:40:00,4610.16,4610.88,4607.16,4607.54,1647,42
2026.05.04 04:50:00,4607.56,4610.33,4605.18,4605.93,1772,42
2026.05.04 05:00:00,4605.97,4606.68,4603.22,4606.09,1998,42
2026.05.04 05:10:00,4606.19,4612.93,4600.76,4610.85,2338,35
2026.05.04 05:20:00,4610.92,4612.51,4595.63,4596.51,3130,35
2026.05.04 05:30:00,4596.84,4598.73,4592.14,4596.09,2762,35
2026.05.04 05:40:00,4596.05,4601.77,4593.18,4597.5,2647,35
2026.05.04 05:50:00,4597.52,4601.5,4594.31,4598.92,2494,35
2026.05.04 06:00:00,4598.7,4600.53,4587.66,4596.58,3283,35
2026.05.04 06:10:00,4596.59,4598.46,4591.15,4596.55,2666,35
2026.05.04 06:20:00,4596.55,4596.55,4588.99,4593.78,2577,41
2026.05.04 06:30:00,4593.98,4595.58,4584.79,4586.53,2851,41
2026.05.04 06:40:00,4586.53,4589.99,4583.6,4589.83,2468,42
2026.05.04 06:50:00,4589.83,4592.37,4586.93,4588.28,2306,42
2026.05.04 07:00:00,4587.93,4591.64,4585.47,4590.92,2746,35
2026.05.04 07:10:00,4590.91,4593.3,4586.85,4588.25,2367,35
2026.05.04 07:20:00,4588.25,4591.02,4583.34,4585.91,2410,35
2026.05.04 07:30:00,4585.91,4588.15,4582.55,4585.07,2762,35
2026.05.04 07:40:00,4585.07,4590.71,4582.48,4587.47,2504,35
2026.05.04 07:50:00,4587.48,4587.5,4577.81,4578.86,2762,35
2026.05.04 08:00:00,4579.05,4581.04,4573.77,4578.51,3100,35
2026.05.04 08:10:00,4578.32,4581.24,4574.32,4575.92,2799,35
2026.05.04 08:20:00,4576.03,4579.17,4574.28,4574.85,2535,35
2026.05.04 08:30:00,4574.82,4579.52,4573.61,4578.88,2583,35
2026.05.04 08:40:00,4578.9,4581.58,4576.57,4577.36,2392,35
2026.05.04 08:50:00,4577.34,4579.61,4575.78,4576.96,2186,35
2026.05.04 09:00:00,4576.88,4581.33,4576.21,4580.02,2401,35
2026.05.04 09:10:00,4580.01,4584.41,4579.31,4582.46,2091,35
2026.05.04 09:20:00,4582.42,4583.28,4580.27,4581.25,1843,35
2026.05.04 09:30:00,4581.3,4584.36,4580.37,4583.73,1955,35
2026.05.04 09:40:00,4583.76,4584.19,4579.33,4581.95,1685,35
2026.05.04 09:50:00,4581.96,4582.0,4572.13,4575.37,2262,35
2026.05.04 10:00:00,4575.44,4575.88,4542.81,4547.19,4164,35
2026.05.04 10:10:00,4547.22,4548.79,4534.24,4537.98,4231,35
2026.05.04 10:20:00,4538.13,4545.22,4525.94,4544.77,3911,35
2026.05.04 10:30:00,4544.87,4562.58,4543.18,4561.28,3796,35
2026.05.04 10:40:00,4561.0,4566.66,4558.17,4566.32,3069,35
2026.05.04 10:50:00,4566.24,4566.44,4560.48,4562.5,2707,35
2026.05.04 11:00:00,4562.45,4570.48,4561.15,4566.76,3164,35
2026.05.04 11:10:00,4566.78,4570.11,4563.81,4568.55,2660,35
2026.05.04 11:20:00,4568.55,4568.91,4561.7,4562.25,2435,35
2026.05.04 11:30:00,4562.19,4562.52,4551.59,4553.91,3102,35
2026.05.04 11:40:00,4553.8,4557.97,4552.99,4555.73,2835,35
2026.05.04 11:50:00,4555.71,4562.82,4555.33,4560.24,2720,35
2026.05.04 12:00:00,4560.22,4563.94,4559.32,4560.57,2735,35
2026.05.04 12:10:00,4560.53,4574.79,4559.98,4573.32,3118,35
2026.05.04 12:20:00,4573.42,4579.24,4565.49,4568.48,3326,35
2026.05.04 12:30:00,4568.51,4570.33,4560.91,4568.2,2894,35
2026.05.04 12:40:00,4568.24,4572.78,4566.43,4570.6,2747,35
2026.05.04 12:50:00,4570.59,4575.9,4567.72,4568.23,2814,35
2026.05.04 13:00:00,4568.22,4573.37,4557.03,4572.34,3685,35
2026.05.04 13:10:00,4572.43,4576.03,4563.2,4564.67,3151,35
2026.05.04 13:20:00,4564.73,4567.11,4560.72,4560.74,2815,35
2026.05.04 13:30:00,4561.03,4570.66,4555.65,4566.68,3974,35
2026.05.04 13:40:00,4566.64,4570.53,4561.31,4561.44,3653,35
2026.05.04 13:50:00,4561.49,4566.11,4557.49,4563.98,3437,35
2026.05.04 14:00:00,4563.87,4565.28,4553.62,4554.92,3838,35
2026.05.04 14:10:00,4554.91,4573.82,4553.64,4572.59,3816,35
2026.05.04 14:20:00,4572.68,4582.07,4570.72,4571.1,3815,35
2026.05.04 14:30:00,4571.18,4581.38,4570.16,4579.5,3537,35
2026.05.04 14:40:00,4579.55,4583.03,4569.14,4570.85,3324,35
2026.05.04 14:50:00,4570.92,4572.31,4559.77,4561.57,3665,35
2026.05.04 15:00:00,4561.72,4565.98,4554.86,4557.86,3835,35
2026.05.04 15:10:00,4557.85,4559.65,4537.97,4540.54,3893,35
2026.05.04 15:20:00,4539.9,4541.25,4514.25,4537.66,4541,35
2026.05.04 15:30:00,4538.08,4542.77,4527.53,4534.84,4239,35
2026.05.04 15:40:00,4534.64,4537.45,4522.98,4522.99,3817,35
2026.05.04 15:50:00,4522.68,4530.36,4512.62,4521.84,4067,35
2026.05.04 16:00:00,4521.76,4525.36,4504.19,4510.64,4125,35
2026.05.04 16:10:00,4510.38,4526.52,4500.74,4522.46,4292,35
2026.05.04 16:20:00,4523.4,4526.89,4512.89,4515.0,3714,35
2026.05.04 16:30:00,4514.84,4518.76,4511.87,4513.44,3283,35
2026.05.04 16:40:00,4513.48,4516.5,4508.48,4509.86,3289,35
2026.05.04 16:50:00,4509.75,4512.34,4507.37,4510.63,3388,35
2026.05.04 17:00:00,4511.55,4526.15,4510.72,4523.78,3562,35
2026.05.04 17:10:00,4523.83,4531.49,4521.6,4528.97,3317,42
2026.05.04 17:20:00,4529.04,4530.65,4521.68,4524.28,3288,35
2026.05.04 17:30:00,4524.23,4527.62,4521.75,4524.86,2805,42
2026.05.04 17:40:00,4524.94,4526.51,4522.38,4522.38,2471,42
2026.05.04 17:50:00,4522.38,4525.67,4521.28,4522.32,2411,42
2026.05.04 18:00:00,4522.35,4525.3,4518.49,4519.3,2401,35
2026.05.04 18:10:00,4519.26,4521.66,4516.76,4517.73,2404,42
2026.05.04 18:20:00,4517.87,4518.14,4509.54,4511.81,2759,42
2026.05.04 18:30:00,4511.76,4514.92,4510.57,4514.74,2600,35
2026.05.04 18:40:00,4514.75,4515.21,4510.57,4514.61,2423,42
2026.05.04 18:50:00,4514.71,4516.4,4511.51,4516.32,2545,42
2026.05.04 19:00:00,4516.21,4523.31,4511.36,4517.74,2949,41
2026.05.04 19:10:00,4517.73,4521.69,4516.56,4520.56,2735,42
2026.05.04 19:20:00,4520.61,4525.75,4519.63,4522.28,2782,42
2026.05.04 19:30:00,4522.31,4527.02,4520.82,4524.15,2386,42
2026.05.04 19:40:00,4524.16,4525.88,4519.4,4521.15,2313,35
2026.05.04 19:50:00,4521.15,4521.15,4515.22,4517.71,2571,42
2026.05.04 20:00:00,4517.73,4518.09,4513.28,4513.87,1550,35
2026.05.04 20:10:00,4513.89,4514.86,4511.66,4512.88,1287,41
2026.05.04 20:20:00,4512.88,4515.52,4511.71,4515.11,1223,42
2026.05.04 20:30:00,4515.12,4517.58,4514.98,4516.83,1103,42
2026.05.04 20:40:00,4516.85,4522.32,4514.52,4521.45,1262,42
2026.05.04 20:50:00,4521.45,4523.75,4519.82,4523.66,838,41
2026.05.04 22:00:00,4522.99,4524.46,4518.08,4522.29,1155,37
2026.05.04 22:10:00,4522.36,4522.81,4519.79,4520.32,933,42
2026.05.04 22:20:00,4520.32,4522.34,4519.34,4519.8,849,42
2026.05.04 22:30:00,4519.8,4522.13,4519.43,4519.67,1041,35
2026.05.04 22:40:00,4519.69,4520.77,4516.84,4518.24,1053,42
2026.05.04 22:50:00,4518.24,4518.24,4515.59,4517.44,1010,42
2026.05.04 23:00:00,4517.43,4520.25,4516.13,4519.79,1040,42
2026.05.04 23:10:00,4519.79,4521.02,4518.1,4519.84,1061,35
2026.05.04 23:20:00,4519.81,4521.58,4519.81,4521.06,883,42
2026.05.04 23:30:00,4521.06,4521.1,4519.68,4520.45,791,42
2026.05.04 23:40:00,4520.45,4521.26,4517.74,4520.07,952,42
2026.05.04 23:50:00,4519.79,4520.27,4517.02,4518.92,1403,41
2026.05.05 00:00:00,4519.13,4526.59,4517.74,4526.26,2752,35
2026.05.05 00:10:00,4526.28,4528.41,4522.57,4523.34,2722,35
2026.05.05 00:20:00,4523.33,4523.71,4513.37,4516.85,2796,41
2026.05.05 00:30:00,4516.83,4521.38,4515.93,4520.77,2174,42
2026.05.05 00:40:00,4520.83,4527.71,4519.74,4526.54,2082,35
2026.05.05 00:50:00,4526.55,4530.32,4525.68,4529.84,2100,42
2026.05.05 01:00:00,4529.51,4535.82,4525.27,4534.52,2827,42
2026.05.05 01:10:00,4534.54,4539.9,4533.79,4536.83,2245,41
2026.05.05 01:20:00,4536.81,4539.78,4535.05,4537.57,2288,42
2026.05.05 01:30:00,4537.57,4542.0,4534.01,4537.15,2637,42
2026.05.05 01:40:00,4537.13,4540.57,4535.82,4539.56,2368,42
2026.05.05 01:50:00,4539.54,4541.14,4537.07,4540.72,1980,42
2026.05.05 02:00:00,4540.75,4542.5,4537.3,4538.23,2119,35
2026.05.05 02:10:00,4538.24,4539.91,4535.38,4535.38,2118,35
2026.05.05 02:20:00,4535.73,4541.6,4534.55,4541.4,1784,42
2026.05.05 02:30:00,4541.42,4543.61,4540.06,4542.27,1898,42
2026.05.05 02:40:00,4542.28,4546.7,4541.78,4544.08,2231,35
2026.05.05 02:50:00,4544.12,4544.31,4538.73,4538.94,1954,42
2026.05.05 03:00:00,4538.76,4541.97,4537.55,4540.86,1815,42
2026.05.05 03:10:00,4540.84,4542.51,4539.55,4540.41,1457,42
2026.05.05 03:20:00,4540.4,4541.95,4537.1,4537.87,1661,35
2026.05.05 03:30:00,4537.85,4539.11,4536.72,4538.46,1672,42
2026.05.05 03:40:00,4538.4,4538.47,4535.44,4536.32,1582,41
2026.05.05 03:50:00,4536.3,4536.53,4532.28,4534.46,2015,42
2026.05.05 04:00:00,4534.37,4535.85,4533.16,4533.66,1565,42
2026.05.05 04:10:00,4533.64,4534.05,4530.48,4530.8,1698,41
2026.05.05 04:20:00,4530.8,4533.05,4529.36,4529.39,1815,35
2026.05.05 04:30:00,4529.38,4533.64,4527.83,4531.39,2424,35
2026.05.05 04:40:00,4531.44,4534.52,4530.96,4534.5,1706,42
2026.05.05 04:50:00,4534.5,4536.75,4531.41,4533.63,2503,42
2026.05.05 05:00:00,4533.62,4545.38,4531.23,4543.03,3071,35
2026.05.05 05:10:00,4543.02,4544.23,4535.66,4536.59,2294,42
2026.05.05 05:20:00,4536.59,4540.16,4536.51,4539.89,1949,35
2026.05.05 05:30:00,4539.95,4550.95,4539.74,4548.34,3110,35
2026.05.05 05:40:00,4548.26,4551.49,4545.15,4547.34,2680,42
2026.05.05 05:50:00,4547.41,4548.83,4543.43,4545.55,2082,42
2026.05.05 06:00:00,4545.67,4552.03,4541.38,4543.87,2958,35
2026.05.05 06:10:00,4543.86,4545.68,4538.87,4538.92,2461,42
2026.05.05 06:20:00,4538.91,4539.78,4533.54,4536.81,2433,35
2026.05.05 06:30:00,4536.81,4549.35,4536.2,4547.91,2814,35
2026.05.05 06:40:00,4547.78,4548.68,4544.82,4548.38,2491,35
2026.05.05 06:50:00,4548.65,4551.11,4546.68,4548.21,2569,35
2026.05.05 07:00:00,4548.24,4554.78,4547.63,4552.22,2813,35
2026.05.05 07:10:00,4552.23,4555.56,4550.65,4554.82,2661,35
2026.05.05 07:20:00,4554.86,4555.61,4548.36,4548.88,2289,35
2026.05.05 07:30:00,4548.88,4558.36,4548.88,4554.31,2947,35
2026.05.05 07:40:00,4554.29,4556.09,4545.51,4545.55,2974,35
2026.05.05 07:50:00,4545.64,4547.92,4543.34,4545.43,2884,35
2026.05.05 08:00:00,4545.48,4551.55,4545.36,4547.71,3102,35
2026.05.05 08:10:00,4547.71,4553.66,4546.47,4550.76,2802,35
2026.05.05 08:20:00,4550.76,4554.63,4549.09,4551.12,3031,35
2026.05.05 08:30:00,4550.93,4553.06,4548.05,4549.94,2723,35
2026.05.05 08:40:00,4549.94,4552.18,4548.23,4551.9,2631,35
2026.05.05 08:50:00,4551.9,4559.45,4551.88,4558.45,2893,35
2026.05.05 09:00:00,4558.42,4560.44,4553.44,4559.12,3210,35
2026.05.05 09:10:00,4559.02,4560.26,4553.83,4554.09,2514,35
2026.05.05 09:20:00,4554.07,4556.75,4552.47,4552.56,2195,35
2026.05.05 09:30:00,4552.68,4558.4,4550.95,4554.99,2601,35
2026.05.05 09:40:00,4554.71,4557.3,4553.21,4553.86,2054,35
2026.05.05 09:50:00,4553.93,4556.4,4552.72,4556.19,2097,35
2026.05.05 10:00:00,4556.18,4556.86,4552.11,4552.18,2182,35
2026.05.05 10:10:00,4552.19,4554.99,4550.57,4552.53,2418,35
2026.05.05 10:20:00,4552.53,4553.85,4546.53,4547.82,2369,35
2026.05.05 10:30:00,4547.82,4553.93,4546.41,4550.93,2747,35
2026.05.05 10:40:00,4550.93,4550.93,4543.99,4544.42,2559,35
2026.05.05 10:50:00,4544.41,4544.9,4540.37,4543.58,2492,35
2026.05.05 11:00:00,4543.58,4549.91,4539.68,4549.88,3105,35
2026.05.05 11:10:00,4549.86,4555.62,4549.41,4549.98,2946,35
2026.05.05 11:20:00,4549.99,4557.46,4549.9,4556.02,2806,35
2026.05.05 11:30:00,4556.08,4560.7,4554.7,4556.6,2677,35
2026.05.05 11:40:00,4556.62,4564.78,4556.0,4562.11,3071,35
2026.05.05 11:50:00,4562.12,4562.78,4559.0,4562.78,2395,35
2026.05.05 12:00:00,4562.79,4563.79,4554.17,4558.15,3507,35
2026.05.05 12:10:00,4558.18,4567.23,4557.91,4561.72,3673,35
2026.05.05 12:20:00,4561.89,4574.22,4561.89,4573.59,3358,35
2026.05.05 12:30:00,4573.64,4574.59,4566.62,4570.01,2977,35
2026.05.05 12:40:00,4570.01,4570.19,4562.91,4563.6,2671,35
2026.05.05 12:50:00,4563.67,4565.82,4561.63,4564.39,2738,35
2026.05.05 13:00:00,4564.17,4580.4,4564.16,4576.0,3622,35
2026.05.05 13:10:00,4575.99,4584.99,4574.61,4580.89,3578,35
2026.05.05 13:20:00,4580.89,4581.71,4575.89,4576.93,3350,35
2026.05.05 13:30:00,4577.0,4581.67,4572.58,4574.34,4210,35
2026.05.05 13:40:00,4574.39,4577.21,4571.2,4575.68,3788,35
2026.05.05 13:50:00,4575.75,4583.13,4575.29,4579.26,3545,35
2026.05.05 14:00:00,4579.91,4584.23,4575.62,4583.57,3943,35
2026.05.05 14:10:00,4583.51,4583.78,4566.06,4570.21,4634,35
2026.05.05 14:20:00,4570.2,4586.47,4568.11,4583.91,4229,35
2026.05.05 14:30:00,4584.19,4585.66,4577.59,4581.07,3678,35
2026.05.05 14:40:00,4581.1,4585.41,4576.14,4577.59,3430,35
2026.05.05 14:50:00,4577.59,4582.47,4575.5,4582.24,3464,35
2026.05.05 15:00:00,4582.34,4583.85,4577.38,4580.16,3359,35
2026.05.05 15:10:00,4580.19,4581.9,4578.02,4578.35,3125,35
2026.05.05 15:20:00,4578.34,4579.9,4575.32,4579.15,3171,35
2026.05.05 15:30:00,4579.11,4581.08,4574.89,4575.68,3146,35
2026.05.05 15:40:00,4575.83,4576.06,4572.19,4573.99,3212,35
2026.05.05 15:50:00,4573.98,4575.69,4568.24,4568.42,2945,35
2026.05.05 16:00:00,4568.4,4568.96,4562.67,4564.2,3207,35
2026.05.05 16:10:00,4564.19,4566.46,4562.37,4564.43,2501,35
2026.05.05 16:20:00,4564.26,4565.59,4555.88,4559.65,3264,35
2026.05.05 16:30:00,4559.68,4560.21,4553.69,4555.91,3206,35
2026.05.05 16:40:00,4556.04,4558.74,4555.62,4557.28,2550,35
2026.05.05 16:50:00,4557.24,4562.86,4557.23,4561.1,2576,35
2026.05.05 17:00:00,4561.11,4562.5,4553.31,4554.6,2776,35
2026.05.05 17:10:00,4554.61,4560.73,4553.06,4560.66,2649,35
2026.05.05 17:20:00,4560.71,4561.28,4557.37,4558.51,2567,42
2026.05.05 17:30:00,4558.51,4562.67,4555.99,4560.68,2592,36
2026.05.05 17:40:00,4560.69,4562.25,4559.21,4561.98,1963,42
2026.05.05 17:50:00,4561.97,4561.97,4558.15,4559.69,2035,42
2026.05.05 18:00:00,4559.69,4561.91,4558.47,4560.84,1936,42
2026.05.05 18:10:00,4560.83,4565.2,4559.63,4562.42,2149,38
2026.05.05 18:20:00,4562.43,4563.46,4560.93,4562.0,1734,42
2026.05.05 18:30:00,4562.08,4562.63,4558.24,4559.53,1861,35
2026.05.05 18:40:00,4559.53,4565.69,4557.47,4562.72,2360,42
2026.05.05 18:50:00,4562.71,4563.29,4559.52,4560.94,2071,42
2026.05.05 19:00:00,4560.94,4561.55,4557.29,4557.77,2099,42
2026.05.05 19:10:00,4557.77,4558.92,4554.79,4558.14,2110,35
2026.05.05 19:20:00,4558.16,4558.82,4555.27,4556.09,1881,42
2026.05.05 19:30:00,4556.09,4558.03,4555.52,4556.81,1689,42
2026.05.05 19:40:00,4556.75,4558.76,4554.87,4558.74,1556,42
2026.05.05 19:50:00,4558.44,4558.52,4551.53,4554.56,2848,36
2026.05.05 20:00:00,4554.99,4556.25,4553.95,4555.7,1541,42
2026.05.05 20:10:00,4555.7,4557.67,4555.31,4556.36,1201,42
2026.05.05 20:20:00,4556.37,4559.62,4555.05,4559.1,1408,35
2026.05.05 20:30:00,4559.14,4559.92,4555.56,4555.79,1209,42
2026.05.05 20:40:00,4555.85,4556.41,4554.62,4555.91,930,42
2026.05.05 20:50:00,4555.91,4557.57,4554.26,4557.38,959,42
2026.05.05 22:00:00,4558.21,4558.26,4548.92,4551.38,1712,42
2026.05.05 22:10:00,4551.39,4552.06,4548.17,4548.72,1523,42
2026.05.05 22:20:00,4548.77,4549.92,4546.33,4546.63,1420,35
2026.05.05 22:30:00,4546.58,4550.87,4546.05,4549.92,1307,35
2026.05.05 22:40:00,4549.98,4550.77,4546.93,4547.58,1169,42
2026.05.05 22:50:00,4547.58,4576.7,4547.3,4573.53,3077,35
2026.05.05 23:00:00,4573.53,4580.48,4569.41,4579.6,2584,42
2026.05.05 23:10:00,4579.55,4590.57,4577.36,4585.78,3113,36
2026.05.05 23:20:00,4585.78,4588.9,4581.98,4582.05,2486,42
2026.05.05 23:30:00,4582.01,4587.53,4579.43,4586.57,2248,35
2026.05.05 23:40:00,4586.57,4594.07,4584.29,4593.7,2115,35
2026.05.05 23:50:00,4593.69,4595.83,4590.77,4593.89,2316,42
2026.05.06 00:00:00,4593.8,4598.07,4591.08,4592.37,3068,35
2026.05.06 00:10:00,4592.52,4597.28,4588.15,4596.15,2916,35
2026.05.06 00:20:00,4596.15,4603.94,4595.93,4602.05,2987,35
2026.05.06 00:30:00,4602.07,4610.21,4601.93,4608.19,2741,35
2026.05.06 00:40:00,4608.2,4611.01,4607.72,4609.72,2387,36
2026.05.06 00:50:00,4609.71,4619.88,4609.71,4618.59,2720,41
2026.05.06 01:00:00,4618.56,4622.44,4610.85,4612.36,3619,35
2026.05.06 01:10:00,4612.37,4618.54,4609.37,4617.57,2888,35
2026.05.06 01:20:00,4617.6,4625.67,4616.09,4624.87,3006,35
2026.05.06 01:30:00,4624.87,4626.14,4620.26,4623.8,2975,40
2026.05.06 01:40:00,4623.8,4628.51,4621.68,4628.39,2652,35
2026.05.06 01:50:00,4628.42,4628.59,4623.74,4625.92,2438,42
2026.05.06 02:00:00,4625.82,4633.44,4625.28,4632.72,2652,35
2026.05.06 02:10:00,4632.73,4636.1,4630.04,4634.12,2352,35
2026.05.06 02:20:00,4634.1,4635.73,4629.65,4629.94,2010,41
2026.05.06 02:30:00,4630.26,4634.12,4626.87,4630.57,2633,41
2026.05.06 02:40:00,4630.55,4638.44,4629.96,4635.56,2467,35
2026.05.06 02:50:00,4635.58,4641.68,4634.39,4640.52,2220,35
2026.05.06 03:00:00,4640.53,4645.55,4638.48,4644.61,2568,35
2026.05.06 03:10:00,4644.58,4650.14,4643.08,4649.3,2631,35
2026.05.06 03:20:00,4649.25,4650.94,4644.48,4645.48,2232,35
2026.05.06 03:30:00,4645.49,4651.84,4642.54,4651.33,2384,38
2026.05.06 03:40:00,4651.33,4651.48,4644.18,4644.39,2101,35
2026.05.06 03:50:00,4644.38,4646.59,4642.85,4643.69,1389,42
2026.05.06 04:00:00,4643.66,4647.65,4643.25,4645.9,1751,42
2026.05.06 04:10:00,4645.9,4648.89,4645.41,4645.85,1453,35
2026.05.06 04:20:00,4645.85,4653.45,4645.53,4652.36,1879,42
2026.05.06 04:30:00,4652.38,4652.43,4648.28,4649.18,2804,35
2026.05.06 04:40:00,4649.17,4652.67,4646.04,4650.29,2547,35
2026.05.06 04:50:00,4650.29,4651.85,4648.33,4648.86,1971,42
2026.05.06 05:00:00,4648.89,4656.49,4648.74,4655.34,2117,35
2026.05.06 05:10:00,4655.34,4656.18,4649.43,4651.78,2160,38
2026.05.06 05:20:00,4651.79,4655.12,4650.05,4650.28,1881,42
2026.05.06 05:30:00,4650.26,4651.95,4644.52,4646.84,2932,42
2026.05.06 05:40:00,4646.87,4651.54,4644.92,4649.39,2323,42
2026.05.06 05:50:00,4649.51,4663.81,4649.44,4662.88,2917,38
2026.05.06 06:00:00,4662.88,4665.7,4656.86,4663.45,3385,35
2026.05.06 06:10:00,4663.45,4664.29,4658.15,4658.22,2674,35
2026.05.06 06:20:00,4658.24,4666.56,4657.84,4665.99,2741,35
2026.05.06 06:30:00,4666.07,4668.53,4662.15,4666.07,2821,35
2026.05.06 06:40:00,4666.07,4667.75,4659.96,4664.95,2853,35
2026.05.06 06:50:00,4664.95,4669.3,4662.8,4669.26,2521,35
2026.05.06 07:00:00,4669.28,4670.28,4665.28,4666.87,2484,35
2026.05.06 07:10:00,4666.97,4668.0,4657.3,4660.61,2921,35
2026.05.06 07:20:00,4660.5,4669.85,4659.48,4667.19,3022,35
2026.05.06 07:30:00,4667.23,4668.32,4662.97,4664.83,2781,35
2026.05.06 07:40:00,4664.83,4677.15,4664.5,4675.14,3128,35
2026.05.06 07:50:00,4675.13,4681.55,4673.77,4681.41,2938,35
2026.05.06 08:00:00,4681.12,4682.23,4674.95,4677.42,3149,35
2026.05.06 08:10:00,4677.44,4682.09,4676.72,4678.57,2899,35
2026.05.06 08:20:00,4678.57,4680.02,4676.68,4676.87,2309,35
2026.05.06 08:30:00,4676.89,4678.11,4671.72,4675.69,2762,35
2026.05.06 08:40:00,4675.69,4681.97,4673.34,4679.62,2591,35
2026.05.06 08:50:00,4679.62,4702.5,4679.45,4699.72,4826,35
2026.05.06 09:00:00,4700.0,4708.65,4689.16,4694.88,4334,35
2026.05.06 09:10:00,4694.88,4702.69,4693.73,4699.67,3585,35
2026.05.06 09:20:00,4699.82,4704.83,4691.27,4700.08,3611,35
2026.05.06 09:30:00,4699.76,4705.92,4696.12,4703.23,3570,35
2026.05.06 09:40:00,4703.25,4704.75,4693.7,4701.22,3156,35
2026.05.06 09:50:00,4701.21,4702.86,4697.24,4701.63,2721,35
2026.05.06 10:00:00,4701.64,4705.45,4695.88,4696.4,3195,35
2026.05.06 10:10:00,4696.58,4701.0,4695.32,4698.57,2907,35
2026.05.06 10:20:00,4698.57,4704.58,4697.43,4704.08,2820,35
2026.05.06 10:30:00,4704.08,4712.08,4704.08,4710.06,3386,35
2026.05.06 10:40:00,4710.14,4715.98,4707.2,4710.58,3810,35
2026.05.06 10:50:00,4710.71,4722.52,4710.0,4717.93,3920,35
2026.05.06 11:00:00,4717.93,4721.19,4711.42,4719.88,3747,35
2026.05.06 11:10:00,4719.89,4720.48,4709.21,4712.0,3611,35
2026.05.06 11:20:00,4712.0,4712.8,4705.41,4705.44,3094,35
2026.05.06 11:30:00,4705.31,4715.38,4704.23,4710.11,3241,35
2026.05.06 11:40:00,4710.08,4711.41,4696.88,4697.44,3868,35
2026.05.06 11:50:00,4697.78,4700.45,4690.58,4691.88,3545,35
2026.05.06 12:00:00,4691.83,4692.9,4679.81,4682.45,4134,35
2026.05.06 12:10:00,4682.41,4682.41,4660.69,4670.24,4284,35
2026.05.06 12:20:00,4670.33,4688.61,4669.11,4683.32,4032,35
2026.05.06 12:30:00,4683.69,4685.41,4678.05,4680.29,3432,35
2026.05.06 12:40:00,4680.23,4684.49,4678.93,4681.09,3170,35
2026.05.06 12:50:00,4681.08,4683.63,4676.63,4683.12,3181,35
2026.05.06 13:00:00,4683.09,4692.2,4668.79,4673.15,4572,35
2026.05.06 13:10:00,4673.93,4691.06,4672.14,4682.83,3690,35
2026.05.06 13:20:00,4682.85,4686.56,4679.78,4685.27,3371,35
2026.05.06 13:30:00,4685.26,4699.17,4680.19,4694.04,4861,35
2026.05.06 13:40:00,4694.04,4701.28,4692.49,4700.71,4377,35
2026.05.06 13:50:00,4700.81,4707.92,4693.79,4702.09,4358,35
2026.05.06 14:00:00,4702.17,4710.04,4697.92,4707.79,4761,35
2026.05.06 14:10:00,4707.74,4717.47,4706.19,4712.87,4439,35
2026.05.06 14:20:00,4713.05,4715.31,4704.76,4705.73,4058,35
2026.05.06 14:30:00,4705.95,4709.78,4704.53,4708.23,3838,35
2026.05.06 14:40:00,4708.25,4714.42,4704.9,4705.95,4306,35
2026.05.06 14:50:00,4706.06,4707.04,4700.76,4702.81,3942,35
2026.05.06 15:00:00,4702.78,4705.74,4697.48,4698.74,3841,35
2026.05.06 15:10:00,4698.7,4701.45,4693.3,4701.45,3751,35
2026.05.06 15:20:00,4701.46,4703.19,4695.15,4695.43,3273,35
2026.05.06 15:30:00,4695.47,4697.86,4691.35,4692.0,3356,35
2026.05.06 15:40:00,4691.95,4694.82,4689.31,4692.96,3319,35
2026.05.06 15:50:00,4692.96,4693.97,4687.71,4687.76,3144,35
2026.05.06 16:00:00,4687.56,4688.43,4681.13,4683.21,3645,35
2026.05.06 16:10:00,4683.31,4685.76,4682.12,4684.37,3131,35
2026.05.06 16:20:00,4684.53,4688.52,4682.7,4688.27,2695,35
2026.05.06 16:30:00,4688.25,4690.45,4685.36,4689.42,2845,35
2026.05.06 16:40:00,4689.42,4692.02,4686.07,4687.95,2779,35
2026.05.06 16:50:00,4687.95,4688.72,4679.62,4682.7,3061,35
2026.05.06 17:00:00,4682.7,4688.0,4679.64,4686.08,3120,35
2026.05.06 17:10:00,4686.06,4686.99,4681.25,4681.36,2463,35
2026.05.06 17:20:00,4681.33,4684.56,4679.95,4682.96,3002,42
2026.05.06 17:30:00,4682.92,4683.33,4679.1,4679.34,2396,37
2026.05.06 17:40:00,4679.34,4682.15,4678.83,4680.84,2221,42
2026.05.06 17:50:00,4680.67,4684.38,4680.3,4684.0,2109,42
2026.05.06 18:00:00,4684.02,4685.56,4681.83,4685.46,2127,42
2026.05.06 18:10:00,4685.45,4689.09,4684.6,4688.37,2022,42
2026.05.06 18:20:00,4688.5,4690.41,4687.2,4687.66,2079,42
2026.05.06 18:30:00,4687.95,4690.26,4686.71,4688.15,2099,42
2026.05.06 18:40:00,4688.15,4688.16,4685.08,4686.97,1933,42
2026.05.06 18:50:00,4686.95,4687.6,4684.57,4685.94,1930,42
2026.05.06 19:00:00,4685.94,4694.56,4685.9,4694.24,2287,42
2026.05.06 19:10:00,4694.23,4698.0,4693.67,4696.49,2016,42
2026.05.06 19:20:00,4696.48,4699.98,4696.45,4698.3,1933,41
2026.05.06 19:30:00,4698.3,4698.86,4695.39,4697.34,2139,42
2026.05.06 19:40:00,4697.35,4697.52,4693.71,4694.72,2004,42
2026.05.06 19:50:00,4694.71,4698.02,4692.19,4692.2,2494,42
2026.05.06 20:00:00,4692.24,4697.16,4692.24,4696.48,1827,35
2026.05.06 20:10:00,4696.46,4699.5,4696.03,4697.97,1450,42
2026.05.06 20:20:00,4697.97,4698.32,4691.94,4692.68,1468,42
2026.05.06 20:30:00,4692.7,4693.05,4689.55,4690.67,1240,42
2026.05.06 20:40:00,4690.47,4690.59,4685.07,4689.32,1612,35
2026.05.06 20:50:00,4689.32,4691.75,4687.78,4690.84,1093,42
2026.05.06 22:00:00,4698.24,4698.24,4689.23,4694.26,1345,42
2026.05.06 22:10:00,4694.26,4699.66,4693.21,4699.3,1752,42
2026.05.06 22:20:00,4699.25,4699.88,4693.3,4695.45,1659,35
2026.05.06 22:30:00,4695.44,4699.39,4694.32,4697.14,1359,42
2026.05.06 22:40:00,4697.13,4699.56,4695.82,4697.57,1213,35
2026.05.06 22:50:00,4697.58,4698.46,4694.33,4694.77,1392,35
2026.05.06 23:00:00,4694.75,4698.41,4693.95,4697.35,1424,42
2026.05.06 23:10:00,4696.96,4697.9,4693.83,4696.7,1363,41
2026.05.06 23:20:00,4696.7,4697.19,4690.04,4693.13,1679,41
2026.05.06 23:30:00,4693.2,4694.27,4691.54,4693.0,1375,42
2026.05.06 23:40:00,4693.11,4699.5,4692.66,4696.9,1516,42
2026.05.06 23:50:00,4696.9,4698.93,4695.74,4698.79,1755,42
2026.05.07 00:00:00,4698.74,4700.65,4689.69,4694.8,3550,35
2026.05.07 00:10:00,4694.76,4700.8,4694.42,4698.02,3519,35
2026.05.07 00:20:00,4697.93,4701.02,4692.11,4692.34,2839,41
2026.05.07 00:30:00,4692.31,4693.35,4688.97,4692.26,2620,35
2026.05.07 00:40:00,4692.26,4692.73,4685.76,4689.76,2603,35
2026.05.07 00:50:00,4689.76,4691.54,4685.45,4688.55,2528,41
2026.05.07 01:00:00,4688.55,4698.69,4685.18,4697.43,3657,35
2026.05.07 01:10:00,4697.5,4716.3,4697.5,4712.62,4074,35
2026.05.07 01:20:00,4712.69,4712.91,4703.56,4704.05,3558,41
2026.05.07 01:30:00,4703.88,4713.09,4702.18,4713.05,3423,42
2026.05.07 01:40:00,4713.36,4719.78,4711.21,4718.69,3291,42
2026.05.07 01:50:00,4718.68,4721.51,4713.4,4714.59,2961,35
2026.05.07 02:00:00,4714.59,4718.43,4712.87,4713.01,3052,42
2026.05.07 02:10:00,4713.02,4713.52,4702.83,4706.07,3100,42
2026.05.07 02:20:00,4706.08,4707.47,4701.64,4702.65,2396,42
2026.05.07 02:30:00,4702.53,4703.74,4699.68,4701.99,2826,42
2026.05.07 02:40:00,4701.97,4707.61,4701.08,4706.48,2270,42
2026.05.07 02:50:00,4706.48,4709.85,4704.65,4707.09,2529,41
2026.05.07 03:00:00,4706.96,4709.82,4704.65,4708.57,2389,42
2026.05.07 03:10:00,4708.57,4709.14,4704.07,4708.21,2173,42
2026.05.07 03:20:00,4708.26,4708.69,4704.2,4704.32,2176,42
2026.05.07 03:30:00,4704.36,4704.91,4702.23,4704.63,1946,42
2026.05.07 03:40:00,4704.69,4704.76,4701.71,4704.04,1544,42
2026.05.07 03:50:00,4704.03,4704.75,4698.8,4699.06,1772,42
2026.05.07 04:00:00,4699.05,4700.79,4697.0,4699.84,2296,42
2026.05.07 04:10:00,4699.82,4700.45,4694.78,4695.62,2112,42
2026.05.07 04:20:00,4695.63,4698.45,4695.22,4696.81,1817,38
2026.05.07 04:30:00,4696.79,4697.38,4692.34,4695.72,1684,42
2026.05.07 04:40:00,4695.75,4698.92,4694.31,4695.42,1793,42
2026.05.07 04:50:00,4695.4,4697.41,4693.78,4696.29,1939,42
2026.05.07 05:00:00,4696.27,4701.0,4696.17,4698.95,2370,42
2026.05.07 05:10:00,4698.95,4700.81,4695.78,4695.93,1799,35
2026.05.07 05:20:00,4695.91,4697.59,4694.67,4695.85,2039,42
2026.05.07 05:30:00,4695.84,4705.9,4694.88,4704.98,2811,35
2026.05.07 05:40:00,4705.01,4705.57,4702.17,4704.8,2316,42
2026.05.07 05:50:00,4704.8,4706.48,4700.82,4701.06,2667,42
2026.05.07 06:00:00,4701.13,4707.72,4701.0,4707.48,2722,42
2026.05.07 06:10:00,4707.55,4710.82,4707.04,4709.72,2856,35
2026.05.07 06:20:00,4709.73,4717.92,4709.17,4717.24,3219,35
2026.05.07 06:30:00,4717.07,4744.0,4715.86,4742.44,4214,35
2026.05.07 06:40:00,4742.74,4749.85,4737.84,4737.98,3899,35
2026.05.07 06:50:00,4737.96,4740.12,4735.62,4739.02,2830,36
2026.05.07 07:00:00,4738.39,4745.92,4731.53,4744.41,3994,35
2026.05.07 07:10:00,4744.46,4750.51,4741.91,4743.48,4343,35
2026.05.07 07:20:00,4743.5,4744.8,4737.77,4739.41,3758,35
2026.05.07 07:30:00,4739.41,4743.1,4738.14,4739.9,3394,35
2026.05.07 07:40:00,4739.9,4743.95,4737.07,4739.15,3048,35
2026.05.07 07:50:00,4739.17,4744.37,4738.52,4743.0,3301,35
2026.05.07 08:00:00,4742.99,4753.57,4742.46,4748.03,4182,35
2026.05.07 08:10:00,4748.03,4748.45,4735.53,4736.56,3672,35
2026.05.07 08:20:00,4736.54,4741.99,4733.67,4740.2,3501,35
2026.05.07 08:30:00,4740.19,4741.76,4733.82,4736.4,3064,35
2026.05.07 08:40:00,4736.38,4738.48,4733.27,4735.62,2813,35
2026.05.07 08:50:00,4735.7,4737.14,4730.59,4730.92,3212,35
2026.05.07 09:00:00,4730.97,4732.75,4721.71,4732.66,3746,35
2026.05.07 09:10:00,4732.66,4737.17,4731.14,4735.4,2972,35
2026.05.07 09:20:00,4735.41,4738.82,4733.75,4735.52,2940,35
2026.05.07 09:30:00,4735.28,4737.0,4732.95,4735.48,2953,35
2026.05.07 09:40:00,4735.55,4739.34,4735.41,4735.76,2596,35
2026.05.07 09:50:00,4735.83,4736.48,4725.79,4729.05,3312,35
2026.05.07 10:00:00,4728.99,4733.62,4726.58,4733.19,3184,35
2026.05.07 10:10:00,4733.19,4736.03,4731.16,4731.34,2739,35
2026.05.07 10:20:00,4731.34,4734.19,4728.52,4732.38,2481,35
2026.05.07 10:30:00,4732.4,4738.6,4727.72,4736.15,2618,35
2026.05.07 10:40:00,4736.16,4739.75,4735.62,4736.12,2663,35
2026.05.07 10:50:00,4736.07,4737.86,4735.17,4735.55,2415,35
2026.05.07 11:00:00,4736.11,4737.15,4732.37,4733.72,2727,35
2026.05.07 11:10:00,4733.71,4733.87,4727.14,4730.24,2979,35
2026.05.07 11:20:00,4730.19,4736.69,4728.65,4732.61,3269,35
2026.05.07 11:30:00,4732.64,4737.03,4731.69,4735.21,3186,35
2026.05.07 11:40:00,4735.23,4739.61,4734.27,4736.28,2879,35
2026.05.07 11:50:00,4736.29,4743.49,4734.07,4742.69,3542,35
2026.05.07 12:00:00,4743.06,4745.7,4739.7,4740.53,3732,35
2026.05.07 12:10:00,4740.55,4747.03,4740.0,4742.94,3772,35
2026.05.07 12:20:00,4742.72,4743.62,4733.38,4738.02,3625,35
2026.05.07 12:30:00,4738.02,4749.62,4737.26,4746.09,3499,35
2026.05.07 12:40:00,4746.07,4752.57,4745.78,4751.92,3507,35
2026.05.07 12:50:00,4752.09,4752.47,4744.91,4750.07,3374,35
2026.05.07 13:00:00,4750.07,4750.32,4736.64,4740.97,4190,35
2026.05.07 13:10:00,4740.97,4741.03,4731.13,4740.34,4011,35
2026.05.07 13:20:00,4740.48,4746.54,4738.0,4745.26,3533,35
2026.05.07 13:30:00,4744.99,4757.95,4743.48,4752.54,4751,35
2026.05.07 13:40:00,4752.57,4752.9,4739.38,4742.6,4700,35
2026.05.07 13:50:00,4742.36,4748.85,4737.51,4746.33,4402,35
2026.05.07 14:00:00,4745.91,4749.23,4742.31,4747.57,4208,35
2026.05.07 14:10:00,4747.57,4753.85,4741.26,4751.01,4298,35
2026.05.07 14:20:00,4751.01,4759.33,4750.48,4756.54,3982,35
2026.05.07 14:30:00,4756.44,4758.88,4747.71,4753.68,4106,35
2026.05.07 14:40:00,4753.67,4758.72,4750.22,4758.35,3859,35
2026.05.07 14:50:00,4758.43,4763.35,4756.16,4762.55,3663,35
2026.05.07 15:00:00,4762.55,4764.71,4755.9,4758.69,3973,35
2026.05.07 15:10:00,4758.68,4761.29,4753.12,4753.9,3987,35
2026.05.07 15:20:00,4753.9,4756.2,4736.34,4740.29,4580,35
2026.05.07 15:30:00,4740.24,4746.88,4739.4,4743.35,3980,35
2026.05.07 15:40:00,4743.35,4743.72,4733.9,4734.92,3889,35
2026.05.07 15:50:00,4734.9,4737.35,4726.38,4729.06,4472,35
2026.05.07 16:00:00,4729.11,4729.46,4716.44,4717.47,4807,35
2026.05.07 16:10:00,4717.6,4719.98,4704.28,4706.22,4908,35
2026.05.07 16:20:00,4706.28,4722.89,4705.73,4720.11,4596,35
2026.05.07 16:30:00,4720.15,4720.83,4711.5,4712.17,4269,35
2026.05.07 16:40:00,4712.24,4715.76,4710.17,4714.14,3840,35
2026.05.07 16:50:00,4714.14,4717.95,4710.61,4714.87,3842,35
2026.05.07 17:00:00,4714.91,4719.37,4712.18,4716.74,3673,35
2026.05.07 17:10:00,4716.8,4718.42,4705.59,4706.29,3863,38
2026.05.07 17:20:00,4706.52,4718.99,4687.58,4699.09,4917,38
2026.05.07 17:30:00,4698.76,4703.93,4693.21,4703.16,4819,35
2026.05.07 17:40:00,4703.08,4705.81,4698.11,4699.54,4169,42
2026.05.07 17:50:00,4699.56,4711.98,4697.95,4711.23,4099,35
2026.05.07 18:00:00,4711.28,4712.42,4706.35,4707.4,3736,42
2026.05.07 18:10:00,4707.4,4709.78,4704.87,4708.33,3308,42
2026.05.07 18:20:00,4708.35,4712.97,4705.5,4712.8,3615,42
2026.05.07 18:30:00,4712.87,4715.88,4707.5,4713.04,3814,42
2026.05.07 18:40:00,4713.03,4714.48,4698.75,4700.67,4143,42
2026.05.07 18:50:00,4700.55,4711.26,4695.55,4709.6,4437,37
2026.05.07 19:00:00,4709.78,4712.78,4704.99,4709.9,3972,42
2026.05.07 19:10:00,4709.85,4711.57,4699.93,4702.11,3817,42
2026.05.07 19:20:00,4702.03,4706.22,4697.61,4705.08,4283,42
2026.05.07 19:30:00,4705.09,4712.04,4703.43,4710.79,3461,35
2026.05.07 19:40:00,4710.79,4711.84,4705.21,4708.31,2914,42
2026.05.07 19:50:00,4709.03,4710.72,4702.72,4703.06,3878,35
2026.05.07 20:00:00,4703.08,4719.02,4703.08,4711.3,3197,35
2026.05.07 20:10:00,4711.32,4713.12,4709.28,4711.97,2234,35
2026.05.07 20:20:00,4711.91,4714.21,4710.71,4712.88,1837,42
2026.05.07 20:30:00,4712.88,4715.59,4697.89,4698.52,2344,35
2026.05.07 20:40:00,4698.55,4706.52,4696.66,4702.36,2957,36
2026.05.07 20:50:00,4702.16,4702.56,4686.01,4687.03,2322,35
2026.05.07 22:00:00,4686.82,4694.22,4686.35,4691.4,1738,42
2026.05.07 22:10:00,4691.39,4697.73,4686.9,4694.24,2190,36
2026.05.07 22:20:00,4694.24,4699.0,4692.7,4693.57,2002,35
2026.05.07 22:30:00,4693.61,4694.99,4686.43,4689.63,2207,35
2026.05.07 22:40:00,4689.6,4691.16,4682.36,4683.78,1979,42
2026.05.07 22:50:00,4683.71,4688.22,4681.55,4685.81,1647,42
2026.05.07 23:00:00,4685.58,4691.6,4684.34,4691.07,1893,42
2026.05.07 23:10:00,4691.06,4693.76,4690.15,4693.61,1534,42
2026.05.07 23:20:00,4693.6,4698.38,4693.54,4696.47,1627,42
2026.05.07 23:30:00,4696.44,4699.07,4694.89,4698.84,1450,35
2026.05.07 23:40:00,4698.88,4702.2,4696.7,4700.48,1925,41
2026.05.07 23:50:00,4700.5,4705.5,4700.05,4704.12,2088,41
2026.05.08 00:00:00,4704.73,4707.95,4701.8,4707.67,2734,35
2026.05.08 00:10:00,4707.47,4709.37,4694.03,4695.07,2694,35
2026.05.08 00:20:00,4695.06,4705.55,4693.79,4697.09,2615,42
2026.05.08 00:30:00,4697.09,4706.13,4696.05,4703.92,2286,42
2026.05.08 00:40:00,4703.99,4708.09,4699.74,4699.94,2370,42
2026.05.08 00:50:00,4699.88,4701.83,4696.81,4701.25,2069,42
2026.05.08 01:00:00,4701.22,4719.15,4700.56,4714.5,3512,35
2026.05.08 01:10:00,4714.51,4718.3,4711.64,4717.44,2890,42
2026.05.08 01:20:00,4717.51,4718.29,4711.38,4712.46,2384,35
2026.05.08 01:30:00,4712.39,4714.97,4705.06,4707.95,2775,42
2026.05.08 01:40:00,4708.01,4719.73,4706.65,4719.47,2848,35
2026.05.08 01:50:00,4719.49,4725.65,4719.49,4722.58,3141,35
2026.05.08 02:00:00,4722.64,4732.8,4721.19,4729.37,2929,35
2026.05.08 02:10:00,4729.37,4729.92,4718.03,4719.16,2364,42
2026.05.08 02:20:00,4719.18,4723.92,4719.18,4721.37,2107,35
2026.05.08 02:30:00,4721.4,4723.48,4706.76,4711.31,3168,42
2026.05.08 02:40:00,4711.31,4716.51,4708.49,4716.42,2842,42
2026.05.08 02:50:00,4716.71,4717.53,4712.4,4713.19,2428,42
2026.05.08 03:00:00,4713.11,4719.15,4711.05,4717.42,2268,42
2026.05.08 03:10:00,4717.73,4722.59,4717.73,4720.13,2025,42
2026.05.08 03:20:00,4720.13,4720.86,4717.05,4720.2,1748,42
2026.05.08 03:30:00,4720.17,4730.97,4719.82,4723.7,2406,35
2026.05.08 03:40:00,4723.69,4726.29,4720.11,4720.39,1818,42
2026.05.08 03:50:00,4720.42,4720.97,4717.93,4719.49,1636,42
2026.05.08 04:00:00,4719.62,4723.26,4715.94,4718.67,2120,42
2026.05.08 04:10:00,4718.7,4719.43,4713.28,4715.87,1725,41
2026.05.08 04:20:00,4715.82,4718.19,4715.14,4717.28,1464,42
2026.05.08 04:30:00,4717.42,4718.4,4713.38,4713.57,1759,39
2026.05.08 04:40:00,4713.57,4713.8,4708.95,4713.69,2139,41
2026.05.08 04:50:00,4713.64,4716.4,4709.66,4710.97,2041,35
2026.05.08 05:00:00,4710.96,4716.15,4709.5,4714.65,2063,35
2026.05.08 05:10:00,4714.61,4716.14,4710.43,4714.25,1752,42
2026.05.08 05:20:00,4714.32,4720.16,4712.16,4719.27,1793,35
2026.05.08 05:30:00,4719.27,4727.09,4719.27,4722.51,2935,35
2026.05.08 05:40:00,4722.51,4728.61,4721.55,4728.61,2386,35
2026.05.08 05:50:00,4728.63,4730.98,4726.46,4727.47,2635,35
2026.05.08 06:00:00,4727.45,4730.36,4712.72,4725.45,3554,35
2026.05.08 06:10:00,4725.57,4728.12,4721.29,4727.42,2837,42
2026.05.08 06:20:00,4727.43,4734.33,4724.34,4733.52,2957,35
2026.05.08 06:30:00,4733.51,4734.23,4725.53,4727.46,2802,35
2026.05.08 06:40:00,4727.46,4732.32,4721.16,4725.12,3020,35
2026.05.08 06:50:00,4725.16,4727.07,4724.17,4725.56,2341,35
2026.05.08 07:00:00,4725.54,4726.28,4720.43,4722.71,2990,35
2026.05.08 07:10:00,4722.57,4722.65,4712.88,4715.34,3209,35
2026.05.08 07:20:00,4715.2,4717.36,4697.35,4706.56,3789,35
2026.05.08 07:30:00,4706.33,4711.68,4701.07,4709.08,3109,35
2026.05.08 07:40:00,4709.06,4712.55,4706.79,4712.4,3005,35
2026.05.08 07:50:00,4712.45,4713.38,4706.97,4707.79,2851,35
2026.05.08 08:00:00,4708.05,4710.85,4706.64,4710.59,2720,35
2026.05.08 08:10:00,4710.58,4715.09,4708.2,4714.25,2580,35
2026.05.08 08:20:00,4714.71,4722.37,4714.41,4716.99,3065,35
2026.05.08 08:30:00,4716.99,4723.4,4716.34,4721.25,2712,35
2026.05.08 08:40:00,4721.25,4721.28,4715.87,4718.76,2534,35
2026.05.08 08:50:00,4718.75,4719.12,4714.93,4715.69,2042,35
2026.05.08 09:00:00,4715.68,4720.32,4713.6,4716.08,2725,35
2026.05.08 09:10:00,4716.07,4722.29,4715.32,4719.72,2143,35
2026.05.08 09:20:00,4719.85,4722.76,4717.66,4717.97,2499,35
2026.05.08 09:30:00,4717.93,4718.6,4709.34,4713.3,2816,35
2026.05.08 09:40:00,4713.4,4714.58,4709.36,4710.55,2442,35
2026.05.08 09:50:00,4710.55,4712.45,4707.27,4711.86,2681,35
2026.05.08 10:00:00,4711.87,4714.55,4711.16,4713.03,2161,35
2026.05.08 10:10:00,4712.96,4719.37,4712.75,4717.78,2232,35
2026.05.08 10:20:00,4717.78,4723.8,4717.67,4720.34,2252,35
2026.05.08 10:30:00,4720.38,4727.77,4720.16,4727.01,2352,35
2026.05.08 10:40:00,4727.0,4727.86,4718.81,4719.63,2459,35
2026.05.08 10:50:00,4719.62,4721.51,4715.26,4719.71,2587,35
2026.05.08 11:00:00,4719.86,4727.28,4719.86,4724.76,2889,35
2026.05.08 11:10:00,4724.75,4725.34,4718.72,4723.07,2490,35
2026.05.08 11:20:00,4723.1,4725.64,4719.98,4723.92,2350,35
2026.05.08 11:30:00,4723.92,4725.8,4721.71,4722.75,2290,35
2026.05.08 11:40:00,4722.83,4723.7,4716.39,4717.55,2539,35
2026.05.08 11:50:00,4717.56,4719.74,4713.49,4717.75,2716,35
2026.05.08 12:00:00,4717.76,4719.76,4708.78,4709.77,3069,35
2026.05.08 12:10:00,4709.64,4709.94,4702.77,4707.94,3200,35
2026.05.08 12:20:00,4707.82,4710.82,4704.96,4710.04,2760,35
2026.05.08 12:30:00,4710.09,4728.01,4702.66,4725.51,4056,35
2026.05.08 12:40:00,4725.53,4730.59,4719.2,4724.31,3784,35
2026.05.08 12:50:00,4724.32,4731.85,4719.82,4724.25,3618,35
2026.05.08 13:00:00,4723.78,4728.91,4717.99,4720.2,3862,35
2026.05.08 13:10:00,4720.21,4726.26,4716.41,4724.65,3473,35
2026.05.08 13:20:00,4724.67,4728.0,4722.95,4727.3,3191,35
2026.05.08 13:30:00,4727.43,4744.27,4726.65,4738.53,4204,35
2026.05.08 13:40:00,4738.57,4744.13,4734.95,4740.57,4028,35
2026.05.08 13:50:00,4740.5,4747.78,4737.33,4747.78,3618,35
2026.05.08 14:00:00,4747.8,4749.53,4725.59,4726.54,4031,35
2026.05.08 14:10:00,4726.61,4734.01,4718.59,4727.69,4089,35
2026.05.08 14:20:00,4727.64,4729.05,4718.43,4719.35,3758,35
2026.05.08 14:30:00,4717.92,4724.92,4713.74,4723.25,3942,35
2026.05.08 14:40:00,4723.26,4725.5,4714.37,4718.2,3604,35
2026.05.08 14:50:00,4718.2,4719.51,4713.4,4715.85,3778,35
2026.05.08 15:00:00,4715.74,4720.66,4712.58,4716.89,3630,35
2026.05.08 15:10:00,4716.82,4719.47,4704.75,4706.89,3680,35
2026.05.08 15:20:00,4706.96,4713.39,4704.47,4712.99,3721,35
2026.05.08 15:30:00,4712.99,4714.88,4703.99,4712.52,3639,35
2026.05.08 15:40:00,4712.55,4712.65,4701.93,4708.61,3402,35
2026.05.08 15:50:00,4708.61,4711.05,4704.33,4706.96,3073,35
2026.05.08 16:00:00,4706.98,4712.06,4705.38,4708.57,2902,35
2026.05.08 16:10:00,4708.58,4714.14,4706.87,4711.86,2731,35
2026.05.08 16:20:00,4711.87,4717.5,4711.87,4717.48,2445,35
2026.05.08 16:30:00,4717.63,4720.14,4715.52,4716.14,2629,35
2026.05.08 16:40:00,4716.13,4717.35,4712.71,4713.51,2644,35
2026.05.08 16:50:00,4713.57,4714.23,4711.2,4712.31,2341,35
2026.05.08 17:00:00,4712.3,4716.26,4712.02,4714.15,2408,35
2026.05.08 17:10:00,4713.96,4719.32,4712.97,4718.76,1929,35
2026.05.08 17:20:00,4718.71,4721.9,4717.37,4720.6,2457,42
2026.05.08 17:30:00,4720.55,4721.71,4719.16,4720.0,1927,35
2026.05.08 17:40:00,4719.98,4721.46,4719.62,4719.94,1903,35
2026.05.08 17:50:00,4719.92,4722.62,4719.15,4720.77,1941,39
2026.05.08 18:00:00,4720.88,4727.59,4720.32,4725.65,2734,35
2026.05.08 18:10:00,4725.66,4728.92,4724.83,4725.51,1993,42
2026.05.08 18:20:00,4725.45,4727.68,4723.41,4725.59,1960,42
2026.05.08 18:30:00,4724.96,4726.36,4723.82,4725.86,1789,39
2026.05.08 18:40:00,4725.83,4725.94,4722.11,4723.21,1932,38
2026.05.08 18:50:00,4723.13,4724.06,4719.8,4721.77,2132,35
2026.05.08 19:00:00,4721.69,4725.44,4720.67,4724.64,1997,42
2026.05.08 19:10:00,4724.63,4725.7,4723.27,4723.99,1283,42
2026.05.08 19:20:00,4723.99,4725.0,4723.21,4723.6,1265,42
2026.05.08 19:30:00,4723.65,4723.65,4721.71,4723.41,1617,42
2026.05.08 19:40:00,4723.37,4726.73,4723.28,4723.93,1925,42
2026.05.08 19:50:00,4724.28,4725.51,4722.89,4723.88,2100,42
2026.05.08 20:00:00,4723.91,4724.17,4721.55,4721.59,1161,42
2026.05.08 20:10:00,4721.61,4721.82,4715.06,4715.3,1606,35
2026.05.08 20:20:00,4715.23,4717.62,4714.97,4717.3,1197,42
2026.05.08 20:30:00,4717.32,4719.15,4716.26,4717.63,1262,42
2026.05.08 20:40:00,4717.68,4718.01,4714.64,4715.01,979,42
2026.05.08 20:50:00,4715.09,4716.4,4714.36,4715.71,1043,35
2026.05.10 22:00:00,4695.49,4701.22,4679.04,4688.05,2690,35
2026.05.10 22:10:00,4688.05,4694.52,4681.97,4687.25,2481,35
2026.05.10 22:20:00,4687.25,4696.24,4685.05,4694.47,2198,35
2026.05.10 22:30:00,4694.23,4694.23,4687.11,4688.34,2112,35
2026.05.10 22:40:00,4688.3,4694.19,4687.0,4694.18,1618,41
2026.05.10 22:50:00,4694.19,4694.53,4690.29,4691.89,1704,42
2026.05.10 23:00:00,4691.79,4697.09,4691.1,4694.04,1999,41
2026.05.10 23:10:00,4694.05,4695.1,4688.9,4695.03,2008,35
2026.05.10 23:20:00,4695.03,4697.09,4694.03,4694.49,1694,42
2026.05.10 23:30:00,4694.48,4698.44,4694.48,4697.19,1771,35
2026.05.10 23:40:00,4697.18,4698.43,4694.31,4698.29,1814,41
2026.05.10 23:50:00,4698.38,4698.47,4690.08,4691.43,2163,41
2026.05.11 00:00:00,4691.43,4691.43,4682.03,4685.84,3355,35
2026.05.11 00:10:00,4686.33,4686.62,4676.21,4677.72,3162,41
2026.05.11 00:20:00,4677.72,4686.57,4675.49,4683.47,2648,42
2026.05.11 00:30:00,4683.47,4693.2,4683.47,4687.44,2744,42
2026.05.11 00:40:00,4687.43,4692.68,4687.24,4690.16,2507,35
2026.05.11 00:50:00,4690.14,4691.62,4670.44,4683.53,3671,35
2026.05.11 01:00:00,4683.41,4699.44,4674.3,4691.27,4301,35
2026.05.11 01:10:00,4691.13,4697.48,4682.1,4695.91,3742,35
2026.05.11 01:20:00,4695.95,4705.19,4693.27,4698.89,3225,35
2026.05.11 01:30:00,4698.94,4701.59,4693.15,4695.43,3411,42
2026.05.11 01:40:00,4695.44,4695.86,4690.86,4694.91,2943,42
2026.05.11 01:50:00,4694.95,4694.95,4679.86,4685.6,3333,35
2026.05.11 02:00:00,4685.57,4692.8,4678.5,4683.79,3482,35
2026.05.11 02:10:00,4683.76,4689.29,4682.55,4683.3,2727,42
2026.05.11 02:20:00,4683.25,4688.52,4682.67,4688.31,2013,42
2026.05.11 02:30:00,4688.29,4700.12,4688.28,4698.94,3034,35
2026.05.11 02:40:00,4698.91,4698.94,4684.33,4685.44,2899,42
2026.05.11 02:50:00,4685.45,4685.47,4676.41,4681.57,3256,41
2026.05.11 03:00:00,4681.38,4686.22,4674.95,4685.98,2924,42
2026.05.11 03:10:00,4685.99,4689.57,4683.84,4688.3,2680,42
2026.05.11 03:20:00,4688.17,4690.19,4684.0,4689.35,2528,41
2026.05.11 03:30:00,4689.35,4690.25,4682.15,4684.09,2434,42
2026.05.11 03:40:00,4684.09,4688.08,4681.23,4681.42,1831,39
2026.05.11 03:50:00,4681.38,4682.56,4676.86,4678.6,2110,35
2026.05.11 04:00:00,4678.57,4679.7,4673.61,4677.55,2623,35
2026.05.11 04:10:00,4677.55,4678.7,4673.8,4674.13,2070,35
2026.05.11 04:20:00,4674.09,4675.65,4670.01,4671.75,2229,35
2026.05.11 04:30:00,4671.62,4674.54,4668.36,4671.42,2659,35
2026.05.11 04:40:00,4671.34,4675.29,4671.28,4675.02,1700,39
2026.05.11 04:50:00,4675.0,4675.87,4671.66,4672.0,1710,35
2026.05.11 05:00:00,4672.0,4676.01,4670.68,4672.48,2065,35
2026.05.11 05:10:00,4672.46,4674.33,4671.01,4673.68,1817,42
2026.05.11 05:20:00,4673.68,4675.26,4670.67,4670.67,1866,37
2026.05.11 05:30:00,4670.58,4680.61,4670.58,4673.92,3031,35
2026.05.11 05:40:00,4673.91,4674.54,4658.61,4660.68,3341,41
2026.05.11 05:50:00,4660.68,4661.55,4647.83,4652.25,3568,35
2026.05.11 06:00:00,4652.2,4664.67,4649.08,4662.56,3393,42
2026.05.11 06:10:00,4662.56,4670.6,4662.22,4670.39,3092,38
2026.05.11 06:20:00,4670.54,4670.69,4664.56,4667.26,2785,41
2026.05.11 06:30:00,4667.34,4674.17,4667.04,4672.66,2770,35
2026.05.11 06:40:00,4672.66,4676.81,4670.0,4673.69,2728,35
2026.05.11 06:50:00,4673.71,4680.25,4671.4,4678.25,2919,35
2026.05.11 07:00:00,4678.25,4680.25,4674.37,4674.56,2775,35
2026.05.11 07:10:00,4674.63,4676.79,4672.07,4673.03,2592,35
2026.05.11 07:20:00,4673.26,4678.05,4672.75,4675.63,2361,35
2026.05.11 07:30:00,4675.58,4678.04,4672.46,4674.67,2237,35
2026.05.11 07:40:00,4674.64,4676.32,4666.45,4667.54,2232,35
2026.05.11 07:50:00,4667.28,4670.92,4664.31,4667.64,2595,35
2026.05.11 08:00:00,4667.66,4670.99,4664.37,4664.83,2725,35
2026.05.11 08:10:00,4664.79,4675.61,4664.17,4675.26,2887,35
2026.05.11 08:20:00,4675.24,4678.61,4671.53,4671.53,2859,35
2026.05.11 08:30:00,4670.92,4675.26,4669.69,4670.13,2605,35
2026.05.11 08:40:00,4670.31,4671.4,4669.12,4670.87,2169,35
2026.05.11 08:50:00,4670.74,4671.03,4666.69,4667.44,2231,35
2026.05.11 09:00:00,4667.53,4669.86,4665.08,4667.56,2244,35
2026.05.11 09:10:00,4667.55,4668.49,4664.35,4664.81,2279,35
2026.05.11 09:20:00,4664.81,4665.73,4656.81,4657.52,2392,35
2026.05.11 09:30:00,4657.54,4659.94,4650.62,4659.25,3115,35
2026.05.11 09:40:00,4659.22,4664.64,4657.16,4661.89,2622,35
2026.05.11 09:50:00,4661.81,4663.14,4656.15,4656.62,2431,35
2026.05.11 10:00:00,4656.26,4661.2,4656.26,4660.86,2344,35
2026.05.11 10:10:00,4660.88,4662.92,4660.28,4662.52,2032,35
2026.05.11 10:20:00,4662.52,4665.58,4660.88,4663.21,2184,35
2026.05.11 10:30:00,4663.26,4666.53,4660.31,4662.92,2361,35
2026.05.11 10:40:00,4663.03,4665.03,4661.09,4664.42,2414,35
2026.05.11 10:50:00,4664.43,4667.3,4663.78,4663.87,2231,35
2026.05.11 11:00:00,4664.46,4672.23,4664.25,4669.08,2775,35
2026.05.11 11:10:00,4669.08,4669.99,4666.8,4669.64,2291,35
2026.05.11 11:20:00,4669.64,4671.94,4667.36,4671.78,2222,35
2026.05.11 11:30:00,4671.76,4675.94,4670.17,4675.11,2849,35
2026.05.11 11:40:00,4675.12,4677.48,4672.77,4674.02,2438,35
2026.05.11 11:50:00,4674.0,4674.49,4670.19,4674.38,2473,35
2026.05.11 12:00:00,4674.31,4675.74,4668.94,4669.19,2867,35
2026.05.11 12:10:00,4669.19,4674.12,4667.25,4672.95,2758,35
2026.05.11 12:20:00,4672.98,4695.38,4672.01,4690.61,4134,35
2026.05.11 12:30:00,4690.7,4698.26,4688.99,4696.11,3653,35
2026.05.11 12:40:00,4696.08,4697.0,4686.22,4689.05,3362,35
2026.05.11 12:50:00,4689.04,4700.97,4689.04,4699.96,3402,35
2026.05.11 13:00:00,4700.19,4717.28,4698.71,4716.35,4147,35
2026.05.11 13:10:00,4716.33,4730.62,4712.47,4727.46,4115,35
2026.05.11 13:20:00,4727.5,4735.68,4726.49,4728.4,4087,35
2026.05.11 13:30:00,4728.44,4740.32,4728.22,4735.18,4379,35
2026.05.11 13:40:00,4735.24,4748.62,4735.08,4737.3,4349,35
2026.05.11 13:50:00,4737.38,4744.94,4734.73,4736.18,3833,35
2026.05.11 14:00:00,4736.19,4738.52,4718.71,4724.2,4156,35
2026.05.11 14:10:00,4724.29,4732.34,4721.58,4730.75,3676,35
2026.05.11 14:20:00,4730.91,4733.69,4724.44,4724.99,3547,35
2026.05.11 14:30:00,4725.04,4728.44,4715.29,4726.82,4265,35
2026.05.11 14:40:00,4726.86,4733.85,4726.85,4729.72,3650,35
2026.05.11 14:50:00,4729.72,4730.32,4723.83,4725.46,3418,35
2026.05.11 15:00:00,4725.44,4729.97,4722.83,4728.5,3308,35
2026.05.11 15:10:00,4728.61,4734.52,4727.2,4731.71,3236,35
2026.05.11 15:20:00,4731.66,4738.19,4730.35,4732.8,3281,35
2026.05.11 15:30:00,4732.83,4734.77,4729.84,4730.28,3009,35
2026.05.11 15:40:00,4730.54,4731.45,4725.18,4729.3,3203,35
2026.05.11 15:50:00,4729.31,4732.81,4727.95,4732.2,2507,35
2026.05.11 16:00:00,4732.32,4733.35,4729.15,4729.15,2357,35
2026.05.11 16:10:00,4729.25,4729.9,4724.02,4726.85,2473,35
2026.05.11 16:20:00,4726.82,4727.08,4722.39,4723.89,2500,35
2026.05.11 16:30:00,4723.85,4726.13,4717.52,4720.4,2734,35
2026.05.11 16:40:00,4720.4,4721.14,4707.98,4714.85,3571,35
2026.05.11 16:50:00,4715.04,4716.71,4713.37,4716.29,2942,35
2026.05.11 17:00:00,4716.19,4719.75,4716.1,4717.92,2769,35
2026.05.11 17:10:00,4717.89,4719.13,4715.64,4717.56,2517,35
2026.05.11 17:20:00,4717.51,4721.62,4717.02,4718.07,2699,42
2026.05.11 17:30:00,4718.05,4723.94,4717.61,4721.8,2370,35
2026.05.11 17:40:00,4721.81,4724.43,4721.3,4722.48,2073,42
2026.05.11 17:50:00,4722.5,4723.7,4721.71,4723.56,1742,42
2026.05.11 18:00:00,4723.55,4726.95,4722.34,4725.66,2182,42
2026.05.11 18:10:00,4725.66,4726.17,4721.99,4723.34,2456,35
2026.05.11 18:20:00,4723.52,4727.44,4721.11,4726.85,2481,42
2026.05.11 18:30:00,4726.68,4729.28,4726.48,4726.94,1870,42
2026.05.11 18:40:00,4726.93,4727.6,4725.18,4726.36,1895,42
2026.05.11 18:50:00,4726.34,4729.16,4724.87,4724.99,2176,42
2026.05.11 19:00:00,4725.09,4728.5,4723.87,4726.97,2432,42
2026.05.11 19:10:00,4727.17,4728.04,4723.79,4724.69,2026,42
2026.05.11 19:20:00,4724.7,4725.21,4723.14,4724.22,1644,35
2026.05.11 19:30:00,4724.16,4727.58,4722.24,4727.58,1791,41
2026.05.11 19:40:00,4727.55,4731.43,4726.81,4731.32,1918,35
2026.05.11 19:50:00,4731.26,4736.0,4730.13,4733.24,2553,35
2026.05.11 20:00:00,4733.4,4737.69,4733.4,4734.48,1670,35
2026.05.11 20:10:00,4734.46,4736.63,4730.14,4734.65,1674,35
2026.05.11 20:20:00,4734.64,4735.3,4733.38,4735.19,1036,42
2026.05.11 20:30:00,4735.17,4738.37,4734.79,4737.86,1031,35
2026.05.11 20:40:00,4737.84,4737.84,4736.47,4736.58,777,42
2026.05.11 20:50:00,4736.53,4736.53,4732.35,4734.79,1084,42
2026.05.11 22:00:00,4740.32,4743.46,4738.43,4741.28,1697,35
2026.05.11 22:10:00,4741.29,4741.29,4737.56,4738.65,1176,42
2026.05.11 22:20:00,4738.62,4742.06,4737.37,4739.79,1235,42
2026.05.11 22:30:00,4739.79,4742.62,4738.86,4741.56,1287,42
2026.05.11 22:40:00,4741.3,4754.89,4741.3,4751.84,1945,35
2026.05.11 22:50:00,4751.9,4753.86,4749.68,4750.94,1555,35
2026.05.11 23:00:00,4751.5,4754.49,4750.7,4752.91,1817,36
2026.05.11 23:10:00,4752.91,4754.31,4746.2,4751.9,2166,42
2026.05.11 23:20:00,4751.92,4754.7,4750.65,4752.82,1770,42
2026.05.11 23:30:00,4752.81,4759.12,4751.37,4754.94,2249,35
2026.05.11 23:40:00,4754.99,4760.63,4754.33,4759.99,2130,35
2026.05.11 23:50:00,4759.99,4769.66,4759.47,4767.22,2495,40
2026.05.12 00:00:00,4767.21,4768.65,4758.57,4767.97,3064,35
2026.05.12 00:10:00,4768.01,4773.71,4765.35,4770.87,2795,35
2026.05.12 00:20:00,4770.86,4772.84,4753.18,4762.12,2957,41
2026.05.12 00:30:00,4762.1,4763.72,4757.8,4759.09,2395,42
2026.05.12 00:40:00,4759.38,4761.72,4757.37,4759.44,2065,42
2026.05.12 00:50:00,4759.45,4760.21,4748.23,4749.03,2631,35
2026.05.12 01:00:00,4749.11,4755.47,4742.32,4752.21,3849,35
2026.05.12 01:10:00,4752.21,4752.82,4743.22,4748.73,3411,35
2026.05.12 01:20:00,4748.76,4749.92,4733.72,4735.07,3324,35
2026.05.12 01:30:00,4735.14,4738.75,4723.28,4724.63,3444,35
2026.05.12 01:40:00,4724.59,4731.26,4720.28,4729.86,3800,41
2026.05.12 01:50:00,4729.86,4730.35,4723.94,4726.95,3178,41
2026.05.12 02:00:00,4726.95,4730.85,4725.4,4730.03,3109,42
2026.05.12 02:10:00,4730.07,4733.85,4725.95,4726.28,2772,42
2026.05.12 02:20:00,4726.26,4730.37,4724.36,4726.88,2497,35
2026.05.12 02:30:00,4726.8,4729.28,4722.15,4726.6,3150,42
2026.05.12 02:40:00,4726.62,4733.22,4724.67,4728.31,3050,42
2026.05.12 02:50:00,4728.3,4733.3,4728.21,4730.02,2804,41
2026.05.12 03:00:00,4730.0,4733.03,4727.05,4727.55,2681,35
2026.05.12 03:10:00,4727.57,4731.89,4725.47,4725.8,2407,42
2026.05.12 03:20:00,4725.75,4727.18,4722.75,4723.76,2655,42
2026.05.12 03:30:00,4723.82,4727.92,4723.78,4726.37,2120,35
2026.05.12 03:40:00,4726.37,4727.24,4718.92,4720.42,2032,42
2026.05.12 03:50:00,4720.42,4722.53,4718.08,4720.09,1943,42
2026.05.12 04:00:00,4720.06,4723.26,4719.65,4722.21,2004,42
2026.05.12 04:10:00,4722.21,4730.44,4720.81,4726.66,2235,38
2026.05.12 04:20:00,4726.65,4729.17,4721.38,4722.42,1908,42
2026.05.12 04:30:00,4722.41,4726.34,4721.22,4725.41,1808,42
2026.05.12 04:40:00,4725.22,4725.72,4718.37,4719.9,2052,42
2026.05.12 04:50:00,4719.87,4720.46,4711.22,4714.2,2882,35
2026.05.12 05:00:00,4714.06,4718.55,4709.31,4710.95,2825,35
2026.05.12 05:10:00,4710.99,4715.83,4708.62,4713.33,2479,35
2026.05.12 05:20:00,4713.33,4716.78,4713.06,4715.2,2155,42
2026.05.12 05:30:00,4715.2,4721.95,4712.98,4716.26,3201,35
2026.05.12 05:40:00,4716.27,4716.66,4713.21,4713.81,2669,42
2026.05.12 05:50:00,4713.94,4719.75,4710.13,4714.29,3065,38
2026.05.12 06:00:00,4714.09,4714.32,4702.66,4704.57,3578,35
2026.05.12 06:10:00,4704.49,4706.82,4700.23,4704.2,3014,35
2026.05.12 06:20:00,4704.32,4705.32,4695.09,4695.91,2981,35
2026.05.12 06:30:00,4695.91,4704.85,4695.17,4700.74,2892,35
2026.05.12 06:40:00,4700.7,4704.15,4696.02,4696.76,2820,42
2026.05.12 06:50:00,4697.09,4699.68,4693.91,4696.87,3383,35
2026.05.12 07:00:00,4696.77,4698.15,4687.54,4694.64,3542,35
2026.05.12 07:10:00,4694.57,4699.59,4692.17,4699.07,3086,35
2026.05.12 07:20:00,4699.2,4699.46,4696.07,4697.84,2696,35
2026.05.12 07:30:00,4697.84,4700.49,4695.56,4700.07,2802,35
2026.05.12 07:40:00,4699.99,4702.4,4697.63,4699.67,2703,35
2026.05.12 07:50:00,4699.76,4703.66,4698.02,4699.84,2529,35
2026.05.12 08:00:00,4699.64,4706.66,4699.64,4703.21,2674,35
2026.05.12 08:10:00,4703.18,4703.6,4697.14,4699.21,2551,35
2026.05.12 08:20:00,4699.26,4704.15,4699.1,4702.91,2346,35
2026.05.12 08:30:00,4702.89,4704.3,4697.98,4700.46,2467,35
2026.05.12 08:40:00,4700.4,4706.55,4698.4,4703.58,2667,35
2026.05.12 08:50:00,4703.53,4705.44,4702.25,4703.35,2263,35
2026.05.12 09:00:00,4703.36,4703.36,4698.78,4699.45,2377,35
2026.05.12 09:10:00,4699.38,4701.56,4697.67,4698.76,2442,35
2026.05.12 09:20:00,4698.75,4702.25,4697.32,4699.53,2379,35
2026.05.12 09:30:00,4699.53,4705.11,4698.49,4701.93,2777,35
2026.05.12 09:40:00,4701.91,4702.43,4694.23,4700.77,2883,35
2026.05.12 09:50:00,4700.82,4701.55,4695.96,4699.42,2436,35
2026.05.12 10:00:00,4699.42,4708.08,4698.61,4707.67,2531,35
2026.05.12 10:10:00,4707.67,4708.36,4699.02,4700.84,2552,35
2026.05.12 10:20:00,4700.83,4703.17,4699.33,4700.14,2261,35
2026.05.12 10:30:00,4700.15,4700.21,4685.41,4686.51,3104,35
2026.05.12 10:40:00,4686.35,4692.17,4684.91,4691.19,2917,35
2026.05.12 10:50:00,4690.78,4694.36,4690.27,4694.28,2534,35
2026.05.12 11:00:00,4694.32,4694.93,4686.86,4691.97,3166,35
2026.05.12 11:10:00,4691.92,4698.02,4689.72,4697.65,3252,35
2026.05.12 11:20:00,4697.39,4700.38,4692.69,4700.12,2619,35
2026.05.12 11:30:00,4700.24,4704.6,4697.75,4704.14,2809,35
2026.05.12 11:40:00,4704.15,4706.94,4702.56,4705.53,2716,35
2026.05.12 11:50:00,4705.54,4709.31,4704.15,4706.58,2664,35
2026.05.12 12:00:00,4706.56,4708.15,4698.38,4700.64,3203,35
2026.05.12 12:10:00,4700.16,4708.15,4699.93,4704.64,2989,35
2026.05.12 12:20:00,4704.26,4708.29,4695.12,4697.5,2909,35
2026.05.12 12:30:00,4697.5,4702.46,4689.48,4701.48,3918,35
2026.05.12 12:40:00,4701.23,4710.99,4700.8,4707.24,3588,35
2026.05.12 12:50:00,4706.92,4711.52,4700.48,4705.51,3564,35
2026.05.12 13:00:00,4705.47,4709.04,4692.79,4695.51,3812,35
2026.05.12 13:10:00,4695.51,4695.93,4679.05,4685.55,3914,35
2026.05.12 13:20:00,4685.61,4695.37,4685.23,4690.67,3549,35
2026.05.12 13:30:00,4690.22,4698.09,4683.67,4698.04,4215,35
2026.05.12 13:40:00,4697.99,4701.71,4689.95,4692.39,4210,35
2026.05.12 13:50:00,4692.31,4693.81,4676.76,4679.49,4126,35
2026.05.12 14:00:00,4679.39,4692.82,4675.81,4691.44,4157,35
2026.05.12 14:10:00,4691.41,4694.9,4686.0,4688.39,3812,35
2026.05.12 14:20:00,4688.32,4691.1,4682.27,4683.23,3776,35
2026.05.12 14:30:00,4683.24,4687.87,4671.41,4686.95,4118,35
2026.05.12 14:40:00,4686.88,4687.2,4678.29,4678.51,3830,35
2026.05.12 14:50:00,4678.53,4678.92,4669.79,4672.8,4017,35
2026.05.12 15:00:00,4672.6,4676.21,4667.15,4672.66,3975,35
2026.05.12 15:10:00,4672.57,4672.57,4659.23,4662.38,3948,35
2026.05.12 15:20:00,4662.37,4662.61,4638.02,4655.75,4419,35
2026.05.12 15:30:00,4655.8,4667.82,4654.02,4666.86,4015,35
2026.05.12 15:40:00,4666.88,4669.3,4663.49,4665.95,3661,35
2026.05.12 15:50:00,4665.97,4670.12,4664.56,4666.15,3514,35
2026.05.12 16:00:00,4666.56,4671.57,4664.29,4669.1,3610,35
2026.05.12 16:10:00,4669.06,4674.95,4668.33,4671.45,3082,35
2026.05.12 16:20:00,4671.36,4672.94,4666.22,4668.23,3159,35
2026.05.12 16:30:00,4668.09,4670.52,4665.26,4670.36,3045,35
2026.05.12 16:40:00,4670.35,4671.59,4666.63,4669.78,2968,35
2026.05.12 16:50:00,4669.76,4674.26,4668.32,4671.21,2984,35
2026.05.12 17:00:00,4671.29,4679.51,4671.22,4678.18,3035,35
2026.05.12 17:10:00,4678.23,4680.76,4674.87,4679.88,3087,42
2026.05.12 17:20:00,4679.9,4682.37,4678.67,4679.17,2937,42
2026.05.12 17:30:00,4679.01,4680.14,4676.14,4678.8,2664,35
2026.05.12 17:40:00,4678.8,4680.51,4677.22,4678.48,2404,42
2026.05.12 17:50:00,4678.48,4680.49,4677.61,4678.6,2298,41
2026.05.12 18:00:00,4678.63,4683.35,4676.18,4679.98,2958,35
2026.05.12 18:10:00,4679.86,4682.63,4678.01,4682.26,2590,42
2026.05.12 18:20:00,4682.23,4687.65,4682.02,4685.13,2739,37
2026.05.12 18:30:00,4685.07,4693.03,4684.67,4691.16,2705,41
2026.05.12 18:40:00,4691.21,4697.36,4690.56,4691.32,3067,35
2026.05.12 18:50:00,4691.34,4698.03,4691.32,4695.99,2690,40
2026.05.12 19:00:00,4696.0,4700.26,4696.0,4698.68,2572,35
2026.05.12 19:10:00,4698.65,4702.64,4698.18,4702.0,2715,42
2026.05.12 19:20:00,4702.0,4704.51,4699.97,4703.47,2335,41
2026.05.12 19:30:00,4703.47,4710.47,4703.47,4708.29,2706,35
2026.05.12 19:40:00,4708.31,4711.08,4707.25,4709.75,2227,35
2026.05.12 19:50:00,4710.31,4715.82,4709.35,4715.69,2871,35
2026.05.12 20:00:00,4715.66,4719.08,4711.92,4713.85,2245,35
2026.05.12 20:10:00,4713.87,4716.1,4712.29,4713.64,1580,41
2026.05.12 20:20:00,4713.65,4714.18,4712.28,4713.03,1261,42
2026.05.12 20:30:00,4713.02,4715.02,4712.74,4714.11,1178,35
2026.05.12 20:40:00,4714.1,4715.5,4712.07,4715.26,1333,42
2026.05.12 20:50:00,4715.3,4715.68,4713.17,4715.12,1136,35
2026.05.12 22:00:00,4714.67,4720.83,4710.91,4713.35,719,43
2026.05.12 22:10:00,4713.35,4717.32,4710.52,4717.14,1097,42
2026.05.12 22:20:00,4717.09,4719.3,4714.8,4717.0,1090,35
2026.05.12 22:30:00,4717.0,4720.36,4715.96,4718.15,1002,42
2026.05.12 22:40:00,4718.24,4718.61,4714.72,4717.12,943,35
2026.05.12 22:50:00,4717.12,4722.35,4716.67,4716.8,1567,35
2026.05.12 23:00:00,4716.81,4722.97,4715.73,4719.97,1931,35
2026.05.12 23:10:00,4719.93,4721.72,4717.26,4717.42,1469,36
2026.05.12 23:20:00,4717.42,4724.08,4717.42,4720.34,1898,41
2026.05.12 23:30:00,4720.37,4721.75,4716.45,4720.43,2040,41
2026.05.12 23:40:00,4720.44,4723.33,4715.38,4715.95,2369,42
2026.05.12 23:50:00,4715.94,4719.68,4715.49,4716.92,2199,42
2026.05.13 00:00:00,4716.48,4726.9,4714.77,4721.14,3267,35
2026.05.13 00:10:00,4721.11,4725.43,4720.02,4724.09,2865,42
2026.05.13 00:20:00,4724.09,4726.22,4720.63,4722.47,2751,42
2026.05.13 00:30:00,4722.5,4723.92,4717.23,4722.28,2480,42
2026.05.13 00:40:00,4722.2,4725.17,4716.46,4716.76,2546,37
2026.05.13 00:50:00,4716.76,4720.04,4714.04,4714.51,2597,42
2026.05.13 01:00:00,4714.72,4717.06,4707.29,4713.07,3551,42
2026.05.13 01:10:00,4713.21,4716.1,4704.74,4706.34,3096,42
2026.05.13 01:20:00,4706.35,4709.87,4702.81,4704.44,3078,35
2026.05.13 01:30:00,4704.43,4706.67,4701.58,4705.89,3148,42
2026.05.13 01:40:00,4705.89,4710.85,4704.32,4709.79,2947,41
2026.05.13 01:50:00,4709.81,4710.16,4700.9,4702.29,2627,42
2026.05.13 02:00:00,4702.27,4707.53,4698.73,4699.57,2921,35
2026.05.13 02:10:00,4699.64,4703.58,4698.92,4702.88,2338,42
2026.05.13 02:20:00,4702.87,4703.99,4698.13,4700.18,2196,36
2026.05.13 02:30:00,4700.2,4700.3,4694.54,4694.61,2778,42
2026.05.13 02:40:00,4694.67,4697.68,4692.87,4696.48,2756,42
2026.05.13 02:50:00,4696.48,4696.97,4687.55,4691.59,3046,41
2026.05.13 03:00:00,4691.53,4693.39,4688.79,4689.43,2676,42
2026.05.13 03:10:00,4689.41,4694.27,4688.67,4693.79,2511,42
2026.05.13 03:20:00,4693.79,4700.66,4693.78,4700.62,2366,42
2026.05.13 03:30:00,4700.6,4705.7,4699.31,4704.09,2404,35
2026.05.13 03:40:00,4704.11,4705.41,4702.02,4702.43,1862,42
2026.05.13 03:50:00,4702.43,4702.5,4694.25,4695.88,2427,42
2026.05.13 04:00:00,4695.82,4698.8,4695.38,4696.44,2100,42
2026.05.13 04:10:00,4696.44,4702.26,4695.7,4701.76,1839,42
2026.05.13 04:20:00,4701.79,4703.26,4699.95,4701.27,1748,42
2026.05.13 04:30:00,4701.26,4703.41,4697.81,4701.78,1989,42
2026.05.13 04:40:00,4700.71,4701.32,4697.19,4701.31,1434,42
2026.05.13 04:50:00,4701.26,4701.7,4698.12,4699.49,2005,35
2026.05.13 05:00:00,4699.49,4707.0,4698.32,4704.39,2482,38
2026.05.13 05:10:00,4704.4,4707.28,4700.62,4701.14,2211,39
2026.05.13 05:20:00,4701.16,4703.69,4697.56,4698.03,2298,35
2026.05.13 05:30:00,4697.79,4702.39,4693.9,4701.02,3161,42
2026.05.13 05:40:00,4701.03,4702.28,4696.29,4698.36,2768,42
2026.05.13 05:50:00,4698.21,4705.32,4696.25,4703.93,2736,42
2026.05.13 06:00:00,4703.92,4712.63,4703.34,4710.47,3079,35
2026.05.13 06:10:00,4710.61,4715.3,4708.87,4712.89,2798,35
2026.05.13 06:20:00,4712.74,4712.84,4706.67,4708.62,2934,35
2026.05.13 06:30:00,4708.64,4712.77,4707.59,4711.66,2769,37
2026.05.13 06:40:00,4711.69,4713.6,4707.31,4708.5,2639,35
2026.05.13 06:50:00,4708.52,4708.71,4698.83,4701.63,2985,35
2026.05.13 07:00:00,4701.66,4705.16,4696.59,4698.65,3039,35
2026.05.13 07:10:00,4698.65,4707.68,4697.61,4705.91,2805,35
2026.05.13 07:20:00,4705.91,4708.66,4704.19,4707.55,2390,35
2026.05.13 07:30:00,4707.55,4707.82,4703.03,4703.44,2341,35
2026.05.13 07:40:00,4703.47,4705.2,4701.17,4703.45,2138,35
2026.05.13 07:50:00,4703.51,4704.49,4701.05,4702.74,2688,35
2026.05.13 08:00:00,4702.74,4704.19,4698.54,4700.43,2747,35
2026.05.13 08:10:00,4700.32,4701.78,4698.17,4699.06,2465,35
2026.05.13 08:20:00,4699.01,4700.78,4694.66,4697.11,2462,35
2026.05.13 08:30:00,4697.16,4699.81,4694.66,4698.2,2205,35
2026.05.13 08:40:00,4698.19,4698.92,4694.88,4697.88,2323,35
2026.05.13 08:50:00,4697.87,4702.92,4697.16,4700.58,2368,35
2026.05.13 09:00:00,4700.57,4701.74,4697.81,4698.39,2734,35
2026.05.13 09:10:00,4698.42,4699.31,4690.25,4690.71,2688,35
2026.05.13 09:20:00,4690.71,4692.4,4685.63,4688.96,2858,35
2026.05.13 09:30:00,4688.93,4692.82,4686.01,4690.86,3058,35
2026.05.13 09:40:00,4690.87,4696.91,4690.24,4696.91,2222,35
2026.05.13 09:50:00,4696.75,4700.94,4696.19,4700.82,2414,35
2026.05.13 10:00:00,4700.76,4710.46,4698.51,4708.49,2563,35
2026.05.13 10:10:00,4708.54,4709.03,4700.17,4700.48,3144,35
2026.05.13 10:20:00,4700.48,4705.6,4698.69,4699.51,2713,35
2026.05.13 10:30:00,4699.53,4699.89,4695.2,4695.94,2517,35
2026.05.13 10:40:00,4695.94,4697.52,4693.84,4695.51,2599,35
2026.05.13 10:50:00,4695.44,4696.78,4693.43,4693.96,2168,35
2026.05.13 11:00:00,4693.92,4695.47,4691.52,4694.12,2821,35
2026.05.13 11:10:00,4694.12,4700.39,4693.99,4697.98,2728,35
2026.05.13 11:20:00,4697.98,4700.47,4697.1,4698.39,2434,35
2026.05.13 11:30:00,4698.41,4705.03,4697.97,4704.69,2789,35
2026.05.13 11:40:00,4704.76,4705.31,4700.99,4702.33,2450,35
2026.05.13 11:50:00,4701.98,4702.28,4697.27,4697.27,2568,35
2026.05.13 12:00:00,4696.92,4701.42,4694.89,4699.03,2812,35
2026.05.13 12:10:00,4699.03,4699.06,4689.41,4691.59,3000,35
2026.05.13 12:20:00,4691.56,4693.27,4683.25,4684.85,3490,35
2026.05.13 12:30:00,4686.42,4687.06,4676.03,4679.08,4151,35
2026.05.13 12:40:00,4679.04,4683.79,4677.48,4680.41,3723,35
2026.05.13 12:50:00,4680.45,4685.34,4678.6,4683.62,3522,35
2026.05.13 13:00:00,4683.45,4690.28,4683.45,4686.42,3569,35
2026.05.13 13:10:00,4686.41,4692.01,4685.27,4691.77,3154,35
2026.05.13 13:20:00,4691.69,4694.65,4688.03,4688.67,3284,35
2026.05.13 13:30:00,4688.53,4690.69,4673.02,4674.28,4283,35
2026.05.13 13:40:00,4674.35,4683.6,4668.93,4672.87,4205,35
2026.05.13 13:50:00,4672.91,4682.94,4670.02,4679.35,4242,35
2026.05.13 14:00:00,4679.42,4680.85,4673.01,4677.7,4133,35
2026.05.13 14:10:00,4677.72,4683.13,4673.58,4674.22,3920,35
2026.05.13 14:20:00,4674.23,4685.26,4673.62,4684.06,3742,35
2026.05.13 14:30:00,4683.98,4690.91,4682.91,4686.25,3672,35
2026.05.13 14:40:00,4686.25,4688.41,4677.51,4681.46,3815,35
2026.05.13 14:50:00,4681.6,4683.23,4678.37,4679.72,3671,35
2026.05.13 15:00:00,4680.01,4688.69,4678.84,4688.23,3489,35
2026.05.13 15:10:00,4688.38,4690.7,4685.28,4687.03,3161,35
2026.05.13 15:20:00,4687.05,4691.91,4685.11,4691.19,3187,35
2026.05.13 15:30:00,4691.13,4699.15,4687.04,4698.88,3365,35
2026.05.13 15:40:00,4698.86,4700.07,4696.53,4698.43,3028,35
2026.05.13 15:50:00,4698.5,4698.58,4694.47,4695.48,2855,35
2026.05.13 16:00:00,4695.47,4701.84,4695.11,4700.74,2849,35
2026.05.13 16:10:00,4700.71,4703.71,4698.51,4699.63,3048,35
2026.05.13 16:20:00,4699.62,4709.89,4698.55,4706.68,3224,35
2026.05.13 16:30:00,4706.74,4707.69,4701.61,4702.83,2996,35
2026.05.13 16:40:00,4702.8,4703.17,4698.4,4699.53,2775,35
2026.05.13 16:50:00,4699.42,4699.61,4695.03,4695.71,2658,35
2026.05.13 17:00:00,4695.78,4699.73,4695.61,4699.37,2568,35
2026.05.13 17:10:00,4699.35,4700.9,4696.77,4699.64,2276,35
2026.05.13 17:20:00,4699.77,4701.26,4696.47,4698.19,2588,35
2026.05.13 17:30:00,4698.13,4698.33,4689.99,4690.94,2802,35
2026.05.13 17:40:00,4690.94,4694.15,4690.18,4691.35,2543,35
2026.05.13 17:50:00,4691.33,4692.36,4684.59,4685.57,2699,42
2026.05.13 18:00:00,4685.61,4691.28,4684.33,4690.44,2393,38
2026.05.13 18:10:00,4690.42,4694.01,4690.17,4690.69,2258,42
2026.05.13 18:20:00,4690.69,4692.01,4688.66,4691.86,2161,42
2026.05.13 18:30:00,4691.74,4692.64,4687.12,4689.95,2015,35
2026.05.13 18:40:00,4689.88,4691.17,4677.72,4679.43,2647,42
2026.05.13 18:50:00,4679.49,4687.42,4679.35,4684.85,2510,35
2026.05.13 19:00:00,4684.96,4686.67,4683.24,4686.48,1922,42
2026.05.13 19:10:00,4686.48,4690.36,4685.39,4688.0,1914,42
2026.05.13 19:20:00,4687.97,4689.97,4686.55,4687.03,2076,42
2026.05.13 19:30:00,4687.05,4688.97,4684.36,4688.71,1985,42
2026.05.13 19:40:00,4688.68,4689.26,4687.07,4689.15,1812,42
2026.05.13 19:50:00,4688.37,4688.83,4683.77,4688.06,2608,42
2026.05.13 20:00:00,4687.97,4689.2,4685.89,4688.99,1563,35
2026.05.13 20:10:00,4689.07,4691.04,4688.97,4690.8,1306,42
2026.05.13 20:20:00,4690.81,4693.35,4690.63,4691.19,1101,42
2026.05.13 20:30:00,4691.19,4692.79,4689.15,4691.38,1103,42
2026.05.13 20:40:00,4691.34,4691.74,4688.53,4688.8,983,42
2026.05.13 20:50:00,4688.73,4689.28,4687.74,4688.82,1011,42
2026.05.13 22:00:00,4692.69,4694.02,4689.46,4689.85,1048,42
2026.05.13 22:10:00,4689.89,4695.96,4688.84,4694.47,1505,35
2026.05.13 22:20:00,4694.49,4697.16,4694.09,4696.95,1139,42
2026.05.13 22:30:00,4696.94,4699.09,4695.41,4698.27,1265,42
2026.05.13 22:40:00,4698.27,4700.38,4696.51,4697.56,1334,42
2026.05.13 22:50:00,4697.63,4700.47,4697.4,4699.94,1052,42
2026.05.13 23:00:00,4699.94,4701.55,4698.96,4700.75,1248,42
2026.05.13 23:10:00,4700.75,4702.01,4700.22,4700.79,1009,42
2026.05.13 23:20:00,4700.76,4701.15,4696.73,4697.17,1296,42
2026.05.13 23:30:00,4697.16,4697.43,4694.28,4695.99,1315,42
2026.05.13 23:40:00,4695.99,4697.17,4693.09,4693.68,1819,35
2026.05.13 23:50:00,4693.79,4696.72,4693.07,4696.54,1310,41
2026.05.14 00:00:00,4696.51,4699.0,4689.49,4695.98,2757,35
2026.05.14 00:10:00,4695.98,4705.17,4694.07,4701.03,2616,42
2026.05.14 00:20:00,4701.03,4702.58,4699.45,4700.96,2653,42
2026.05.14 00:30:00,4700.92,4703.17,4694.21,4695.48,2707,42
2026.05.14 00:40:00,4695.54,4704.65,4692.66,4703.53,2853,42
2026.05.14 00:50:00,4703.51,4706.61,4699.25,4704.89,2364,37
2026.05.14 01:00:00,4704.98,4706.87,4686.32,4688.28,4234,35
2026.05.14 01:10:00,4688.29,4694.44,4684.36,4688.84,3746,35
2026.05.14 01:20:00,4688.86,4695.0,4688.3,4692.63,3019,35
2026.05.14 01:30:00,4692.69,4694.65,4686.86,4689.01,3485,42
2026.05.14 01:40:00,4689.01,4694.66,4683.61,4694.4,3332,42
2026.05.14 01:50:00,4694.33,4694.5,4683.46,4688.53,3513,42
2026.05.14 02:00:00,4688.55,4693.82,4687.02,4690.77,3312,42
2026.05.14 02:10:00,4690.77,4690.85,4686.56,4689.81,2573,42
2026.05.14 02:20:00,4689.82,4693.97,4689.42,4693.38,2305,35
2026.05.14 02:30:00,4693.43,4699.51,4690.91,4695.39,2987,42
2026.05.14 02:40:00,4695.39,4696.27,4680.49,4682.44,3371,35
2026.05.14 02:50:00,4682.45,4688.16,4679.87,4686.26,3236,42
2026.05.14 03:00:00,4686.48,4690.03,4681.82,4684.12,3201,42
2026.05.14 03:10:00,4684.16,4686.22,4681.46,4682.73,2742,42
2026.05.14 03:20:00,4682.58,4693.17,4681.46,4691.02,3074,42
2026.05.14 03:30:00,4691.02,4691.2,4679.2,4680.45,2581,42
2026.05.14 03:40:00,4680.46,4681.16,4674.24,4676.78,2688,41
2026.05.14 03:50:00,4676.86,4677.31,4673.85,4674.83,2109,42
2026.05.14 04:00:00,4674.87,4680.05,4667.99,4678.64,2990,42
2026.05.14 04:10:00,4678.6,4683.68,4677.16,4683.36,2604,41
2026.05.14 04:20:00,4683.38,4707.24,4683.35,4702.13,3167,42
2026.05.14 04:30:00,4702.13,4712.53,4701.44,4707.73,2955,42
2026.05.14 04:40:00,4707.69,4708.1,4703.04,4704.92,2228,42
2026.05.14 04:50:00,4704.9,4706.44,4702.23,4702.32,2137,35
2026.05.14 05:00:00,4702.35,4704.02,4699.73,4701.42,2524,42
2026.05.14 05:10:00,4701.44,4703.79,4697.24,4697.58,2353,35
2026.05.14 05:20:00,4697.57,4698.67,4693.29,4693.6,2667,42
2026.05.14 05:30:00,4693.57,4701.41,4693.33,4700.09,3386,42
2026.05.14 05:40:00,4699.97,4703.15,4696.65,4700.05,3242,35
2026.05.14 05:50:00,4700.28,4701.46,4689.11,4689.89,3250,41
2026.05.14 06:00:00,4689.17,4694.47,4687.07,4690.68,3443,41
2026.05.14 06:10:00,4690.61,4691.8,4685.87,4688.45,2942,38
2026.05.14 06:20:00,4688.48,4692.86,4687.76,4691.29,2850,42
2026.05.14 06:30:00,4691.34,4695.36,4690.56,4694.21,2723,42
2026.05.14 06:40:00,4694.09,4702.25,4691.36,4695.61,3212,35
2026.05.14 06:50:00,4695.37,4701.34,4695.32,4700.16,3117,35
2026.05.14 07:00:00,4700.15,4702.27,4696.06,4699.06,2916,35
2026.05.14 07:10:00,4699.06,4700.13,4694.44,4697.64,2844,35
2026.05.14 07:20:00,4697.63,4706.72,4695.25,4705.61,2760,35
2026.05.14 07:30:00,4705.6,4718.69,4702.82,4712.08,3387,35
2026.05.14 07:40:00,4712.1,4714.77,4703.26,4704.36,3025,35
2026.05.14 07:50:00,4704.24,4704.24,4690.8,4693.06,3316,35
2026.05.14 08:00:00,4693.08,4700.86,4692.09,4697.61,2992,35
2026.05.14 08:10:00,4697.62,4701.74,4695.66,4699.69,2875,35
2026.05.14 08:20:00,4699.67,4704.74,4697.86,4702.95,3006,35
2026.05.14 08:30:00,4702.96,4706.5,4701.44,4701.76,3012,35
2026.05.14 08:40:00,4701.76,4702.71,4694.21,4695.06,3108,35
2026.05.14 08:50:00,4695.04,4696.83,4692.53,4693.15,2664,35
2026.05.14 09:00:00,4693.27,4696.44,4690.28,4696.39,2766,35
2026.05.14 09:10:00,4696.41,4697.97,4693.29,4695.47,2497,35
2026.05.14 09:20:00,4695.52,4696.5,4690.72,4690.83,2432,35
2026.05.14 09:30:00,4690.85,4694.97,4688.48,4692.53,3022,35
2026.05.14 09:40:00,4692.63,4700.7,4691.92,4700.22,2860,35
2026.05.14 09:50:00,4700.14,4702.29,4698.15,4699.63,2783,35
2026.05.14 10:00:00,4699.7,4700.69,4698.16,4698.6,2335,35
2026.05.14 10:10:00,4698.66,4705.34,4695.2,4696.47,2986,35
2026.05.14 10:20:00,4696.49,4698.17,4693.69,4697.44,2694,35
2026.05.14 10:30:00,4697.44,4697.93,4694.61,4695.98,2270,35
2026.05.14 10:40:00,4695.97,4695.98,4691.86,4692.85,2660,35
2026.05.14 10:50:00,4692.89,4697.45,4691.14,4696.92,2739,35
2026.05.14 11:00:00,4696.9,4698.88,4692.77,4697.24,2709,35
2026.05.14 11:10:00,4697.44,4697.68,4694.61,4695.07,2204,35
2026.05.14 11:20:00,4694.76,4696.79,4689.43,4691.93,2429,35
2026.05.14 11:30:00,4691.86,4695.95,4690.66,4695.5,2379,35
2026.05.14 11:40:00,4695.58,4700.22,4694.8,4698.17,2593,35
2026.05.14 11:50:00,4698.21,4704.75,4694.31,4694.45,3284,35
2026.05.14 12:00:00,4693.72,4698.75,4692.29,4697.07,3086,35
2026.05.14 12:10:00,4697.11,4703.69,4696.66,4701.18,3088,35
2026.05.14 12:20:00,4701.23,4707.7,4701.14,4702.62,2808,35
2026.05.14 12:30:00,4702.69,4709.89,4700.77,4706.39,3614,35
2026.05.14 12:40:00,4706.42,4707.21,4695.89,4702.51,3319,35
2026.05.14 12:50:00,4702.83,4706.23,4701.75,4704.64,2986,35
2026.05.14 13:00:00,4704.72,4707.41,4696.12,4701.32,3736,35
2026.05.14 13:10:00,4701.28,4704.65,4691.78,4693.5,3416,35
2026.05.14 13:20:00,4693.49,4697.06,4687.95,4688.25,3827,35
2026.05.14 13:30:00,4688.25,4689.3,4680.52,4682.58,4378,35
2026.05.14 13:40:00,4682.61,4690.65,4666.62,4689.33,4725,35
2026.05.14 13:50:00,4689.44,4691.08,4679.12,4679.49,4249,35
2026.05.14 14:00:00,4679.31,4688.97,4677.48,4685.62,4331,35
2026.05.14 14:10:00,4685.64,4695.32,4685.2,4694.68,3868,35
2026.05.14 14:20:00,4694.72,4700.75,4688.37,4691.47,3975,35
2026.05.14 14:30:00,4691.45,4692.17,4686.11,4690.11,3655,35
2026.05.14 14:40:00,4690.05,4692.38,4684.75,4687.27,3789,35
2026.05.14 14:50:00,4687.28,4690.53,4679.44,4679.62,4088,35
2026.05.14 15:00:00,4679.86,4683.44,4676.87,4683.32,3985,35
2026.05.14 15:10:00,4683.31,4688.79,4681.91,4687.45,3292,35
2026.05.14 15:20:00,4687.47,4689.27,4684.14,4685.8,3063,35
2026.05.14 15:30:00,4685.83,4688.94,4684.57,4686.42,2940,35
2026.05.14 15:40:00,4686.44,4687.08,4680.95,4683.31,3055,35
2026.05.14 15:50:00,4683.34,4686.57,4681.16,4685.66,2920,35
2026.05.14 16:00:00,4685.74,4686.99,4674.57,4676.98,3238,35
2026.05.14 16:10:00,4676.98,4681.18,4674.03,4679.89,2754,35
2026.05.14 16:20:00,4679.89,4680.52,4675.24,4677.2,2808,35
2026.05.14 16:30:00,4677.2,4678.26,4670.51,4672.87,2995,35
2026.05.14 16:40:00,4672.87,4676.66,4672.51,4676.19,2896,35
2026.05.14 16:50:00,4676.21,4678.92,4675.03,4678.44,2663,35
2026.05.14 17:00:00,4678.53,4682.33,4678.47,4679.99,2974,43
2026.05.14 17:10:00,4680.06,4681.06,4678.03,4679.88,2680,43
2026.05.14 17:20:00,4679.83,4682.9,4676.51,4677.22,2821,43
2026.05.14 17:30:00,4677.57,4679.85,4676.27,4678.63,2763,41
2026.05.14 17:40:00,4678.66,4681.69,4678.66,4680.79,2022,42
2026.05.14 17:50:00,4680.8,4681.16,4677.56,4678.11,2049,35
2026.05.14 18:00:00,4678.16,4678.31,4668.47,4671.97,3227,40
2026.05.14 18:10:00,4671.93,4676.0,4671.57,4675.63,2406,43
2026.05.14 18:20:00,4675.66,4676.3,4672.93,4673.36,2242,43
2026.05.14 18:30:00,4673.36,4674.87,4670.15,4670.36,2033,36
2026.05.14 18:40:00,4670.36,4671.62,4666.85,4669.56,2073,35
2026.05.14 18:50:00,4669.55,4671.81,4668.03,4671.55,1867,35
2026.05.14 19:00:00,4671.76,4671.76,4666.63,4668.95,1969,41
2026.05.14 19:10:00,4668.95,4669.12,4666.06,4667.4,1864,42
2026.05.14 19:20:00,4667.31,4669.05,4662.98,4663.1,1888,43
2026.05.14 19:30:00,4663.29,4665.14,4659.01,4659.18,2548,39
2026.05.14 19:40:00,4659.16,4660.56,4652.94,4657.25,3042,38
2026.05.14 19:50:00,4656.75,4658.84,4653.24,4654.1,2932,42
2026.05.14 20:00:00,4654.12,4657.1,4648.9,4651.69,2293,42
2026.05.14 20:10:00,4651.69,4652.33,4648.23,4649.19,1667,42
2026.05.14 20:20:00,4649.19,4650.47,4646.81,4648.03,1425,42
2026.05.14 20:30:00,4648.12,4648.44,4644.34,4646.19,1453,42
2026.05.14 20:40:00,4646.24,4652.52,4645.44,4650.28,1698,35
2026.05.14 20:50:00,4650.35,4652.38,4649.23,4652.24,1109,35
2026.05.14 22:00:00,4647.13,4657.37,4645.91,4655.57,1381,35
2026.05.14 22:10:00,4655.55,4659.2,4653.8,4659.03,1498,43
2026.05.14 22:20:00,4659.06,4659.23,4657.25,4658.79,1310,43
2026.05.14 22:30:00,4658.8,4662.3,4658.55,4660.77,1454,42
2026.05.14 22:40:00,4660.78,4662.31,4659.97,4660.97,1210,35
2026.05.14 22:50:00,4660.9,4662.7,4660.03,4662.26,1230,35
2026.05.14 23:00:00,4662.26,4663.21,4660.36,4661.02,1384,35
2026.05.14 23:10:00,4661.02,4662.9,4656.12,4658.68,1792,43
2026.05.14 23:20:00,4658.75,4664.27,4655.59,4663.89,1729,35
2026.05.14 23:30:00,4663.96,4665.25,4646.87,4652.72,2512,35
2026.05.14 23:40:00,4652.7,4657.57,4652.06,4654.53,2385,43
2026.05.14 23:50:00,4654.62,4655.32,4648.18,4652.16,2399,43
2026.05.15 00:00:00,4652.17,4653.79,4642.11,4650.64,3339,41
2026.05.15 00:10:00,4650.62,4657.98,4644.84,4653.86,3301,41
2026.05.15 00:20:00,4653.9,4654.52,4629.56,4629.78,3259,35
2026.05.15 00:30:00,4630.11,4630.48,4618.29,4621.48,3403,36
2026.05.15 00:40:00,4621.29,4627.48,4613.55,4627.36,3553,35
2026.05.15 00:50:00,4627.39,4630.28,4617.23,4630.09,3573,35
2026.05.15 01:00:00,4629.61,4631.35,4609.69,4610.01,4318,35
2026.05.15 01:10:00,4609.99,4620.61,4607.64,4619.38,4104,38
2026.05.15 01:20:00,4619.38,4625.25,4607.95,4608.79,3958,43
2026.05.15 01:30:00,4608.75,4620.88,4607.39,4617.15,3964,35
2026.05.15 01:40:00,4617.2,4624.29,4614.23,4616.2,3630,43
2026.05.15 01:50:00,4616.24,4617.8,4607.09,4613.81,3868,43
2026.05.15 02:00:00,4614.07,4618.77,4609.52,4618.21,3790,42
2026.05.15 02:10:00,4618.22,4619.11,4609.52,4613.72,3431,35
2026.05.15 02:20:00,4613.77,4616.51,4611.31,4612.4,2967,42
2026.05.15 02:30:00,4612.42,4616.45,4609.46,4612.93,3361,39
2026.05.15 02:40:00,4612.97,4618.6,4610.74,4614.48,3294,42
2026.05.15 02:50:00,4614.48,4623.11,4612.32,4617.95,3492,42
2026.05.15 03:00:00,4617.82,4622.1,4614.76,4617.42,3106,42
2026.05.15 03:10:00,4617.5,4619.99,4614.01,4614.59,2752,35
2026.05.15 03:20:00,4614.6,4614.88,4609.65,4612.71,2854,37
2026.05.15 03:30:00,4612.7,4615.5,4607.46,4614.54,2735,35
2026.05.15 03:40:00,4614.52,4617.2,4612.43,4615.6,2291,36
2026.05.15 03:50:00,4615.61,4617.14,4610.33,4615.31,2392,35
2026.05.15 04:00:00,4615.32,4621.42,4612.66,4621.4,2319,35
2026.05.15 04:10:00,4621.4,4621.41,4614.03,4614.09,2186,42
2026.05.15 04:20:00,4614.09,4614.21,4607.41,4610.8,2531,35
2026.05.15 04:30:00,4610.81,4614.79,4610.44,4611.26,2243,35
2026.05.15 04:40:00,4611.26,4613.33,4604.31,4609.58,2520,35
2026.05.15 04:50:00,4609.6,4612.34,4604.84,4605.79,2340,42
2026.05.15 05:00:00,4606.16,4606.39,4592.31,4592.94,3472,35
2026.05.15 05:10:00,4592.95,4595.14,4581.42,4582.9,3357,38
2026.05.15 05:20:00,4582.94,4589.96,4580.88,4588.69,3313,36
2026.05.15 05:30:00,4588.79,4589.6,4563.74,4569.24,4219,35
2026.05.15 05:40:00,4569.46,4575.6,4562.16,4563.56,4039,35
2026.05.15 05:50:00,4563.93,4573.18,4557.87,4558.49,3766,35
2026.05.15 06:00:00,4558.26,4570.06,4556.02,4566.32,4011,42
2026.05.15 06:10:00,4566.3,4577.89,4564.27,4575.23,3805,35
2026.05.15 06:20:00,4574.86,4578.37,4572.44,4574.97,3523,42
2026.05.15 06:30:00,4574.98,4580.39,4570.4,4572.11,3430,38
2026.05.15 06:40:00,4572.19,4573.89,4564.45,4572.79,3268,41
2026.05.15 06:50:00,4572.81,4574.1,4566.47,4569.78,3396,43
2026.05.15 07:00:00,4570.05,4576.48,4566.03,4575.97,3540,35
2026.05.15 07:10:00,4576.12,4587.38,4575.67,4586.14,3484,35
2026.05.15 07:20:00,4586.11,4588.38,4578.81,4581.77,3254,35
2026.05.15 07:30:00,4581.76,4582.37,4574.8,4577.06,3007,35
2026.05.15 07:40:00,4576.85,4578.74,4573.99,4574.77,2776,35
2026.05.15 07:50:00,4574.58,4574.63,4568.14,4570.68,2797,35
2026.05.15 08:00:00,4570.56,4571.88,4556.92,4566.34,3555,35
2026.05.15 08:10:00,4566.32,4567.02,4552.67,4556.68,3387,35
2026.05.15 08:20:00,4556.7,4561.11,4554.04,4558.23,3318,35
2026.05.15 08:30:00,4558.19,4559.17,4549.69,4558.51,3631,35
2026.05.15 08:40:00,4558.38,4563.44,4557.52,4562.1,2741,35
2026.05.15 08:50:00,4562.11,4562.35,4552.68,4554.28,2766,35
2026.05.15 09:00:00,4554.38,4563.45,4550.13,4554.66,3484,35
2026.05.15 09:10:00,4554.66,4554.73,4539.22,4546.43,3436,35
2026.05.15 09:20:00,4546.41,4554.2,4544.83,4553.42,3290,35
2026.05.15 09:30:00,4553.35,4555.49,4544.63,4546.66,3352,35
2026.05.15 09:40:00,4546.72,4549.2,4537.5,4537.88,3342,35
2026.05.15 09:50:00,4537.89,4546.91,4531.99,4545.71,3578,35
2026.05.15 10:00:00,4545.75,4559.63,4543.99,4558.49,3354,35
2026.05.15 10:10:00,4558.61,4563.16,4556.19,4557.4,3313,35
2026.05.15 10:20:00,4557.34,4561.93,4551.65,4551.74,3147,35
2026.05.15 10:30:00,4551.74,4556.64,4550.8,4552.33,2905,35
2026.05.15 10:40:00,4552.03,4563.48,4549.59,4559.55,3383,35
2026.05.15 10:50:00,4559.23,4572.76,4557.4,4565.99,3628,35
2026.05.15 11:00:00,4565.82,4570.12,4560.75,4564.38,3408,35
2026.05.15 11:10:00,4564.33,4568.85,4563.18,4564.1,2780,35
2026.05.15 11:20:00,4564.11,4565.37,4559.1,4562.34,2618,35
2026.05.15 11:30:00,4562.18,4562.55,4553.66,4554.17,2775,35
2026.05.15 11:40:00,4554.12,4558.43,4551.02,4556.48,2970,35
2026.05.15 11:50:00,4556.48,4558.76,4549.62,4551.89,2996,35
2026.05.15 12:00:00,4550.8,4552.95,4546.23,4552.93,3311,35
2026.05.15 12:10:00,4553.02,4555.12,4544.85,4548.59,3328,35
2026.05.15 12:20:00,4548.06,4558.68,4547.84,4554.91,3341,35
2026.05.15 12:30:00,4554.92,4554.92,4547.45,4548.13,3403,35
2026.05.15 12:40:00,4548.13,4551.7,4543.57,4549.26,3333,35
2026.05.15 12:50:00,4549.24,4555.65,4545.79,4545.85,3073,35
2026.05.15 13:00:00,4545.8,4549.56,4536.39,4538.27,3911,35
2026.05.15 13:10:00,4538.2,4553.05,4537.93,4550.7,3477,35
2026.05.15 13:20:00,4550.71,4557.38,4546.19,4548.88,3627,35
2026.05.15 13:30:00,4548.41,4551.29,4526.56,4528.73,4392,35
2026.05.15 13:40:00,4528.64,4531.07,4511.69,4528.57,4381,35
2026.05.15 13:50:00,4528.57,4541.8,4525.9,4533.4,4297,35
2026.05.15 14:00:00,4533.05,4540.37,4525.51,4533.9,4236,35
2026.05.15 14:10:00,4533.77,4558.31,4533.61,4558.31,4153,35
2026.05.15 14:20:00,4558.7,4562.69,4552.33,4555.54,4292,35
2026.05.15 14:30:00,4555.52,4560.45,4552.83,4555.94,4195,35
2026.05.15 14:40:00,4555.55,4557.35,4550.07,4551.17,3996,35
2026.05.15 14:50:00,4551.34,4566.45,4545.81,4562.65,4143,35
2026.05.15 15:00:00,4562.86,4563.67,4551.3,4558.7,4067,35
2026.05.15 15:10:00,4558.44,4559.95,4546.12,4547.41,3779,35
2026.05.15 15:20:00,4547.43,4552.02,4542.87,4547.05,3797,35
2026.05.15 15:30:00,4547.07,4550.37,4541.77,4542.15,3847,35
2026.05.15 15:40:00,4542.02,4544.76,4539.06,4540.15,3873,35
2026.05.15 15:50:00,4540.21,4543.43,4533.66,4539.54,3659,35
2026.05.15 16:00:00,4539.7,4542.31,4529.55,4531.42,3314,35
2026.05.15 16:10:00,4531.12,4534.79,4529.36,4533.77,2953,35
2026.05.15 16:20:00,4533.77,4542.46,4533.33,4540.83,3104,35
2026.05.15 16:30:00,4541.12,4545.84,4540.0,4545.41,3196,35
2026.05.15 16:40:00,4545.57,4548.08,4543.38,4545.38,2966,35
2026.05.15 16:50:00,4545.38,4547.29,4541.73,4544.29,3018,35
2026.05.15 17:00:00,4544.23,4555.28,4543.04,4554.43,3409,35
2026.05.15 17:10:00,4554.6,4557.96,4554.34,4555.76,2964,35
2026.05.15 17:20:00,4555.64,4564.31,4555.27,4557.67,3181,35
2026.05.15 17:30:00,4557.56,4563.57,4557.56,4563.19,2844,43
2026.05.15 17:40:00,4563.19,4563.57,4559.72,4560.49,2586,35
2026.05.15 17:50:00,4560.56,4560.56,4557.16,4559.35,2577,43
2026.05.15 18:00:00,4559.39,4561.24,4555.78,4558.3,2672,35
2026.05.15 18:10:00,4558.08,4563.02,4552.9,4554.41,2930,36
2026.05.15 18:20:00,4554.44,4559.64,4554.35,4557.96,2958,43
2026.05.15 18:30:00,4557.98,4558.67,4552.47,4557.92,3018,35
2026.05.15 18:40:00,4557.9,4560.11,4555.54,4559.22,2453,43
2026.05.15 18:50:00,4559.25,4562.71,4558.26,4559.19,2455,43
2026.05.15 19:00:00,4559.23,4560.15,4551.57,4551.66,2763,35
2026.05.15 19:10:00,4551.66,4552.41,4548.8,4552.05,2594,43
2026.05.15 19:20:00,4552.03,4552.67,4548.41,4549.93,2526,35
2026.05.15 19:30:00,4549.91,4555.15,4549.46,4554.61,2406,35
2026.05.15 19:40:00,4554.58,4555.17,4551.48,4551.95,2419,43
2026.05.15 19:50:00,4551.05,4551.8,4544.82,4545.72,2940,42
2026.05.15 20:00:00,4545.64,4546.42,4536.14,4536.97,2481,43
2026.05.15 20:10:00,4537.0,4540.51,4535.52,4536.78,2347,35
2026.05.15 20:20:00,4536.7,4539.12,4533.21,4539.12,1878,42
2026.05.15 20:30:00,4539.11,4543.83,4539.04,4540.5,1885,41
2026.05.15 20:40:00,4540.13,4541.34,4537.76,4538.08,1545,43
2026.05.15 20:50:00,4538.02,4540.61,4536.37,4539.91,1227,43
2026.05.17 22:00:00,4532.06,4554.97,4528.54,4553.77,1887,35
2026.05.17 22:10:00,4553.57,4554.95,4544.34,4545.07,1752,36
2026.05.17 22:20:00,4545.14,4546.33,4538.02,4540.97,1938,35
2026.05.17 22:30:00,4540.92,4552.88,4540.92,4551.24,2419,41
2026.05.17 22:40:00,4550.96,4554.41,4547.89,4551.88,2156,35
2026.05.17 22:50:00,4551.76,4551.96,4543.68,4546.11,2164,43
2026.05.17 23:00:00,4546.16,4547.99,4539.56,4541.52,2314,43
2026.05.17 23:10:00,4541.42,4545.81,4538.77,4539.54,2307,35
2026.05.17 23:20:00,4540.04,4544.21,4537.82,4537.96,2343,42
2026.05.17 23:30:00,4537.96,4541.26,4534.69,4539.01,2598,35
2026.05.17 23:40:00,4539.21,4541.02,4531.9,4537.78,3132,35
2026.05.17 23:50:00,4537.74,4544.03,4535.44,4537.05,3038,42
2026.05.18 00:00:00,4537.06,4542.37,4522.98,4523.76,3968,35
2026.05.18 00:10:00,4523.79,4529.74,4522.97,4523.08,3609,41
2026.05.18 00:20:00,4523.0,4533.44,4514.68,4515.66,3462,35
2026.05.18 00:30:00,4515.5,4518.63,4487.29,4490.18,3965,35
2026.05.18 00:40:00,4490.14,4496.31,4480.08,4494.11,3838,35
2026.05.18 00:50:00,4494.1,4516.72,4486.48,4515.89,3801,35
2026.05.18 01:00:00,4514.73,4515.87,4489.64,4501.53,4291,35
2026.05.18 01:10:00,4501.53,4505.26,4492.71,4498.29,4062,42
2026.05.18 01:20:00,4498.29,4509.89,4493.36,4503.9,4071,35
2026.05.18 01:30:00,4504.33,4513.51,4499.87,4508.11,3923,35
2026.05.18 01:40:00,4508.08,4528.63,4505.86,4528.06,3881,35
2026.05.18 01:50:00,4527.51,4535.46,4524.66,4525.3,3799,35
2026.05.18 02:00:00,4525.09,4535.9,4521.98,4528.73,3603,43
2026.05.18 02:10:00,4528.52,4538.4,4527.68,4534.85,3057,43
2026.05.18 02:20:00,4534.92,4540.74,4532.7,4533.44,2967,35
2026.05.18 02:30:00,4533.18,4538.24,4529.37,4538.05,3218,42
2026.05.18 02:40:00,4538.06,4542.78,4530.36,4530.54,3032,41
2026.05.18 02:50:00,4530.6,4535.43,4530.29,4533.59,2995,42
2026.05.18 03:00:00,4533.52,4535.71,4527.33,4533.08,3010,37
2026.05.18 03:10:00,4533.07,4535.61,4526.67,4530.66,2734,42
2026.05.18 03:20:00,4530.66,4538.2,4529.12,4535.7,3033,35
2026.05.18 03:30:00,4535.75,4537.72,4525.15,4535.17,3444,42
2026.05.18 03:40:00,4535.16,4547.8,4533.65,4541.93,3234,35
2026.05.18 03:50:00,4542.07,4547.57,4539.19,4541.19,2753,43
2026.05.18 04:00:00,4541.18,4549.8,4540.92,4545.6,2924,43
2026.05.18 04:10:00,4545.48,4547.58,4543.29,4545.47,2466,42
2026.05.18 04:20:00,4545.49,4545.91,4529.7,4532.67,2862,35
2026.05.18 04:30:00,4532.65,4542.67,4532.15,4542.67,2682,43
2026.05.18 04:40:00,4542.69,4544.19,4538.51,4540.34,2485,35
2026.05.18 04:50:00,4540.24,4545.6,4535.26,4540.55,2711,42
2026.05.18 05:00:00,4540.58,4542.74,4532.8,4537.89,2857,35
2026.05.18 05:10:00,4538.01,4548.98,4534.7,4545.85,2636,35
2026.05.18 05:20:00,4545.71,4550.56,4541.3,4548.66,3035,35
2026.05.18 05:30:00,4548.74,4551.93,4539.88,4544.22,3512,35
2026.05.18 05:40:00,4544.21,4544.56,4537.38,4538.67,2988,41
2026.05.18 05:50:00,4538.71,4539.58,4529.98,4530.75,2862,43
2026.05.18 06:00:00,4530.34,4540.44,4529.72,4537.9,3244,35
2026.05.18 06:10:00,4538.02,4541.41,4532.2,4536.08,2727,35
2026.05.18 06:20:00,4536.08,4547.96,4534.37,4537.54,3266,35
2026.05.18 06:30:00,4537.4,4546.75,4534.53,4538.17,3169,35
2026.05.18 06:40:00,4538.16,4546.1,4534.99,4543.64,2801,35
2026.05.18 06:50:00,4543.6,4547.47,4542.48,4546.59,2842,35
2026.05.18 07:00:00,4546.56,4549.42,4543.24,4546.24,2874,35
2026.05.18 07:10:00,4546.03,4546.19,4541.57,4541.71,2674,35
2026.05.18 07:20:00,4541.76,4551.31,4538.2,4550.37,3018,35
2026.05.18 07:30:00,4550.38,4559.77,4550.38,4552.72,3343,35
2026.05.18 07:40:00,4552.66,4554.2,4543.7,4543.94,3031,35
2026.05.18 07:50:00,4543.99,4548.58,4540.1,4546.13,3077,35
2026.05.18 08:00:00,4546.14,4548.79,4543.6,4543.93,2871,35
2026.05.18 08:10:00,4543.91,4547.13,4542.38,4545.53,2629,35
2026.05.18 08:20:00,4545.46,4551.44,4545.43,4547.9,2631,35
2026.05.18 08:30:00,4547.95,4553.07,4545.83,4551.19,2885,35
2026.05.18 08:40:00,4551.09,4553.83,4547.95,4552.19,2513,35
2026.05.18 08:50:00,4552.11,4556.9,4549.88,4550.02,2728,35
2026.05.18 09:00:00,4549.97,4551.91,4541.16,4546.99,2767,35
2026.05.18 09:10:00,4546.98,4548.24,4544.98,4546.21,2313,35
2026.05.18 09:20:00,4546.19,4548.89,4544.61,4544.95,2226,35
2026.05.18 09:30:00,4544.93,4546.33,4540.59,4546.01,2665,35
2026.05.18 09:40:00,4546.01,4546.01,4540.51,4541.41,2585,35
2026.05.18 09:50:00,4541.32,4544.59,4540.13,4542.85,2159,35
2026.05.18 10:00:00,4542.83,4544.79,4537.0,4538.14,2849,35
2026.05.18 10:10:00,4538.14,4542.25,4535.6,4541.93,2627,35
2026.05.18 10:20:00,4541.95,4542.3,4538.17,4539.62,2235,35
2026.05.18 10:30:00,4539.61,4540.58,4532.17,4538.19,2895,35
2026.05.18 10:40:00,4538.19,4547.71,4537.72,4543.21,2881,35
2026.05.18 10:50:00,4543.22,4543.73,4536.75,4540.12,2408,35
2026.05.18 11:00:00,4540.07,4541.65,4532.37,4532.78,2661,35
2026.05.18 11:10:00,4532.67,4540.16,4529.9,4539.12,2958,35
2026.05.18 11:20:00,4539.12,4539.88,4531.95,4536.21,2430,35
2026.05.18 11:30:00,4535.73,4555.62,4535.14,4555.62,3478,35
2026.05.18 11:40:00,4555.69,4566.97,4551.62,4555.49,4169,35
2026.05.18 11:50:00,4555.4,4555.77,4549.45,4550.64,3404,35
2026.05.18 12:00:00,4550.56,4556.62,4547.48,4555.45,3109,35
2026.05.18 12:10:00,4555.47,4555.97,4547.18,4547.54,3056,35
2026.05.18 12:20:00,4547.63,4554.83,4545.2,4550.61,3180,35
2026.05.18 12:30:00,4550.56,4563.22,4550.26,4561.53,3539,35
2026.05.18 12:40:00,4561.53,4574.82,4558.45,4572.23,3946,35
2026.05.18 12:50:00,4572.0,4573.76,4562.39,4570.99,3551,35
2026.05.18 13:00:00,4571.08,4576.77,4562.55,4563.68,3911,35
2026.05.18 13:10:00,4563.4,4569.43,4561.88,4565.93,3272,35
2026.05.18 13:20:00,4565.93,4576.13,4565.21,4572.0,3346,35
2026.05.18 13:30:00,4572.57,4579.6,4567.34,4573.54,4121,35
2026.05.18 13:40:00,4573.51,4576.33,4563.83,4574.3,4330,35
2026.05.18 13:50:00,4574.11,4583.99,4572.7,4575.73,4098,35
2026.05.18 14:00:00,4575.15,4575.5,4560.01,4566.71,4173,35
2026.05.18 14:10:00,4566.73,4570.02,4561.91,4566.05,3974,35
2026.05.18 14:20:00,4566.05,4567.07,4554.86,4561.63,4013,35
2026.05.18 14:30:00,4561.61,4563.0,4543.05,4546.41,4272,35
2026.05.18 14:40:00,4546.5,4549.1,4537.28,4543.27,4223,35
2026.05.18 14:50:00,4543.21,4548.18,4541.17,4546.34,3938,35
2026.05.18 15:00:00,4546.83,4547.85,4531.77,4536.34,4279,35
2026.05.18 15:10:00,4536.57,4542.87,4534.47,4536.66,3694,35
2026.05.18 15:20:00,4536.6,4540.28,4534.4,4534.66,3770,35
2026.05.18 15:30:00,4534.63,4542.24,4533.92,4541.79,3610,35
2026.05.18 15:40:00,4541.76,4544.31,4537.93,4540.99,3391,35
2026.05.18 15:50:00,4541.04,4546.73,4539.59,4543.6,3316,35
2026.05.18 16:00:00,4543.7,4544.43,4540.2,4543.4,3123,35
2026.05.18 16:10:00,4543.47,4550.05,4542.59,4547.23,2951,35
2026.05.18 16:20:00,4547.29,4550.43,4534.17,4537.0,3547,35
2026.05.18 16:30:00,4537.02,4544.73,4534.09,4544.02,3368,35
2026.05.18 16:40:00,4544.09,4548.69,4541.81,4548.18,2718,35
2026.05.18 16:50:00,4548.21,4554.49,4548.12,4550.25,2983,35
2026.05.18 17:00:00,4549.84,4558.08,4547.89,4556.15,3067,35
2026.05.18 17:10:00,4556.31,4556.71,4551.79,4554.42,2535,35
2026.05.18 17:20:00,4554.62,4555.11,4551.59,4553.87,2527,43
2026.05.18 17:30:00,4553.86,4554.3,4547.32,4549.37,2719,35
2026.05.18 17:40:00,4549.37,4550.95,4546.59,4546.65,2692,35
2026.05.18 17:50:00,4546.64,4549.07,4545.33,4546.88,2277,43
2026.05.18 18:00:00,4546.89,4547.73,4543.58,4544.93,2672,35
2026.05.18 18:10:00,4544.92,4546.56,4541.29,4542.5,2701,35
2026.05.18 18:20:00,4542.5,4542.61,4536.56,4541.87,3019,35
2026.05.18 18:30:00,4541.85,4543.95,4539.01,4539.61,2645,43
2026.05.18 18:40:00,4539.6,4543.15,4538.99,4541.56,2354,43
2026.05.18 18:50:00,4541.58,4542.3,4534.08,4535.82,2617,43
2026.05.18 19:00:00,4535.78,4564.57,4535.24,4556.71,4131,35
2026.05.18 19:10:00,4556.81,4558.28,4550.82,4551.46,3601,40
2026.05.18 19:20:00,4551.6,4555.67,4546.52,4551.48,3071,43
2026.05.18 19:30:00,4551.74,4559.42,4550.06,4559.35,2911,35
2026.05.18 19:40:00,4559.43,4562.79,4557.82,4561.13,2988,43
2026.05.18 19:50:00,4560.49,4562.37,4557.21,4558.37,2726,36
2026.05.18 20:00:00,4558.38,4561.17,4557.7,4558.58,1690,43
2026.05.18 20:10:00,4558.59,4566.31,4558.33,4564.11,1428,35
2026.05.18 20:20:00,4564.11,4566.54,4562.63,4563.11,1372,42
2026.05.18 20:30:00,4563.11,4564.75,4561.36,4562.49,1195,43
2026.05.18 20:40:00,4562.48,4564.89,4562.13,4563.54,1077,43
2026.05.18 20:50:00,4563.55,4566.51,4562.35,4565.98,892,43
2026.05.18 22:00:00,4568.65,4573.38,4567.51,4571.87,1046,43
2026.05.18 22:10:00,4571.92,4574.73,4570.24,4573.35,1681,35
2026.05.18 22:20:00,4573.36,4574.44,4571.01,4572.79,1295,42
2026.05.18 22:30:00,4572.8,4575.66,4571.58,4575.61,1461,42
2026.05.18 22:40:00,4575.58,4578.17,4574.21,4575.46,1636,43
2026.05.18 22:50:00,4575.48,4575.72,4572.37,4573.79,1272,43
2026.05.18 23:00:00,4573.77,4581.44,4573.64,4579.88,2172,35
2026.05.18 23:10:00,4579.88,4586.95,4579.62,4585.62,1963,35
2026.05.18 23:20:00,4585.77,4588.78,4583.8,4585.69,1713,36
2026.05.18 23:30:00,4585.69,4587.83,4582.73,4584.8,1836,35
2026.05.18 23:40:00,4584.81,4586.57,4582.86,4583.27,1503,41
2026.05.18 23:50:00,4583.29,4583.41,4578.86,4581.71,1831,43
2026.05.19 00:00:00,4582.01,4588.95,4576.6,4583.88,3467,35
2026.05.19 00:10:00,4583.88,4584.43,4574.84,4580.04,2937,37
2026.05.19 00:20:00,4580.06,4585.68,4568.51,4573.43,3225,41
2026.05.19 00:30:00,4573.44,4576.01,4568.28,4568.68,2873,35
2026.05.19 00:40:00,4568.69,4573.98,4568.12,4571.63,2464,43
2026.05.19 00:50:00,4571.63,4571.65,4561.27,4563.06,2926,43
2026.05.19 01:00:00,4562.99,4569.14,4557.47,4564.29,3688,35
2026.05.19 01:10:00,4564.29,4568.17,4557.85,4559.4,3208,41
2026.05.19 01:20:00,4559.38,4559.85,4554.07,4559.19,3098,42
2026.05.19 01:30:00,4559.19,4568.33,4555.19,4568.12,3202,35
2026.05.19 01:40:00,4568.22,4572.32,4565.66,4566.47,3301,42
2026.05.19 01:50:00,4566.46,4568.54,4560.96,4563.73,3101,42
2026.05.19 02:00:00,4563.69,4563.69,4554.79,4555.18,3236,35
2026.05.19 02:10:00,4555.15,4557.58,4551.57,4557.02,3056,43
2026.05.19 02:20:00,4557.03,4562.04,4556.34,4559.62,2597,43
2026.05.19 02:30:00,4559.6,4559.7,4551.83,4553.45,3081,42
2026.05.19 02:40:00,4553.6,4559.36,4550.18,4552.13,2974,43
2026.05.19 02:50:00,4552.16,4554.32,4546.01,4547.13,2781,42
2026.05.19 03:00:00,4547.63,4552.69,4543.55,4548.9,3047,35
2026.05.19 03:10:00,4548.91,4552.83,4547.5,4551.05,2518,42
2026.05.19 03:20:00,4551.01,4551.78,4546.68,4549.06,2494,42
2026.05.19 03:30:00,4549.03,4555.01,4546.83,4554.62,2370,42
2026.05.19 03:40:00,4554.62,4554.62,4544.6,4546.96,2399,42
2026.05.19 03:50:00,4546.99,4549.31,4544.34,4544.74,2103,42
2026.05.19 04:00:00,4544.74,4545.6,4540.99,4542.37,2671,35
2026.05.19 04:10:00,4542.39,4544.03,4538.32,4540.18,1653,35
2026.05.19 04:20:00,4540.27,4543.05,4538.16,4540.21,1589,43
2026.05.19 04:30:00,4540.19,4541.98,4537.98,4540.38,1490,43
2026.05.19 04:40:00,4540.49,4542.36,4539.17,4540.42,1488,43
2026.05.19 04:50:00,4540.53,4543.69,4540.11,4542.33,1412,43
2026.05.19 05:00:00,4542.37,4545.23,4540.05,4545.2,1477,43
2026.05.19 05:10:00,4545.17,4546.48,4541.23,4541.95,1478,43
2026.05.19 05:20:00,4541.96,4542.45,4530.7,4538.4,1760,43
2026.05.19 05:30:00,4538.38,4541.36,4533.08,4539.71,2021,43
2026.05.19 05:40:00,4539.45,4544.06,4533.04,4533.84,1952,43
2026.05.19 05:50:00,4533.47,4543.34,4533.08,4540.79,1984,43
2026.05.19 06:00:00,4541.02,4541.26,4533.33,4537.58,1860,43
2026.05.19 06:10:00,4537.6,4549.99,4537.03,4549.83,1957,43
2026.05.19 06:20:00,4549.87,4553.81,4545.45,4547.79,1959,43
2026.05.19 06:30:00,4547.37,4552.41,4544.78,4552.17,1774,43
2026.05.19 06:40:00,4552.25,4552.71,4543.06,4543.11,1841,43
2026.05.19 06:50:00,4543.21,4549.51,4543.16,4548.05,1735,43
2026.05.19 07:00:00,4546.87,4555.21,4544.06,4552.94,1702,35
2026.05.19 07:10:00,4552.94,4553.81,4546.65,4548.61,1654,35
2026.05.19 07:20:00,4548.61,4549.79,4543.03,4548.22,1632,35
2026.05.19 07:30:00,4548.21,4549.05,4542.57,4543.21,1699,35
2026.05.19 07:40:00,4543.45,4554.12,4541.35,4550.89,1745,35
2026.05.19 07:50:00,4551.11,4559.2,4547.82,4557.14,1747,35
2026.05.19 08:00:00,4557.12,4559.07,4543.88,4544.26,1713,35
2026.05.19 08:10:00,4544.12,4547.98,4542.53,4544.24,1676,35
2026.05.19 08:20:00,4544.25,4544.99,4536.27,4538.24,1705,35
2026.05.19 08:30:00,4538.2,4544.89,4536.85,4543.14,1618,35
2026.05.19 08:40:00,4543.21,4548.56,4542.12,4545.99,1542,35
2026.05.19 08:50:00,4546.0,4547.28,4538.32,4542.68,1492,35
2026.05.19 09:00:00,4542.7,4542.7,4536.87,4540.58,1619,35
2026.05.19 09:10:00,4540.57,4540.96,4536.03,4539.93,1615,35
2026.05.19 09:20:00,4539.96,4546.73,4539.71,4540.62,1651,35
2026.05.19 09:30:00,4540.66,4543.06,4536.63,4539.31,1772,35
2026.05.19 09:40:00,4539.34,4541.19,4538.02,4540.76,1642,35
2026.05.19 09:50:00,4540.75,4544.65,4539.07,4541.77,1627,35
2026.05.19 10:00:00,4541.25,4541.89,4535.93,4540.11,1646,35
2026.05.19 10:10:00,4540.1,4542.19,4538.3,4539.47,1586,35
2026.05.19 10:20:00,4539.58,4541.54,4538.94,4539.93,1499,35
2026.05.19 10:30:00,4539.96,4542.87,4534.17,4540.92,1645,35
2026.05.19 10:40:00,4541.01,4541.42,4525.45,4532.84,1864,35
2026.05.19 10:50:00,4532.86,4544.62,4532.07,4544.62,1792,35
2026.05.19 11:00:00,4544.62,4547.89,4540.71,4541.31,1799,35
2026.05.19 11:10:00,4541.33,4542.07,4535.7,4540.89,1637,35
2026.05.19 11:20:00,4540.76,4542.11,4536.88,4539.24,1571,35
2026.05.19 11:30:00,4539.05,4540.76,4536.79,4537.99,1719,35
2026.05.19 11:40:00,4538.01,4543.07,4537.1,4539.81,1683,35
2026.05.19 11:50:00,4539.87,4540.02,4529.84,4530.64,1705,35
2026.05.19 12:00:00,4530.07,4542.4,4527.34,4542.19,1760,35
2026.05.19 12:10:00,4542.22,4546.6,4536.63,4539.87,1759,35
2026.05.19 12:20:00,4539.89,4544.24,4539.5,4543.46,1680,35
2026.05.19 12:30:00,4542.99,4547.08,4541.29,4542.42,1692,35
2026.05.19 12:40:00,4542.37,4546.14,4535.57,4539.42,1798,35
2026.05.19 12:50:00,4539.43,4541.58,4536.64,4537.04,1675,35
2026.05.19 13:00:00,4537.09,4537.37,4514.59,4522.57,2051,35
2026.05.19 13:10:00,4522.61,4526.45,4516.34,4517.09,1957,35
2026.05.19 13:20:00,4517.08,4519.62,4490.87,4492.01,2120,35
2026.05.19 13:30:00,4493.09,4495.41,4464.72,4483.24,2351,35
2026.05.19 13:40:00,4483.05,4483.38,4470.13,4480.98,2245,35
2026.05.19 13:50:00,4481.15,4510.95,4479.85,4503.73,2150,35
2026.05.19 14:00:00,4503.69,4514.17,4494.88,4504.06,2223,35
2026.05.19 14:10:00,4503.78,4503.84,4492.04,4494.85,2180,35
2026.05.19 14:20:00,4495.26,4495.92,4484.48,4490.07,2195,35
2026.05.19 14:30:00,4490.35,4498.65,4488.6,4489.7,2150,35
2026.05.19 14:40:00,4489.73,4497.56,4487.36,4489.94,2105,35
2026.05.19 14:50:00,4490.04,4496.62,4486.17,4494.03,2067,35
2026.05.19 15:00:00,4494.0,4499.86,4489.79,4498.3,2034,35
2026.05.19 15:10:00,4498.27,4504.97,4495.67,4500.35,1967,35
2026.05.19 15:20:00,4500.34,4502.06,4493.84,4498.76,1929,35
2026.05.19 15:30:00,4498.81,4507.62,4497.88,4502.98,2003,35
2026.05.19 15:40:00,4502.84,4505.02,4500.12,4504.05,1890,35
2026.05.19 15:50:00,4503.97,4509.13,4501.66,4508.36,1926,35
2026.05.19 16:00:00,4508.85,4510.09,4497.3,4498.37,1804,35
2026.05.19 16:10:00,4498.32,4502.95,4496.07,4500.31,1742,35
2026.05.19 16:20:00,4500.29,4511.94,4500.16,4508.48,1785,35
2026.05.19 16:30:00,4508.32,4512.35,4505.76,4508.66,1830,35
2026.05.19 16:40:00,4508.83,4509.37,4504.52,4505.9,1812,35
2026.05.19 16:50:00,4505.92,4509.2,4504.66,4507.63,1820,35
2026.05.19 17:00:00,4507.52,4509.55,4505.74,4508.03,1983,43
2026.05.19 17:10:00,4507.99,4510.95,4506.19,4508.21,1855,43
2026.05.19 17:20:00,4507.68,4508.29,4503.29,4506.87,2063,43
2026.05.19 17:30:00,4506.94,4508.22,4503.46,4506.83,1814,43
2026.05.19 17:40:00,4506.91,4506.91,4500.37,4500.66,1927,43
2026.05.19 17:50:00,4500.69,4501.68,4499.0,4500.7,1897,43
2026.05.19 18:00:00,4500.74,4503.68,4499.63,4503.07,1900,43
2026.05.19 18:10:00,4503.03,4503.39,4499.48,4499.51,1808,43
2026.05.19 18:20:00,4499.52,4500.01,4495.35,4495.92,1923,43
2026.05.19 18:30:00,4495.89,4499.93,4493.12,4499.78,1785,43
2026.05.19 18:40:00,4499.76,4500.76,4497.97,4499.23,1813,43
2026.05.19 18:50:00,4499.32,4499.56,4490.32,4493.51,1797,43
2026.05.19 19:00:00,4493.28,4496.51,4492.97,4495.35,1788,43
2026.05.19 19:10:00,4495.34,4497.49,4492.05,4492.71,1759,43
2026.05.19 19:20:00,4492.69,4492.92,4485.47,4486.82,1817,43
2026.05.19 19:30:00,4486.85,4489.8,4486.13,4487.49,1965,43
2026.05.19 19:40:00,4487.5,4488.74,4485.82,4486.55,1873,43
2026.05.19 19:50:00,4486.26,4486.95,4481.14,4483.34,1919,43
2026.05.19 20:00:00,4483.37,4486.05,4480.86,4485.32,1467,43
2026.05.19 20:10:00,4485.36,4486.9,4483.25,4485.28,1185,43
2026.05.19 20:20:00,4485.24,4488.06,4484.94,4486.08,1054,43
2026.05.19 20:30:00,4486.07,4486.16,4482.99,4483.09,1014,43
2026.05.19 20:40:00,4482.95,4484.34,4481.82,4482.91,1037,51
2026.05.19 20:50:00,4482.99,4484.06,4480.97,4481.2,744,48
2026.05.19 22:00:00,4481.75,4485.69,4481.46,4484.4,472,43
2026.05.19 22:10:00,4484.2,4484.52,4477.88,4479.93,678,43
2026.05.19 22:20:00,4479.82,4481.13,4478.33,4479.24,1044,43
2026.05.19 22:30:00,4479.25,4485.7,4477.26,4480.62,1413,43
2026.05.19 22:40:00,4480.56,4484.15,4479.7,4481.97,1396,43
2026.05.19 22:50:00,4482.01,4484.44,4479.19,4484.19,1426,43
2026.05.19 23:00:00,4483.98,4484.44,4479.73,4483.67,1149,43
2026.05.19 23:10:00,4483.78,4488.7,4483.19,4488.18,1252,43
2026.05.19 23:20:00,4488.16,4488.52,4484.93,4486.1,1164,43
2026.05.19 23:30:00,4486.09,4494.22,4485.59,4493.18,1649,43
2026.05.19 23:40:00,4493.19,4496.29,4489.8,4493.33,1430,43
2026.05.19 23:50:00,4493.35,4494.49,4488.09,4489.17,1513,43
2026.05.20 00:00:00,4489.05,4489.79,4479.52,4484.03,1828,43
2026.05.20 00:10:00,4484.04,4490.5,4481.67,4483.66,1882,43
2026.05.20 00:20:00,4483.43,4501.99,4481.19,4501.91,1998,43
2026.05.20 00:30:00,4501.84,4507.03,4499.66,4501.66,1933,43
2026.05.20 00:40:00,4501.75,4508.72,4501.05,4504.78,1859,43
2026.05.20 00:50:00,4504.62,4505.42,4497.82,4500.89,1902,43
2026.05.20 01:00:00,4500.89,4505.74,4487.9,4494.87,2018,43
2026.05.20 01:10:00,4494.96,4500.17,4491.14,4495.54,1891,43
2026.05.20 01:20:00,4495.62,4496.41,4472.55,4473.41,2101,43
2026.05.20 01:30:00,4473.5,4476.86,4456.33,4467.86,2148,43
2026.05.20 01:40:00,4467.92,4473.53,4461.68,4472.34,2247,43
2026.05.20 01:50:00,4472.31,4488.4,4472.31,4481.17,2101,43
2026.05.20 02:00:00,4481.13,4486.89,4478.47,4479.35,2099,43
2026.05.20 02:10:00,4479.42,4482.56,4476.06,4477.17,2007,43
2026.05.20 02:20:00,4477.17,4486.96,4476.36,4481.47,1973,43
2026.05.20 02:30:00,4481.45,4483.47,4465.63,4469.59,2021,43
2026.05.20 02:40:00,4469.55,4471.49,4459.26,4464.02,2051,43
2026.05.20 02:50:00,4464.29,4465.95,4458.5,4465.24,2070,43
2026.05.20 03:00:00,4465.16,4467.14,4453.56,4456.64,2144,43
2026.05.20 03:10:00,4456.71,4463.84,4455.91,4462.58,1995,43
2026.05.20 03:20:00,4462.62,4464.31,4459.76,4460.93,1939,43
2026.05.20 03:30:00,4460.38,4465.93,4457.45,4464.35,1980,43
2026.05.20 03:40:00,4464.35,4465.97,4458.09,4459.63,1829,43
2026.05.20 03:50:00,4459.56,4465.07,4458.6,4463.6,1684,43
2026.05.20 04:00:00,4463.62,4470.11,4463.23,4467.62,1750,43
2026.05.20 04:10:00,4467.57,4470.56,4465.29,4465.75,1682,43
2026.05.20 04:20:00,4465.71,4467.13,4462.25,4465.1,1841,43
2026.05.20 04:30:00,4465.06,4465.83,4460.62,4464.06,1729,43
2026.05.20 04:40:00,4464.04,4465.55,4456.57,4459.78,1866,43
2026.05.20 04:50:00,4459.82,4463.05,4459.26,4461.97,1603,43
2026.05.20 05:00:00,4461.87,4472.92,4461.57,4468.45,1808,43
2026.05.20 05:10:00,4468.47,4471.89,4467.11,4471.38,1553,43
2026.05.20 05:20:00,4471.77,4475.12,4466.95,4468.2,1773,43
2026.05.20 05:30:00,4468.29,4479.16,4468.29,4476.62,2172,43
2026.05.20 05:40:00,4476.6,4478.01,4463.2,4465.3,2123,43
2026.05.20 05:50:00,4465.31,4475.24,4464.34,4472.61,1943,43
2026.05.20 06:00:00,4472.25,4477.47,4468.91,4469.51,1959,43
2026.05.20 06:10:00,4469.46,4478.18,4467.37,4476.93,1929,43
2026.05.20 06:20:00,4476.9,4477.52,4467.81,4471.87,2058,43
2026.05.20 06:30:00,4471.78,4472.4,4461.3,4466.73,2017,43
2026.05.20 06:40:00,4466.7,4474.82,4463.76,4473.78,2076,43
2026.05.20 06:50:00,4473.68,4478.37,4471.22,4474.41,2119,43
2026.05.20 07:00:00,4474.05,4483.45,4471.77,4483.03,1931,35
2026.05.20 07:10:00,4483.01,4485.18,4477.84,4478.71,1996,35
2026.05.20 07:20:00,4478.67,4484.07,4476.31,4482.59,1953,35
2026.05.20 07:30:00,4482.61,4485.87,4475.93,4480.25,1991,35
2026.05.20 07:40:00,4480.14,4483.54,4476.21,4477.88,1882,35
2026.05.20 07:50:00,4477.87,4479.72,4475.0,4478.51,1786,35
2026.05.20 08:00:00,4478.52,4483.18,4476.64,4478.94,1718,35
2026.05.20 08:10:00,4478.82,4483.94,4477.33,4481.72,1839,35
2026.05.20 08:20:00,4481.66,4486.48,4478.19,4485.98,1917,35
2026.05.20 08:30:00,4486.61,4489.32,4478.57,4483.52,1846,35
2026.05.20 08:40:00,4483.49,4483.68,4476.71,4481.63,1978,35
2026.05.20 08:50:00,4481.79,4490.19,4481.32,4484.06,1951,35
2026.05.20 09:00:00,4483.57,4486.06,4481.47,4481.99,1825,35
2026.05.20 09:10:00,4482.11,4482.44,4479.02,4482.44,1901,35
2026.05.20 09:20:00,4482.39,4483.59,4472.79,4474.11,1915,35
2026.05.20 09:30:00,4474.01,4483.28,4472.8,4483.22,2153,35
2026.05.20 09:40:00,4483.18,4484.77,4481.75,4483.08,1771,35
2026.05.20 09:50:00,4483.09,4490.87,4482.67,4484.93,1749,35
2026.05.20 10:00:00,4484.86,4492.32,4484.66,4489.74,1717,35
2026.05.20 10:10:00,4490.07,4490.99,4486.76,4488.16,1522,35
2026.05.20 10:20:00,4488.18,4492.43,4488.05,4488.92,1683,35
2026.05.20 10:30:00,4489.06,4497.08,4488.47,4495.65,1697,35
2026.05.20 10:40:00,4495.66,4496.73,4492.14,4492.52,1814,35
2026.05.20 10:50:00,4492.55,4494.94,4490.33,4494.57,1719,35
2026.05.20 11:00:00,4494.49,4496.65,4492.7,4494.66,1751,35
2026.05.20 11:10:00,4494.64,4496.46,4491.65,4491.92,1628,35
2026.05.20 11:20:00,4491.85,4501.05,4491.06,4499.95,1725,35
2026.05.20 11:30:00,4499.87,4500.37,4495.89,4497.55,1776,35
2026.05.20 11:40:00,4497.64,4498.31,4491.99,4493.04,1763,35
2026.05.20 11:50:00,4493.01,4499.46,4490.81,4499.09,1776,35
2026.05.20 12:00:00,4498.96,4501.12,4495.77,4497.54,1828,35
2026.05.20 12:10:00,4497.58,4497.76,4493.93,4494.33,1749,35
2026.05.20 12:20:00,4494.45,4499.44,4492.93,4499.44,1841,35
2026.05.20 12:30:00,4499.71,4504.54,4499.25,4503.74,1910,35
2026.05.20 12:40:00,4503.7,4505.28,4501.2,4503.01,1819,35
2026.05.20 12:50:00,4502.88,4502.99,4493.88,4496.09,1828,35
2026.05.20 13:00:00,4496.14,4501.72,4493.8,4498.69,2131,35
2026.05.20 13:10:00,4498.61,4506.08,4497.27,4499.12,2231,35
2026.05.20 13:20:00,4499.15,4500.24,4489.53,4489.53,2088,35
2026.05.20 13:30:00,4489.51,4492.96,4484.43,4485.23,2085,35
2026.05.20 13:40:00,4485.22,4491.98,4482.83,4486.97,2056,35
2026.05.20 13:50:00,4486.88,4489.41,4481.94,4482.99,1997,35
2026.05.20 14:00:00,4484.08,4485.11,4474.9,4476.14,1988,35
2026.05.20 14:10:00,4476.03,4503.51,4467.0,4498.54,2292,35
2026.05.20 14:20:00,4498.05,4511.16,4495.78,4506.92,2257,35
2026.05.20 14:30:00,4506.87,4528.83,4506.87,4523.53,2317,35
2026.05.20 14:40:00,4523.67,4524.14,4516.71,4521.75,2083,35
2026.05.20 14:50:00,4521.88,4537.12,4520.99,4531.24,2076,35
2026.05.20 15:00:00,4531.04,4535.72,4523.76,4526.07,2020,35
2026.05.20 15:10:00,4526.28,4552.82,4523.09,4543.27,2150,35
2026.05.20 15:20:00,4543.32,4545.32,4528.47,4529.31,2093,35
2026.05.20 15:30:00,4529.33,4539.08,4527.73,4537.57,1985,35
2026.05.20 15:40:00,4537.63,4539.28,4534.62,4537.11,1900,35
2026.05.20 15:50:00,4537.09,4537.65,4527.14,4528.99,1942,35
2026.05.20 16:00:00,4529.13,4535.24,4528.28,4533.3,1802,35
2026.05.20 16:10:00,4533.28,4534.74,4529.47,4530.7,1730,35
2026.05.20 16:20:00,4530.72,4531.18,4524.03,4525.79,1910,35
2026.05.20 16:30:00,4525.95,4529.39,4524.12,4527.36,1772,35
2026.05.20 16:40:00,4527.45,4534.8,4527.26,4532.2,1809,35
2026.05.20 16:50:00,4532.13,4535.43,4530.9,4534.44,1708,35
2026.05.20 17:00:00,4534.63,4535.49,4531.25,4535.49,1699,43
2026.05.20 17:10:00,4535.59,4538.12,4532.89,4535.02,1783,43
2026.05.20 17:20:00,4535.04,4536.71,4530.73,4532.26,1870,43
2026.05.20 17:30:00,4532.89,4536.36,4529.7,4535.86,1753,43
2026.05.20 17:40:00,4535.76,4535.92,4532.22,4533.48,1703,43
2026.05.20 17:50:00,4533.49,4534.34,4530.1,4531.08,1623,43
2026.05.20 18:00:00,4531.28,4533.48,4528.9,4532.8,1750,43
2026.05.20 18:10:00,4532.82,4536.48,4532.13,4536.09,1776,43
2026.05.20 18:20:00,4536.12,4536.43,4531.82,4534.89,1838,43
2026.05.20 18:30:00,4534.87,4543.37,4534.87,4542.74,1782,43
2026.05.20 18:40:00,4542.77,4543.11,4536.62,4539.56,1814,43
2026.05.20 18:50:00,4539.55,4544.92,4539.07,4542.23,1767,43
2026.05.20 19:00:00,4542.25,4544.58,4541.69,4543.28,1664,43
2026.05.20 19:10:00,4543.31,4545.61,4542.83,4545.57,1655,43
2026.05.20 19:20:00,4545.58,4545.92,4543.23,4544.92,1684,43
2026.05.20 19:30:00,4545.01,4550.2,4545.01,4548.12,1747,43
2026.05.20 19:40:00,4547.93,4549.18,4545.35,4546.2,1731,43
2026.05.20 19:50:00,4545.52,4548.61,4545.23,4545.6,1785,43
2026.05.20 20:00:00,4545.6,4547.92,4545.24,4546.2,1353,43
2026.05.20 20:10:00,4546.36,4550.3,4545.31,4547.17,1323,43
2026.05.20 20:20:00,4546.29,4546.5,4543.09,4545.56,1799,43
2026.05.20 20:30:00,4545.63,4546.18,4543.04,4543.66,1378,43
2026.05.20 20:40:00,4543.34,4544.48,4542.27,4542.76,1331,51
2026.05.20 20:50:00,4542.77,4543.95,4541.93,4543.17,841,48
2026.05.20 22:00:00,4547.26,4547.26,4539.7,4539.7,882,43
2026.05.20 22:10:00,4539.65,4542.52,4537.23,4537.67,1428,43
2026.05.20 22:20:00,4537.76,4539.15,4535.27,4538.85,1221,43
2026.05.20 22:30:00,4538.87,4543.38,4538.7,4542.71,1183,43
2026.05.20 22:40:00,4542.65,4544.58,4540.41,4541.33,1152,43
2026.05.20 22:50:00,4541.33,4542.2,4537.25,4539.73,1354,43
2026.05.20 23:00:00,4539.79,4543.04,4538.57,4538.57,1118,43
2026.05.20 23:10:00,4538.56,4540.55,4537.9,4538.93,1099,43
2026.05.20 23:20:00,4538.88,4539.17,4534.5,4538.37,1345,43
2026.05.20 23:30:00,4538.36,4545.32,4537.87,4545.32,1219,43
2026.05.20 23:40:00,4545.3,4546.92,4541.77,4545.09,1338,43
2026.05.20 23:50:00,4545.07,4546.44,4542.89,4546.44,1236,43
2026.05.21 00:00:00,4546.43,4548.55,4540.06,4544.3,1985,43
2026.05.21 00:10:00,4544.34,4553.18,4540.09,4545.85,1975,43
2026.05.21 00:20:00,4545.82,4546.35,4537.35,4543.83,1820,43
2026.05.21 00:30:00,4543.57,4545.09,4539.73,4542.33,1760,43
2026.05.21 00:40:00,4542.27,4544.81,4541.33,4544.29,1560,43
2026.05.21 00:50:00,4544.28,4548.65,4543.56,4545.17,1720,43
2026.05.21 01:00:00,4545.2,4550.84,4539.77,4549.68,2346,43
2026.05.21 01:10:00,4549.57,4561.19,4549.33,4559.35,2253,43
2026.05.21 01:20:00,4559.46,4567.52,4557.16,4567.05,2350,43
2026.05.21 01:30:00,4566.89,4569.11,4561.47,4565.52,1999,43
2026.05.21 01:40:00,4565.5,4570.79,4565.25,4565.25,2135,43
2026.05.21 01:50:00,4565.1,4565.65,4559.0,4560.88,1923,43
2026.05.21 02:00:00,4561.12,4564.78,4555.11,4555.65,1940,43
2026.05.21 02:10:00,4555.76,4555.76,4547.07,4548.79,2043,43
2026.05.21 02:20:00,4548.77,4549.38,4539.28,4540.06,1870,43
2026.05.21 02:30:00,4539.94,4542.07,4534.06,4539.67,2233,43
2026.05.21 02:40:00,4539.73,4540.05,4531.43,4534.33,2259,43
2026.05.21 02:50:00,4534.31,4536.55,4532.52,4533.12,2081,43
2026.05.21 03:00:00,4533.03,4537.56,4531.51,4537.09,2070,43
2026.05.21 03:10:00,4536.98,4538.91,4532.88,4535.36,1787,43
2026.05.21 03:20:00,4535.37,4540.17,4534.13,4535.65,1875,43
2026.05.21 03:30:00,4535.74,4537.17,4531.72,4532.55,1519,43
2026.05.21 03:40:00,4532.54,4536.1,4531.42,4531.53,1381,43
2026.05.21 03:50:00,4531.55,4531.82,4527.2,4528.15,1791,43
2026.05.21 04:00:00,4527.92,4533.54,4527.26,4532.49,1623,43
2026.05.21 04:10:00,4532.5,4536.42,4532.31,4534.41,1539,43
2026.05.21 04:20:00,4534.48,4540.01,4534.35,4539.71,1302,43
2026.05.21 04:30:00,4539.74,4540.18,4533.73,4537.1,1455,43
2026.05.21 04:40:00,4537.11,4538.14,4535.37,4536.26,1184,43
2026.05.21 04:50:00,4536.25,4539.22,4535.67,4538.31,1284,43
2026.05.21 05:00:00,4538.43,4540.15,4530.91,4531.64,1710,43
2026.05.21 05:10:00,4531.69,4533.14,4526.05,4526.98,1798,43
2026.05.21 05:20:00,4527.02,4528.02,4521.46,4522.72,1798,43
2026.05.21 05:30:00,4523.09,4527.16,4518.62,4525.62,2235,43
2026.05.21 05:40:00,4525.65,4526.68,4518.47,4522.9,2053,43
2026.05.21 05:50:00,4523.3,4529.84,4522.69,4527.85,1852,43
2026.05.21 06:00:00,4526.76,4535.3,4526.51,4531.15,1912,43
2026.05.21 06:10:00,4531.07,4532.76,4527.27,4530.41,1966,43
2026.05.21 06:20:00,4530.4,4539.87,4529.45,4532.94,1872,43
2026.05.21 06:30:00,4532.95,4534.99,4527.27,4527.49,1817,43
2026.05.21 06:40:00,4527.81,4527.85,4521.76,4523.71,1831,43
2026.05.21 06:50:00,4523.75,4524.14,4518.73,4521.48,2053,43
2026.05.21 07:00:00,4521.64,4524.44,4518.21,4521.94,1724,35
2026.05.21 07:10:00,4521.86,4522.16,4517.35,4521.13,1699,35
2026.05.21 07:20:00,4521.19,4523.46,4511.86,4512.78,1714,35
2026.05.21 07:30:00,4512.83,4517.36,4512.2,4515.37,1643,35
2026.05.21 07:40:00,4515.35,4518.04,4514.03,4518.0,1431,35
2026.05.21 07:50:00,4517.98,4523.27,4515.67,4519.59,1616,35
2026.05.21 08:00:00,4519.61,4529.07,4518.27,4528.56,1742,35
2026.05.21 08:10:00,4528.48,4536.69,4527.52,4530.36,1929,35
2026.05.21 08:20:00,4530.32,4536.61,4529.16,4535.72,1709,35
2026.05.21 08:30:00,4535.03,4535.55,4526.68,4527.99,1786,35
2026.05.21 08:40:00,4528.1,4532.85,4527.86,4530.52,1674,35
2026.05.21 08:50:00,4530.5,4534.52,4529.96,4532.45,1772,35
2026.05.21 09:00:00,4532.11,4535.91,4531.74,4533.65,1793,35
2026.05.21 09:10:00,4533.6,4541.09,4533.03,4540.4,1785,35
2026.05.21 09:20:00,4540.45,4542.46,4535.5,4536.87,1695,35
2026.05.21 09:30:00,4536.78,4542.8,4532.52,4532.63,1722,35
2026.05.21 09:40:00,4532.72,4534.67,4527.79,4531.37,1737,35
2026.05.21 09:50:00,4531.35,4532.98,4529.66,4530.59,1564,35
2026.05.21 10:00:00,4530.5,4535.22,4529.98,4534.67,1644,35
2026.05.21 10:10:00,4534.86,4535.22,4529.98,4534.35,1879,35
2026.05.21 10:20:00,4534.41,4534.67,4510.53,4518.0,1927,35
2026.05.21 10:30:00,4518.25,4518.25,4507.35,4508.75,2052,35
2026.05.21 10:40:00,4508.65,4518.09,4504.85,4516.51,1976,35
2026.05.21 10:50:00,4516.94,4517.27,4510.76,4511.4,1914,35
2026.05.21 11:00:00,4510.86,4519.77,4510.69,4516.7,1896,35
2026.05.21 11:10:00,4516.69,4519.81,4515.2,4519.17,1809,35
2026.05.21 11:20:00,4519.15,4521.1,4512.47,4514.01,1833,35
2026.05.21 11:30:00,4514.11,4515.88,4508.04,4510.71,1695,35
2026.05.21 11:40:00,4510.65,4515.05,4510.28,4513.31,1767,35
2026.05.21 11:50:00,4513.28,4517.23,4510.81,4514.01,1728,35
2026.05.21 12:00:00,4514.48,4518.3,4513.67,4518.02,1782,35
2026.05.21 12:10:00,4517.94,4519.17,4509.81,4512.52,1828,35
2026.05.21 12:20:00,4512.47,4512.57,4504.37,4506.87,1874,35
2026.05.21 12:30:00,4506.91,4517.52,4505.32,4511.93,1965,35
2026.05.21 12:40:00,4511.86,4518.07,4509.68,4510.23,1881,35
2026.05.21 12:50:00,4510.18,4510.83,4502.46,4504.0,1861,35
2026.05.21 13:00:00,4503.7,4512.62,4499.55,4504.71,2100,35
2026.05.21 13:10:00,4504.73,4505.42,4497.12,4499.0,2054,35
2026.05.21 13:20:00,4498.89,4502.84,4495.5,4500.34,2101,35
2026.05.21 13:30:00,4500.71,4501.14,4488.54,4492.07,2180,35
2026.05.21 13:40:00,4492.09,4503.44,4491.9,4500.07,2066,35
2026.05.21 13:50:00,4499.67,4521.08,4499.44,4513.13,2225,35
2026.05.21 14:00:00,4513.19,4515.31,4502.7,4505.18,2096,35
2026.05.21 14:10:00,4504.97,4509.84,4498.62,4501.9,2139,35
2026.05.21 14:20:00,4501.91,4507.72,4498.12,4507.3,2097,35
2026.05.21 14:30:00,4507.31,4511.18,4505.09,4508.69,1969,35
2026.05.21 14:40:00,4508.74,4509.39,4501.7,4504.17,1965,35
2026.05.21 14:50:00,4504.46,4510.45,4501.93,4508.78,2007,35
2026.05.21 15:00:00,4508.71,4509.99,4496.58,4501.51,2073,35
2026.05.21 15:10:00,4501.43,4515.38,4499.39,4508.18,2064,35
2026.05.21 15:20:00,4508.12,4509.86,4502.23,4503.27,1952,35
2026.05.21 15:30:00,4503.21,4509.75,4502.51,4509.24,1839,35
2026.05.21 15:40:00,4509.42,4510.46,4506.42,4510.29,1765,35
2026.05.21 15:50:00,4510.67,4512.66,4509.29,4511.88,1851,35
2026.05.21 16:00:00,4512.04,4520.6,4512.04,4519.65,1953,35
2026.05.21 16:10:00,4519.68,4519.94,4514.53,4518.51,1943,35
2026.05.21 16:20:00,4518.49,4518.74,4515.44,4516.43,2008,35
2026.05.21 16:30:00,4516.35,4519.3,4516.0,4516.63,1859,35
2026.05.21 16:40:00,4516.81,4520.18,4515.47,4517.29,1748,35
2026.05.21 16:50:00,4517.48,4519.61,4516.22,4519.4,1814,35
2026.05.21 17:00:00,4519.63,4521.93,4514.06,4517.8,1938,43
2026.05.21 17:10:00,4517.79,4540.54,4517.76,4535.19,2221,43
2026.05.21 17:20:00,4535.18,4546.16,4533.12,4541.62,2119,43
2026.05.21 17:30:00,4541.61,4548.96,4538.58,4542.37,1942,43
2026.05.21 17:40:00,4542.41,4553.39,4542.29,4553.28,1947,43
2026.05.21 17:50:00,4553.18,4559.14,4551.21,4551.39,2002,43
2026.05.21 18:00:00,4551.44,4556.03,4542.97,4548.67,2045,43
2026.05.21 18:10:00,4548.72,4549.64,4544.23,4549.3,2005,43
2026.05.21 18:20:00,4549.29,4550.6,4546.67,4548.31,1921,43
2026.05.21 18:30:00,4548.32,4549.37,4542.47,4543.26,1842,43
2026.05.21 18:40:00,4543.62,4546.98,4535.75,4538.06,1933,43
2026.05.21 18:50:00,4538.32,4541.54,4527.35,4531.84,2116,43
2026.05.21 19:00:00,4531.39,4537.21,4529.77,4536.54,1974,43
2026.05.21 19:10:00,4536.51,4541.37,4534.4,4541.37,1887,43
2026.05.21 19:20:00,4541.32,4542.02,4537.62,4538.77,1807,43
2026.05.21 19:30:00,4538.62,4542.35,4538.54,4542.08,1686,43
2026.05.21 19:40:00,4542.22,4543.18,4538.93,4541.48,1653,43
2026.05.21 19:50:00,4542.16,4543.71,4534.64,4542.98,1924,43
2026.05.21 20:00:00,4543.44,4544.65,4541.07,4541.21,1615,43
2026.05.21 20:10:00,4541.23,4543.09,4541.06,4541.62,1187,43
2026.05.21 20:20:00,4541.7,4542.61,4540.14,4541.21,1030,43
2026.05.21 20:30:00,4541.23,4542.06,4540.19,4541.45,842,43
2026.05.21 20:40:00,4541.35,4541.69,4540.17,4540.41,713,51
2026.05.21 20:50:00,4539.99,4542.6,4539.67,4542.54,685,48
2026.05.21 22:00:00,4541.81,4545.84,4540.36,4540.45,780,43
2026.05.21 22:10:00,4540.42,4543.27,4539.75,4542.42,733,43
2026.05.21 22:20:00,4542.44,4542.49,4540.04,4541.1,783,43
2026.05.21 22:30:00,4541.38,4541.63,4539.72,4540.26,587,43
2026.05.21 22:40:00,4540.32,4543.66,4540.21,4542.09,808,43
2026.05.21 22:50:00,4542.08,4543.36,4540.77,4543.3,777,43
2026.05.21 23:00:00,4543.22,4545.06,4542.62,4543.2,916,43
2026.05.21 23:10:00,4543.19,4544.37,4541.14,4541.52,783,43
2026.05.21 23:20:00,4541.49,4541.77,4538.16,4540.45,881,43
2026.05.21 23:30:00,4540.4,4540.43,4535.53,4537.57,1007,43
2026.05.21 23:40:00,4537.55,4537.79,4532.56,4535.82,1407,43
2026.05.21 23:50:00,4535.81,4536.45,4532.46,4535.35,1278,43
2026.05.22 00:00:00,4535.64,4536.82,4530.81,4533.53,1807,43
2026.05.22 00:10:00,4533.5,4534.08,4530.21,4532.17,1717,43
2026.05.22 00:20:00,4532.16,4537.26,4531.86,4536.2,1604,43
2026.05.22 00:30:00,4536.2,4540.96,4535.74,4540.06,1664,43
2026.05.22 00:40:00,4540.02,4540.89,4533.87,4534.53,1523,43
2026.05.22 00:50:00,4534.53,4535.95,4525.55,4526.69,1804,43
2026.05.22 01:00:00,4526.66,4536.22,4523.23,4525.1,2340,43
2026.05.22 01:10:00,4525.18,4532.66,4524.44,4531.46,2004,43
2026.05.22 01:20:00,4531.69,4533.31,4526.22,4528.95,1915,43
2026.05.22 01:30:00,4528.92,4529.63,4521.96,4522.99,1966,43
2026.05.22 01:40:00,4523.0,4528.84,4521.01,4527.71,2219,43
2026.05.22 01:50:00,4527.72,4531.82,4525.04,4526.21,2124,43
2026.05.22 02:00:00,4526.16,4528.34,4521.38,4525.8,2088,43
2026.05.22 02:10:00,4525.84,4529.28,4523.74,4523.83,1624,43
2026.05.22 02:20:00,4523.76,4525.79,4522.41,4524.51,1542,43
2026.05.22 02:30:00,4524.48,4524.48,4518.42,4521.8,1935,43
2026.05.22 02:40:00,4521.72,4524.97,4521.32,4524.9,1666,43
2026.05.22 02:50:00,4524.9,4526.93,4519.39,4522.97,1768,43
2026.05.22 03:00:00,4522.95,4525.02,4521.05,4522.18,1774,43
2026.05.22 03:10:00,4522.19,4524.49,4519.92,4521.54,1584,43
2026.05.22 03:20:00,4521.48,4522.82,4519.08,4521.64,1541,43
2026.05.22 03:30:00,4521.73,4526.06,4521.63,4524.66,1515,43
2026.05.22 03:40:00,4524.57,4529.82,4523.48,4529.19,1219,43
2026.05.22 03:50:00,4528.97,4529.5,4526.29,4529.39,1083,43
2026.05.22 04:00:00,4529.46,4530.11,4528.16,4528.43,1173,43
2026.05.22 04:10:00,4528.41,4529.93,4527.73,4528.15,1181,43
2026.05.22 04:20:00,4528.14,4532.83,4527.51,4532.04,1342,43
2026.05.22 04:30:00,4532.01,4532.65,4526.05,4526.34,1356,43
2026.05.22 04:40:00,4526.31,4529.25,4525.37,4528.25,1165,43
2026.05.22 04:50:00,4528.27,4530.05,4526.97,4527.18,1011,43
2026.05.22 05:00:00,4527.11,4529.55,4523.67,4526.54,1297,43
2026.05.22 05:10:00,4526.51,4526.72,4523.3,4526.06,1145,43
2026.05.22 05:20:00,4526.03,4528.97,4525.6,4526.01,1325,43
2026.05.22 05:30:00,4525.85,4533.88,4525.16,4533.62,2136,43
2026.05.22 05:40:00,4533.64,4534.2,4530.99,4532.36,1984,43
2026.05.22 05:50:00,4532.22,4534.04,4507.34,4511.01,2035,43
2026.05.22 06:00:00,4511.11,4523.09,4510.15,4522.61,2087,43
2026.05.22 06:10:00,4522.45,4524.22,4516.35,4518.62,2116,43
2026.05.22 06:20:00,4518.66,4525.95,4517.12,4525.18,1985,43
2026.05.22 06:30:00,4525.14,4527.34,4522.72,4522.94,1842,43
2026.05.22 06:40:00,4523.01,4528.78,4521.56,4527.13,1880,43
2026.05.22 06:50:00,4527.11,4528.32,4523.82,4526.78,1865,43
2026.05.22 07:00:00,4526.52,4527.08,4522.78,4525.35,1742,35
2026.05.22 07:10:00,4525.33,4526.13,4521.4,4524.93,1692,35
2026.05.22 07:20:00,4524.95,4527.33,4524.36,4525.8,1625,35
2026.05.22 07:30:00,4525.84,4525.85,4517.4,4517.41,1678,35
2026.05.22 07:40:00,4517.29,4520.87,4516.12,4518.52,1689,35
2026.05.22 07:50:00,4518.53,4523.23,4517.81,4521.88,1628,35
2026.05.22 08:00:00,4522.11,4527.43,4521.54,4526.84,1720,35
2026.05.22 08:10:00,4526.96,4530.03,4523.82,4528.06,1783,35
2026.05.22 08:20:00,4528.04,4531.08,4524.33,4526.83,1743,35
2026.05.22 08:30:00,4526.91,4527.12,4516.98,4521.85,2327,35
2026.05.22 08:40:00,4521.85,4524.1,4521.02,4522.59,3092,35
2026.05.22 08:50:00,4522.59,4524.87,4521.47,4521.8,2365,35
2026.05.22 09:00:00,4521.69,4525.47,4520.13,4522.07,1609,35
2026.05.22 09:10:00,4522.09,4523.06,4515.04,4518.55,1717,35
2026.05.22 09:20:00,4518.5,4520.49,4517.07,4517.74,1653,35
2026.05.22 09:30:00,4517.65,4524.44,4514.79,4524.41,1666,35
2026.05.22 09:40:00,4524.32,4528.76,4522.82,4528.47,1564,35
2026.05.22 09:50:00,4528.49,4536.1,4528.49,4532.14,1745,35
2026.05.22 10:00:00,4532.37,4536.68,4529.55,4535.49,1637,35
2026.05.22 10:10:00,4535.45,4536.76,4531.38,4531.38,1612,35
2026.05.22 10:20:00,4531.35,4531.47,4524.52,4524.77,1617,35
2026.05.22 10:30:00,4524.72,4525.39,4514.54,4518.09,1883,35
2026.05.22 10:40:00,4518.07,4518.21,4510.28,4512.79,1920,35
2026.05.22 10:50:00,4512.91,4515.01,4511.9,4514.47,1715,35
2026.05.22 11:00:00,4514.29,4517.22,4513.77,4516.22,1627,35
2026.05.22 11:10:00,4516.25,4516.34,4511.84,4512.97,1781,35
2026.05.22 11:20:00,4512.93,4514.92,4511.8,4511.99,1490,35
2026.05.22 11:30:00,4512.04,4520.25,4511.46,4518.68,1668,35
2026.05.22 11:40:00,4518.71,4525.12,4517.01,4522.41,1767,35
2026.05.22 11:50:00,4522.43,4523.94,4519.96,4520.6,1642,35
2026.05.22 12:00:00,4520.42,4523.06,4519.03,4519.91,1769,35
2026.05.22 12:10:00,4519.85,4535.74,4519.51,4533.16,2015,35
2026.05.22 12:20:00,4533.2,4534.09,4520.97,4521.69,1920,35
2026.05.22 12:30:00,4521.62,4523.53,4515.0,4517.71,1985,35
2026.05.22 12:40:00,4517.75,4519.86,4516.17,4518.6,1886,35
2026.05.22 12:50:00,4518.57,4528.24,4518.32,4528.16,1977,35
2026.05.22 13:00:00,4528.5,4532.58,4520.75,4531.7,1967,35
2026.05.22 13:10:00,4532.22,4534.18,4525.75,4527.17,1951,35
2026.05.22 13:20:00,4527.21,4528.3,4521.37,4521.94,1892,35
2026.05.22 13:30:00,4521.44,4527.05,4518.31,4519.68,2030,35
2026.05.22 13:40:00,4519.75,4519.75,4510.33,4510.84,2054,35
2026.05.22 13:50:00,4510.98,4517.63,4510.28,4513.68,1995,35
2026.05.22 14:00:00,4513.44,4513.44,4503.1,4509.97,2156,35
2026.05.22 14:10:00,4510.04,4511.03,4492.71,4497.84,2164,35
2026.05.22 14:20:00,4497.97,4499.86,4491.75,4498.97,2106,35
2026.05.22 14:30:00,4499.24,4504.13,4497.22,4500.34,1976,35
2026.05.22 14:40:00,4500.33,4507.22,4500.28,4504.36,1848,35
2026.05.22 14:50:00,4504.0,4504.6,4500.35,4500.51,1765,35
2026.05.22 15:00:00,4500.56,4511.1,4500.21,4511.1,1805,35
2026.05.22 15:10:00,4510.96,4516.41,4509.62,4515.79,1841,35
2026.05.22 15:20:00,4515.78,4519.3,4513.47,4519.3,1873,35
2026.05.22 15:30:00,4519.34,4522.29,4518.36,4520.66,1857,35
2026.05.22 15:40:00,4520.64,4521.24,4514.62,4514.78,1925,35
2026.05.22 15:50:00,4515.22,4521.87,4514.73,4520.05,1957,35
2026.05.22 16:00:00,4519.97,4520.34,4516.88,4517.83,1785,35
2026.05.22 16:10:00,4517.78,4519.9,4516.94,4517.06,1637,35
2026.05.22 16:20:00,4517.07,4524.17,4516.87,4523.66,1796,35
2026.05.22 16:30:00,4523.67,4526.74,4518.77,4519.53,1934,35
2026.05.22 16:40:00,4519.5,4519.56,4513.42,4513.57,2007,35
2026.05.22 16:50:00,4513.64,4515.06,4512.3,4514.86,1898,35
2026.05.22 17:00:00,4514.93,4520.12,4514.73,4519.88,1886,35
2026.05.22 17:10:00,4520.0,4520.89,4514.64,4514.89,1852,43
2026.05.22 17:20:00,4514.52,4525.79,4512.96,4525.26,1978,43
2026.05.22 17:30:00,4525.32,4527.81,4519.25,4523.39,1913,43
2026.05.22 17:40:00,4523.42,4524.31,4520.73,4521.29,1777,43
2026.05.22 17:50:00,4521.21,4521.96,4518.51,4519.15,1869,43
2026.05.22 18:00:00,4519.18,4519.35,4511.89,4515.4,1839,43
2026.05.22 18:10:00,4515.41,4516.08,4512.44,4514.95,1740,43
2026.05.22 18:20:00,4514.96,4517.6,4514.81,4515.27,2105,35
2026.05.22 18:30:00,4515.27,4520.09,4513.77,4518.17,2256,35
2026.05.22 18:40:00,4518.16,4518.51,4512.82,4513.03,2408,35
2026.05.22 18:50:00,4513.04,4515.73,4512.8,4515.05,2181,35
2026.05.22 19:00:00,4515.05,4515.75,4507.85,4508.53,3167,35
2026.05.22 19:10:00,4508.51,4509.55,4506.92,4508.77,2530,35
2026.05.22 19:20:00,4508.78,4508.86,4506.23,4507.03,2012,35
2026.05.22 19:30:00,4506.96,4509.64,4504.14,4509.22,2126,35
2026.05.22 19:40:00,4509.17,4510.68,4506.83,4507.41,2238,35
2026.05.22 19:50:00,4507.41,4509.12,4506.55,4508.19,2352,35
2026.05.22 20:00:00,4508.19,4508.72,4504.69,4506.96,1455,35
2026.05.22 20:10:00,4506.96,4509.29,4506.22,4508.91,1036,43
2026.05.22 20:20:00,4508.82,4510.34,4508.36,4510.14,985,35
2026.05.22 20:30:00,4510.14,4510.39,4505.72,4506.55,1460,35
2026.05.22 20:40:00,4506.36,4508.29,4504.03,4506.83,1466,43
2026.05.22 20:50:00,4506.74,4509.65,4504.89,4509.2,1114,42
2026.05.24 22:00:00,4543.03,4557.14,4541.42,4554.59,2882,35
2026.05.24 22:10:00,4554.64,4557.8,4548.8,4552.21,3567,35
2026.05.24 22:20:00,4552.21,4555.57,4551.24,4551.94,2551,35
2026.05.24 22:30:00,4551.85,4560.75,4551.5,4557.95,2662,35
2026.05.24 22:40:00,4557.94,4565.37,4556.53,4565.07,2377,35
2026.05.24 22:50:00,4565.07,4565.39,4561.6,4564.88,2106,35
2026.05.24 23:00:00,4564.88,4573.91,4564.88,4572.64,2854,35
2026.05.24 23:10:00,4572.64,4577.44,4572.64,4574.12,2329,35
2026.05.24 23:20:00,4574.12,4578.26,4573.67,4574.88,2041,35
2026.05.24 23:30:00,4574.88,4579.24,4574.81,4578.77,2297,35
2026.05.24 23:40:00,4578.75,4579.62,4575.3,4576.9,2262,35
2026.05.24 23:50:00,4576.89,4576.89,4565.9,4567.05,2787,35
2026.05.25 00:00:00,4567.05,4574.21,4566.18,4572.89,3276,35
2026.05.25 00:10:00,4572.91,4575.86,4569.93,4571.36,3265,35
2026.05.25 00:20:00,4571.36,4575.39,4569.86,4572.2,2677,35
2026.05.25 00:30:00,4572.19,4575.53,4571.7,4574.87,2373,35
2026.05.25 00:40:00,4574.86,4579.53,4570.77,4576.57,2567,35
2026.05.25 00:50:00,4576.57,4577.51,4566.08,4569.22,3417,35
2026.05.25 01:00:00,4569.29,4576.12,4560.37,4561.85,5057,35
2026.05.25 01:10:00,4561.87,4566.6,4561.49,4566.19,4045,35
2026.05.25 01:20:00,4566.19,4575.38,4565.42,4573.36,3562,35
2026.05.25 01:30:00,4573.34,4574.71,4568.68,4570.36,3334,35
2026.05.25 01:40:00,4570.39,4570.96,4560.12,4563.6,3558,35
2026.05.25 01:50:00,4563.6,4567.18,4560.9,4562.71,3102,35
2026.05.25 02:00:00,4562.71,4568.17,4561.27,4567.61,3233,35
2026.05.25 02:10:00,4567.58,4567.93,4558.78,4561.57,3065,35
2026.05.25 02:20:00,4561.67,4563.29,4559.57,4562.8,2142,35
2026.05.25 02:30:00,4562.79,4565.59,4561.59,4565.24,3070,35
2026.05.25 02:40:00,4565.24,4570.08,4562.25,4563.2,2956,35
2026.05.25 02:50:00,4563.18,4564.82,4559.45,4561.27,2621,35
2026.05.25 03:00:00,4561.27,4564.33,4560.3,4562.9,2672,35
2026.05.25 03:10:00,4562.9,4563.49,4561.5,4562.03,2095,35
2026.05.25 03:20:00,4562.03,4564.38,4560.07,4560.55,2191,35
2026.05.25 03:30:00,4560.65,4564.04,4559.43,4562.72,2101,35
2026.05.25 03:40:00,4562.72,4562.75,4556.94,4558.52,1560,35
2026.05.25 03:50:00,4558.51,4561.16,4556.53,4559.61,1412,43
2026.05.25 04:00:00,4559.62,4562.02,4559.3,4561.61,1167,43
2026.05.25 04:10:00,4561.59,4562.53,4559.93,4561.01,1100,43
2026.05.25 04:20:00,4561.03,4565.68,4561.03,4565.07,1251,43
2026.05.25 04:30:00,4565.08,4565.42,4559.54,4561.92,1487,43
2026.05.25 04:40:00,4561.96,4564.29,4560.62,4563.77,841,43
2026.05.25 04:50:00,4563.7,4565.61,4563.23,4564.74,937,43
2026.05.25 05:00:00,4564.74,4565.87,4562.95,4564.43,967,43
2026.05.25 05:10:00,4564.46,4565.09,4562.39,4562.83,1009,43
2026.05.25 05:20:00,4562.81,4562.91,4553.96,4554.09,1457,43
2026.05.25 05:30:00,4554.11,4560.63,4552.64,4559.82,1981,43
2026.05.25 05:40:00,4559.87,4560.84,4554.37,4554.67,1694,43
2026.05.25 05:50:00,4554.69,4555.3,4551.83,4553.25,1731,43
2026.05.25 06:00:00,4553.13,4555.71,4550.33,4552.04,2014,43
2026.05.25 06:10:00,4552.06,4555.23,4551.44,4554.35,1896,43
2026.05.25 06:20:00,4554.33,4557.13,4552.09,4554.09,1938,43
2026.05.25 06:30:00,4554.1,4557.27,4553.45,4555.26,1693,43
2026.05.25 06:40:00,4555.27,4559.14,4555.04,4557.6,1825,43
2026.05.25 06:50:00,4557.63,4563.12,4556.3,4562.35,2027,43
2026.05.25 07:00:00,4562.58,4564.71,4561.06,4562.07,1685,35
2026.05.25 07:10:00,4561.89,4564.33,4553.23,4555.42,1864,35
2026.05.25 07:20:00,4555.44,4556.98,4552.54,4554.41,1825,35
2026.05.25 07:30:00,4554.42,4561.75,4554.16,4558.82,1626,35
2026.05.25 07:40:00,4558.79,4562.16,4558.52,4562.14,1429,35
2026.05.25 07:50:00,4562.13,4565.05,4561.67,4564.72,1512,35
2026.05.25 08:00:00,4564.71,4564.93,4559.77,4561.39,1508,35
2026.05.25 08:10:00,4561.42,4561.98,4559.45,4560.65,1139,35
2026.05.25 08:20:00,4560.93,4561.05,4553.72,4554.87,1648,35
2026.05.25 08:30:00,4555.1,4557.96,4554.16,4556.01,1448,35
2026.05.25 08:40:00,4555.99,4556.41,4553.35,4554.46,1331,35
2026.05.25 08:50:00,4554.47,4556.53,4554.19,4556.07,1113,35
2026.05.25 09:00:00,4556.06,4558.66,4554.96,4555.02,1175,35
2026.05.25 09:10:00,4555.07,4557.42,4554.96,4556.38,1084,35
2026.05.25 09:20:00,4556.33,4558.9,4555.44,4558.8,1080,35
2026.05.25 09:30:00,4558.79,4565.61,4558.31,4564.68,1783,35
2026.05.25 09:40:00,4564.66,4566.72,4563.62,4566.37,1369,35
2026.05.25 09:50:00,4566.38,4569.05,4566.14,4567.56,1507,35
2026.05.25 10:00:00,4567.61,4570.91,4567.54,4570.9,1505,35
2026.05.25 10:10:00,4570.89,4573.66,4569.9,4572.71,1726,35
2026.05.25 10:20:00,4572.68,4572.75,4569.83,4570.89,1537,35
2026.05.25 10:30:00,4570.92,4573.1,4570.03,4570.74,1392,35
2026.05.25 10:40:00,4570.76,4572.27,4568.45,4570.3,1397,35
2026.05.25 10:50:00,4570.43,4570.43,4568.44,4568.57,1090,35
2026.05.25 11:00:00,4568.72,4568.74,4567.55,4568.23,987,35
2026.05.25 11:10:00,4568.27,4575.17,4568.21,4574.88,1438,35
2026.05.25 11:20:00,4574.92,4575.06,4569.47,4571.58,1398,35
2026.05.25 11:30:00,4571.58,4576.11,4571.51,4575.87,1564,35
2026.05.25 11:40:00,4575.86,4576.9,4571.1,4571.1,1583,35
2026.05.25 11:50:00,4571.11,4571.85,4569.37,4569.46,1420,35
2026.05.25 12:00:00,4569.32,4569.49,4557.17,4560.22,2129,35
2026.05.25 12:10:00,4560.19,4561.31,4553.74,4554.04,1979,35
2026.05.25 12:20:00,4554.02,4560.89,4552.8,4560.31,1742,35
2026.05.25 12:30:00,4560.32,4570.1,4559.84,4568.78,1868,35
2026.05.25 12:40:00,4568.79,4569.2,4564.26,4566.18,1839,35
2026.05.25 12:50:00,4566.17,4568.71,4565.87,4567.62,1644,35
2026.05.25 13:00:00,4567.56,4571.13,4561.58,4568.4,2303,35
2026.05.25 13:10:00,4568.32,4568.51,4560.5,4562.15,2121,35
2026.05.25 13:20:00,4562.16,4564.54,4560.83,4561.78,1862,35
2026.05.25 13:30:00,4561.58,4565.5,4561.43,4564.14,1914,35
2026.05.25 13:40:00,4564.17,4565.45,4560.19,4561.47,1835,35
2026.05.25 13:50:00,4561.46,4564.9,4560.6,4563.08,1894,35
2026.05.25 14:00:00,4563.04,4569.84,4562.35,4569.48,1912,35
2026.05.25 14:10:00,4569.38,4569.85,4566.89,4568.27,1654,35
2026.05.25 14:20:00,4568.29,4570.46,4567.29,4567.81,1726,35
2026.05.25 14:30:00,4567.83,4568.27,4565.03,4567.53,1746,35
2026.05.25 14:40:00,4567.58,4568.44,4566.23,4568.11,1675,35
2026.05.25 14:50:00,4568.26,4568.89,4565.31,4566.75,1690,35
2026.05.25 15:00:00,4566.64,4569.12,4565.57,4566.6,1690,35
2026.05.25 15:10:00,4566.58,4573.39,4566.01,4570.38,1798,35
2026.05.25 15:20:00,4570.35,4574.67,4570.2,4573.27,1778,35
2026.05.25 15:30:00,4573.33,4573.36,4566.66,4568.64,1538,35
2026.05.25 15:40:00,4568.68,4570.54,4567.76,4570.29,1322,35
2026.05.25 15:50:00,4570.28,4572.69,4570.2,4570.82,1097,35
2026.05.25 16:00:00,4570.87,4570.95,4568.56,4569.31,1230,35
2026.05.25 16:10:00,4569.32,4570.67,4568.68,4568.77,1002,35
2026.05.25 16:20:00,4568.79,4570.28,4568.06,4568.16,944,35
2026.05.25 16:30:00,4568.14,4571.02,4567.92,4570.95,1269,35
2026.05.25 16:40:00,4570.94,4573.29,4570.42,4572.9,1303,35
2026.05.25 16:50:00,4572.89,4574.57,4570.82,4573.52,1368,35
2026.05.25 17:00:00,4573.33,4576.47,4573.31,4575.93,1337,35
2026.05.25 17:10:00,4575.94,4577.72,4573.52,4573.81,1460,43
2026.05.25 17:20:00,4573.79,4573.79,4570.29,4571.33,997,43
2026.05.25 17:30:00,4571.26,4571.39,4567.73,4567.79,797,43
2026.05.25 17:40:00,4567.77,4568.03,4563.34,4565.03,1373,43
2026.05.25 17:50:00,4565.17,4565.61,4563.6,4565.0,822,43
2026.05.25 18:00:00,4564.98,4571.31,4564.31,4570.09,1001,43
2026.05.25 18:10:00,4570.12,4570.56,4568.01,4568.75,832,43
2026.05.25 18:20:00,4568.76,4570.57,4567.25,4570.49,697,43
2026.05.25 22:00:00,4572.26,4572.88,4570.48,4572.51,746,43
2026.05.25 22:10:00,4572.54,4575.28,4572.09,4573.78,976,43
2026.05.25 22:20:00,4573.78,4575.37,4572.76,4573.06,980,43
2026.05.25 22:30:00,4573.07,4573.33,4569.52,4572.68,1153,43
2026.05.25 22:40:00,4572.72,4575.12,4571.64,4573.81,1124,43
2026.05.25 22:50:00,4573.84,4576.52,4573.83,4574.77,1096,43
2026.05.25 23:00:00,4574.79,4576.62,4573.64,4576.14,1184,43
2026.05.25 23:10:00,4576.14,4580.53,4575.39,4577.28,1149,43
2026.05.25 23:20:00,4577.35,4577.91,4567.06,4568.0,1457,43
2026.05.25 23:30:00,4568.18,4568.42,4555.08,4561.49,2068,43
2026.05.25 23:40:00,4561.5,4562.16,4555.0,4559.25,1743,43
2026.05.25 23:50:00,4559.27,4562.75,4558.47,4559.5,1438,43
2026.05.26 00:00:00,4559.85,4559.85,4548.73,4549.47,2072,43
2026.05.26 00:10:00,4549.48,4553.25,4541.35,4545.78,2071,43
2026.05.26 00:20:00,4545.75,4550.13,4541.34,4549.16,1950,43
2026.05.26 00:30:00,4549.25,4552.88,4546.16,4547.07,1734,43
2026.05.26 00:40:00,4547.13,4551.55,4543.52,4544.86,1892,43
2026.05.26 00:50:00,4544.85,4550.06,4539.51,4549.49,1976,43
2026.05.26 01:00:00,4549.51,4549.8,4542.3,4545.46,2194,43
2026.05.26 01:10:00,4545.75,4549.13,4545.47,4546.71,1866,43
2026.05.26 01:20:00,4546.71,4547.92,4541.61,4543.62,1889,43
2026.05.26 01:30:00,4543.61,4544.06,4527.49,4529.5,2100,43
2026.05.26 01:40:00,4529.69,4535.04,4527.92,4533.11,1988,43
2026.05.26 01:50:00,4533.2,4537.23,4531.4,4536.88,1921,43
2026.05.26 02:00:00,4536.86,4538.85,4535.34,4538.43,1733,43
2026.05.26 02:10:00,4538.55,4539.45,4536.44,4538.28,1445,43
2026.05.26 02:20:00,4538.33,4538.45,4536.25,4536.7,1348,43
2026.05.26 02:30:00,4536.7,4538.36,4533.67,4537.39,1760,43
2026.05.26 02:40:00,4537.41,4538.42,4531.17,4532.45,1697,43
2026.05.26 02:50:00,4532.46,4534.61,4530.06,4532.05,1618,43
2026.05.26 03:00:00,4532.07,4536.47,4531.91,4535.59,1548,43
2026.05.26 03:10:00,4535.58,4538.87,4534.77,4538.35,1452,43
2026.05.26 03:20:00,4538.37,4543.59,4538.09,4542.1,1639,43
2026.05.26 03:30:00,4542.13,4545.3,4541.73,4543.3,1205,43
2026.05.26 03:40:00,4543.3,4544.32,4540.77,4541.78,1015,43
2026.05.26 03:50:00,4541.76,4543.68,4541.19,4542.23,889,43
2026.05.26 04:00:00,4542.25,4543.11,4539.01,4539.11,908,43
2026.05.26 04:10:00,4539.16,4539.79,4536.12,4538.02,1217,43
2026.05.26 04:20:00,4538.07,4538.37,4532.41,4532.46,919,43
2026.05.26 04:30:00,4532.44,4533.1,4525.78,4527.66,1484,43
2026.05.26 04:40:00,4527.71,4529.13,4524.64,4527.48,1389,43
2026.05.26 04:50:00,4527.41,4528.94,4523.45,4525.31,1399,43
2026.05.26 05:00:00,4525.3,4530.53,4522.96,4530.35,1687,43
2026.05.26 05:10:00,4530.34,4531.33,4528.82,4529.29,1298,43
2026.05.26 05:20:00,4529.19,4531.33,4528.7,4531.16,1088,43
2026.05.26 05:30:00,4530.94,4535.02,4530.19,4532.5,1911,43
2026.05.26 05:40:00,4532.51,4532.79,4526.27,4527.73,2196,43
2026.05.26 05:50:00,4527.67,4528.68,4523.44,4527.17,2048,43
2026.05.26 06:00:00,4527.04,4532.16,4526.87,4530.89,1921,43
2026.05.26 06:10:00,4530.95,4532.72,4528.94,4530.73,1837,43
2026.05.26 06:20:00,4530.77,4536.06,4528.22,4530.37,1802,43
2026.05.26 06:30:00,4530.3,4533.25,4528.63,4531.53,1710,43
2026.05.26 06:40:00,4531.64,4533.93,4528.63,4529.51,1790,43
2026.05.26 06:50:00,4529.53,4533.32,4528.38,4530.88,1687,43
2026.05.26 07:00:00,4531.06,4533.82,4527.56,4527.59,1779,35
2026.05.26 07:10:00,4527.37,4530.31,4522.02,4526.73,1794,35
2026.05.26 07:20:00,4526.75,4531.1,4525.12,4529.54,1732,35
2026.05.26 07:30:00,4529.59,4529.7,4521.61,4523.11,1734,35
2026.05.26 07:40:00,4523.09,4533.35,4522.03,4533.33,1858,35
2026.05.26 07:50:00,4533.3,4538.84,4531.48,4538.14,1890,35
2026.05.26 08:00:00,4538.16,4538.57,4532.74,4533.11,1825,35
2026.05.26 08:10:00,4533.04,4533.5,4527.08,4529.53,1629,35
2026.05.26 08:20:00,4529.54,4529.9,4520.57,4522.39,1792,35
2026.05.26 08:30:00,4522.25,4523.77,4520.08,4522.28,1823,35
2026.05.26 08:40:00,4522.41,4527.33,4521.45,4522.22,1734,35
2026.05.26 08:50:00,4522.21,4525.2,4520.19,4523.64,1681,35
2026.05.26 09:00:00,4524.16,4524.94,4522.13,4523.35,1581,35
2026.05.26 09:10:00,4523.33,4525.48,4518.14,4524.53,1651,35
2026.05.26 09:20:00,4524.47,4526.38,4520.79,4524.8,1823,35
2026.05.26 09:30:00,4524.81,4525.26,4515.94,4516.65,1822,35
2026.05.26 09:40:00,4516.68,4519.0,4512.0,4518.89,1956,35
2026.05.26 09:50:00,4518.86,4523.4,4516.82,4522.63,1866,35
2026.05.26 10:00:00,4522.69,4525.36,4519.35,4525.36,1776,35
2026.05.26 10:10:00,4525.49,4532.88,4525.0,4528.08,2064,35
2026.05.26 10:20:00,4528.19,4535.33,4527.56,4533.42,1667,35
2026.05.26 10:30:00,4533.44,4538.64,4533.4,4533.99,1719,35
2026.05.26 10:40:00,4534.02,4537.41,4531.39,4537.36,1747,35
2026.05.26 10:50:00,4537.42,4540.42,4533.71,4534.44,1886,35
2026.05.26 11:00:00,4534.71,4536.12,4532.78,4534.94,1640,35
2026.05.26 11:10:00,4534.91,4535.84,4529.92,4529.92,1674,35
2026.05.26 11:20:00,4529.93,4530.15,4522.74,4523.7,1957,35
2026.05.26 11:30:00,4523.52,4523.71,4507.1,4510.9,2232,35
2026.05.26 11:40:00,4510.77,4515.52,4504.42,4512.57,2287,35
2026.05.26 11:50:00,4512.48,4515.53,4503.5,4507.09,2330,35
2026.05.26 12:00:00,4507.06,4511.97,4504.54,4510.69,2130,35
2026.05.26 12:10:00,4510.57,4515.95,4507.56,4512.25,2076,35
2026.05.26 12:20:00,4511.92,4512.85,4503.67,4506.08,2074,35
2026.05.26 12:30:00,4506.16,4510.38,4500.65,4502.13,2321,35
2026.05.26 12:40:00,4502.21,4521.01,4502.08,4519.91,2219,35
2026.05.26 12:50:00,4519.79,4523.58,4517.57,4520.35,2172,35
2026.05.26 13:00:00,4520.33,4526.39,4519.33,4522.37,2186,35
2026.05.26 13:10:00,4522.32,4522.48,4516.47,4519.94,2132,35
2026.05.26 13:20:00,4519.97,4527.51,4519.95,4522.39,2134,35
2026.05.26 13:30:00,4522.58,4528.72,4521.25,4524.56,2058,35
2026.05.26 13:40:00,4524.6,4531.03,4524.26,4525.86,1990,35
2026.05.26 13:50:00,4525.92,4526.25,4512.15,4513.87,2204,35
2026.05.26 14:00:00,4514.19,4520.26,4511.18,4515.42,2022,35
2026.05.26 14:10:00,4515.47,4515.62,4507.8,4514.16,2012,35
2026.05.26 14:20:00,4514.23,4517.83,4512.6,4517.56,1863,35
2026.05.26 14:30:00,4517.26,4524.87,4516.76,4522.24,1886,35
2026.05.26 14:40:00,4522.46,4523.73,4518.55,4519.24,1772,35
2026.05.26 14:50:00,4519.22,4519.47,4512.64,4515.14,1811,35
2026.05.26 15:00:00,4515.21,4515.43,4508.01,4510.51,1920,35
2026.05.26 15:10:00,4510.53,4512.47,4505.07,4508.22,1898,35
2026.05.26 15:20:00,4508.14,4508.55,4504.8,4505.85,1761,35
2026.05.26 15:30:00,4506.11,4508.31,4502.24,4507.43,1869,35
2026.05.26 15:40:00,4507.49,4509.18,4506.39,4506.79,1790,35
2026.05.26 15:50:00,4506.71,4510.72,4505.93,4506.4,1751,35
2026.05.26 16:00:00,4506.81,4508.44,4502.19,4502.75,1778,35
2026.05.26 16:10:00,4502.94,4505.59,4499.63,4505.0,1852,35
2026.05.26 16:20:00,4505.2,4508.8,4502.39,4507.89,1746,35
2026.05.26 16:30:00,4507.91,4511.18,4507.29,4508.14,1833,35
2026.05.26 16:40:00,4508.17,4508.83,4503.13,4503.25,1768,35
2026.05.26 16:50:00,4503.24,4505.75,4502.97,4504.82,1781,35
2026.05.26 17:00:00,4504.79,4507.31,4503.15,4504.23,1878,43
2026.05.26 17:10:00,4504.31,4504.75,4503.19,4504.3,1735,43
2026.05.26 17:20:00,4504.26,4507.43,4500.32,4501.27,1942,43
2026.05.26 17:30:00,4501.16,4501.45,4497.25,4498.99,1926,43
2026.05.26 17:40:00,4499.01,4500.84,4496.89,4500.36,1805,43
2026.05.26 17:50:00,4500.38,4501.15,4489.94,4490.78,2002,43
2026.05.26 18:00:00,4490.63,4493.15,4482.25,4488.72,2318,43
2026.05.26 18:10:00,4488.73,4490.93,4485.44,4490.53,1837,43
2026.05.26 18:20:00,4490.54,4496.11,4490.31,4495.16,1718,43
2026.05.26 18:30:00,4495.13,4498.35,4494.08,4496.45,1525,43
2026.05.26 18:40:00,4496.44,4498.39,4495.1,4497.61,1465,43
2026.05.26 18:50:00,4497.63,4499.56,4497.34,4499.26,1686,43
2026.05.26 19:00:00,4499.41,4501.07,4497.6,4500.42,1636,43
2026.05.26 19:10:00,4500.41,4504.52,4499.01,4502.33,1534,43
2026.05.26 19:20:00,4502.32,4504.07,4501.14,4502.01,1546,43
2026.05.26 19:30:00,4502.0,4504.4,4500.75,4503.59,1597,43
2026.05.26 19:40:00,4503.49,4507.97,4503.41,4507.25,1582,43
2026.05.26 19:50:00,4507.64,4509.86,4505.64,4508.89,1881,43
2026.05.26 20:00:00,4508.94,4510.36,4506.1,4506.97,1210,43
2026.05.26 20:10:00,4506.91,4509.83,4506.29,4508.36,769,43
2026.05.26 20:20:00,4508.38,4509.13,4506.21,4506.48,709,43
2026.05.26 20:30:00,4506.49,4508.22,4505.86,4508.2,545,43
2026.05.26 20:40:00,4508.15,4510.13,4506.13,4506.48,716,52
2026.05.26 20:50:00,4506.33,4507.78,4503.96,4506.73,835,47
2026.05.26 22:00:00,4505.35,4510.15,4501.29,4504.57,393,35
2026.05.26 22:10:00,4504.58,4510.72,4501.73,4506.71,1393,35
2026.05.26 22:20:00,4507.01,4510.01,4502.37,4504.28,1354,43
2026.05.26 22:30:00,4504.3,4505.87,4497.91,4501.41,1359,43
2026.05.26 22:40:00,4501.44,4503.16,4499.46,4502.12,1055,43
2026.05.26 22:50:00,4502.15,4512.37,4501.76,4510.86,1296,43
2026.05.26 23:00:00,4510.88,4513.55,4509.5,4509.71,1230,43
2026.05.26 23:10:00,4509.76,4510.03,4507.52,4509.01,1078,43
2026.05.26 23:20:00,4508.99,4512.11,4504.38,4512.11,1382,43
2026.05.26 23:30:00,4512.12,4516.51,4510.99,4515.42,1463,43
2026.05.26 23:40:00,4515.38,4527.96,4514.97,4521.06,1886,43
2026.05.26 23:50:00,4521.11,4522.65,4518.53,4519.65,1430,43
2026.05.27 00:00:00,4519.56,4525.67,4517.25,4522.15,1747,43
2026.05.27 00:10:00,4522.16,4522.58,4519.96,4521.15,1692,43
2026.05.27 00:20:00,4521.18,4521.53,4514.01,4517.85,1696,43
2026.05.27 00:30:00,4517.88,4520.64,4517.43,4517.58,1396,43
2026.05.27 00:40:00,4517.12,4522.11,4516.79,4519.01,1416,43
2026.05.27 00:50:00,4519.03,4519.08,4514.61,4515.04,1588,43
2026.05.27 01:00:00,4515.04,4517.88,4512.54,4516.56,2135,43
2026.05.27 01:10:00,4516.58,4520.82,4515.61,4516.03,1938,43
2026.05.27 01:20:00,4515.98,4521.04,4514.36,4516.05,1650,43
2026.05.27 01:30:00,4515.7,4517.02,4511.46,4511.79,1553,43
2026.05.27 01:40:00,4511.81,4513.52,4506.8,4510.07,1503,43
2026.05.27 01:50:00,4510.07,4510.08,4506.92,4507.79,1381,43
2026.05.27 02:00:00,4507.87,4509.47,4502.09,4503.43,1715,43
2026.05.27 02:10:00,4503.45,4505.22,4498.97,4499.57,1662,43
2026.05.27 02:20:00,4499.61,4505.67,4499.25,4505.44,1324,43
2026.05.27 02:30:00,4505.45,4505.95,4500.22,4500.36,1580,43
2026.05.27 02:40:00,4500.35,4502.23,4498.07,4501.66,1498,43
2026.05.27 02:50:00,4501.75,4506.91,4501.75,4505.65,1365,43
2026.05.27 03:00:00,4505.64,4509.69,4504.93,4509.11,1371,43
2026.05.27 03:10:00,4509.09,4511.82,4507.98,4510.88,1367,43
2026.05.27 03:20:00,4510.87,4511.4,4505.52,4506.99,1391,43
2026.05.27 03:30:00,4507.0,4507.14,4501.59,4502.8,1153,43
2026.05.27 03:40:00,4502.98,4505.42,4502.62,4504.09,1015,43
2026.05.27 03:50:00,4504.1,4504.62,4496.52,4497.02,1119,43
2026.05.27 04:00:00,4496.99,4502.38,4495.81,4501.47,1217,43
2026.05.27 04:10:00,4501.39,4503.1,4500.53,4500.78,982,43
2026.05.27 04:20:00,4500.78,4503.24,4499.43,4499.43,1143,43
2026.05.27 04:30:00,4499.28,4502.83,4497.71,4502.72,1249,43
2026.05.27 04:40:00,4502.69,4517.19,4502.41,4516.51,1546,43
2026.05.27 04:50:00,4516.44,4517.15,4509.19,4510.05,1489,43
2026.05.27 05:00:00,4510.12,4513.83,4508.27,4510.97,1400,43
2026.05.27 05:10:00,4510.85,4511.01,4505.18,4505.43,1438,43
2026.05.27 05:20:00,4505.54,4508.02,4504.03,4507.15,1417,43
2026.05.27 05:30:00,4507.12,4508.69,4493.53,4499.42,2336,43
2026.05.27 05:40:00,4499.43,4499.99,4491.69,4497.84,2595,43
2026.05.27 05:50:00,4497.91,4502.25,4496.26,4497.42,2184,43
2026.05.27 06:00:00,4497.35,4499.11,4493.76,4497.81,2079,43
2026.05.27 06:10:00,4497.86,4498.44,4486.69,4489.31,2103,43
2026.05.27 06:20:00,4489.16,4490.34,4483.52,4486.28,2154,43
2026.05.27 06:30:00,4486.15,4486.41,4479.53,4483.31,2138,43
2026.05.27 06:40:00,4483.25,4490.12,4482.33,4488.2,1955,43
2026.05.27 06:50:00,4488.4,4489.23,4483.46,4485.12,1746,43
2026.05.27 07:00:00,4485.73,4488.4,4482.94,4484.74,1667,35
2026.05.27 07:10:00,4484.74,4485.0,4480.12,4484.06,1722,35
2026.05.27 07:20:00,4484.04,4489.09,4482.9,4486.18,1719,35
2026.05.27 07:30:00,4486.16,4488.48,4481.15,4482.92,1768,35
2026.05.27 07:40:00,4482.91,4484.53,4478.27,4479.53,1622,35
2026.05.27 07:50:00,4479.55,4482.39,4475.68,4481.93,1876,35
2026.05.27 08:00:00,4481.41,4489.1,4481.41,4485.84,1753,35
2026.05.27 08:10:00,4485.93,4490.66,4483.74,4489.7,1680,35
2026.05.27 08:20:00,4489.72,4492.54,4487.73,4489.04,1617,35
2026.05.27 08:30:00,4489.05,4492.77,4486.08,4492.77,1444,35
2026.05.27 08:40:00,4492.78,4497.27,4492.51,4496.4,1994,35
2026.05.27 08:50:00,4496.38,4498.64,4494.76,4497.78,1547,35
2026.05.27 09:00:00,4497.79,4497.79,4488.61,4489.38,1669,35
2026.05.27 09:10:00,4489.41,4495.17,4489.27,4494.54,1457,35
2026.05.27 09:20:00,4494.51,4495.18,4489.31,4489.99,1418,35
2026.05.27 09:30:00,4490.01,4492.16,4486.97,4491.23,1478,35
2026.05.27 09:40:00,4491.27,4491.74,4488.14,4489.54,1108,35
2026.05.27 09:50:00,4489.52,4493.17,4489.5,4490.13,1222,35
2026.05.27 10:00:00,4490.07,4490.53,4484.96,4487.05,1430,35
2026.05.27 10:10:00,4487.04,4487.63,4479.67,4479.7,1496,35
2026.05.27 10:20:00,4479.71,4481.09,4476.4,4476.97,1795,35
2026.05.27 10:30:00,4476.88,4477.04,4461.86,4463.68,2185,35
2026.05.27 10:40:00,4463.25,4469.91,4444.1,4448.48,2492,35
2026.05.27 10:50:00,4447.23,4450.13,4442.54,4445.71,2688,35
2026.05.27 11:00:00,4445.92,4453.17,4445.49,4449.48,2199,35
2026.05.27 11:10:00,4449.61,4452.23,4443.54,4449.14,2046,35
2026.05.27 11:20:00,4448.99,4448.99,4439.46,4440.85,2134,35
2026.05.27 11:30:00,4440.81,4441.7,4432.25,4441.06,2289,35
2026.05.27 11:40:00,4441.07,4444.67,4438.43,4439.13,1902,35
2026.05.27 11:50:00,4439.43,4439.49,4424.76,4428.25,2230,35
2026.05.27 12:00:00,4428.35,4437.67,4428.13,4433.11,2077,35
2026.05.27 12:10:00,4432.97,4454.3,4427.28,4447.53,2009,35
2026.05.27 12:20:00,4447.54,4466.33,4442.34,4454.62,2187,35
2026.05.27 12:30:00,4454.57,4460.21,4444.75,4452.24,2717,35
2026.05.27 12:40:00,4452.68,4452.74,4442.39,4444.91,3362,35
2026.05.27 12:50:00,4444.88,4446.69,4437.66,4438.54,3134,35
2026.05.27 13:00:00,4438.13,4438.73,4411.67,4414.66,4053,35
2026.05.27 13:10:00,4414.61,4421.19,4409.73,4411.47,3966,35
2026.05.27 13:20:00,4411.6,4419.25,4401.53,4405.17,3909,35
2026.05.27 13:30:00,4405.02,4425.57,4404.77,4418.08,4227,35
2026.05.27 13:40:00,4418.06,4428.58,4416.56,4420.36,3897,35
2026.05.27 13:50:00,4420.49,4433.95,4419.38,4427.43,3836,35
2026.05.27 14:00:00,4427.41,4448.13,4426.04,4444.23,3866,35
2026.05.27 14:10:00,4444.2,4455.4,4443.13,4451.07,3705,35
2026.05.27 14:20:00,4451.16,4455.21,4440.16,4445.53,3878,35
2026.05.27 14:30:00,4444.89,4449.13,4435.54,4444.05,3757,35
2026.05.27 14:40:00,4444.13,4446.19,4438.29,4438.36,3150,35
2026.05.27 14:50:00,4438.2,4439.66,4433.17,4434.01,3309,35
2026.05.27 15:00:00,4433.79,4438.27,4428.44,4429.52,3284,35
2026.05.27 15:10:00,4429.51,4433.08,4428.03,4430.88,2940,35
2026.05.27 15:20:00,4430.86,4435.76,4429.76,4435.61,2813,35
2026.05.27 15:30:00,4436.26,4441.45,4435.81,4440.69,2973,35
2026.05.27 15:40:00,4440.67,4441.14,4431.28,4432.74,3057,35
2026.05.27 15:50:00,4432.74,4437.15,4430.83,4436.39,2669,35
2026.05.27 16:00:00,4436.42,4441.93,4434.2,4436.87,2721,35
2026.05.27 16:10:00,4436.98,4443.04,4436.75,4441.76,2369,35
2026.05.27 16:20:00,4441.76,4447.47,4441.67,4446.71,2332,35
2026.05.27 16:30:00,4446.71,4450.79,4445.19,4449.72,2398,35
2026.05.27 16:40:00,4449.85,4453.01,4449.29,4451.96,2438,35
2026.05.27 16:50:00,4452.1,4453.3,4449.41,4450.73,2267,35
2026.05.27 17:00:00,4450.75,4451.51,4442.37,4443.06,2627,42
2026.05.27 17:10:00,4443.06,4447.18,4441.35,4446.74,2620,38
2026.05.27 17:20:00,4446.74,4451.06,4445.09,4449.61,2285,35
2026.05.27 17:30:00,4449.6,4454.37,4449.6,4450.66,2211,35
2026.05.27 17:40:00,4450.63,4451.95,4449.88,4450.8,1890,43
2026.05.27 17:50:00,4450.82,4453.93,4450.21,4450.21,1978,43
2026.05.27 18:00:00,4450.05,4452.0,4447.58,4447.92,1962,35
2026.05.27 18:10:00,4447.93,4452.98,4447.86,4452.33,1650,43
2026.05.27 18:20:00,4452.47,4458.49,4452.33,4455.47,2135,35
2026.05.27 18:30:00,4455.47,4456.6,4451.34,4452.95,1849,35
2026.05.27 18:40:00,4452.96,4453.93,4452.41,4453.26,1414,42
2026.05.27 18:50:00,4453.32,4454.87,4452.17,4454.22,1470,42
2026.05.27 19:00:00,4454.21,4454.67,4451.76,4452.58,1395,43
2026.05.27 19:10:00,4452.61,4452.8,4449.43,4449.89,1827,42
2026.05.27 19:20:00,4449.92,4454.04,4449.75,4450.87,1668,43
2026.05.27 19:30:00,4450.87,4454.61,4449.42,4454.45,1730,43
2026.05.27 19:40:00,4454.45,4454.62,4451.76,4451.91,1227,43
2026.05.27 19:50:00,4451.72,4452.83,4448.79,4450.83,1861,42
2026.05.27 20:00:00,4450.76,4453.42,4449.91,4452.75,1181,42
2026.05.27 20:10:00,4452.73,4458.81,4452.24,4457.91,1081,42
2026.05.27 20:20:00,4457.89,4458.67,4454.57,4454.96,933,35
2026.05.27 20:30:00,4454.97,4455.57,4452.07,4452.33,784,43
2026.05.27 20:40:00,4452.27,4454.55,4451.46,4454.21,855,43
2026.05.27 20:50:00,4454.21,4456.26,4453.95,4456.25,581,35
2026.05.27 22:00:00,4463.58,4464.75,4455.48,4458.81,1073,35
2026.05.27 22:10:00,4458.81,4460.35,4456.54,4459.4,1101,35
2026.05.27 22:20:00,4459.4,4461.88,4457.53,4459.8,1249,35
2026.05.27 22:30:00,4459.79,4461.79,4455.15,4461.36,1567,35
2026.05.27 22:40:00,4461.38,4462.34,4456.19,4456.48,1180,42
2026.05.27 22:50:00,4456.47,4457.99,4455.36,4457.24,1000,42
2026.05.27 23:00:00,4457.25,4457.61,4451.6,4452.72,1534,35
2026.05.27 23:10:00,4452.7,4454.94,4451.12,4453.63,1484,42
2026.05.27 23:20:00,4453.64,4454.64,4449.04,4450.63,1898,35
2026.05.27 23:30:00,4450.64,4454.05,4449.24,4453.14,1481,35
2026.05.27 23:40:00,4453.14,4453.94,4446.03,4448.16,1772,35
2026.05.27 23:50:00,4448.15,4449.8,4443.71,4446.98,2003,36
2026.05.28 00:00:00,4446.2,4452.54,4445.29,4449.06,2536,40
2026.05.28 00:10:00,4449.06,4453.87,4444.04,4452.13,2292,37
2026.05.28 00:20:00,4452.13,4453.53,4444.08,4446.13,2460,35
2026.05.28 00:30:00,4446.15,4452.62,4443.29,4450.52,2256,35
2026.05.28 00:40:00,4450.52,4455.05,4449.96,4453.55,1892,35
2026.05.28 00:50:00,4453.52,4457.75,4450.54,4456.96,1929,35
2026.05.28 01:00:00,4456.95,4458.32,4442.85,4444.38,3218,42
2026.05.28 01:10:00,4444.38,4446.32,4431.66,4433.31,2944,35
2026.05.28 01:20:00,4433.33,4434.97,4417.1,4419.34,3190,38
2026.05.28 01:30:00,4419.07,4426.33,4416.89,4422.74,3242,35
2026.05.28 01:40:00,4422.74,4423.01,4415.86,4417.48,3151,35
2026.05.28 01:50:00,4417.5,4419.75,4406.83,4409.85,3445,35
2026.05.28 02:00:00,4409.88,4412.48,4402.39,4407.72,3194,35
2026.05.28 02:10:00,4407.8,4408.14,4396.19,4404.12,3023,35
2026.05.28 02:20:00,4404.27,4408.33,4399.61,4406.07,2329,42
2026.05.28 02:30:00,4406.03,4410.24,4403.76,4406.79,2767,35
2026.05.28 02:40:00,4406.71,4408.39,4393.34,4396.01,2816,35
2026.05.28 02:50:00,4395.99,4398.8,4391.96,4394.2,2720,42
2026.05.28 03:00:00,4394.2,4397.79,4390.09,4396.57,2829,35
2026.05.28 03:10:00,4396.56,4397.36,4382.98,4384.39,3001,40
2026.05.28 03:20:00,4384.67,4388.03,4382.06,4387.42,2945,35
2026.05.28 03:30:00,4387.28,4387.68,4370.69,4374.04,3269,35
2026.05.28 03:40:00,4374.15,4379.05,4371.99,4374.89,3189,42
2026.05.28 03:50:00,4374.91,4376.88,4368.35,4374.75,2864,42
2026.05.28 04:00:00,4374.71,4381.84,4369.54,4380.99,2908,35
2026.05.28 04:10:00,4380.99,4381.57,4368.8,4369.21,2517,42
2026.05.28 04:20:00,4369.09,4372.72,4366.21,4368.27,2783,35
2026.05.28 04:30:00,4368.26,4373.58,4368.23,4372.17,2593,35
2026.05.28 04:40:00,4372.17,4375.3,4368.92,4369.49,2416,35
2026.05.28 04:50:00,4369.59,4374.67,4367.88,4372.9,2551,35
2026.05.28 05:00:00,4373.05,4374.24,4367.07,4371.84,2628,35
2026.05.28 05:10:00,4371.84,4376.92,4371.51,4374.31,2243,35
2026.05.28 05:20:00,4373.65,4379.8,4371.5,4378.49,2430,35
2026.05.28 05:30:00,4378.48,4391.12,4375.25,4391.12,3413,35
2026.05.28 05:40:00,4391.05,4394.9,4389.03,4392.28,2979,35
2026.05.28 05:50:00,4392.26,4395.7,4387.26,4387.8,2693,35
2026.05.28 06:00:00,4387.93,4390.68,4378.51,4379.77,2747,35
2026.05.28 06:10:00,4379.96,4381.63,4374.14,4379.49,2750,35
2026.05.28 06:20:00,4379.52,4384.66,4379.42,4380.3,2612,35
2026.05.28 06:30:00,4380.29,4385.34,4379.08,4381.97,2417,35
2026.05.28 06:40:00,4381.88,4384.38,4376.78,4383.27,2346,38
2026.05.28 06:50:00,4383.28,4384.59,4381.03,4383.4,2466,35
2026.05.28 07:00:00,4383.52,4392.37,4383.52,4391.92,2971,35
2026.05.28 07:10:00,4391.89,4395.11,4386.33,4394.17,2496,35
2026.05.28 07:20:00,4394.14,4396.19,4391.72,4392.61,2534,35
2026.05.28 07:30:00,4392.61,4393.72,4388.5,4389.13,2602,35
2026.05.28 07:40:00,4389.05,4390.9,4385.28,4387.92,2629,35
2026.05.28 07:50:00,4387.91,4389.28,4382.83,4387.38,2603,35
2026.05.28 08:00:00,4387.67,4393.49,4386.29,4393.49,2832,35
2026.05.28 08:10:00,4393.51,4394.9,4390.93,4391.7,2687,35
2026.05.28 08:20:00,4391.73,4394.28,4387.52,4389.72,2849,35
2026.05.28 08:30:00,4389.8,4394.9,4386.13,4391.87,2647,35
2026.05.28 08:40:00,4391.87,4393.35,4387.09,4390.84,2533,35
2026.05.28 08:50:00,4390.84,4391.74,4385.8,4386.8,2094,35
2026.05.28 09:00:00,4386.68,4390.98,4386.27,4389.56,2393,35
2026.05.28 09:10:00,4389.61,4392.15,4386.47,4389.91,2328,35
2026.05.28 09:20:00,4389.91,4399.21,4389.79,4396.41,2750,35
2026.05.28 09:30:00,4396.07,4396.9,4391.5,4392.42,2761,35
2026.05.28 09:40:00,4392.52,4393.42,4389.69,4392.81,2380,35
2026.05.28 09:50:00,4392.79,4396.2,4392.33,4393.5,2454,35
2026.05.28 10:00:00,4393.5,4401.59,4391.38,4401.46,2416,35
2026.05.28 10:10:00,4401.59,4404.23,4397.99,4399.3,2443,35
2026.05.28 10:20:00,4399.29,4402.31,4393.8,4401.04,2532,35
2026.05.28 10:30:00,4401.03,4402.49,4396.77,4397.9,2428,35
2026.05.28 10:40:00,4397.91,4398.47,4379.79,4380.91,3165,35
2026.05.28 10:50:00,4380.92,4387.28,4375.22,4382.94,3323,35
2026.05.28 11:00:00,4382.61,4389.04,4381.54,4386.71,2876,35
2026.05.28 11:10:00,4386.78,4390.56,4385.38,4389.42,2455,35
2026.05.28 11:20:00,4389.42,4390.08,4384.34,4384.76,2309,35
2026.05.28 11:30:00,4384.77,4390.01,4381.14,4388.37,2636,35
2026.05.28 11:40:00,4388.36,4390.25,4383.01,4383.45,2611,35
2026.05.28 11:50:00,4383.31,4388.31,4381.0,4387.88,2777,35
2026.05.28 12:00:00,4387.8,4392.82,4387.8,4391.53,2585,35
2026.05.28 12:10:00,4391.54,4392.84,4387.57,4388.14,2508,35
2026.05.28 12:20:00,4388.75,4389.69,4379.46,4385.45,2844,35
2026.05.28 12:30:00,4385.46,4402.24,4384.05,4398.6,3566,35
2026.05.28 12:40:00,4398.61,4410.2,4397.24,4409.71,3341,35
2026.05.28 12:50:00,4409.71,4433.42,4408.95,4432.14,3786,35
2026.05.28 13:00:00,4432.23,4438.75,4426.02,4426.38,4008,35
2026.05.28 13:10:00,4426.39,4431.93,4424.98,4431.36,3400,35
2026.05.28 13:20:00,4431.36,4434.11,4427.12,4428.8,3270,35
2026.05.28 13:30:00,4428.91,4431.07,4418.2,4424.87,4033,35
2026.05.28 13:40:00,4424.9,4429.96,4419.49,4425.61,3727,35
2026.05.28 13:50:00,4425.43,4434.25,4425.43,4430.45,3690,35
2026.05.28 14:00:00,4430.04,4442.36,4420.68,4438.62,3909,35
2026.05.28 14:10:00,4438.68,4473.43,4431.77,4464.5,4386,35
2026.05.28 14:20:00,4464.56,4467.22,4453.25,4460.88,4260,35
2026.05.28 14:30:00,4460.88,4467.8,4452.81,4459.57,4023,35
2026.05.28 14:40:00,4459.58,4480.21,4458.42,4467.97,4182,35
2026.05.28 14:50:00,4468.02,4475.79,4462.01,4469.28,3910,35
2026.05.28 15:00:00,4469.6,4480.59,4468.66,4473.39,3854,35
2026.05.28 15:10:00,4473.42,4474.28,4470.36,4472.37,3374,35
2026.05.28 15:20:00,4472.36,4482.4,4469.22,4476.67,3506,35
2026.05.28 15:30:00,4476.66,4485.14,4476.66,4478.38,3368,35
2026.05.28 15:40:00,4478.46,4482.37,4477.17,4479.5,2954,35
2026.05.28 15:50:00,4479.87,4482.22,4478.62,4482.04,2725,35
2026.05.28 16:00:00,4482.05,4486.05,4477.87,4481.2,2908,35
2026.05.28 16:10:00,4481.21,4497.18,4481.2,4496.97,3339,35
2026.05.28 16:20:00,4496.95,4502.7,4494.65,4500.44,3552,35
2026.05.28 16:30:00,4500.59,4503.13,4497.51,4499.4,3004,35
2026.05.28 16:40:00,4499.4,4508.18,4498.88,4505.05,3181,35
2026.05.28 16:50:00,4505.05,4510.95,4505.05,4510.83,2953,35
2026.05.28 17:00:00,4510.96,4514.48,4505.86,4509.65,3063,35
2026.05.28 17:10:00,4509.65,4510.37,4503.2,4504.45,2750,35
2026.05.28 17:20:00,4504.42,4506.2,4501.14,4501.93,2948,35
2026.05.28 17:30:00,4501.96,4507.02,4501.96,4505.62,2272,43
2026.05.28 17:40:00,4505.61,4509.19,4504.25,4508.38,2208,35
2026.05.28 17:50:00,4508.39,4509.86,4506.56,4508.91,2186,43
2026.05.28 18:00:00,4508.93,4516.3,4508.77,4509.75,2768,35
2026.05.28 18:10:00,4509.74,4512.55,4505.66,4509.53,2718,35
2026.05.28 18:20:00,4509.63,4511.04,4505.4,4506.18,2581,43
2026.05.28 18:30:00,4506.19,4506.35,4500.74,4501.84,2406,35
2026.05.28 18:40:00,4501.83,4502.68,4498.45,4499.28,2406,35
2026.05.28 18:50:00,4499.29,4503.6,4498.8,4500.87,2150,43
2026.05.28 19:00:00,4501.07,4503.58,4499.0,4499.02,2037,43
2026.05.28 19:10:00,4499.09,4501.73,4498.54,4500.95,1825,36
2026.05.28 19:20:00,4500.95,4502.88,4499.62,4499.74,1647,43
2026.05.28 19:30:00,4499.74,4501.8,4499.26,4500.81,1744,43
2026.05.28 19:40:00,4500.74,4500.96,4497.99,4498.73,1723,35
2026.05.28 19:50:00,4498.82,4499.92,4496.91,4497.91,2260,35
2026.05.28 20:00:00,4497.8,4498.18,4494.84,4496.14,1626,43
2026.05.28 20:10:00,4496.09,4500.48,4495.96,4497.45,1543,43
2026.05.28 20:20:00,4497.5,4499.49,4496.91,4499.26,981,42
2026.05.28 20:30:00,4499.28,4500.73,4496.37,4496.46,1200,42
2026.05.28 20:40:00,4496.4,4496.74,4494.84,4495.88,1016,42
2026.05.28 20:50:00,4495.72,4496.46,4494.75,4495.53,747,35
2026.05.28 22:00:00,4499.45,4499.45,4491.58,4493.65,835,35
2026.05.28 22:10:00,4493.56,4495.12,4492.38,4493.52,780,42
2026.05.28 22:20:00,4493.52,4496.58,4492.63,4495.85,1324,41
2026.05.28 22:30:00,4495.85,4496.53,4492.93,4494.2,1352,42
2026.05.28 22:40:00,4494.23,4496.47,4493.36,4494.49,1197,43
2026.05.28 22:50:00,4494.5,4494.73,4490.72,4491.06,1190,43
2026.05.28 23:00:00,4491.07,4495.42,4491.07,4494.17,1456,35
2026.05.28 23:10:00,4494.18,4496.98,4493.81,4495.77,1010,43
2026.05.28 23:20:00,4495.75,4495.75,4491.67,4492.12,1082,43
2026.05.28 23:30:00,4492.14,4494.58,4491.07,4491.9,1484,35
2026.05.28 23:40:00,4491.91,4492.08,4488.64,4490.42,1698,35
2026.05.28 23:50:00,4490.42,4496.17,4490.32,4495.02,1642,42
2026.05.29 00:00:00,4495.11,4497.73,4492.03,4494.59,2643,35
2026.05.29 00:10:00,4494.6,4499.74,4492.72,4498.99,2268,40
2026.05.29 00:20:00,4499.04,4500.37,4495.7,4499.95,2000,42
2026.05.29 00:30:00,4499.84,4500.22,4493.3,4494.11,2029,42
2026.05.29 00:40:00,4493.96,4498.46,4493.17,4495.05,1879,42
2026.05.29 00:50:00,4495.08,4496.72,4493.53,4496.02,1860,35
2026.05.29 01:00:00,4496.05,4509.16,4492.01,4508.67,3450,35
2026.05.29 01:10:00,4508.67,4520.73,4507.94,4518.82,3266,35
2026.05.29 01:20:00,4518.81,4520.29,4505.15,4505.3,3035,43
2026.05.29 01:30:00,4505.28,4508.28,4502.68,4506.87,2825,41
2026.05.29 01:40:00,4506.93,4508.35,4501.46,4501.96,2653,42
2026.05.29 01:50:00,4501.96,4507.49,4500.9,4506.38,2493,42
2026.05.29 02:00:00,4506.38,4511.07,4504.96,4505.72,2545,35
2026.05.29 02:10:00,4505.74,4508.77,4504.07,4505.79,2111,42
2026.05.29 02:20:00,4505.8,4506.02,4501.82,4502.97,1779,42
2026.05.29 02:30:00,4502.98,4506.39,4498.2,4506.16,2448,42
2026.05.29 02:40:00,4506.16,4508.13,4504.69,4506.42,2065,43
2026.05.29 02:50:00,4506.41,4506.41,4501.18,4501.67,2283,43
2026.05.29 03:00:00,4501.67,4502.02,4496.52,4497.93,2558,42
2026.05.29 03:10:00,4497.93,4498.9,4494.91,4496.37,2407,41
2026.05.29 03:20:00,4496.3,4499.13,4495.17,4496.69,2212,42
2026.05.29 03:30:00,4496.69,4498.18,4494.46,4496.12,1902,35
2026.05.29 03:40:00,4496.17,4499.88,4496.11,4499.74,1457,43
2026.05.29 03:50:00,4499.81,4501.52,4496.29,4501.2,1810,42
2026.05.29 04:00:00,4501.09,4505.39,4500.93,4503.23,1959,42
2026.05.29 04:10:00,4503.23,4504.83,4501.75,4504.47,1546,43
2026.05.29 04:20:00,4504.46,4511.63,4504.0,4509.01,2076,35
2026.05.29 04:30:00,4509.02,4510.74,4508.31,4509.69,1583,35
2026.05.29 04:40:00,4509.7,4510.9,4508.35,4509.2,1571,43
2026.05.29 04:50:00,4509.14,4514.49,4507.94,4514.06,1567,43
2026.05.29 05:00:00,4514.01,4515.43,4509.27,4509.91,1524,43
2026.05.29 05:10:00,4509.91,4512.26,4508.65,4511.73,1399,43
2026.05.29 05:20:00,4511.73,4511.93,4509.36,4509.86,1236,43
2026.05.29 05:30:00,4509.46,4512.86,4502.61,4503.62,2537,35
2026.05.29 05:40:00,4503.6,4508.75,4502.69,4505.91,2427,42
2026.05.29 05:50:00,4505.9,4515.73,4503.9,4514.7,2232,42
2026.05.29 06:00:00,4514.82,4522.23,4514.09,4514.22,2938,35
2026.05.29 06:10:00,4514.2,4516.01,4509.89,4511.29,2628,43
2026.05.29 06:20:00,4511.29,4521.41,4511.11,4516.75,2662,43
2026.05.29 06:30:00,4516.86,4520.61,4513.45,4514.84,2653,42
2026.05.29 06:40:00,4514.83,4519.7,4511.28,4517.63,2538,43
2026.05.29 06:50:00,4517.68,4524.08,4516.82,4523.53,2504,35
2026.05.29 07:00:00,4522.74,4523.91,4517.9,4519.06,2910,35
2026.05.29 07:10:00,4519.06,4520.52,4514.31,4515.54,2860,35
2026.05.29 07:20:00,4515.6,4515.96,4510.4,4514.04,2855,35
2026.05.29 07:30:00,4514.05,4525.2,4512.63,4522.5,3223,35
2026.05.29 07:40:00,4522.52,4526.14,4520.92,4524.02,2632,35
2026.05.29 07:50:00,4524.03,4525.57,4522.01,4524.58,2096,35
2026.05.29 08:00:00,4524.59,4524.77,4515.58,4515.94,2897,35
2026.05.29 08:10:00,4515.91,4519.02,4513.02,4513.15,2759,35
2026.05.29 08:20:00,4513.15,4517.89,4512.48,4516.99,2752,35
2026.05.29 08:30:00,4516.93,4518.26,4513.75,4514.93,2284,35
2026.05.29 08:40:00,4514.94,4516.23,4510.46,4511.2,2207,35
2026.05.29 08:50:00,4511.19,4515.35,4509.92,4514.86,2230,35
2026.05.29 09:00:00,4514.94,4524.48,4513.08,4523.75,2836,35
2026.05.29 09:10:00,4523.75,4530.35,4523.23,4527.8,2891,35
2026.05.29 09:20:00,4527.77,4532.32,4522.13,4528.78,2732,35
2026.05.29 09:30:00,4528.8,4530.62,4524.85,4528.79,2861,35
2026.05.29 09:40:00,4528.79,4537.62,4528.01,4537.11,2770,35
2026.05.29 09:50:00,4537.12,4539.4,4529.71,4531.26,2651,35
2026.05.29 10:00:00,4530.94,4531.05,4525.45,4526.47,2464,35
2026.05.29 10:10:00,4526.47,4530.24,4525.66,4526.66,2375,35
2026.05.29 10:20:00,4526.63,4530.87,4525.81,4530.35,2244,35
2026.05.29 10:30:00,4530.36,4543.03,4530.2,4541.21,2872,35
2026.05.29 10:40:00,4541.34,4542.26,4536.25,4537.01,2448,35
2026.05.29 10:50:00,4536.99,4539.06,4535.28,4538.44,2288,35
2026.05.29 11:00:00,4538.41,4540.33,4532.1,4532.47,2532,35
2026.05.29 11:10:00,4532.49,4533.22,4529.41,4531.52,2491,35
2026.05.29 11:20:00,4531.49,4534.23,4526.87,4527.95,2604,35
2026.05.29 11:30:00,4527.98,4528.94,4525.7,4528.27,2216,35
2026.05.29 11:40:00,4528.28,4533.9,4528.17,4529.31,2121,35
2026.05.29 11:50:00,4529.3,4539.07,4527.4,4538.25,2794,35
2026.05.29 12:00:00,4538.26,4538.48,4527.12,4530.05,2824,35
2026.05.29 12:10:00,4530.05,4531.99,4526.84,4530.36,2592,35
2026.05.29 12:20:00,4530.0,4530.0,4519.93,4522.27,2917,35
2026.05.29 12:30:00,4522.29,4523.53,4514.77,4517.27,3252,35
2026.05.29 12:40:00,4517.28,4517.79,4512.71,4515.33,2936,35
2026.05.29 12:50:00,4515.51,4523.92,4514.27,4522.85,2889,35
2026.05.29 13:00:00,4523.02,4526.98,4517.01,4525.42,3496,35
2026.05.29 13:10:00,4525.44,4525.56,4520.71,4522.51,2851,35
2026.05.29 13:20:00,4522.51,4529.19,4522.39,4527.9,2942,35
2026.05.29 13:30:00,4527.92,4532.98,4522.16,4531.36,3904,35
2026.05.29 13:40:00,4531.27,4536.87,4529.47,4535.76,3437,35
2026.05.29 13:50:00,4535.7,4540.64,4531.97,4536.67,3491,35
2026.05.29 14:00:00,4536.66,4552.56,4535.04,4551.01,3857,35
2026.05.29 14:10:00,4550.76,4552.49,4537.73,4537.86,3692,35
2026.05.29 14:20:00,4537.86,4540.43,4526.24,4529.85,3953,35
2026.05.29 14:30:00,4529.44,4536.54,4525.19,4531.65,3856,35
2026.05.29 14:40:00,4531.56,4541.76,4531.56,4539.6,3656,35
2026.05.29 14:50:00,4539.52,4570.33,4539.52,4564.21,4252,35
2026.05.29 15:00:00,4564.0,4589.75,4564.0,4587.8,4221,35
2026.05.29 15:10:00,4587.71,4595.02,4585.81,4588.54,4033,35
2026.05.29 15:20:00,4588.5,4589.04,4578.11,4578.17,3702,35
2026.05.29 15:30:00,4578.39,4583.27,4571.96,4572.74,3590,35
2026.05.29 15:40:00,4572.77,4575.24,4557.72,4564.87,3983,35
2026.05.29 15:50:00,4564.88,4571.37,4563.22,4570.99,3253,35
2026.05.29 16:00:00,4571.06,4572.18,4563.84,4564.22,3055,35
2026.05.29 16:10:00,4564.22,4567.56,4559.95,4565.16,2910,35
2026.05.29 16:20:00,4565.18,4567.16,4560.49,4563.02,2879,35
2026.05.29 16:30:00,4563.01,4573.34,4561.74,4572.01,3318,35
2026.05.29 16:40:00,4571.96,4572.87,4564.46,4564.76,2953,35
2026.05.29 16:50:00,4564.32,4567.36,4560.8,4566.81,2777,35
2026.05.29 17:00:00,4566.83,4568.43,4563.29,4567.4,2481,35
2026.05.29 17:10:00,4567.37,4568.36,4563.6,4565.53,2570,35
2026.05.29 17:20:00,4565.52,4566.91,4560.79,4561.82,2856,42
2026.05.29 17:30:00,4561.81,4562.04,4557.9,4558.71,2700,35
2026.05.29 17:40:00,4558.78,4559.81,4553.09,4555.9,2721,35
2026.05.29 17:50:00,4555.91,4556.29,4551.48,4553.44,2755,35
2026.05.29 18:00:00,4553.44,4558.66,4552.45,4557.73,2723,35
2026.05.29 18:10:00,4557.73,4558.92,4555.52,4558.66,2500,35
2026.05.29 18:20:00,4558.65,4560.36,4557.33,4559.32,2453,39
2026.05.29 18:30:00,4559.24,4561.71,4559.24,4560.02,2096,35
2026.05.29 18:40:00,4560.03,4560.18,4550.73,4552.99,2513,35
2026.05.29 18:50:00,4553.02,4556.78,4552.23,4553.4,2474,43
2026.05.29 19:00:00,4553.39,4558.48,4552.26,4558.45,2152,36
2026.05.29 19:10:00,4558.45,4560.06,4556.61,4557.46,1805,43
2026.05.29 19:20:00,4557.42,4557.87,4554.53,4555.2,1767,43
2026.05.29 19:30:00,4555.11,4556.34,4551.7,4552.33,1906,35
2026.05.29 19:40:00,4552.33,4553.57,4548.19,4548.34,2161,35
2026.05.29 19:50:00,4548.32,4549.28,4542.91,4545.4,2849,35
2026.05.29 20:00:00,4545.18,4547.27,4542.67,4545.7,1868,43
2026.05.29 20:10:00,4545.67,4549.27,4545.08,4545.77,1357,43
2026.05.29 20:20:00,4545.77,4545.77,4542.07,4542.56,1114,43
2026.05.29 20:30:00,4542.55,4543.39,4541.7,4542.82,987,43
2026.05.29 20:40:00,4542.81,4543.98,4541.14,4541.79,1103,43
2026.05.29 20:50:00,4541.8,4543.12,4539.49,4540.4,1022,43
2026.05.31 22:00:00,4520.96,4526.88,4518.4,4525.54,1854,35
2026.05.31 22:10:00,4525.52,4536.56,4523.69,4536.35,2283,43
2026.05.31 22:20:00,4536.26,4536.33,4531.18,4533.06,1781,41
2026.05.31 22:30:00,4532.67,4536.45,4531.87,4531.87,1910,42
2026.05.31 22:40:00,4531.9,4540.3,4530.75,4538.21,1853,35
2026.05.31 22:50:00,4538.22,4538.98,4534.68,4535.19,1359,41
2026.05.31 23:00:00,4535.22,4541.72,4534.96,4541.37,1775,41
2026.05.31 23:10:00,4541.37,4543.51,4539.97,4542.09,1414,35
2026.05.31 23:20:00,4542.14,4544.88,4540.02,4544.77,1540,42
2026.05.31 23:30:00,4544.84,4545.58,4538.32,4540.65,1850,42
2026.05.31 23:40:00,4540.63,4542.6,4538.47,4541.09,1894,42
2026.05.31 23:50:00,4541.04,4544.74,4539.49,4539.55,1932,43
2026.06.01 00:00:00,4539.51,4545.78,4537.22,4540.64,2363,35
2026.06.01 00:10:00,4540.6,4543.56,4537.62,4538.23,2294,42
2026.06.01 00:20:00,4538.23,4544.2,4538.07,4542.91,2071,35
2026.06.01 00:30:00,4542.89,4544.83,4535.18,4536.79,2224,35
2026.06.01 00:40:00,4536.79,4541.85,4535.23,4541.34,2058,43
2026.06.01 00:50:00,4541.33,4542.66,4537.09,4540.64,2027,42
2026.06.01 01:00:00,4540.64,4540.94,4527.31,4529.11,3115,39
2026.06.01 01:10:00,4529.05,4534.32,4526.03,4530.25,2768,43
2026.06.01 01:20:00,4530.27,4536.85,4527.82,4528.71,2600,41
2026.06.01 01:30:00,4528.71,4533.2,4526.97,4529.81,2686,42
2026.06.01 01:40:00,4529.83,4533.7,4527.45,4528.46,2499,42
2026.06.01 01:50:00,4528.47,4531.15,4523.45,4525.31,2529,42
2026.06.01 02:00:00,4525.3,4531.89,4524.23,4528.29,2565,42
2026.06.01 02:10:00,4528.29,4534.59,4528.13,4531.79,2172,43
2026.06.01 02:20:00,4531.72,4532.69,4529.28,4530.23,1409,42
2026.06.01 02:30:00,4530.23,4530.84,4523.48,4528.24,2486,43
2026.06.01 02:40:00,4528.23,4528.24,4521.81,4523.26,2458,43
2026.06.01 02:50:00,4523.28,4524.04,4520.97,4521.32,2231,43
2026.06.01 03:00:00,4521.32,4525.24,4517.31,4517.45,2289,35
2026.06.01 03:10:00,4517.3,4520.3,4513.86,4519.28,2447,35
2026.06.01 03:20:00,4519.28,4521.2,4517.33,4520.32,2221,41
2026.06.01 03:30:00,4520.39,4523.96,4514.42,4515.57,2061,41
2026.06.01 03:40:00,4515.27,4515.87,4509.11,4512.42,2075,43
2026.06.01 03:50:00,4512.39,4516.36,4511.55,4516.31,1667,35
2026.06.01 04:00:00,4516.2,4519.58,4513.61,4513.96,1785,42
2026.06.01 04:10:00,4514.02,4518.35,4512.36,4516.72,1276,42
2026.06.01 04:20:00,4516.82,4517.63,4515.21,4515.74,1206,43
2026.06.01 04:30:00,4515.74,4516.49,4513.45,4515.06,1321,43
2026.06.01 04:40:00,4515.04,4517.15,4508.58,4510.29,1629,42
2026.06.01 04:50:00,4510.28,4514.96,4509.56,4514.37,1653,42
2026.06.01 05:00:00,4514.42,4517.64,4513.47,4516.39,1839,43
2026.06.01 05:10:00,4516.39,4521.77,4515.07,4521.36,1681,35
2026.06.01 05:20:00,4521.44,4523.47,4519.38,4520.51,1847,35
2026.06.01 05:30:00,4520.55,4522.09,4512.55,4520.08,2819,42
2026.06.01 05:40:00,4520.15,4525.06,4515.12,4524.0,2470,42
2026.06.01 05:50:00,4523.96,4524.48,4517.0,4518.11,2398,35
2026.06.01 06:00:00,4518.17,4518.68,4513.96,4516.92,2672,35
2026.06.01 06:10:00,4516.88,4517.4,4510.02,4511.11,2519,42
2026.06.01 06:20:00,4511.1,4514.37,4504.89,4513.8,2619,35
2026.06.01 06:30:00,4514.3,4514.66,4501.71,4504.47,2712,37
2026.06.01 06:40:00,4504.44,4506.11,4500.69,4504.5,2500,42
2026.06.01 06:50:00,4504.51,4504.56,4499.86,4501.59,2421,42
2026.06.01 07:00:00,4501.57,4509.92,4500.73,4506.47,2905,35
2026.06.01 07:10:00,4506.26,4509.56,4504.75,4506.71,2567,35
2026.06.01 07:20:00,4506.72,4507.19,4503.18,4503.86,2430,35
2026.06.01 07:30:00,4503.85,4507.84,4502.45,4503.37,2499,35
2026.06.01 07:40:00,4503.39,4503.7,4492.51,4494.38,2994,35
2026.06.01 07:50:00,4494.16,4502.93,4492.44,4502.85,2657,35
2026.06.01 08:00:00,4502.8,4504.29,4493.49,4493.92,2929,35
2026.06.01 08:10:00,4493.75,4498.63,4491.45,4494.86,2639,35
2026.06.01 08:20:00,4494.95,4496.84,4490.54,4495.85,2396,35
2026.06.01 08:30:00,4495.85,4496.54,4492.46,4494.51,2048,35
2026.06.01 08:40:00,4494.58,4502.28,4492.6,4501.12,2637,35
2026.06.01 08:50:00,4501.11,4501.49,4495.48,4498.01,2333,35
2026.06.01 09:00:00,4498.0,4500.72,4497.66,4499.49,2215,35
2026.06.01 09:10:00,4499.53,4505.56,4498.07,4505.48,2399,35
2026.06.01 09:20:00,4505.48,4506.33,4496.28,4496.28,2720,35
2026.06.01 09:30:00,4496.29,4497.94,4489.24,4497.82,2992,35
2026.06.01 09:40:00,4497.81,4499.24,4493.83,4495.37,2465,35
2026.06.01 09:50:00,4495.32,4498.3,4493.98,4495.84,2306,35
2026.06.01 10:00:00,4495.85,4501.15,4495.85,4500.01,2276,35
2026.06.01 10:10:00,4500.0,4502.24,4499.29,4500.09,2012,35
2026.06.01 10:20:00,4500.1,4503.41,4496.02,4500.73,2085,35
2026.06.01 10:30:00,4500.75,4506.61,4500.41,4503.21,2283,35
2026.06.01 10:40:00,4503.05,4510.32,4503.05,4509.29,2296,35
2026.06.01 10:50:00,4509.01,4510.87,4502.74,4503.93,2445,35
2026.06.01 11:00:00,4503.85,4506.62,4499.81,4505.53,2631,35
2026.06.01 11:10:00,4505.58,4509.78,4503.16,4509.69,2123,35
2026.06.01 11:20:00,4509.59,4512.77,4507.77,4510.58,2434,35
2026.06.01 11:30:00,4510.56,4512.29,4506.04,4509.98,2137,35
2026.06.01 11:40:00,4510.0,4510.59,4506.39,4508.63,2256,35
2026.06.01 11:50:00,4508.61,4508.61,4505.3,4505.64,2203,35
2026.06.01 12:00:00,4505.37,4509.06,4503.32,4507.71,2418,35
2026.06.01 12:10:00,4507.71,4509.59,4501.18,4503.34,2565,35
2026.06.01 12:20:00,4502.79,4507.72,4497.26,4505.44,3061,35
2026.06.01 12:30:00,4505.43,4505.48,4497.69,4503.37,2965,35
2026.06.01 12:40:00,4503.51,4510.33,4499.1,4506.83,3050,35
2026.06.01 12:50:00,4506.66,4508.44,4498.25,4502.14,2732,35
2026.06.01 13:00:00,4502.79,4503.84,4495.61,4501.05,3436,35
2026.06.01 13:10:00,4500.98,4501.0,4472.49,4482.13,4151,35
2026.06.01 13:20:00,4482.19,4483.01,4462.51,4465.04,4194,35
2026.06.01 13:30:00,4465.52,4478.4,4458.67,4472.91,4338,35
2026.06.01 13:40:00,4472.86,4474.36,4463.27,4464.73,4061,35
2026.06.01 13:50:00,4464.68,4465.37,4448.83,4450.08,4065,35
2026.06.01 14:00:00,4449.89,4461.46,4447.27,4460.22,4024,35
2026.06.01 14:10:00,4460.38,4465.07,4454.02,4457.36,3873,35
2026.06.01 14:20:00,4457.19,4461.61,4449.56,4456.23,3650,35
2026.06.01 14:30:00,4456.14,4460.42,4453.76,4455.39,3478,35
2026.06.01 14:40:00,4455.41,4461.31,4453.67,4454.74,3437,35
2026.06.01 14:50:00,4454.86,4458.79,4451.96,4458.63,3414,35
2026.06.01 15:00:00,4458.76,4465.17,4455.34,4462.51,3365,35
2026.06.01 15:10:00,4461.98,4467.25,4460.63,4465.22,3252,35
2026.06.01 15:20:00,4465.21,4470.15,4464.01,4468.3,2910,35
2026.06.01 15:30:00,4468.26,4479.66,4467.87,4476.56,3876,35
2026.06.01 15:40:00,4476.58,4477.31,4468.53,4469.66,3032,35
2026.06.01 15:50:00,4469.65,4475.3,4468.87,4474.06,2688,35
2026.06.01 16:00:00,4474.06,4478.37,4468.28,4468.67,2718,35
2026.06.01 16:10:00,4468.68,4468.77,4462.99,4466.68,2905,35
2026.06.01 16:20:00,4466.71,4469.22,4464.57,4467.88,2482,35
2026.06.01 16:30:00,4467.85,4471.89,4467.78,4469.13,2655,35
2026.06.01 16:40:00,4468.98,4471.85,4467.36,4471.79,2336,35
2026.06.01 16:50:00,4471.79,4482.16,4471.64,4480.05,3191,35
2026.06.01 17:00:00,4480.19,4480.84,4471.37,4473.29,2932,35
2026.06.01 17:10:00,4473.33,4475.94,4473.06,4475.65,2115,43
2026.06.01 17:20:00,4475.66,4482.63,4472.18,4482.54,2285,35
2026.06.01 17:30:00,4482.68,4485.38,4480.21,4482.74,3258,35
2026.06.01 17:40:00,4482.74,4495.47,4482.74,4491.36,3185,35
2026.06.01 17:50:00,4491.4,4492.01,4487.34,4487.42,2462,43
2026.06.01 18:00:00,4487.48,4490.09,4486.21,4489.7,2046,35
2026.06.01 18:10:00,4489.7,4489.89,4486.61,4489.1,1706,43
2026.06.01 18:20:00,4489.11,4489.96,4486.28,4486.57,1746,43
2026.06.01 18:30:00,4486.78,4487.16,4484.77,4486.01,1500,43
2026.06.01 18:40:00,4486.0,4488.5,4485.73,4488.45,1431,43
2026.06.01 18:50:00,4488.46,4488.51,4486.45,4486.58,1600,43
2026.06.01 19:00:00,4486.59,4488.13,4484.62,4485.13,1677,35
2026.06.01 19:10:00,4485.14,4487.12,4484.56,4485.76,1636,43
2026.06.01 19:20:00,4485.75,4486.42,4484.26,4484.64,1617,43
2026.06.01 19:30:00,4484.64,4485.69,4482.93,4484.38,1814,43
2026.06.01 19:40:00,4484.35,4485.35,4482.73,4483.53,1819,43
2026.06.01 19:50:00,4483.64,4483.64,4478.91,4481.32,2376,43
2026.06.01 20:00:00,4481.32,4484.18,4480.08,4483.33,1327,35
2026.06.01 20:10:00,4483.29,4484.24,4482.3,4482.85,934,43
2026.06.01 20:20:00,4482.83,4483.57,4482.03,4483.04,736,43
2026.06.01 20:30:00,4483.07,4484.58,4481.92,4483.93,854,42
2026.06.01 20:40:00,4483.93,4484.6,4481.17,4483.81,1051,35
2026.06.01 20:50:00,4483.82,4485.83,4482.25,4484.66,714,42
2026.06.01 22:00:00,4486.08,4486.18,4481.81,4482.51,805,43
2026.06.01 22:10:00,4482.52,4485.26,4482.06,4484.11,866,35
2026.06.01 22:20:00,4484.19,4484.7,4481.33,4481.49,1197,35
2026.06.01 22:30:00,4481.42,4483.43,4479.62,4482.71,847,43
2026.06.01 22:40:00,4482.71,4485.59,4480.87,4484.11,844,35
2026.06.01 22:50:00,4484.12,4486.54,4483.38,4485.52,852,43
2026.06.01 23:00:00,4485.39,4487.71,4481.86,4485.13,1029,35
2026.06.01 23:10:00,4485.21,4487.98,4485.07,4486.49,798,35
2026.06.01 23:20:00,4486.38,4488.17,4485.36,4487.17,690,43
2026.06.01 23:30:00,4487.17,4487.43,4480.43,4484.5,1356,43
2026.06.01 23:40:00,4484.49,4486.72,4479.45,4480.89,1746,39
2026.06.01 23:50:00,4480.88,4485.81,4480.78,4484.27,1361,35
2026.06.02 00:00:00,4484.45,4485.13,4476.55,4478.33,2639,43
2026.06.02 00:10:00,4478.36,4485.43,4478.05,4485.04,2749,35
2026.06.02 00:20:00,4485.04,4493.7,4484.05,4493.69,2406,42
2026.06.02 00:30:00,4493.74,4497.0,4488.38,4489.05,2428,42
2026.06.02 00:40:00,4489.05,4489.34,4480.66,4481.4,2284,43
2026.06.02 00:50:00,4481.37,4484.07,4480.64,4481.48,2375,42
2026.06.02 01:00:00,4481.31,4486.89,4473.8,4479.46,3508,35
2026.06.02 01:10:00,4479.49,4491.87,4478.87,4485.92,3487,38
2026.06.02 01:20:00,4485.94,4492.3,4481.0,4486.31,3101,42
2026.06.02 01:30:00,4486.3,4489.35,4480.51,4481.74,2816,41
2026.06.02 01:40:00,4481.74,4485.19,4471.86,4475.22,3022,35
2026.06.02 01:50:00,4475.19,4476.6,4462.73,4474.04,3288,43
2026.06.02 02:00:00,4473.95,4480.88,4472.14,4474.65,3054,42
2026.06.02 02:10:00,4474.64,4482.0,4473.84,4480.9,2496,35
2026.06.02 02:20:00,4480.97,4484.67,4480.97,4481.8,2115,43
2026.06.02 02:30:00,4481.81,4485.51,4478.78,4478.81,2449,43
2026.06.02 02:40:00,4478.81,4479.17,4473.54,4474.46,2393,42
2026.06.02 02:50:00,4474.4,4486.3,4474.16,4485.84,2151,43
2026.06.02 03:00:00,4485.84,4492.36,4485.54,4486.51,2486,35
2026.06.02 03:10:00,4486.51,4491.3,4486.16,4489.76,2155,43
2026.06.02 03:20:00,4489.76,4497.25,4485.72,4494.96,2456,42
2026.06.02 03:30:00,4494.96,4499.33,4492.74,4494.49,2425,35
2026.06.02 03:40:00,4494.48,4499.35,4494.19,4498.02,1723,43
2026.06.02 03:50:00,4497.79,4499.25,4496.83,4499.2,1419,43
2026.06.02 04:00:00,4499.19,4503.19,4497.74,4502.08,1825,35
2026.06.02 04:10:00,4502.08,4510.0,4502.08,4507.65,1873,36
2026.06.02 04:20:00,4507.69,4508.09,4504.11,4504.52,1873,42
2026.06.02 04:30:00,4504.51,4508.89,4503.31,4508.73,1852,43
2026.06.02 04:40:00,4508.72,4515.82,4508.16,4512.49,1705,43
2026.06.02 04:50:00,4512.52,4518.07,4511.66,4517.25,1831,43
2026.06.02 05:00:00,4517.27,4518.13,4515.21,4515.99,1793,35
2026.06.02 05:10:00,4515.95,4519.51,4514.91,4518.51,1881,35
2026.06.02 05:20:00,4518.55,4521.84,4516.44,4519.63,2007,43
2026.06.02 05:30:00,4519.69,4528.05,4519.56,4523.48,3197,42
2026.06.02 05:40:00,4523.5,4526.79,4521.76,4523.32,2467,42
2026.06.02 05:50:00,4522.94,4523.65,4515.93,4516.91,2558,35
2026.06.02 06:00:00,4516.91,4524.61,4516.8,4520.71,2568,35
2026.06.02 06:10:00,4520.74,4524.11,4517.91,4520.11,2577,35
2026.06.02 06:20:00,4520.13,4533.92,4520.13,4532.95,2885,35
2026.06.02 06:30:00,4532.95,4538.4,4532.85,4533.83,2668,35
2026.06.02 06:40:00,4533.84,4535.46,4531.6,4533.57,1391,35
2026.06.02 06:50:00,4533.54,4536.68,4531.84,4535.63,1409,43
2026.06.02 07:00:00,4535.74,4537.92,4533.23,4537.77,1517,35
2026.06.02 07:10:00,4537.71,4541.35,4537.48,4539.25,1554,35
2026.06.02 07:20:00,4539.24,4539.26,4533.26,4533.98,1460,35
2026.06.02 07:30:00,4533.91,4535.24,4531.73,4532.84,1433,35
2026.06.02 07:40:00,4532.83,4534.69,4529.76,4531.57,1500,35
2026.06.02 07:50:00,4531.56,4535.43,4527.92,4535.02,1514,35
2026.06.02 08:00:00,4535.08,4539.04,4533.04,4535.43,1594,35
2026.06.02 08:10:00,4535.4,4537.4,4531.5,4532.45,1467,35
2026.06.02 08:20:00,4532.47,4534.61,4529.93,4531.09,1489,35
2026.06.02 08:30:00,4530.97,4533.29,4529.3,4530.1,1472,35
2026.06.02 08:40:00,4530.08,4530.53,4527.63,4529.46,1420,35
2026.06.02 08:50:00,4529.45,4529.64,4525.88,4526.6,1497,35
2026.06.02 09:00:00,4526.7,4530.78,4525.22,4528.87,1533,35
2026.06.02 09:10:00,4528.78,4535.67,4528.78,4534.6,1487,35
2026.06.02 09:20:00,4534.59,4534.6,4525.38,4526.73,1573,35
2026.06.02 09:30:00,4526.72,4527.25,4521.91,4524.3,1621,35
2026.06.02 09:40:00,4524.29,4527.21,4522.11,4526.27,1516,35
2026.06.02 09:50:00,4526.29,4531.45,4525.84,4529.91,1306,35
2026.06.02 10:00:00,4529.74,4530.74,4527.58,4529.32,1328,35
2026.06.02 10:10:00,4529.33,4531.64,4528.03,4529.02,1283,35
2026.06.02 10:20:00,4529.05,4529.05,4524.57,4528.33,1276,35
2026.06.02 10:30:00,4528.31,4528.65,4525.38,4526.59,1196,35
2026.06.02 10:40:00,4526.6,4532.89,4526.14,4530.62,1309,35
2026.06.02 10:50:00,4530.61,4533.91,4529.48,4533.1,1256,35
2026.06.02 11:00:00,4533.13,4534.59,4529.08,4529.83,1428,35
2026.06.02 11:10:00,4529.84,4531.31,4526.6,4527.89,1304,35
2026.06.02 11:20:00,4527.91,4529.96,4527.22,4529.96,1330,35
2026.06.02 11:30:00,4530.32,4530.69,4526.12,4527.28,1411,35
2026.06.02 11:40:00,4527.17,4529.64,4525.52,4529.03,1448,35
2026.06.02 11:50:00,4529.01,4530.44,4525.52,4527.43,1454,35
2026.06.02 12:00:00,4527.61,4528.57,4524.86,4527.29,1539,35
2026.06.02 12:10:00,4527.27,4527.79,4523.96,4526.74,1502,35
2026.06.02 12:20:00,4526.82,4533.85,4526.36,4529.22,1800,35
2026.06.02 12:30:00,4529.1,4533.56,4522.01,4524.75,1722,35
2026.06.02 12:40:00,4524.72,4527.17,4519.88,4520.2,1555,35
2026.06.02 12:50:00,4520.19,4521.2,4513.44,4514.2,1861,35
2026.06.02 13:00:00,4514.94,4524.71,4513.29,4516.43,1957,35
2026.06.02 13:10:00,4516.39,4518.22,4511.97,4512.7,1816,35
2026.06.02 13:20:00,4512.73,4515.57,4509.87,4510.73,1830,35
2026.06.02 13:30:00,4510.72,4511.94,4506.16,4510.97,2002,35
2026.06.02 13:40:00,4510.63,4514.36,4506.52,4509.66,1902,35
2026.06.02 13:50:00,4509.55,4513.61,4502.58,4502.58,2044,35
2026.06.02 14:00:00,4502.4,4505.76,4498.31,4502.79,1960,35
2026.06.02 14:10:00,4502.81,4506.97,4492.58,4495.85,1982,35
2026.06.02 14:20:00,4496.05,4498.12,4490.25,4495.53,1973,35
2026.06.02 14:30:00,4495.86,4504.31,4495.54,4502.39,1762,35
2026.06.02 14:40:00,4502.74,4506.3,4501.04,4503.74,1720,35
2026.06.02 14:50:00,4503.73,4505.45,4500.79,4504.01,1720,35
2026.06.02 15:00:00,4504.0,4508.06,4501.5,4506.71,1702,35
2026.06.02 15:10:00,4506.71,4507.47,4502.43,4504.3,1714,35
2026.06.02 15:20:00,4504.41,4506.15,4501.47,4505.34,1627,35
2026.06.02 15:30:00,4505.49,4508.47,4502.92,4504.42,1644,35
2026.06.02 15:40:00,4504.41,4506.99,4500.07,4505.51,1696,35
2026.06.02 15:50:00,4505.68,4505.74,4501.27,4502.02,1525,35
2026.06.02 16:00:00,4502.0,4502.84,4498.12,4501.92,1786,35
2026.06.02 16:10:00,4502.03,4502.08,4494.28,4494.68,1681,35
2026.06.02 16:20:00,4494.72,4496.15,4490.25,4490.25,1869,35
2026.06.02 16:30:00,4490.27,4491.4,4486.37,4487.63,1774,35
2026.06.02 16:40:00,4487.58,4491.81,4486.47,4490.9,1735,35
2026.06.02 16:50:00,4490.88,4491.9,4489.27,4491.82,1604,35
2026.06.02 17:00:00,4491.78,4492.9,4486.92,4486.93,1772,35
2026.06.02 17:10:00,4486.96,4490.06,4486.67,4487.12,1874,43
2026.06.02 17:20:00,4487.14,4491.49,4486.32,4491.0,1975,43
2026.06.02 17:30:00,4490.79,4491.62,4482.02,4482.78,2030,43
2026.06.02 17:40:00,4482.87,4486.18,4482.61,4485.87,1868,43
2026.06.02 17:50:00,4485.83,4486.47,4482.41,4484.52,1811,43
2026.06.02 18:00:00,4484.57,4488.45,4484.26,4487.41,1732,43
2026.06.02 18:10:00,4487.4,4487.86,4483.96,4484.86,1702,43
2026.06.02 18:20:00,4484.82,4490.85,4484.38,4488.25,1702,43
2026.06.02 18:30:00,4488.32,4489.23,4484.59,4485.23,1679,43
2026.06.02 18:40:00,4485.15,4486.53,4478.62,4486.51,1868,43
2026.06.02 18:50:00,4486.54,4490.39,4485.83,4487.27,1591,43
2026.06.02 19:00:00,4487.34,4489.05,4487.28,4488.46,1483,43
2026.06.02 19:10:00,4488.43,4488.78,4486.29,4486.58,1452,43
2026.06.02 19:20:00,4486.59,4489.53,4485.6,4489.47,1415,43
2026.06.02 19:30:00,4489.42,4490.24,4483.33,4484.39,1541,43
2026.06.02 19:40:00,4484.38,4487.89,4483.72,4486.87,1601,43
2026.06.02 19:50:00,4486.63,4488.47,4485.66,4487.97,1729,43
2026.06.02 20:00:00,4487.87,4488.57,4486.07,4487.95,979,43
2026.06.02 20:10:00,4487.96,4490.96,4487.82,4490.28,871,43
2026.06.02 20:20:00,4490.26,4490.27,4488.42,4489.66,578,43
2026.06.02 20:30:00,4489.69,4490.83,4489.01,4489.44,665,43
2026.06.02 20:40:00,4489.31,4490.17,4488.48,4488.6,668,51
2026.06.02 20:50:00,4488.59,4488.63,4486.64,4487.25,687,48
2026.06.02 22:00:00,4492.18,4493.03,4488.07,4491.71,679,43
2026.06.02 22:10:00,4491.67,4491.9,4488.33,4489.03,861,43
2026.06.02 22:20:00,4489.04,4491.52,4487.47,4489.92,1043,43
2026.06.02 22:30:00,4489.75,4491.14,4487.12,4488.53,933,43
2026.06.02 22:40:00,4488.49,4492.11,4484.0,4488.9,1047,43
2026.06.02 22:50:00,4488.93,4490.16,4484.63,4484.69,1345,43
2026.06.02 23:00:00,4484.68,4488.62,4480.6,4482.04,1522,43
2026.06.02 23:10:00,4482.13,4483.14,4469.11,4470.09,1937,43
2026.06.02 23:20:00,4470.08,4472.1,4462.16,4467.39,1929,43
2026.06.02 23:30:00,4467.44,4468.86,4462.44,4465.66,1817,43
2026.06.02 23:40:00,4465.48,4475.13,4464.08,4471.82,1801,43
2026.06.02 23:50:00,4471.52,4474.38,4470.74,4474.29,1552,43
2026.06.03 00:00:00,4474.2,4479.73,4473.87,4476.53,1518,43
2026.06.03 00:10:00,4476.52,4479.09,4474.08,4477.4,1342,43
2026.06.03 00:20:00,4477.37,4483.16,4477.14,4482.99,1294,43
2026.06.03 00:30:00,4482.99,4491.72,4481.11,4491.45,1393,43
2026.06.03 00:40:00,4491.46,4496.68,4489.0,4490.91,1667,43
2026.06.03 00:50:00,4491.01,4492.09,4485.87,4486.04,1407,43
2026.06.03 01:00:00,4486.03,4487.31,4467.06,4474.15,2120,43
2026.06.03 01:10:00,4474.12,4477.37,4468.11,4469.38,2171,43
2026.06.03 01:20:00,4469.42,4471.21,4463.21,4467.06,2060,43
2026.06.03 01:30:00,4467.26,4472.84,4466.27,4466.27,1804,43
2026.06.03 01:40:00,4465.84,4475.67,4464.79,4475.54,1738,43
2026.06.03 01:50:00,4475.49,4477.04,4472.22,4475.63,1689,43
2026.06.03 02:00:00,4475.72,4479.05,4472.66,4478.58,1568,43
2026.06.03 02:10:00,4478.58,4481.31,4474.04,4476.16,1714,43
2026.06.03 02:20:00,4476.17,4480.74,4475.06,4478.74,1399,43
2026.06.03 02:30:00,4478.81,4482.1,4474.73,4481.01,1717,43
2026.06.03 02:40:00,4481.02,4485.03,4472.91,4475.55,1770,43
2026.06.03 02:50:00,4475.2,4481.89,4474.05,4481.88,1721,43
2026.06.03 03:00:00,4481.8,4487.47,4481.8,4485.29,1684,43
2026.06.03 03:10:00,4485.25,4486.38,4483.25,4485.23,1474,43
2026.06.03 03:20:00,4485.25,4487.11,4483.03,4483.32,1377,43
2026.06.03 03:30:00,4483.4,4485.63,4483.05,4484.63,1031,43
2026.06.03 03:40:00,4484.61,4485.1,4482.39,4482.76,905,43
2026.06.03 03:50:00,4482.77,4486.12,4482.61,4484.26,762,43
2026.06.03 04:00:00,4484.4,4486.87,4483.99,4486.03,980,43
2026.06.03 04:10:00,4485.98,4488.09,4481.19,4481.26,1083,43
2026.06.03 04:20:00,4481.39,4481.71,4477.0,4477.0,852,43
2026.06.03 04:30:00,4476.7,4477.23,4470.74,4471.48,1230,43
2026.06.03 04:40:00,4471.47,4473.98,4470.23,4471.35,1005,43
2026.06.03 04:50:00,4471.37,4471.4,4468.3,4469.25,937,43
2026.06.03 05:00:00,4469.27,4471.96,4467.05,4470.47,1429,43
2026.06.03 05:10:00,4470.48,4474.11,4469.8,4472.2,1227,43
2026.06.03 05:20:00,4472.16,4472.97,4466.32,4468.45,1375,43
2026.06.03 05:30:00,4468.8,4468.8,4458.97,4466.76,2028,43
2026.06.03 05:40:00,4466.71,4466.88,4460.04,4465.89,1765,43
2026.06.03 05:50:00,4465.84,4468.16,4456.54,4456.84,1683,43
2026.06.03 06:00:00,4456.91,4467.19,4456.8,4464.99,1836,43
2026.06.03 06:10:00,4465.0,4470.77,4462.69,4468.1,1786,43
2026.06.03 06:20:00,4468.09,4470.16,4458.83,4462.32,1812,43
2026.06.03 06:30:00,4462.35,4464.88,4457.05,4462.8,1732,43
2026.06.03 06:40:00,4462.81,4463.46,4455.12,4458.88,1777,43
2026.06.03 06:50:00,4458.73,4462.85,4457.57,4462.85,1656,43
2026.06.03 07:00:00,4462.94,4469.04,4459.82,4468.66,1640,35
2026.06.03 07:10:00,4468.62,4472.12,4462.82,4463.74,1723,35
2026.06.03 07:20:00,4463.83,4464.75,4456.17,4456.17,1674,35
2026.06.03 07:30:00,4456.15,4463.18,4454.26,4458.25,1621,35
2026.06.03 07:40:00,4458.26,4461.31,4454.61,4458.8,1592,35
2026.06.03 07:50:00,4458.54,4463.86,4452.86,4453.22,1585,35
2026.06.03 08:00:00,4453.33,4458.97,4450.95,4455.11,1664,35
2026.06.03 08:10:00,4455.1,4457.73,4452.3,4453.95,1589,35
2026.06.03 08:20:00,4453.98,4457.57,4450.63,4457.42,1703,35
2026.06.03 08:30:00,4457.36,4458.42,4454.34,4455.55,1487,35
2026.06.03 08:40:00,4455.53,4458.96,4454.02,4454.21,1496,35
2026.06.03 08:50:00,4454.15,4454.87,4440.1,4443.93,1982,35
2026.06.03 09:00:00,4443.91,4458.92,4441.89,4456.79,1825,35
2026.06.03 09:10:00,4456.37,4456.86,4447.02,4450.06,1747,35
2026.06.03 09:20:00,4450.05,4451.87,4439.36,4439.81,1765,35
2026.06.03 09:30:00,4440.1,4447.07,4438.92,4446.88,1781,35
2026.06.03 09:40:00,4446.87,4448.3,4444.08,4446.93,1559,35
2026.06.03 09:50:00,4446.87,4447.87,4440.81,4442.95,1595,35
2026.06.03 10:00:00,4442.98,4466.63,4440.87,4461.5,1867,35
2026.06.03 10:10:00,4461.54,4464.54,4459.45,4462.49,1863,35
2026.06.03 10:20:00,4462.56,4464.23,4453.52,4459.91,1847,35
2026.06.03 10:30:00,4459.95,4462.45,4458.14,4458.93,1680,35
2026.06.03 10:40:00,4459.04,4459.12,4453.16,4455.93,1603,35
2026.06.03 10:50:00,4456.06,4461.13,4456.06,4458.9,1577,35
2026.06.03 11:00:00,4458.89,4467.97,4458.89,4463.18,1840,35
2026.06.03 11:10:00,4463.17,4464.15,4459.08,4460.95,1808,35
2026.06.03 11:20:00,4460.94,4465.73,4460.94,4464.46,1643,35
2026.06.03 11:30:00,4464.36,4467.12,4462.86,4463.34,1611,35
2026.06.03 11:40:00,4463.35,4464.56,4458.4,4462.13,1700,35
2026.06.03 11:50:00,4462.19,4464.73,4461.29,4462.33,1582,35
2026.06.03 12:00:00,4462.71,4464.46,4457.13,4458.27,1741,35
2026.06.03 12:10:00,4458.68,4461.41,4455.81,4456.22,1704,35
2026.06.03 12:20:00,4455.68,4462.25,4451.96,4452.67,1914,35
2026.06.03 12:30:00,4452.99,4456.88,4448.11,4449.45,1786,35
2026.06.03 12:40:00,4449.72,4461.62,4449.72,4461.22,1859,35
2026.06.03 12:50:00,4461.27,4467.15,4455.37,4460.26,1862,35
2026.06.03 13:00:00,4460.22,4465.26,4457.92,4462.51,1887,35
2026.06.03 13:10:00,4462.53,4465.65,4455.33,4457.33,1811,35
2026.06.03 13:20:00,4457.37,4457.92,4445.81,4448.49,1925,35
2026.06.03 13:30:00,4448.96,4453.12,4446.22,4448.58,1993,35
2026.06.03 13:40:00,4448.49,4450.03,4426.27,4436.92,2108,35
2026.06.03 13:50:00,4436.91,4450.05,4435.31,4445.73,2072,35
2026.06.03 14:00:00,4446.0,4452.15,4442.36,4450.36,2038,35
2026.06.03 14:10:00,4450.38,4458.12,4445.87,4449.05,2039,35
2026.06.03 14:20:00,4448.0,4452.16,4446.48,4451.99,1982,35
2026.06.03 14:30:00,4451.96,4453.57,4447.44,4451.6,1885,35
2026.06.03 14:40:00,4451.73,4455.02,4447.09,4454.06,1834,35
2026.06.03 14:50:00,4453.78,4459.52,4450.77,4457.16,1863,35
2026.06.03 15:00:00,4457.21,4458.31,4447.96,4449.13,1838,35
2026.06.03 15:10:00,4449.11,4451.96,4444.9,4445.88,1890,35
2026.06.03 15:20:00,4445.89,4446.5,4439.53,4445.09,1928,35
2026.06.03 15:30:00,4444.54,4445.42,4436.79,4438.99,1829,35
2026.06.03 15:40:00,4438.99,4442.3,4437.92,4441.73,1759,35
2026.06.03 15:50:00,4441.49,4443.91,4439.95,4442.17,1693,35
2026.06.03 16:00:00,4442.42,4443.61,4437.23,4439.37,1700,35
2026.06.03 16:10:00,4439.39,4441.25,4436.56,4438.44,1726,35
2026.06.03 16:20:00,4438.39,4439.36,4433.86,4437.52,1783,35
2026.06.03 16:30:00,4437.48,4440.71,4436.14,4436.48,1807,35
2026.06.03 16:40:00,4436.38,4440.36,4435.31,4437.85,1763,35
2026.06.03 16:50:00,4437.86,4442.78,4436.8,4441.76,1656,35
2026.06.03 17:00:00,4442.29,4448.23,4441.65,4446.92,1907,43
2026.06.03 17:10:00,4446.84,4447.09,4441.26,4442.32,1788,43
2026.06.03 17:20:00,4442.31,4442.76,4437.63,4438.85,1959,43
2026.06.03 17:30:00,4438.04,4440.56,4435.45,4440.06,1819,43
2026.06.03 17:40:00,4440.09,4442.13,4437.62,4438.15,1849,43
2026.06.03 17:50:00,4438.25,4439.52,4436.96,4438.91,1722,43
2026.06.03 18:00:00,4438.89,4440.48,4436.24,4437.42,1762,43
2026.06.03 18:10:00,4437.41,4438.46,4435.39,4437.9,1830,43
2026.06.03 18:20:00,4437.93,4440.58,4435.3,4440.07,1772,43
2026.06.03 18:30:00,4439.9,4442.45,4436.8,4438.42,1725,43
2026.06.03 18:40:00,4438.41,4441.7,4437.28,4439.88,1701,43
2026.06.03 18:50:00,4439.9,4442.74,4439.69,4441.93,1660,43
2026.06.03 19:00:00,4441.92,4449.64,4441.32,4447.69,1874,43
2026.06.03 19:10:00,4447.81,4451.83,4446.64,4451.38,1915,43
2026.06.03 19:20:00,4451.39,4452.12,4446.41,4447.9,1720,43
2026.06.03 19:30:00,4447.95,4449.53,4447.26,4447.82,1641,43
2026.06.03 19:40:00,4447.72,4448.72,4444.72,4446.78,1499,43
2026.06.03 19:50:00,4446.91,4446.91,4442.95,4443.78,1771,43
2026.06.03 20:00:00,4443.7,4445.28,4438.52,4441.27,1451,43
2026.06.03 20:10:00,4441.3,4441.82,4437.3,4437.51,1285,43
2026.06.03 20:20:00,4437.59,4440.19,4437.52,4438.95,1191,43
2026.06.03 20:30:00,4438.87,4439.42,4432.62,4433.87,1377,43
2026.06.03 20:40:00,4433.78,4434.76,4431.33,4431.33,1227,52
2026.06.03 20:50:00,4431.34,4434.39,4430.52,4433.76,999,48
2026.06.03 22:00:00,4437.02,4439.97,4430.94,4434.79,907,43
2026.06.03 22:10:00,4434.64,4435.68,4423.79,4427.37,1594,43
2026.06.03 22:20:00,4428.02,4435.42,4424.54,4433.87,1533,43
2026.06.03 22:30:00,4433.86,4440.28,4433.8,4436.45,1589,43
2026.06.03 22:40:00,4436.49,4438.89,4434.75,4438.55,1364,43
2026.06.03 22:50:00,4438.56,4452.55,4437.23,4448.81,1596,43
2026.06.03 23:00:00,4448.92,4450.27,4445.27,4448.1,1527,43
2026.06.03 23:10:00,4448.13,4449.3,4445.54,4447.86,1329,43
2026.06.03 23:20:00,4447.86,4451.3,4447.35,4450.73,1386,43
2026.06.03 23:30:00,4450.7,4452.29,4447.51,4450.3,1478,43
2026.06.03 23:40:00,4450.07,4464.54,4446.15,4459.25,2098,43
2026.06.03 23:50:00,4459.24,4461.56,4456.14,4457.18,1950,43
2026.06.04 00:00:00,4457.17,4464.83,4455.0,4456.2,1948,43
2026.06.04 00:10:00,4456.22,4457.41,4450.0,4455.23,1962,43
2026.06.04 00:20:00,4455.28,4455.89,4447.58,4450.59,1701,43
2026.06.04 00:30:00,4450.64,4452.79,4445.13,4446.39,1710,43
2026.06.04 00:40:00,4446.56,4449.93,4444.09,4449.92,1675,43
2026.06.04 00:50:00,4449.93,4452.81,4446.61,4448.31,1752,43
2026.06.04 01:00:00,4448.35,4459.43,4443.42,4459.43,1978,43
2026.06.04 01:10:00,4459.49,4467.18,4459.18,4464.51,1953,43
2026.06.04 01:20:00,4464.52,4473.37,4464.52,4465.95,1765,43
2026.06.04 01:30:00,4465.93,4470.09,4464.83,4468.28,1801,43
2026.06.04 01:40:00,4468.15,4468.71,4458.56,4465.9,1999,43
2026.06.04 01:50:00,4465.92,4467.11,4456.78,4465.68,1866,43
2026.06.04 02:00:00,4465.68,4467.2,4458.41,4458.6,1644,43
2026.06.04 02:10:00,4458.07,4464.74,4455.46,4461.81,1647,43
2026.06.04 02:20:00,4461.79,4463.07,4458.64,4460.61,1513,43
2026.06.04 02:30:00,4460.6,4462.54,4457.94,4458.07,1793,43
2026.06.04 02:40:00,4457.88,4470.94,4457.88,4470.31,1835,43
2026.06.04 02:50:00,4470.28,4476.34,4468.94,4474.92,2093,43
2026.06.04 03:00:00,4474.79,4477.17,4471.5,4474.14,1754,43
2026.06.04 03:10:00,4474.19,4475.19,4469.4,4469.73,1784,43
2026.06.04 03:20:00,4469.66,4469.7,4465.88,4469.31,1785,43
2026.06.04 03:30:00,4469.22,4470.76,4463.55,4465.01,1610,43
2026.06.04 03:40:00,4465.0,4465.39,4458.23,4459.66,1570,43
2026.06.04 03:50:00,4459.64,4464.78,4458.92,4463.71,1488,43
2026.06.04 04:00:00,4463.73,4465.93,4462.27,4463.97,1480,43
2026.06.04 04:10:00,4463.98,4472.4,4463.38,4471.59,1406,43
2026.06.04 04:20:00,4471.61,4476.17,4471.23,4474.6,1470,43
2026.06.04 04:30:00,4474.5,4483.77,4474.49,4481.01,1653,43
2026.06.04 04:40:00,4480.97,4483.89,4479.3,4479.45,1478,43
2026.06.04 04:50:00,4479.43,4481.14,4478.59,4480.93,1184,43
2026.06.04 05:00:00,4480.99,4482.29,4473.55,4473.67,1304,43
2026.06.04 05:10:00,4473.59,4479.08,4471.5,4476.3,1443,43
2026.06.04 05:20:00,4476.31,4476.46,4470.89,4473.21,1351,43
2026.06.04 05:30:00,4473.18,4475.7,4471.03,4471.16,1791,43
2026.06.04 05:40:00,4471.18,4474.72,4467.17,4467.41,1906,43
2026.06.04 05:50:00,4467.53,4471.05,4466.76,4469.09,1881,43
2026.06.04 06:00:00,4469.08,4477.06,4467.96,4475.87,1760,43
2026.06.04 06:10:00,4476.1,4477.01,4466.59,4469.37,1625,43
2026.06.04 06:20:00,4469.56,4472.04,4466.86,4472.04,1816,43
2026.06.04 06:30:00,4471.83,4476.8,4469.66,4472.92,1739,43
2026.06.04 06:40:00,4473.04,4473.1,4462.9,4466.89,1773,43
2026.06.04 06:50:00,4466.9,4469.92,4466.53,4467.52,1582,43
2026.06.04 07:00:00,4467.92,4470.69,4464.25,4465.57,1612,35
2026.06.04 07:10:00,4465.64,4470.37,4462.27,4469.13,1525,35
2026.06.04 07:20:00,4469.15,4469.15,4461.86,4465.14,1456,35
2026.06.04 07:30:00,4465.03,4467.9,4462.7,4463.53,1419,35
2026.06.04 07:40:00,4463.55,4464.49,4460.1,4461.21,1514,35
2026.06.04 07:50:00,4461.22,4462.22,4459.4,4461.6,1468,35
2026.06.04 08:00:00,4461.99,4467.98,4460.02,4465.64,1649,35
2026.06.04 08:10:00,4465.47,4465.96,4459.66,4464.04,1633,35
2026.06.04 08:20:00,4463.99,4464.05,4458.62,4463.23,1661,35
2026.06.04 08:30:00,4463.37,4469.32,4459.96,4460.6,1680,35
2026.06.04 08:40:00,4460.61,4464.13,4459.92,4460.04,1619,35
2026.06.04 08:50:00,4460.01,4465.9,4460.0,4463.28,1512,35
2026.06.04 09:00:00,4463.27,4469.3,4461.07,4468.4,1636,35
2026.06.04 09:10:00,4468.38,4468.75,4462.15,4466.02,1532,35
2026.06.04 09:20:00,4466.05,4467.55,4463.43,4464.69,1518,35
2026.06.04 09:30:00,4464.64,4469.22,4461.7,4467.17,1595,35
2026.06.04 09:40:00,4467.37,4472.29,4465.99,4470.57,1473,35
2026.06.04 09:50:00,4470.58,4475.61,4469.5,4470.34,1541,35
2026.06.04 10:00:00,4470.25,4472.04,4468.32,4469.32,1432,35
2026.06.04 10:10:00,4469.3,4471.96,4468.27,4468.77,1405,35
2026.06.04 10:20:00,4468.76,4468.91,4464.2,4467.46,1371,35
2026.06.04 10:30:00,4467.45,4471.05,4466.32,4469.05,1286,35
2026.06.04 10:40:00,4469.06,4472.86,4468.51,4471.29,1342,35
2026.06.04 10:50:00,4471.37,4473.71,4468.4,4473.5,1522,35
2026.06.04 11:00:00,4473.58,4478.22,4468.63,4477.46,1492,35
2026.06.04 11:10:00,4477.43,4479.22,4473.42,4477.92,1528,35
2026.06.04 11:20:00,4478.47,4491.49,4476.57,4489.48,1735,35
2026.06.04 11:30:00,4489.83,4492.24,4482.18,4487.76,1741,35
2026.06.04 11:40:00,4488.13,4504.06,4486.64,4501.24,1945,35
2026.06.04 11:50:00,4501.11,4514.66,4500.73,4511.68,1904,35
2026.06.04 12:00:00,4511.46,4513.83,4494.94,4498.14,1898,35
2026.06.04 12:10:00,4498.27,4499.13,4491.18,4492.39,1717,35
2026.06.04 12:20:00,4492.25,4499.87,4492.24,4498.49,1652,35
2026.06.04 12:30:00,4498.46,4502.07,4496.97,4498.97,1543,35
2026.06.04 12:40:00,4499.01,4505.0,4498.93,4504.93,1584,35
2026.06.04 12:50:00,4504.98,4510.81,4502.03,4504.08,1807,35
2026.06.04 13:00:00,4504.0,4509.92,4500.09,4504.92,1963,35
2026.06.04 13:10:00,4504.94,4508.72,4501.98,4507.75,1676,35
2026.06.04 13:20:00,4507.61,4509.15,4501.71,4504.54,1722,35
2026.06.04 13:30:00,4504.42,4512.13,4502.41,4509.3,2093,35
2026.06.04 13:40:00,4509.35,4515.28,4505.08,4509.93,2075,35
2026.06.04 13:50:00,4509.97,4512.32,4495.48,4495.82,2029,35
2026.06.04 14:00:00,4495.72,4499.85,4487.73,4489.82,2004,35
2026.06.04 14:10:00,4490.1,4493.71,4485.3,4487.51,1984,35
2026.06.04 14:20:00,4487.47,4489.42,4484.01,4486.15,1894,35
2026.06.04 14:30:00,4486.17,4486.73,4477.67,4480.16,1937,35
2026.06.04 14:40:00,4480.07,4480.64,4465.19,4466.24,1970,35
2026.06.04 14:50:00,4466.34,4470.19,4456.97,4465.75,2065,35
2026.06.04 15:00:00,4465.97,4472.52,4463.77,4470.3,1789,35
2026.06.04 15:10:00,4470.51,4474.56,4470.05,4473.31,1716,35
2026.06.04 15:20:00,4473.33,4473.79,4469.06,4470.89,1676,35
2026.06.04 15:30:00,4470.86,4477.1,4469.6,4476.93,1650,35
2026.06.04 15:40:00,4477.0,4477.2,4469.91,4474.35,1526,35
2026.06.04 15:50:00,4474.42,4479.03,4474.42,4477.38,1778,35
2026.06.04 16:00:00,4477.37,4482.66,4475.31,4482.62,1853,35
2026.06.04 16:10:00,4482.55,4484.99,4479.06,4483.34,1910,35
2026.06.04 16:20:00,4483.33,4485.03,4480.2,4483.53,1740,35
2026.06.04 16:30:00,4483.52,4483.99,4479.65,4481.94,1877,35
2026.06.04 16:40:00,4481.84,4483.42,4480.28,4481.57,1783,35
2026.06.04 16:50:00,4481.54,4483.93,4480.68,4482.77,1956,35
2026.06.04 17:00:00,4482.63,4482.63,4479.52,4479.52,1649,43
2026.06.04 17:10:00,4479.39,4480.43,4474.05,4475.46,1820,43
2026.06.04 17:20:00,4475.45,4479.24,4474.03,4476.7,1896,43
2026.06.04 17:30:00,4476.72,4481.48,4476.6,4477.79,1789,43
2026.06.04 17:40:00,4477.78,4478.94,4475.99,4478.54,1800,43
2026.06.04 17:50:00,4478.55,4480.23,4477.49,4478.06,1759,43
2026.06.04 18:00:00,4478.11,4479.92,4476.22,4477.33,1509,43
2026.06.04 18:10:00,4477.31,4479.25,4477.08,4478.62,1582,43
2026.06.04 18:20:00,4478.63,4480.92,4477.24,4478.06,1657,43
2026.06.04 18:30:00,4477.57,4477.78,4472.61,4473.6,1675,43
2026.06.04 18:40:00,4473.53,4476.22,4473.12,4475.28,1551,43
2026.06.04 18:50:00,4475.64,4479.4,4475.48,4477.99,1658,43
2026.06.04 19:00:00,4478.02,4483.34,4477.4,4478.31,1659,43
2026.06.04 19:10:00,4478.32,4479.22,4476.05,4478.53,1578,43
2026.06.04 19:20:00,4478.56,4480.11,4477.8,4480.0,1455,43
2026.06.04 19:30:00,4479.99,4480.26,4477.34,4478.96,1478,43
2026.06.04 19:40:00,4479.01,4480.1,4476.68,4478.28,1480,43
2026.06.04 19:50:00,4478.31,4482.28,4476.87,4480.67,1848,43
2026.06.04 20:00:00,4480.71,4481.56,4478.74,4479.33,1140,43
2026.06.04 20:10:00,4479.54,4479.93,4477.51,4477.59,898,43
2026.06.04 20:20:00,4477.56,4478.12,4476.52,4477.6,831,43
2026.06.04 20:30:00,4477.51,4477.51,4474.99,4476.09,848,43
2026.06.04 20:40:00,4476.07,4477.27,4474.27,4474.63,815,52
2026.06.04 20:50:00,4474.74,4475.74,4474.29,4474.56,624,48
2026.06.04 22:00:00,4474.69,4476.14,4472.95,4474.97,530,43
2026.06.04 22:10:00,4474.93,4478.51,4473.91,4477.78,960,43
2026.06.04 22:20:00,4477.79,4480.74,4477.27,4478.82,1125,43
2026.06.04 22:30:00,4478.79,4481.44,4477.43,4479.07,1148,43
2026.06.04 22:40:00,4479.1,4479.45,4472.21,4473.57,1152,43
2026.06.04 22:50:00,4473.59,4474.04,4468.75,4469.45,1325,43
2026.06.04 23:00:00,4469.61,4473.17,4464.16,4471.53,1792,43
2026.06.04 23:10:00,4471.5,4473.97,4468.89,4469.82,1338,43
2026.06.04 23:20:00,4469.75,4473.27,4466.55,4469.15,1325,43
2026.06.04 23:30:00,4469.14,4469.53,4462.34,4463.6,1225,43
2026.06.04 23:40:00,4463.64,4464.94,4460.36,4463.82,1315,43
2026.06.04 23:50:00,4463.81,4465.92,4461.04,4461.47,1745,43
2026.06.05 00:00:00,4461.53,4464.91,4459.38,4461.14,1903,43
2026.06.05 00:10:00,4461.24,4462.45,4452.07,4452.25,2002,43
2026.06.05 00:20:00,4452.37,4457.56,4450.53,4457.44,1757,43
2026.06.05 00:30:00,4457.4,4466.82,4456.12,4464.09,1764,43
2026.06.05 00:40:00,4464.13,4466.45,4461.16,4461.36,1663,43
2026.06.05 00:50:00,4461.24,4465.58,4458.43,4459.28,1719,43
2026.06.05 01:00:00,4459.16,4469.95,4452.78,4464.5,2113,43
2026.06.05 01:10:00,4464.45,4465.13,4457.63,4463.13,2152,43
2026.06.05 01:20:00,4463.08,4463.8,4449.29,4458.58,2039,43
2026.06.05 01:30:00,4458.75,4459.64,4448.43,4449.47,2007,43
2026.06.05 01:40:00,4449.58,4451.26,4443.97,4446.46,1852,43
2026.06.05 01:50:00,4446.43,4450.88,4444.51,4446.67,2000,43
2026.06.05 02:00:00,4446.57,4450.97,4442.38,4447.85,1988,43
2026.06.05 02:10:00,4447.72,4450.61,4445.86,4447.51,1834,43
2026.06.05 02:20:00,4447.5,4454.82,4447.33,4451.05,1577,43
2026.06.05 02:30:00,4451.04,4451.68,4441.02,4445.14,2086,43
2026.06.05 02:40:00,4445.07,4447.21,4438.38,4445.48,1956,43
2026.06.05 02:50:00,4445.52,4449.85,4439.9,4440.44,2000,43
2026.06.05 03:00:00,4440.44,4441.14,4436.61,4439.84,1824,43
2026.06.05 03:10:00,4439.78,4443.76,4437.97,4438.65,1809,43
2026.06.05 03:20:00,4438.65,4439.04,4435.17,4436.56,1902,43
2026.06.05 03:30:00,4436.68,4441.42,4436.23,4440.56,1626,43
2026.06.05 03:40:00,4440.58,4442.28,4439.88,4441.01,1325,43
2026.06.05 03:50:00,4440.95,4443.22,4439.12,4442.24,1403,43
2026.06.05 04:00:00,4442.25,4444.57,4439.63,4440.55,1408,43
2026.06.05 04:10:00,4440.72,4443.72,4438.25,4439.14,1512,43
2026.06.05 04:20:00,4439.02,4443.58,4438.92,4439.51,1377,43
2026.06.05 04:30:00,4439.52,4441.62,4437.29,4441.58,1369,43
2026.06.05 04:40:00,4441.54,4444.03,4439.18,4441.01,1323,43
2026.06.05 04:50:00,4440.96,4446.23,4440.81,4444.85,1446,43
2026.06.05 05:00:00,4444.92,4449.81,4443.13,4447.19,1589,43
2026.06.05 05:10:00,4447.19,4449.58,4444.07,4445.53,1562,43
2026.06.05 05:20:00,4445.49,4446.23,4442.12,4444.6,1313,43
2026.06.05 05:30:00,4444.59,4447.89,4439.53,4445.44,2169,43
2026.06.05 05:40:00,4445.56,4448.1,4442.04,4447.48,1830,43
2026.06.05 05:50:00,4447.45,4447.8,4438.52,4439.87,1649,43
2026.06.05 06:00:00,4439.96,4442.44,4435.25,4440.24,1776,43
2026.06.05 06:10:00,4440.21,4441.94,4428.93,4436.47,1894,43
2026.06.05 06:20:00,4436.45,4446.25,4434.65,4442.38,1777,43
2026.06.05 06:30:00,4442.47,4449.98,4442.28,4448.23,1730,43
2026.06.05 06:40:00,4448.5,4456.03,4446.46,4453.46,1666,43
2026.06.05 06:50:00,4453.38,4456.12,4449.32,4452.82,1634,43
2026.06.05 07:00:00,4452.49,4458.3,4451.81,4457.25,1632,35
2026.06.05 07:10:00,4457.24,4464.09,4456.08,4461.73,1586,35
2026.06.05 07:20:00,4461.74,4467.5,4459.91,4467.33,1664,35
2026.06.05 07:30:00,4467.07,4467.22,4461.45,4462.0,1569,35
2026.06.05 07:40:00,4462.24,4465.6,4459.51,4462.66,1379,35
2026.06.05 07:50:00,4462.63,4464.73,4460.68,4460.8,1389,35
2026.06.05 08:00:00,4460.57,4463.31,4458.69,4460.6,1522,35
2026.06.05 08:10:00,4460.45,4463.36,4459.42,4462.91,1516,35
2026.06.05 08:20:00,4462.87,4466.67,4462.02,4466.67,1522,35
2026.06.05 08:30:00,4466.18,4468.1,4461.64,4461.82,1441,35
2026.06.05 08:40:00,4461.83,4464.43,4460.93,4463.42,1274,35
2026.06.05 08:50:00,4463.4,4463.76,4461.98,4462.71,1294,35
2026.06.05 09:00:00,4462.7,4463.33,4459.58,4460.65,1258,35
2026.06.05 09:10:00,4460.68,4469.13,4458.86,4467.57,1737,35
2026.06.05 09:20:00,4467.64,4468.89,4461.95,4462.89,1590,35
2026.06.05 09:30:00,4462.83,4466.45,4459.24,4463.18,1562,35
2026.06.05 09:40:00,4463.26,4469.16,4463.17,4465.19,1351,35
2026.06.05 09:50:00,4465.16,4465.77,4462.6,4464.79,1327,35
2026.06.05 10:00:00,4464.83,4464.9,4463.1,4464.74,1209,35
2026.06.05 10:10:00,4464.72,4465.83,4463.44,4465.37,1250,35
2026.06.05 10:20:00,4465.39,4467.98,4465.0,4465.98,1291,35
2026.06.05 10:30:00,4466.01,4466.87,4462.11,4463.19,1250,35
2026.06.05 10:40:00,4463.22,4467.22,4461.8,4466.73,1381,35
2026.06.05 10:50:00,4466.74,4467.79,4465.7,4466.83,1202,35
2026.06.05 11:00:00,4466.41,4466.87,4463.23,4466.65,1523,35
2026.06.05 11:10:00,4466.54,4466.76,4460.84,4461.71,1300,35
2026.06.05 11:20:00,4461.76,4466.02,4458.72,4465.99,1496,35
2026.06.05 11:30:00,4465.61,4467.12,4463.4,4463.4,1415,35
2026.06.05 11:40:00,4463.59,4467.13,4463.09,4466.85,1440,35
2026.06.05 11:50:00,4466.87,4475.12,4466.6,4470.15,1652,35
2026.06.05 12:00:00,4470.14,4470.77,4464.1,4467.87,1455,35
2026.06.05 12:10:00,4467.95,4473.72,4466.76,4472.91,1574,35
2026.06.05 12:20:00,4472.87,4475.69,4461.62,4464.82,1732,35
2026.06.05 12:30:00,4465.43,4465.74,4439.66,4443.9,2134,35
2026.06.05 12:40:00,4443.74,4448.98,4440.04,4440.18,1953,35
2026.06.05 12:50:00,4440.02,4440.64,4404.9,4406.42,2186,35
2026.06.05 13:00:00,4406.65,4419.78,4399.59,4416.25,2196,35
2026.06.05 13:10:00,4415.68,4420.83,4414.51,4417.62,1951,35
2026.06.05 13:20:00,4417.52,4420.48,4403.77,4404.58,1994,35
2026.06.05 13:30:00,4404.88,4409.49,4385.98,4391.84,2245,35
2026.06.05 13:40:00,4391.81,4398.19,4383.31,4383.67,2223,35
2026.06.05 13:50:00,4383.43,4388.12,4365.77,4366.0,2195,35
2026.06.05 14:00:00,4366.31,4379.08,4363.65,4374.64,2286,35
2026.06.05 14:10:00,4374.72,4377.19,4364.34,4369.23,2138,35
2026.06.05 14:20:00,4369.37,4370.12,4353.12,4360.99,2191,35
2026.06.05 14:30:00,4360.73,4363.95,4347.86,4348.52,2181,35
2026.06.05 14:40:00,4348.58,4359.34,4344.73,4356.41,2079,35
2026.06.05 14:50:00,4356.21,4370.09,4355.15,4369.52,2025,35
2026.06.05 15:00:00,4369.6,4372.5,4361.91,4362.0,2023,35
2026.06.05 15:10:00,4361.97,4362.15,4349.04,4355.26,2066,35
2026.06.05 15:20:00,4355.08,4357.85,4348.03,4352.12,1988,35
2026.06.05 15:30:00,4351.75,4354.81,4336.22,4339.74,1938,35
2026.06.05 15:40:00,4339.71,4341.59,4335.33,4339.05,1896,35
2026.06.05 15:50:00,4339.07,4341.82,4333.96,4335.43,1908,35
2026.06.05 16:00:00,4335.45,4338.82,4328.9,4332.81,1998,35
2026.06.05 16:10:00,4332.59,4337.93,4325.7,4330.43,1900,35
2026.06.05 16:20:00,4330.58,4333.78,4325.33,4329.61,1907,35
2026.06.05 16:30:00,4329.47,4332.22,4323.3,4331.7,1976,35
2026.06.05 16:40:00,4331.69,4334.34,4325.16,4333.9,1914,35
2026.06.05 16:50:00,4333.94,4344.82,4333.18,4344.49,1928,35
2026.06.05 17:00:00,4344.56,4346.8,4338.67,4339.12,1883,35
2026.06.05 17:10:00,4339.14,4342.15,4336.1,4338.49,1935,43
2026.06.05 17:20:00,4338.51,4342.89,4336.02,4342.28,1997,43
2026.06.05 17:30:00,4342.41,4345.3,4339.57,4344.96,1806,43
2026.06.05 17:40:00,4344.94,4347.46,4337.57,4339.91,1829,43
2026.06.05 17:50:00,4339.86,4343.59,4338.67,4341.66,1803,43
2026.06.05 18:00:00,4341.97,4342.05,4329.46,4329.91,1861,43
2026.06.05 18:10:00,4329.88,4331.45,4321.51,4325.91,1954,43
2026.06.05 18:20:00,4325.95,4330.03,4322.87,4325.69,1952,43
2026.06.05 18:30:00,4326.08,4326.96,4318.99,4320.23,1904,43
2026.06.05 18:40:00,4320.36,4321.58,4315.19,4321.52,1852,43
2026.06.05 18:50:00,4321.18,4326.8,4316.77,4322.32,1935,43
2026.06.05 19:00:00,4322.55,4323.65,4316.32,4319.74,1904,43
2026.06.05 19:10:00,4319.77,4320.07,4313.83,4318.37,1882,43
2026.06.05 19:20:00,4318.21,4324.21,4315.36,4323.76,3436,43
2026.06.05 19:30:00,4323.71,4325.03,4320.41,4322.14,3336,43
2026.06.05 19:40:00,4322.14,4322.26,4313.98,4320.65,3597,43
2026.06.05 19:50:00,4320.65,4323.75,4317.07,4318.6,3467,43
2026.06.05 20:00:00,4318.45,4318.79,4311.64,4313.8,2929,43
2026.06.05 20:10:00,4313.79,4316.71,4312.24,4315.35,2478,43
2026.06.05 20:20:00,4315.41,4326.21,4314.6,4322.51,2335,43
2026.06.05 20:30:00,4322.54,4325.12,4321.58,4322.78,2200,43
2026.06.05 20:40:00,4322.64,4329.9,4320.92,4327.48,2231,43
2026.06.05 20:50:00,4327.49,4331.13,4325.44,4328.01,1797,43
2026.06.07 22:00:00,4329.86,4329.86,4309.98,4318.68,2593,43
2026.06.07 22:10:00,4318.6,4330.51,4312.68,4327.11,3424,43
2026.06.07 22:20:00,4326.96,4329.12,4316.07,4316.63,3090,43
2026.06.07 22:30:00,4316.57,4328.87,4315.01,4325.69,2992,43
2026.06.07 22:40:00,4325.64,4326.64,4319.26,4322.48,2332,43
2026.06.07 22:50:00,4322.49,4326.62,4315.68,4317.17,2878,43
2026.06.07 23:00:00,4317.18,4327.09,4317.18,4326.64,2929,43
2026.06.07 23:10:00,4326.65,4334.1,4325.86,4331.14,2640,43
2026.06.07 23:20:00,4331.15,4334.43,4328.65,4333.91,2227,43
2026.06.07 23:30:00,4333.75,4337.64,4332.9,4336.62,2496,43
2026.06.07 23:40:00,4336.62,4342.96,4335.21,4341.9,2856,43
2026.06.07 23:50:00,4341.89,4346.85,4339.17,4343.91,2763,43
2026.06.08 00:00:00,4343.73,4346.69,4340.56,4345.33,3284,43
2026.06.08 00:10:00,4345.34,4347.76,4341.02,4347.52,2925,43
2026.06.08 00:20:00,4347.55,4353.45,4347.31,4351.4,3063,43
2026.06.08 00:30:00,4351.4,4352.36,4345.96,4347.71,2881,43
2026.06.08 00:40:00,4347.77,4348.73,4339.58,4342.47,3267,43
2026.06.08 00:50:00,4342.49,4345.3,4339.79,4342.17,3417,43
2026.06.08 01:00:00,4342.07,4345.63,4331.0,4336.5,4421,43
2026.06.08 01:10:00,4336.77,4337.6,4314.26,4317.85,4387,43
2026.06.08 01:20:00,4317.79,4325.02,4311.09,4314.42,4626,43
2026.06.08 01:30:00,4314.41,4317.79,4299.98,4317.13,4849,43
2026.06.08 01:40:00,4317.13,4329.63,4316.47,4323.64,4653,43
2026.06.08 01:50:00,4323.5,4328.46,4319.28,4325.57,4168,43
2026.06.08 02:00:00,4325.7,4330.58,4316.66,4318.76,4199,43
2026.06.08 02:10:00,4318.78,4319.63,4311.38,4312.14,3659,43
2026.06.08 02:20:00,4312.12,4316.93,4311.34,4314.84,3154,43
2026.06.08 02:30:00,4314.89,4316.78,4307.28,4311.82,3983,43
2026.06.08 02:40:00,4311.8,4320.71,4308.98,4317.26,3771,43
2026.06.08 02:50:00,4317.23,4317.74,4308.85,4310.52,3786,43
2026.06.08 03:00:00,4310.52,4314.13,4306.22,4308.49,3600,43
2026.06.08 03:10:00,4308.49,4308.55,4303.52,4307.45,3162,43
2026.06.08 03:20:00,4307.44,4311.85,4305.97,4307.19,3035,43
2026.06.08 03:30:00,4307.19,4309.38,4304.8,4307.59,2605,43
2026.06.08 03:40:00,4307.66,4313.43,4306.5,4312.24,2772,43
2026.06.08 03:50:00,4312.27,4317.03,4311.14,4316.79,2380,43
2026.06.08 04:00:00,4316.79,4320.41,4313.4,4317.92,2815,43
2026.06.08 04:10:00,4317.94,4321.65,4316.28,4318.53,2507,43
2026.06.08 04:20:00,4318.49,4320.74,4315.92,4319.8,2810,43
2026.06.08 04:30:00,4319.8,4320.21,4310.6,4311.12,3081,43
2026.06.08 04:40:00,4311.27,4311.94,4307.52,4310.11,1628,43
2026.06.08 04:50:00,4310.13,4313.89,4308.76,4312.55,1710,43
2026.06.08 05:00:00,4312.54,4316.0,4309.48,4310.35,1608,43
2026.06.08 05:10:00,4310.42,4311.71,4304.34,4309.22,1550,43
2026.06.08 05:20:00,4309.24,4313.87,4308.96,4311.66,1609,43
2026.06.08 05:30:00,4311.72,4312.59,4268.39,4290.54,2166,43
2026.06.08 05:40:00,4290.45,4292.8,4282.89,4286.67,2102,43
2026.06.08 05:50:00,4286.69,4295.75,4285.55,4291.9,1976,43
2026.06.08 06:00:00,4292.26,4308.02,4292.23,4302.54,2014,43
2026.06.08 06:10:00,4302.44,4307.31,4299.19,4303.18,1858,43
2026.06.08 06:20:00,4303.17,4311.31,4302.64,4305.78,1899,43
2026.06.08 06:30:00,4305.83,4306.31,4295.15,4296.35,1896,43
2026.06.08 06:40:00,4296.3,4300.16,4293.96,4297.31,1809,43
2026.06.08 06:50:00,4297.22,4300.75,4293.07,4299.72,1808,43
2026.06.08 07:00:00,4299.98,4302.7,4294.76,4300.44,1879,35
2026.06.08 07:10:00,4300.32,4310.56,4298.47,4306.26,1860,35
2026.06.08 07:20:00,4306.08,4317.02,4305.57,4306.06,1773,35
2026.06.08 07:30:00,4306.15,4311.35,4304.11,4307.65,1790,35
2026.06.08 07:40:00,4307.78,4307.78,4298.42,4298.45,1785,35
2026.06.08 07:50:00,4298.14,4299.36,4294.31,4294.33,1710,35
2026.06.08 08:00:00,4294.7,4296.98,4289.62,4294.42,1833,35
2026.06.08 08:10:00,4294.4,4295.86,4288.63,4293.06,1758,35
2026.06.08 08:20:00,4293.04,4293.18,4285.32,4288.18,1708,35
2026.06.08 08:30:00,4288.53,4291.97,4286.38,4287.58,1707,35
2026.06.08 08:40:00,4287.59,4293.83,4286.43,4291.28,1748,35
2026.06.08 08:50:00,4291.32,4293.27,4285.42,4288.76,1758,35
2026.06.08 09:00:00,4289.0,4292.09,4284.28,4285.26,1668,35
2026.06.08 09:10:00,4285.18,4290.31,4284.78,4287.84,1524,35
2026.06.08 09:20:00,4287.83,4290.87,4279.4,4279.7,1589,35
2026.06.08 09:30:00,4279.65,4295.59,4272.95,4293.81,1973,35
2026.06.08 09:40:00,4293.39,4301.65,4289.55,4301.17,1849,35
2026.06.08 09:50:00,4301.14,4301.63,4291.03,4294.26,1759,35
2026.06.08 10:00:00,4295.03,4297.46,4286.6,4294.91,1686,35
2026.06.08 10:10:00,4294.88,4297.48,4289.98,4290.06,1698,35
2026.06.08 10:20:00,4290.14,4295.21,4289.71,4293.63,1633,35
2026.06.08 10:30:00,4293.65,4305.52,4292.19,4299.76,1806,35
2026.06.08 10:40:00,4299.84,4304.95,4299.22,4300.48,1677,35
2026.06.08 10:50:00,4300.52,4302.99,4296.79,4301.95,1631,35
2026.06.08 11:00:00,4301.65,4306.49,4297.1,4306.49,1628,35
2026.06.08 11:10:00,4306.29,4327.86,4304.67,4327.06,2030,35
2026.06.08 11:20:00,4327.05,4330.88,4322.26,4325.21,1887,35
2026.06.08 11:30:00,4325.18,4333.2,4324.32,4325.33,1842,35
2026.06.08 11:40:00,4325.56,4327.4,4321.29,4323.75,1735,35
2026.06.08 11:50:00,4324.24,4332.63,4323.51,4331.07,1771,35
2026.06.08 12:00:00,4331.16,4334.68,4327.48,4330.47,1863,35
2026.06.08 12:10:00,4330.48,4330.97,4320.2,4325.08,1720,35
2026.06.08 12:20:00,4325.05,4331.19,4323.29,4329.77,1815,35
2026.06.08 12:30:00,4330.09,4334.67,4327.56,4330.17,1860,35
2026.06.08 12:40:00,4330.26,4339.32,4328.36,4332.58,1885,35
2026.06.08 12:50:00,4332.56,4334.47,4327.23,4333.04,1817,35
2026.06.08 13:00:00,4333.39,4334.84,4323.5,4324.17,1988,35
2026.06.08 13:10:00,4324.59,4326.71,4321.23,4325.26,1852,35
2026.06.08 13:20:00,4325.41,4335.98,4325.27,4331.18,1917,35
2026.06.08 13:30:00,4331.2,4346.43,4331.02,4341.11,2226,35
2026.06.08 13:40:00,4340.46,4344.45,4332.59,4332.67,2186,35
2026.06.08 13:50:00,4332.74,4339.12,4326.18,4326.63,2118,35
2026.06.08 14:00:00,4326.87,4330.7,4319.12,4320.51,2131,35
2026.06.08 14:10:00,4320.61,4321.84,4316.67,4321.58,2084,35
2026.06.08 14:20:00,4321.59,4324.23,4315.89,4320.04,2095,35
2026.06.08 14:30:00,4319.63,4324.16,4314.98,4319.77,2022,35
2026.06.08 14:40:00,4319.51,4328.28,4316.04,4317.58,2034,35
2026.06.08 14:50:00,4317.61,4331.32,4317.07,4330.71,1945,35
2026.06.08 15:00:00,4331.04,4336.33,4324.92,4328.45,1907,35
2026.06.08 15:10:00,4328.35,4332.19,4322.51,4331.58,1857,35
2026.06.08 15:20:00,4331.96,4335.94,4328.9,4330.81,1951,35
2026.06.08 15:30:00,4330.89,4337.35,4328.53,4336.51,1914,35
2026.06.08 15:40:00,4336.53,4340.92,4334.43,4335.3,1835,35
2026.06.08 15:50:00,4335.33,4345.56,4335.33,4341.6,1864,35
2026.06.08 16:00:00,4341.75,4343.82,4338.75,4339.77,1841,35
2026.06.08 16:10:00,4339.78,4343.89,4338.08,4342.91,1842,35
2026.06.08 16:20:00,4342.99,4343.76,4339.68,4340.88,1802,35
2026.06.08 16:30:00,4341.32,4346.37,4340.61,4341.3,1753,35
2026.06.08 16:40:00,4341.29,4346.05,4340.67,4344.82,1728,35
2026.06.08 16:50:00,4345.16,4345.65,4337.83,4340.64,1818,35
2026.06.08 17:00:00,4340.69,4342.38,4336.79,4338.48,1785,35
2026.06.08 17:10:00,4338.47,4340.21,4336.21,4338.23,1806,43
2026.06.08 17:20:00,4338.2,4340.42,4333.97,4339.1,1864,43
2026.06.08 17:30:00,4339.12,4339.52,4331.96,4334.86,1816,43
2026.06.08 17:40:00,4334.82,4337.0,4333.66,4336.94,1820,43
2026.06.08 17:50:00,4336.95,4339.26,4335.61,4339.13,1761,43
2026.06.08 18:00:00,4339.0,4345.27,4338.51,4343.54,1834,43
2026.06.08 18:10:00,4343.75,4344.28,4341.02,4342.31,1825,43
2026.06.08 18:20:00,4342.33,4345.79,4341.72,4342.49,1774,43
2026.06.08 18:30:00,4342.48,4344.74,4336.8,4337.09,1677,43
2026.06.08 18:40:00,4337.04,4338.54,4334.44,4334.54,1677,43
2026.06.08 18:50:00,4334.48,4336.79,4332.99,4334.53,1728,43
2026.06.08 19:00:00,4334.38,4338.09,4332.39,4332.41,1609,43
2026.06.08 19:10:00,4332.39,4332.46,4328.09,4328.7,1754,43
2026.06.08 19:20:00,4328.71,4330.3,4326.07,4327.63,1730,43
2026.06.08 19:30:00,4327.66,4330.4,4325.02,4325.82,1754,43
2026.06.08 19:40:00,4325.67,4327.47,4324.15,4327.06,1657,43
2026.06.08 19:50:00,4327.7,4329.91,4323.23,4326.5,1781,43
2026.06.08 20:00:00,4327.26,4329.81,4326.49,4327.76,1233,43
2026.06.08 20:10:00,4327.89,4328.28,4324.43,4325.8,1151,43
2026.06.08 20:20:00,4325.51,4327.55,4324.5,4326.41,1063,43
2026.06.08 20:30:00,4326.44,4328.37,4325.5,4327.5,887,43
2026.06.08 20:40:00,4327.51,4327.51,4325.31,4327.26,973,52
2026.06.08 20:50:00,4327.25,4329.85,4326.77,4329.12,672,48
2026.06.08 22:00:00,4330.5,4330.7,4324.88,4326.85,557,43
2026.06.08 22:10:00,4326.84,4328.03,4322.68,4324.5,1005,43
2026.06.08 22:20:00,4324.48,4327.18,4324.38,4325.09,1089,43
2026.06.08 22:30:00,4324.93,4327.42,4324.93,4325.82,1051,43
2026.06.08 22:40:00,4325.83,4327.91,4324.97,4326.92,857,43
2026.06.08 22:50:00,4326.85,4328.86,4326.08,4327.81,696,43
2026.06.08 23:00:00,4327.86,4328.0,4325.35,4326.39,824,43
2026.06.08 23:10:00,4326.39,4328.81,4325.67,4327.28,933,43
2026.06.08 23:20:00,4327.29,4327.53,4320.57,4320.81,1078,43
2026.06.08 23:30:00,4320.75,4322.09,4315.49,4321.84,1383,43
2026.06.08 23:40:00,4321.82,4322.33,4313.58,4313.78,1387,43
2026.06.08 23:50:00,4313.79,4319.16,4312.83,4317.68,1717,43
2026.06.09 00:00:00,4317.71,4321.63,4315.37,4318.45,1901,43
2026.06.09 00:10:00,4318.4,4323.65,4318.4,4320.14,1845,43
2026.06.09 00:20:00,4320.06,4320.44,4316.69,4316.7,1667,43
2026.06.09 00:30:00,4316.7,4322.86,4315.07,4318.98,1533,43
2026.06.09 00:40:00,4318.97,4321.07,4314.97,4316.93,1476,43
2026.06.09 00:50:00,4316.96,4321.06,4315.33,4319.78,1515,43
2026.06.09 01:00:00,4319.74,4327.78,4318.53,4325.09,1961,43
2026.06.09 01:10:00,4325.14,4329.76,4321.3,4323.89,1807,43
2026.06.09 01:20:00,4323.93,4338.07,4322.69,4335.21,1859,43
2026.06.09 01:30:00,4335.32,4338.66,4332.93,4335.11,1726,43
2026.06.09 01:40:00,4335.12,4338.33,4332.75,4333.96,1750,43
2026.06.09 01:50:00,4333.98,4338.12,4333.06,4336.38,1751,43
2026.06.09 02:00:00,4336.48,4336.72,4328.12,4330.97,1809,43
2026.06.09 02:10:00,4330.93,4334.36,4329.23,4332.4,1681,43
2026.06.09 02:20:00,4332.42,4336.02,4331.4,4335.38,1591,43
2026.06.09 02:30:00,4335.41,4339.56,4330.96,4334.95,1743,43
2026.06.09 02:40:00,4335.07,4340.87,4333.43,4337.55,1733,43
2026.06.09 02:50:00,4337.54,4340.32,4334.8,4335.92,1754,43
2026.06.09 03:00:00,4335.91,4341.47,4330.96,4338.2,1740,43
2026.06.09 03:10:00,4338.24,4342.09,4337.17,4339.46,1609,43
2026.06.09 03:20:00,4339.39,4340.07,4333.32,4336.62,1639,43
2026.06.09 03:30:00,4336.53,4337.91,4333.3,4335.16,1379,43
2026.06.09 03:40:00,4335.19,4341.83,4334.71,4338.58,1353,43
2026.06.09 03:50:00,4338.6,4340.24,4334.44,4336.54,1215,43
2026.06.09 04:00:00,4336.56,4338.03,4333.23,4337.18,1308,43
2026.06.09 04:10:00,4337.16,4339.29,4329.39,4329.93,1316,43
2026.06.09 04:20:00,4329.9,4331.68,4328.63,4330.37,1164,43
2026.06.09 04:30:00,4330.34,4330.47,4324.06,4329.83,1479,43
2026.06.09 04:40:00,4329.82,4329.83,4326.85,4329.15,1137,43
2026.06.09 04:50:00,4329.25,4332.75,4326.17,4332.2,1292,43
2026.06.09 05:00:00,4332.52,4337.04,4332.25,4332.48,1215,43
2026.06.09 05:10:00,4332.53,4334.42,4330.84,4333.38,1471,43
2026.06.09 05:20:00,4333.37,4335.36,4331.05,4332.49,1432,43
2026.06.09 05:30:00,4332.25,4344.19,4332.18,4343.36,1949,43
2026.06.09 05:40:00,4343.38,4351.31,4342.41,4346.37,1921,43
2026.06.09 05:50:00,4346.29,4346.32,4341.54,4343.33,1797,43
2026.06.09 06:00:00,4343.23,4348.62,4342.7,4343.92,1782,43
2026.06.09 06:10:00,4344.02,4344.62,4339.99,4342.69,1688,43
2026.06.09 06:20:00,4342.62,4345.75,4338.13,4338.99,1726,43
2026.06.09 06:30:00,4339.18,4339.32,4331.7,4337.76,1789,43
2026.06.09 06:40:00,4337.77,4340.14,4334.34,4339.54,1588,43
2026.06.09 06:50:00,4339.62,4339.62,4330.28,4330.54,1750,43
2026.06.09 07:00:00,4330.32,4334.72,4328.59,4332.37,1796,35
2026.06.09 07:10:00,4332.42,4332.54,4323.0,4328.73,1738,35
2026.06.09 07:20:00,4328.72,4332.12,4325.77,4331.02,1644,35
2026.06.09 07:30:00,4331.01,4331.17,4322.14,4325.5,1687,35
2026.06.09 07:40:00,4325.53,4330.16,4324.88,4326.26,1538,35
2026.06.09 07:50:00,4326.12,4329.21,4325.15,4326.49,1506,35
2026.06.09 08:00:00,4326.54,4327.12,4321.2,4326.45,1755,35
2026.06.09 08:10:00,4326.68,4336.12,4326.35,4332.3,1812,35
2026.06.09 08:20:00,4332.26,4335.47,4331.54,4334.34,1750,35
2026.06.09 08:30:00,4334.52,4335.93,4330.29,4334.37,1499,35
2026.06.09 08:40:00,4334.42,4336.63,4327.39,4328.14,1545,35
2026.06.09 08:50:00,4328.16,4330.54,4325.81,4326.49,1576,35
2026.06.09 09:00:00,4326.48,4330.5,4325.1,4330.06,1607,35
2026.06.09 09:10:00,4330.06,4330.91,4327.54,4329.95,1544,35
2026.06.09 09:20:00,4329.9,4336.01,4324.08,4326.8,1696,35
2026.06.09 09:30:00,4326.23,4330.98,4325.64,4329.13,1617,35
2026.06.09 09:40:00,4329.18,4330.18,4325.05,4329.76,1534,35
2026.06.09 09:50:00,4329.78,4333.52,4329.61,4332.12,1300,35
2026.06.09 10:00:00,4331.96,4333.03,4325.19,4327.16,1558,35
2026.06.09 10:10:00,4326.63,4336.35,4326.5,4334.71,1674,35
2026.06.09 10:20:00,4334.69,4336.75,4331.25,4333.62,1490,35
2026.06.09 10:30:00,4333.75,4335.0,4331.86,4331.91,1274,35
2026.06.09 10:40:00,4331.93,4333.0,4329.69,4330.59,1466,35
2026.06.09 10:50:00,4330.62,4340.57,4330.23,4339.06,1509,35
2026.06.09 11:00:00,4338.75,4340.26,4335.58,4337.09,1573,35
2026.06.09 11:10:00,4337.36,4339.3,4335.93,4339.13,1518,35
2026.06.09 11:20:00,4339.14,4340.36,4336.21,4338.56,1469,35
2026.06.09 11:30:00,4338.67,4338.7,4336.73,4337.3,1328,35
2026.06.09 11:40:00,4337.08,4340.52,4336.99,4340.05,1569,35
2026.06.09 11:50:00,4340.06,4343.63,4339.54,4339.79,1494,35
2026.06.09 12:00:00,4339.81,4343.91,4339.64,4343.63,1438,35
2026.06.09 12:10:00,4343.62,4343.98,4338.83,4342.82,1577,35
2026.06.09 12:20:00,4342.8,4342.8,4335.16,4335.9,1656,35
2026.06.09 12:30:00,4335.74,4341.25,4334.7,4340.45,1716,35
2026.06.09 12:40:00,4340.36,4344.14,4338.79,4341.22,1650,35
2026.06.09 12:50:00,4341.23,4343.6,4336.63,4341.27,1714,35
2026.06.09 13:00:00,4341.91,4345.38,4338.01,4341.31,1952,35
2026.06.09 13:10:00,4341.42,4342.4,4333.89,4333.89,1788,35
2026.06.09 13:20:00,4333.76,4335.97,4330.16,4330.77,1879,35
2026.06.09 13:30:00,4330.76,4334.34,4328.69,4331.84,2030,35
2026.06.09 13:40:00,4331.81,4363.45,4324.99,4352.09,2032,35
2026.06.09 13:50:00,4352.12,4352.66,4326.43,4328.82,2118,35
2026.06.09 14:00:00,4328.64,4335.83,4324.78,4328.37,2102,35
2026.06.09 14:10:00,4328.06,4328.78,4305.87,4311.45,2192,35
2026.06.09 14:20:00,4311.5,4323.73,4309.29,4318.27,2175,35
2026.06.09 14:30:00,4317.5,4320.66,4302.5,4305.22,2198,35
2026.06.09 14:40:00,4305.24,4307.48,4278.34,4283.94,2253,35
2026.06.09 14:50:00,4283.79,4300.74,4281.61,4300.5,2198,35
2026.06.09 15:00:00,4300.8,4301.96,4290.01,4295.66,2145,35
2026.06.09 15:10:00,4295.68,4299.17,4289.74,4291.77,2070,35
2026.06.09 15:20:00,4291.45,4294.34,4276.87,4278.63,2154,35
2026.06.09 15:30:00,4278.79,4281.8,4263.03,4270.09,2304,35
2026.06.09 15:40:00,4269.84,4285.61,4269.17,4280.82,2169,35
2026.06.09 15:50:00,4280.36,4284.81,4272.18,4272.18,2145,35
2026.06.09 16:00:00,4272.1,4280.89,4260.67,4263.68,2147,35
2026.06.09 16:10:00,4263.31,4266.96,4252.92,4254.43,2222,35
2026.06.09 16:20:00,4254.32,4266.42,4252.98,4263.33,2167,35
2026.06.09 16:30:00,4262.86,4267.62,4236.7,4241.22,2164,35
2026.06.09 16:40:00,4241.08,4254.27,4236.46,4249.78,2299,35
2026.06.09 16:50:00,4249.09,4252.28,4238.72,4252.28,2175,35
2026.06.09 17:00:00,4252.31,4263.84,4251.01,4262.67,2150,43
2026.06.09 17:10:00,4262.78,4265.52,4257.55,4263.91,2082,43
2026.06.09 17:20:00,4263.22,4267.65,4260.68,4263.06,2069,43
2026.06.09 17:30:00,4263.01,4266.17,4260.89,4262.8,1985,43
2026.06.09 17:40:00,4262.7,4268.0,4256.52,4257.12,2000,43
2026.06.09 17:50:00,4257.15,4264.67,4255.87,4262.98,1940,43
2026.06.09 18:00:00,4263.26,4266.81,4259.51,4266.67,1892,43
2026.06.09 18:10:00,4266.77,4269.85,4262.61,4269.13,1953,43
2026.06.09 18:20:00,4269.18,4274.09,4267.29,4270.79,1928,43
2026.06.09 18:30:00,4270.57,4273.9,4268.29,4269.04,1802,43
2026.06.09 18:40:00,4269.06,4269.95,4262.25,4265.06,1815,43
2026.06.09 18:50:00,4265.1,4271.41,4263.89,4269.77,1733,43
2026.06.09 19:00:00,4269.9,4271.56,4264.77,4264.99,1843,43
2026.06.09 19:10:00,4264.91,4264.91,4254.73,4255.27,1856,43
2026.06.09 19:20:00,4255.3,4257.78,4252.73,4257.25,1906,43
2026.06.09 19:30:00,4257.13,4260.03,4252.62,4253.52,1885,43
2026.06.09 19:40:00,4253.53,4253.53,4249.83,4250.86,1867,43
2026.06.09 19:50:00,4250.97,4259.6,4250.97,4258.56,1976,43
2026.06.09 20:00:00,4258.81,4261.0,4255.58,4257.49,1581,43
2026.06.09 20:10:00,4257.46,4260.32,4256.62,4258.57,1276,43
2026.06.09 20:20:00,4258.75,4259.88,4257.78,4258.95,916,43
2026.06.09 20:30:00,4258.9,4260.82,4257.58,4260.26,862,43
2026.06.09 20:40:00,4260.39,4261.97,4260.15,4261.63,1042,52
2026.06.09 20:50:00,4261.6,4261.66,4258.73,4258.82,629,48
2026.06.09 22:00:00,4255.5,4256.66,4250.92,4253.43,792,43
2026.06.09 22:10:00,4253.51,4256.47,4252.95,4253.55,1029,43
2026.06.09 22:20:00,4253.43,4256.57,4253.07,4256.54,1053,43
2026.06.09 22:30:00,4256.55,4257.18,4250.29,4252.92,1372,43
2026.06.09 22:40:00,4252.74,4254.91,4237.32,4239.09,2014,43
2026.06.09 22:50:00,4239.11,4240.85,4232.25,4237.16,1901,43
2026.06.09 23:00:00,4237.06,4247.13,4235.5,4241.59,1590,43
2026.06.09 23:10:00,4241.58,4242.63,4227.77,4232.97,2046,43
2026.06.09 23:20:00,4232.51,4234.37,4222.8,4224.1,1785,43
2026.06.09 23:30:00,4224.15,4229.79,4221.35,4221.72,1803,43
2026.06.09 23:40:00,4221.92,4224.35,4211.34,4213.12,2234,43
2026.06.09 23:50:00,4213.17,4224.53,4210.39,4221.84,2368,43
2026.06.10 00:00:00,4221.88,4226.58,4218.39,4225.41,1950,43
2026.06.10 00:10:00,4224.69,4228.1,4216.54,4227.42,1953,43
2026.06.10 00:20:00,4227.43,4228.23,4217.96,4218.02,1912,43
2026.06.10 00:30:00,4217.95,4218.87,4201.84,4207.71,2030,43
2026.06.10 00:40:00,4207.86,4208.24,4198.9,4203.69,1925,43
2026.06.10 00:50:00,4203.57,4220.58,4200.47,4218.04,1955,43
2026.06.10 01:00:00,4218.76,4218.76,4187.31,4195.09,2165,43
2026.06.10 01:10:00,4195.27,4216.38,4193.65,4213.03,2051,43
2026.06.10 01:20:00,4213.31,4213.31,4197.32,4201.81,2012,43
2026.06.10 01:30:00,4201.79,4206.56,4196.19,4200.51,2079,43
2026.06.10 01:40:00,4200.6,4201.99,4184.26,4192.81,2022,43
2026.06.10 01:50:00,4192.53,4195.36,4183.75,4188.58,1921,43
2026.06.10 02:00:00,4188.56,4191.58,4179.44,4181.01,1987,43
2026.06.10 02:10:00,4181.03,4186.47,4179.81,4180.77,1973,43
2026.06.10 02:20:00,4180.81,4188.28,4178.13,4187.91,1800,43
2026.06.10 02:30:00,4188.26,4192.52,4174.02,4184.37,2182,43
2026.06.10 02:40:00,4184.63,4190.59,4180.29,4187.33,2155,43
2026.06.10 02:50:00,4187.46,4188.43,4173.14,4174.02,2254,43
2026.06.10 03:00:00,4173.92,4180.67,4172.84,4175.27,1947,43
2026.06.10 03:10:00,4175.25,4181.08,4173.96,4175.88,1772,43
2026.06.10 03:20:00,4175.89,4180.17,4173.65,4177.1,1859,43
2026.06.10 03:30:00,4177.37,4183.23,4176.18,4180.37,1775,43
2026.06.10 03:40:00,4180.37,4186.39,4178.08,4185.32,1883,43
2026.06.10 03:50:00,4184.94,4185.81,4181.74,4184.78,1767,43
2026.06.10 04:00:00,4184.73,4187.08,4181.87,4184.25,1713,43
2026.06.10 04:10:00,4184.23,4184.34,4178.61,4181.45,1570,43
2026.06.10 04:20:00,4181.39,4182.89,4173.58,4174.34,1770,43
2026.06.10 04:30:00,4174.36,4175.24,4172.98,4174.68,1671,43
2026.06.10 04:40:00,4174.71,4175.13,4172.34,4173.84,1592,43
2026.06.10 04:50:00,4173.87,4175.83,4173.58,4174.72,1581,43
2026.06.10 05:00:00,4174.94,4178.94,4173.32,4176.37,1772,43
2026.06.10 05:10:00,4176.52,4180.55,4175.38,4176.55,1601,43
2026.06.10 05:20:00,4176.49,4187.15,4175.83,4187.01,1683,43
2026.06.10 05:30:00,4188.01,4194.61,4181.63,4194.12,2010,43
2026.06.10 05:40:00,4194.12,4205.33,4193.26,4202.57,2060,43
2026.06.10 05:50:00,4202.55,4208.93,4200.39,4205.1,2102,43
2026.06.10 06:00:00,4205.28,4221.74,4205.07,4213.9,1939,43
2026.06.10 06:10:00,4214.1,4215.98,4209.18,4214.3,1869,43
2026.06.10 06:20:00,4214.32,4216.59,4208.23,4211.78,1821,43
2026.06.10 06:30:00,4211.35,4213.3,4207.61,4208.98,1800,43
2026.06.10 06:40:00,4208.94,4209.66,4203.06,4203.08,1766,43
2026.06.10 06:50:00,4203.15,4206.45,4201.63,4203.73,1907,43
2026.06.10 07:00:00,4203.6,4207.52,4201.25,4207.11,1781,35
2026.06.10 07:10:00,4206.41,4207.57,4197.33,4198.66,1688,35
2026.06.10 07:20:00,4198.6,4203.51,4193.54,4194.8,1691,35
2026.06.10 07:30:00,4194.71,4197.19,4190.19,4190.6,1700,35
2026.06.10 07:40:00,4190.2,4193.36,4187.83,4190.23,1698,35
2026.06.10 07:50:00,4189.97,4190.16,4181.63,4186.39,1782,35
2026.06.10 08:00:00,4186.07,4187.38,4161.33,4167.32,2013,35
2026.06.10 08:10:00,4167.33,4179.08,4161.42,4173.39,1900,35
2026.06.10 08:20:00,4173.54,4174.58,4168.14,4172.14,1859,35
2026.06.10 08:30:00,4172.04,4175.75,4166.32,4172.84,1766,35
2026.06.10 08:40:00,4172.89,4179.17,4166.42,4174.22,1823,35
2026.06.10 08:50:00,4174.03,4176.39,4167.69,4168.53,1834,35
2026.06.10 09:00:00,4168.94,4171.54,4165.28,4170.4,1822,35
2026.06.10 09:10:00,4170.37,4174.93,4164.39,4171.23,1816,35
2026.06.10 09:20:00,4171.15,4171.83,4164.22,4166.11,1710,35
2026.06.10 09:30:00,4165.82,4179.6,4165.8,4172.33,1824,35
2026.06.10 09:40:00,4172.31,4174.85,4165.88,4168.28,1795,35
2026.06.10 09:50:00,4168.05,4169.13,4163.05,4168.67,1708,35
2026.06.10 10:00:00,4168.71,4171.08,4155.66,4159.29,1713,35
2026.06.10 10:10:00,4159.32,4164.79,4155.88,4164.32,1741,35
2026.06.10 10:20:00,4164.37,4169.71,4162.61,4164.92,1736,35
2026.06.10 10:30:00,4164.64,4169.04,4164.05,4167.13,1686,35
2026.06.10 10:40:00,4167.47,4177.47,4164.15,4177.47,1762,35
2026.06.10 10:50:00,4176.82,4178.52,4171.41,4174.36,1822,35
2026.06.10 11:00:00,4174.75,4176.03,4153.47,4161.26,2032,35
2026.06.10 11:10:00,4161.27,4171.62,4161.0,4164.81,1957,35
2026.06.10 11:20:00,4164.74,4170.7,4156.8,4166.47,2012,35
2026.06.10 11:30:00,4166.02,4167.84,4156.23,4156.25,1959,35
2026.06.10 11:40:00,4156.41,4160.0,4152.23,4155.57,1885,35
2026.06.10 11:50:00,4155.36,4163.31,4145.73,4147.43,1967,35
2026.06.10 12:00:00,4147.39,4152.44,4144.64,4144.97,1978,35
2026.06.10 12:10:00,4144.9,4145.02,4134.56,4136.29,2003,35
2026.06.10 12:20:00,4136.22,4142.0,4130.7,4140.74,1903,35
2026.06.10 12:30:00,4141.45,4173.67,4139.86,4160.75,2307,35
2026.06.10 12:40:00,4160.86,4169.41,4155.18,4157.6,2197,35
2026.06.10 12:50:00,4157.99,4158.24,4142.23,4146.8,2139,35
2026.06.10 13:00:00,4146.92,4157.88,4144.88,4154.11,2137,35
2026.06.10 13:10:00,4154.46,4157.08,4134.25,4135.63,2068,35
2026.06.10 13:20:00,4134.9,4151.0,4132.89,4149.68,2052,35
2026.06.10 13:30:00,4147.55,4168.81,4141.95,4166.13,2281,35
2026.06.10 13:40:00,4165.9,4185.56,4163.49,4185.56,2195,35
2026.06.10 13:50:00,4185.69,4186.1,4175.57,4179.49,2197,35
2026.06.10 14:00:00,4179.72,4180.84,4170.21,4173.39,2158,35
2026.06.10 14:10:00,4173.38,4179.91,4167.32,4168.37,2150,35
2026.06.10 14:20:00,4168.17,4172.85,4159.39,4161.16,2100,35
2026.06.10 14:30:00,4161.01,4163.25,4152.85,4157.75,2099,35
2026.06.10 14:40:00,4157.53,4161.32,4138.02,4140.37,2080,35
2026.06.10 14:50:00,4140.12,4142.77,4117.94,4124.83,2212,35
2026.06.10 15:00:00,4125.15,4136.42,4122.14,4126.48,2192,35
2026.06.10 15:10:00,4126.44,4127.32,4113.41,4115.52,2167,35
2026.06.10 15:20:00,4115.47,4136.85,4115.46,4127.76,2172,35
2026.06.10 15:30:00,4128.02,4131.09,4122.43,4124.5,2128,35
2026.06.10 15:40:00,4124.47,4131.06,4108.5,4118.09,2167,35
2026.06.10 15:50:00,4117.42,4128.93,4106.77,4128.77,2240,35
2026.06.10 16:00:00,4129.53,4131.59,4122.87,4130.09,2061,35
2026.06.10 16:10:00,4130.05,4133.87,4125.33,4132.92,1983,35
2026.06.10 16:20:00,4133.07,4134.57,4125.96,4127.5,1972,35
2026.06.10 16:30:00,4127.7,4132.08,4121.06,4127.87,2015,35
2026.06.10 16:40:00,4127.61,4128.18,4115.95,4120.34,1970,35
2026.06.10 16:50:00,4120.05,4123.03,4117.24,4121.87,1904,35
2026.06.10 17:00:00,4121.85,4134.87,4119.04,4120.08,1931,35
2026.06.10 17:10:00,4119.95,4120.23,4113.2,4113.67,1927,43
2026.06.10 17:20:00,4113.78,4116.28,4109.12,4110.91,1971,43
2026.06.10 17:30:00,4111.0,4112.35,4104.97,4105.18,1980,43
2026.06.10 17:40:00,4105.25,4112.4,4100.79,4111.33,1978,43
2026.06.10 17:50:00,4111.27,4113.42,4104.99,4111.58,1987,43
2026.06.10 18:00:00,4111.57,4120.36,4111.57,4114.38,1928,43
2026.06.10 18:10:00,4114.53,4118.0,4110.26,4112.38,1823,43
2026.06.10 18:20:00,4112.34,4114.95,4109.58,4112.25,1840,43
2026.06.10 18:30:00,4112.56,4112.56,4106.51,4107.33,1877,43
2026.06.10 18:40:00,4107.42,4109.85,4104.08,4104.29,1834,43
2026.06.10 18:50:00,4104.35,4104.36,4096.73,4101.45,1886,43
2026.06.10 19:00:00,4101.45,4101.91,4094.73,4094.83,1839,43
2026.06.10 19:10:00,4094.85,4094.87,4087.19,4089.73,1855,43
2026.06.10 19:20:00,4089.72,4089.96,4081.44,4084.75,1862,43
2026.06.10 19:30:00,4084.87,4088.9,4082.12,4086.25,1901,43
2026.06.10 19:40:00,4086.2,4092.15,4085.52,4088.25,1892,43
2026.06.10 19:50:00,4088.04,4091.47,4081.61,4082.59,1928,43
2026.06.10 20:00:00,4082.24,4082.9,4069.93,4071.02,1914,43
2026.06.10 20:10:00,4070.98,4074.57,4069.16,4073.88,1660,43
2026.06.10 20:20:00,4073.85,4079.91,4073.04,4078.28,1475,43
2026.06.10 20:30:00,4078.26,4078.26,4073.71,4076.23,1260,43
2026.06.10 20:40:00,4076.08,4076.08,4067.37,4067.77,1476,52
2026.06.10 20:50:00,4067.73,4071.32,4066.97,4070.52,1110,48
2026.06.10 22:00:00,4070.19,4071.49,4050.67,4050.95,1332,43
2026.06.10 22:10:00,4051.07,4057.07,4042.83,4047.44,2171,43
2026.06.10 22:20:00,4047.45,4047.59,4036.1,4044.57,2125,43
2026.06.10 22:30:00,4044.6,4066.04,4044.56,4065.21,1984,43
2026.06.10 22:40:00,4065.23,4068.84,4057.75,4061.96,1992,43
2026.06.10 22:50:00,4061.99,4064.15,4045.48,4046.17,2223,43
2026.06.10 23:00:00,4046.33,4053.76,4038.7,4040.4,1941,43
2026.06.10 23:10:00,4040.42,4042.35,4023.69,4039.02,2465,43
2026.06.10 23:20:00,4038.68,4064.61,4037.0,4061.49,2199,43
2026.06.10 23:30:00,4061.49,4063.88,4056.25,4060.66,1950,43
2026.06.10 23:40:00,4060.65,4064.27,4048.97,4050.07,2109,43
2026.06.10 23:50:00,4050.05,4052.26,4044.48,4047.05,2153,43
2026.06.11 00:00:00,4048.17,4059.51,4039.74,4042.98,2094,43
2026.06.11 00:10:00,4042.88,4072.57,4036.23,4064.82,2117,43
2026.06.11 00:20:00,4064.85,4071.01,4057.45,4067.58,2052,43
2026.06.11 00:30:00,4067.13,4076.58,4059.18,4063.29,1929,43
2026.06.11 00:40:00,4063.28,4074.36,4062.13,4071.23,1901,43
2026.06.11 00:50:00,4071.12,4077.94,4068.6,4075.66,1934,43
2026.06.11 01:00:00,4075.63,4089.96,4066.25,4078.54,2207,43
2026.06.11 01:10:00,4078.49,4099.28,4078.47,4093.8,2091,43
2026.06.11 01:20:00,4093.18,4108.62,4092.01,4104.46,2166,43
2026.06.11 01:30:00,4104.41,4114.91,4103.8,4114.62,2124,43
2026.06.11 01:40:00,4114.61,4117.85,4106.26,4110.55,2120,43
2026.06.11 01:50:00,4110.53,4111.32,4097.86,4101.95,2225,43
2026.06.11 02:00:00,4101.97,4102.68,4092.13,4094.78,2006,43
2026.06.11 02:10:00,4094.74,4097.49,4087.71,4093.88,2196,43
2026.06.11 02:20:00,4093.83,4094.32,4081.67,4082.45,1869,43
2026.06.11 02:30:00,4082.46,4085.11,4065.18,4067.02,2114,43
2026.06.11 02:40:00,4067.02,4067.83,4052.46,4054.89,2260,43
2026.06.11 02:50:00,4054.93,4073.29,4054.91,4067.84,2232,43
2026.06.11 03:00:00,4067.87,4078.47,4067.76,4076.32,2162,43
2026.06.11 03:10:00,4076.38,4076.38,4064.36,4065.44,2262,43
2026.06.11 03:20:00,4065.61,4065.69,4056.91,4063.13,2272,43
2026.06.11 03:30:00,4062.86,4070.4,4062.47,4070.25,1825,43
2026.06.11 03:40:00,4070.32,4071.76,4064.89,4065.63,1778,43
2026.06.11 03:50:00,4065.67,4075.53,4064.86,4072.71,1821,43
2026.06.11 04:00:00,4072.71,4079.86,4070.01,4079.84,1951,43
2026.06.11 04:10:00,4079.92,4083.33,4077.92,4081.41,1938,43
2026.06.11 04:20:00,4081.39,4085.25,4076.17,4077.52,1755,43
2026.06.11 04:30:00,4077.49,4083.75,4074.78,4078.61,1724,43
2026.06.11 04:40:00,4078.5,4085.72,4078.28,4083.26,1724,43
2026.06.11 04:50:00,4083.24,4085.21,4079.55,4082.51,1751,43
2026.06.11 05:00:00,4082.54,4082.93,4075.25,4079.23,1909,43
2026.06.11 05:10:00,4079.28,4080.98,4074.97,4079.18,1882,43
2026.06.11 05:20:00,4079.19,4081.06,4072.5,4074.95,2059,43
2026.06.11 05:30:00,4074.95,4096.35,4074.38,4093.72,2185,43
2026.06.11 05:40:00,4093.86,4106.17,4093.86,4100.37,2232,43
2026.06.11 05:50:00,4100.35,4100.93,4093.38,4094.19,2083,43
2026.06.11 06:00:00,4094.02,4094.63,4078.85,4080.68,2015,43
2026.06.11 06:10:00,4080.66,4088.39,4076.22,4086.63,1918,43
2026.06.11 06:20:00,4086.72,4092.84,4086.07,4086.62,1880,43
2026.06.11 06:30:00,4086.56,4091.12,4082.91,4088.19,1811,43
2026.06.11 06:40:00,4088.11,4094.12,4086.9,4091.74,1680,43
2026.06.11 06:50:00,4091.75,4097.46,4091.11,4094.74,1878,43
2026.06.11 07:00:00,4094.75,4097.75,4092.73,4093.58,1849,35
2026.06.11 07:10:00,4093.63,4106.16,4091.77,4104.9,1867,35
2026.06.11 07:20:00,4104.88,4110.14,4102.84,4107.46,1778,35
2026.06.11 07:30:00,4107.59,4110.51,4101.67,4104.66,1718,35
2026.06.11 07:40:00,4104.69,4109.36,4103.0,4103.35,1720,35
2026.06.11 07:50:00,4102.85,4106.02,4099.08,4104.85,1742,35
2026.06.11 08:00:00,4103.95,4112.14,4103.95,4111.7,1841,35
2026.06.11 08:10:00,4111.68,4112.54,4102.9,4105.66,1814,35
2026.06.11 08:20:00,4105.63,4105.63,4097.08,4097.51,1785,35
2026.06.11 08:30:00,4097.52,4099.39,4093.84,4095.27,1830,35
2026.06.11 08:40:00,4095.28,4096.84,4088.82,4089.25,1782,35
2026.06.11 08:50:00,4089.29,4091.69,4084.52,4084.52,1733,35
2026.06.11 09:00:00,4084.44,4087.37,4080.84,4080.86,1826,35
2026.06.11 09:10:00,4080.95,4088.77,4080.71,4086.53,1827,35
2026.06.11 09:20:00,4086.54,4086.54,4078.94,4079.38,1915,35
2026.06.11 09:30:00,4079.27,4088.63,4077.33,4088.6,1883,35
2026.06.11 09:40:00,4088.58,4096.24,4087.48,4093.91,1727,35
2026.06.11 09:50:00,4093.95,4095.82,4089.8,4091.52,1644,35
2026.06.11 10:00:00,4091.51,4094.29,4089.72,4090.49,1621,35
2026.06.11 10:10:00,4090.54,4093.08,4086.72,4086.76,1714,35
2026.06.11 10:20:00,4086.92,4094.45,4086.8,4087.86,1701,35
2026.06.11 10:30:00,4087.64,4092.9,4086.45,4090.78,1694,35
2026.06.11 10:40:00,4090.83,4092.16,4087.46,4088.42,1529,35
2026.06.11 10:50:00,4088.49,4092.85,4087.55,4089.78,1589,35
2026.06.11 11:00:00,4089.8,4093.09,4086.75,4091.15,1830,35
2026.06.11 11:10:00,4091.17,4093.08,4084.04,4086.68,1751,35
2026.06.11 11:20:00,4086.71,4091.16,4083.25,4090.19,1859,35
2026.06.11 11:30:00,4090.15,4095.85,4082.63,4083.47,1936,35
2026.06.11 11:40:00,4083.72,4086.93,4081.68,4084.99,1845,35
2026.06.11 11:50:00,4085.04,4087.61,4079.79,4080.25,1772,35
2026.06.11 12:00:00,4080.24,4087.11,4078.24,4079.77,1841,35
2026.06.11 12:10:00,4079.78,4081.94,4072.75,4075.15,1913,35
2026.06.11 12:20:00,4075.54,4078.2,4061.36,4068.95,2088,35
2026.06.11 12:30:00,4068.9,4073.88,4057.57,4065.89,2114,35
2026.06.11 12:40:00,4066.14,4081.03,4064.95,4077.27,2054,35
2026.06.11 12:50:00,4077.31,4085.04,4073.17,4081.78,1979,35
2026.06.11 13:00:00,4082.24,4086.11,4077.84,4085.55,2056,35
2026.06.11 13:10:00,4085.6,4085.88,4072.06,4072.9,2007,35
2026.06.11 13:20:00,4072.76,4081.8,4072.14,4075.29,1966,35
2026.06.11 13:30:00,4075.1,4082.51,4068.25,4072.5,2255,35
2026.06.11 13:40:00,4072.48,4092.48,4067.02,4083.66,2277,35
2026.06.11 13:50:00,4083.85,4092.48,4082.49,4083.15,2193,35
2026.06.11 14:00:00,4083.17,4085.26,4060.49,4062.4,2177,35
2026.06.11 14:10:00,4062.51,4066.54,4052.82,4063.56,2230,35
2026.06.11 14:20:00,4063.39,4084.56,4063.0,4074.75,2194,35
2026.06.11 14:30:00,4074.74,4079.86,4070.54,4078.82,2176,35
2026.06.11 14:40:00,4078.81,4083.47,4072.77,4078.57,2107,35
2026.06.11 14:50:00,4078.17,4080.86,4072.12,4073.35,2124,35
2026.06.11 15:00:00,4073.42,4086.38,4070.26,4080.96,2183,35
2026.06.11 15:10:00,4080.9,4087.79,4079.65,4081.98,2094,35
2026.06.11 15:20:00,4081.84,4089.21,4074.71,4081.58,2059,35
2026.06.11 15:30:00,4081.5,4086.87,4077.33,4085.93,2047,35
2026.06.11 15:40:00,4085.82,4091.64,4085.82,4089.66,2000,35
2026.06.11 15:50:00,4090.07,4095.28,4085.91,4088.9,1930,35
2026.06.11 16:00:00,4088.72,4093.65,4086.67,4092.53,1954,35
2026.06.11 16:10:00,4092.39,4107.47,4091.09,4096.83,2030,35
2026.06.11 16:20:00,4097.01,4098.36,4079.16,4079.29,2006,35
2026.06.11 16:30:00,4079.08,4087.76,4078.31,4082.54,1949,35
2026.06.11 16:40:00,4082.68,4085.18,4080.2,4081.31,1838,35
2026.06.11 16:50:00,4081.06,4082.34,4077.94,4080.15,1846,35
2026.06.11 17:00:00,4080.32,4080.68,4071.88,4076.56,1965,43
2026.06.11 17:10:00,4076.6,4078.81,4072.91,4078.25,1904,43
2026.06.11 17:20:00,4078.18,4102.28,4075.98,4101.12,1945,43
2026.06.11 17:30:00,4101.82,4154.61,4101.82,4150.38,2367,43
2026.06.11 17:40:00,4150.93,4169.86,4147.4,4153.98,2203,43
2026.06.11 17:50:00,4154.38,4161.31,4146.6,4151.66,2187,43
2026.06.11 18:00:00,4151.87,4155.47,4131.24,4135.54,1204,43
2026.06.11 18:10:00,4135.42,4162.79,4135.05,4161.04,1928,43
2026.06.11 18:20:00,4161.13,4162.27,4150.47,4152.81,2167,43
2026.06.11 18:30:00,4153.06,4158.58,4149.15,4156.38,2055,43
2026.06.11 18:40:00,4156.43,4171.6,4155.1,4167.95,1953,43
2026.06.11 18:50:00,4167.94,4169.95,4160.29,4161.75,1927,43
2026.06.11 19:00:00,4162.05,4175.57,4162.05,4174.02,2044,43
2026.06.11 19:10:00,4173.95,4196.7,4172.97,4195.67,2126,43
2026.06.11 19:20:00,4195.65,4198.26,4188.57,4195.46,2027,43
2026.06.11 19:30:00,4195.56,4219.77,4195.56,4208.34,2143,43
2026.06.11 19:40:00,4208.53,4217.5,4208.35,4210.18,2000,43
2026.06.11 19:50:00,4210.41,4215.4,4207.24,4208.81,1956,43
2026.06.11 20:00:00,4209.28,4216.3,4208.04,4214.77,1762,43
2026.06.11 20:10:00,4214.74,4218.41,4212.07,4213.26,1593,43
2026.06.11 20:20:00,4213.24,4216.27,4212.15,4213.96,1580,43
2026.06.11 20:30:00,4215.29,4216.16,4210.16,4210.95,1763,43
2026.06.11 20:40:00,4211.38,4212.44,4208.94,4211.08,1500,52
2026.06.11 20:50:00,4211.09,4212.88,4210.04,4210.27,1017,48
2026.06.11 22:00:00,4218.62,4218.62,4205.64,4209.34,851,43
2026.06.11 22:10:00,4209.33,4210.92,4206.97,4208.19,1383,43
2026.06.11 22:20:00,4208.12,4215.83,4205.65,4214.93,1457,43
2026.06.11 22:30:00,4214.9,4216.24,4211.26,4215.54,1585,43
2026.06.11 22:40:00,4215.63,4236.07,4215.11,4231.79,2233,43
2026.06.11 22:50:00,4231.68,4246.18,4224.59,4243.16,2276,43
2026.06.11 23:00:00,4243.2,4245.69,4223.4,4225.65,2236,43
2026.06.11 23:10:00,4225.71,4227.82,4221.22,4222.29,1741,43
2026.06.11 23:20:00,4222.31,4223.01,4214.08,4215.93,1772,43
2026.06.11 23:30:00,4216.42,4223.49,4214.45,4216.46,1938,43
2026.06.11 23:40:00,4216.53,4224.38,4214.58,4219.3,1936,43
2026.06.11 23:50:00,4219.31,4223.1,4215.16,4219.88,2107,43
2026.06.12 00:00:00,4219.78,4225.63,4212.6,4217.19,2025,43
2026.06.12 00:10:00,4217.24,4218.85,4207.3,4216.39,1978,43
2026.06.12 00:20:00,4216.42,4230.42,4214.89,4220.31,2150,43
2026.06.12 00:30:00,4220.29,4228.47,4214.09,4214.76,1941,43
2026.06.12 00:40:00,4214.74,4214.89,4201.09,4202.0,2077,43
2026.06.12 00:50:00,4201.97,4208.29,4200.63,4208.24,2042,43
2026.06.12 01:00:00,4208.2,4210.54,4182.9,4192.99,2120,43
2026.06.12 01:10:00,4192.68,4193.73,4184.87,4189.24,2176,43
2026.06.12 01:20:00,4189.18,4192.23,4179.0,4181.01,2074,43
2026.06.12 01:30:00,4180.77,4186.73,4171.34,4178.95,2093,43
2026.06.12 01:40:00,4178.87,4191.31,4176.59,4191.29,2280,43
2026.06.12 01:50:00,4191.31,4191.31,4184.18,4188.48,1632,43
