time,open,high,low,close,volume,spread
2026.04.13 02:00:00,4721.22,4725.7,4718.86,4722.53,4150,41
2026.04.13 02:15:00,4722.5,4724.71,4719.18,4719.89,3030,41
2026.04.13 02:30:00,4719.88,4727.82,4715.08,4715.34,4285,35
2026.04.13 02:45:00,4715.36,4721.48,4711.11,4720.34,3817,41
2026.04.13 03:00:00,4720.32,4721.64,4712.05,4713.86,3515,35
2026.04.13 03:15:00,4713.89,4720.93,4712.86,4718.87,3630,41
2026.04.13 03:30:00,4718.9,4724.11,4717.37,4722.08,2915,35
2026.04.13 03:45:00,4722.08,4722.44,4717.27,4718.07,2346,42
2026.04.13 04:00:00,4718.07,4718.42,4707.96,4714.63,2567,42
2026.04.13 04:15:00,4714.63,4715.86,4709.63,4712.63,2268,42
2026.04.13 04:30:00,4712.63,4719.53,4708.91,4718.61,2685,42
2026.04.13 04:45:00,4718.6,4724.92,4715.99,4723.01,2649,42
2026.04.13 05:00:00,4723.0,4726.11,4718.34,4719.18,2773,42
2026.04.13 05:15:00,4719.16,4721.43,4716.25,4720.46,2693,42
2026.04.13 05:30:00,4720.02,4724.83,4717.9,4721.11,3818,35
2026.04.13 05:45:00,4721.09,4730.59,4720.45,4729.3,3872,42
2026.04.13 06:00:00,4729.32,4729.41,4723.53,4726.22,4131,35
2026.04.13 06:15:00,4726.23,4731.82,4725.3,4731.27,3992,35
2026.04.13 06:30:00,4731.46,4732.55,4725.32,4726.31,3668,35
2026.04.13 06:45:00,4726.25,4726.33,4721.0,4725.56,3621,37
2026.04.13 07:00:00,4725.75,4738.67,4724.85,4728.1,4220,35
2026.04.13 07:15:00,4728.1,4732.84,4726.46,4730.8,3594,35
2026.04.13 07:30:00,4730.96,4733.67,4727.42,4732.26,3529,35
2026.04.13 07:45:00,4732.14,4739.91,4728.32,4733.68,4078,35
2026.04.13 08:00:00,4733.61,4738.51,4732.18,4732.82,4054,35
2026.04.13 08:15:00,4732.82,4734.29,4729.94,4731.95,3274,35
2026.04.13 08:30:00,4731.96,4736.3,4720.85,4721.36,3565,35
2026.04.13 08:45:00,4721.33,4729.72,4720.18,4723.24,3464,35
2026.04.13 09:00:00,4723.24,4728.45,4715.92,4719.1,3760,35
2026.04.13 09:15:00,4719.0,4721.32,4713.94,4715.12,3303,35
2026.04.13 09:30:00,4715.18,4719.71,4710.41,4714.2,3590,35
2026.04.13 09:45:00,4714.04,4716.52,4710.98,4714.56,2965,35
2026.04.13 10:00:00,4714.59,4718.91,4713.51,4717.81,2992,35
2026.04.13 10:15:00,4717.87,4717.95,4708.33,4712.48,3224,35
2026.04.13 10:30:00,4712.57,4718.51,4711.67,4717.91,3039,35
2026.04.13 10:45:00,4717.91,4723.83,4717.38,4721.98,3408,35
2026.04.13 11:00:00,4722.1,4729.11,4720.03,4721.43,3987,35
2026.04.13 11:15:00,4721.54,4723.56,4718.36,4720.95,3266,35
2026.04.13 11:30:00,4720.95,4722.31,4704.14,4707.25,4067,35
2026.04.13 11:45:00,4707.25,4712.01,4703.35,4706.92,4441,35
2026.04.13 12:00:00,4706.83,4720.04,4703.53,4717.25,4471,35
2026.04.13 12:15:00,4717.52,4717.72,4703.83,4710.55,4255,35
2026.04.13 12:30:00,4710.55,4716.41,4708.78,4715.63,4610,35
2026.04.13 12:45:00,4715.61,4725.07,4715.3,4723.52,4498,35
2026.04.13 13:00:00,4723.51,4736.08,4722.61,4734.3,5498,35
2026.04.13 13:15:00,4734.3,4737.66,4728.73,4733.27,4714,35
2026.04.13 13:30:00,4733.49,4737.25,4724.45,4726.83,5694,35
2026.04.13 13:45:00,4726.76,4745.39,4721.45,4730.7,6111,35
2026.04.13 14:00:00,4730.3,4731.26,4720.43,4727.33,5786,35
2026.04.13 14:15:00,4727.3,4728.06,4709.71,4715.33,5990,35
2026.04.13 14:30:00,4715.31,4722.52,4708.68,4721.63,5351,35
2026.04.13 14:45:00,4721.62,4723.3,4710.08,4719.01,5354,35
2026.04.13 15:00:00,4719.03,4719.83,4699.85,4707.55,5787,35
2026.04.13 15:15:00,4707.53,4711.4,4702.92,4703.65,5215,35
2026.04.13 15:30:00,4703.65,4717.99,4702.16,4712.49,5045,35
2026.04.13 15:45:00,4712.41,4715.8,4710.77,4714.47,4098,35
2026.04.13 16:00:00,4714.46,4721.09,4709.23,4719.79,4767,35
2026.04.13 16:15:00,4719.8,4734.03,4718.74,4730.18,5193,35
2026.04.13 16:30:00,4730.0,4740.29,4728.48,4740.0,5762,35
2026.04.13 16:45:00,4740.14,4746.44,4732.14,4732.94,5287,35
2026.04.13 17:00:00,4732.97,4738.49,4725.45,4730.74,4683,35
2026.04.13 17:15:00,4730.88,4749.8,4729.51,4743.05,4963,35
2026.04.13 17:30:00,4743.0,4747.34,4742.48,4743.88,4099,42
2026.04.13 17:45:00,4743.87,4744.12,4727.36,4729.9,4174,41
2026.04.13 18:00:00,4729.97,4732.85,4728.83,4729.98,3673,35
2026.04.13 18:15:00,4730.0,4731.02,4722.91,4727.19,3977,35
2026.04.13 18:30:00,4726.96,4735.18,4726.55,4733.39,4072,42
2026.04.13 18:45:00,4733.42,4740.59,4733.3,4738.28,4225,35
2026.04.13 19:00:00,4738.24,4739.49,4730.51,4734.68,3825,35
2026.04.13 19:15:00,4734.66,4744.09,4734.66,4743.1,3216,35
2026.04.13 19:30:00,4743.07,4747.31,4738.87,4741.76,3709,35
2026.04.13 19:45:00,4741.6,4745.7,4739.27,4741.07,3792,36
2026.04.13 20:00:00,4741.07,4743.95,4739.65,4742.33,1862,42
2026.04.13 20:15:00,4742.4,4743.71,4738.25,4739.21,1447,38
2026.04.13 20:30:00,4739.21,4740.44,4738.35,4739.82,1513,42
2026.04.13 20:45:00,4739.7,4741.83,4738.1,4740.11,1534,42
2026.04.13 22:00:00,4752.0,4753.25,4746.43,4748.34,2589,35
2026.04.13 22:15:00,4748.35,4749.64,4745.53,4748.58,1569,41
2026.04.13 22:30:00,4748.58,4750.28,4746.27,4750.28,2342,35
2026.04.13 22:45:00,4750.88,4759.61,4749.01,4757.89,2976,35
2026.04.13 23:00:00,4757.9,4765.7,4757.9,4762.88,3349,42
2026.04.13 23:15:00,4762.91,4763.41,4754.43,4755.26,2480,35
2026.04.13 23:30:00,4755.3,4761.66,4754.26,4759.45,2798,42
2026.04.13 23:45:00,4759.41,4761.48,4756.52,4757.47,2560,42
2026.04.14 00:00:00,4757.65,4760.53,4751.62,4759.55,4015,42
2026.04.14 00:15:00,4759.54,4767.57,4759.54,4762.27,3950,35
2026.04.14 00:30:00,4762.28,4775.88,4761.29,4770.36,3858,35
2026.04.14 00:45:00,4770.26,4771.77,4768.31,4769.8,3209,42
2026.04.14 01:00:00,4769.8,4776.84,4762.45,4775.86,5562,35
2026.04.14 01:15:00,4775.92,4776.26,4769.72,4770.32,4523,42
2026.04.14 01:30:00,4770.29,4773.01,4764.18,4772.75,4357,37
2026.04.14 01:45:00,4772.75,4773.55,4761.7,4764.66,4014,42
2026.04.14 02:00:00,4764.58,4771.04,4762.73,4767.92,4044,42
2026.04.14 02:15:00,4767.92,4772.38,4767.45,4768.75,2412,41
2026.04.14 02:30:00,4768.74,4772.59,4762.03,4772.2,4008,42
2026.04.14 02:45:00,4772.21,4777.14,4772.02,4774.95,3561,42
2026.04.14 03:00:00,4774.96,4775.5,4768.58,4768.91,3382,41
2026.04.14 03:15:00,4768.9,4771.24,4765.88,4768.34,3302,42
2026.04.14 03:30:00,4768.29,4769.54,4765.52,4767.65,2536,41
2026.04.14 03:45:00,4767.64,4771.85,4767.43,4767.94,2416,42
2026.04.14 04:00:00,4768.25,4770.46,4766.96,4768.71,1856,41
2026.04.14 04:15:00,4768.64,4776.91,4768.46,4775.86,2655,35
2026.04.14 04:30:00,4775.87,4776.12,4771.36,4773.6,2265,42
2026.04.14 04:45:00,4773.54,4775.94,4772.51,4774.06,2030,42
2026.04.14 05:00:00,4774.04,4774.14,4763.2,4765.34,3176,41
2026.04.14 05:15:00,4765.38,4767.96,4761.71,4764.61,3021,35
2026.04.14 05:30:00,4764.63,4767.06,4757.95,4760.85,4644,35
2026.04.14 05:45:00,4760.85,4766.65,4759.18,4760.0,4166,42
2026.04.14 06:00:00,4760.15,4769.56,4760.03,4765.91,4351,40
2026.04.14 06:15:00,4765.87,4767.94,4763.23,4767.66,3536,42
2026.04.14 06:30:00,4767.62,4770.41,4764.26,4769.54,3300,41
2026.04.14 06:45:00,4769.51,4782.82,4768.76,4782.07,4865,35
2026.04.14 07:00:00,4782.04,4796.35,4780.87,4790.22,5561,35
2026.04.14 07:15:00,4790.19,4791.35,4767.98,4772.72,5024,35
2026.04.14 07:30:00,4772.67,4779.56,4771.75,4777.87,4207,35
2026.04.14 07:45:00,4777.88,4780.62,4773.81,4777.13,4347,35
2026.04.14 08:00:00,4776.97,4782.46,4774.19,4780.45,4338,35
2026.04.14 08:15:00,4780.45,4786.42,4775.48,4785.95,4290,35
2026.04.14 08:30:00,4785.95,4789.89,4782.55,4784.75,4299,35
2026.04.14 08:45:00,4784.93,4786.84,4781.37,4786.84,3667,35
2026.04.14 09:00:00,4786.91,4787.98,4780.19,4785.53,3812,35
2026.04.14 09:15:00,4785.54,4789.2,4778.62,4778.62,3596,35
2026.04.14 09:30:00,4778.66,4779.5,4771.76,4778.13,3971,35
2026.04.14 09:45:00,4778.13,4782.3,4772.92,4778.13,3947,35
2026.04.14 10:00:00,4778.18,4784.94,4778.18,4782.16,3619,35
2026.04.14 10:15:00,4782.15,4787.92,4780.43,4783.87,3510,35
2026.04.14 10:30:00,4783.81,4784.48,4752.29,4767.27,4503,35
2026.04.14 10:45:00,4767.32,4772.35,4767.01,4768.27,3889,35
2026.04.14 11:00:00,4768.33,4776.96,4766.81,4776.59,4156,35
2026.04.14 11:15:00,4776.59,4782.89,4775.2,4778.16,3626,35
2026.04.14 11:30:00,4778.48,4779.89,4773.28,4778.05,4080,35
2026.04.14 11:45:00,4777.98,4782.95,4770.38,4774.99,4018,35
2026.04.14 12:00:00,4774.97,4777.56,4768.7,4769.83,4490,35
2026.04.14 12:15:00,4769.76,4772.42,4762.57,4769.14,4821,35
2026.04.14 12:30:00,4769.12,4776.12,4768.34,4768.62,5112,35
2026.04.14 12:45:00,4768.72,4773.56,4762.17,4771.33,4974,35
2026.04.14 13:00:00,4771.33,4782.12,4771.0,4781.88,5374,35
2026.04.14 13:15:00,4781.93,4792.41,4780.79,4783.07,5611,35
2026.04.14 13:30:00,4783.09,4803.59,4780.22,4793.01,6471,35
2026.04.14 13:45:00,4792.55,4796.31,4788.94,4794.39,5573,35
2026.04.14 14:00:00,4794.97,4803.82,4792.86,4794.86,6127,35
2026.04.14 14:15:00,4794.87,4810.63,4794.87,4809.16,5709,35
2026.04.14 14:30:00,4809.19,4817.71,4798.54,4798.8,5751,35
2026.04.14 14:45:00,4798.91,4806.39,4795.33,4803.86,5251,35
2026.04.14 15:00:00,4803.87,4803.87,4791.3,4794.43,5648,35
2026.04.14 15:15:00,4794.44,4805.55,4792.97,4802.26,5301,35
2026.04.14 15:30:00,4802.34,4813.64,4802.34,4808.97,5030,35
2026.04.14 15:45:00,4809.21,4816.22,4806.67,4808.08,4895,35
2026.04.14 16:00:00,4808.17,4814.13,4805.0,4809.38,4517,35
2026.04.14 16:15:00,4809.41,4819.29,4807.24,4816.31,4575,35
2026.04.14 16:30:00,4816.33,4820.25,4813.52,4815.2,4117,35
2026.04.14 16:45:00,4815.37,4819.8,4809.14,4810.08,4143,35
2026.04.14 17:00:00,4810.06,4833.49,4809.35,4827.04,4990,35
2026.04.14 17:15:00,4827.06,4831.82,4824.64,4825.52,4266,42
2026.04.14 17:30:00,4825.47,4841.52,4825.15,4837.04,4273,35
2026.04.14 17:45:00,4837.0,4839.58,4834.32,4834.97,3829,35
2026.04.14 18:00:00,4834.97,4843.09,4834.34,4838.69,3998,42
2026.04.14 18:15:00,4838.7,4839.97,4833.16,4837.78,4772,42
2026.04.14 18:30:00,4837.62,4839.22,4833.62,4834.35,4090,42
2026.04.14 18:45:00,4834.38,4836.38,4830.74,4835.48,3619,35
2026.04.14 19:00:00,4835.61,4842.39,4835.61,4840.82,3442,35
2026.04.14 19:15:00,4840.95,4842.14,4838.31,4840.61,3137,35
2026.04.14 19:30:00,4839.91,4843.42,4838.46,4840.83,3297,35
2026.04.14 19:45:00,4840.84,4846.14,4839.78,4844.7,3780,42
2026.04.14 20:00:00,4844.9,4846.13,4841.83,4842.78,2197,35
2026.04.14 20:15:00,4842.78,4843.43,4839.37,4840.42,1415,37
2026.04.14 20:30:00,4840.41,4843.01,4839.7,4842.06,1341,35
2026.04.14 20:45:00,4841.92,4843.13,4840.22,4841.73,1651,42
2026.04.14 22:00:00,4839.85,4850.48,4838.14,4844.92,2853,35
2026.04.14 22:15:00,4844.92,4847.02,4836.31,4840.08,2421,38
2026.04.14 22:30:00,4840.07,4843.19,4837.59,4840.18,2101,41
2026.04.14 22:45:00,4840.18,4840.32,4833.04,4834.92,2360,36
2026.04.14 23:00:00,4834.93,4843.8,4833.65,4837.15,2765,35
2026.04.14 23:15:00,4837.15,4839.34,4835.13,4836.09,2802,35
2026.04.14 23:30:00,4836.06,4842.69,4835.0,4842.25,3563,35
2026.04.14 23:45:00,4842.25,4843.92,4836.04,4837.01,2893,41
2026.04.15 00:00:00,4837.1,4840.02,4831.5,4833.79,3686,42
2026.04.15 00:15:00,4833.79,4836.32,4828.75,4833.57,3478,35
2026.04.15 00:30:00,4833.54,4833.67,4827.1,4829.96,2794,41
2026.04.15 00:45:00,4829.96,4837.5,4829.09,4835.26,3172,42
2026.04.15 01:00:00,4835.26,4852.48,4827.98,4850.1,5344,35
2026.04.15 01:15:00,4850.05,4871.25,4842.21,4850.76,5356,35
2026.04.15 01:30:00,4850.76,4851.36,4842.59,4843.37,4610,41
2026.04.15 01:45:00,4843.37,4848.87,4839.67,4846.98,4248,42
2026.04.15 02:00:00,4846.81,4853.31,4844.68,4845.16,4590,42
2026.04.15 02:15:00,4845.16,4845.93,4832.21,4834.61,3337,41
2026.04.15 02:30:00,4834.67,4835.41,4821.46,4828.27,5135,35
2026.04.15 02:45:00,4828.26,4830.28,4820.61,4823.85,4551,41
2026.04.15 03:00:00,4823.84,4825.02,4816.76,4820.81,4330,40
2026.04.15 03:15:00,4820.82,4827.85,4820.45,4826.52,3409,41
2026.04.15 03:30:00,4826.44,4828.67,4825.29,4828.38,2288,42
2026.04.15 03:45:00,4828.36,4829.53,4823.69,4823.93,2467,41
2026.04.15 04:00:00,4823.95,4826.23,4820.35,4825.29,2671,41
2026.04.15 04:15:00,4825.27,4826.67,4821.11,4824.49,2078,42
2026.04.15 04:30:00,4824.51,4827.64,4823.17,4823.32,1888,41
2026.04.15 04:45:00,4823.26,4826.18,4821.36,4824.83,1987,35
2026.04.15 05:00:00,4824.83,4828.51,4822.58,4826.72,3466,35
2026.04.15 05:15:00,4826.72,4830.37,4824.3,4826.08,3290,35
2026.04.15 05:30:00,4826.08,4827.86,4811.97,4816.48,4999,42
2026.04.15 05:45:00,4816.45,4823.61,4814.14,4819.6,4215,42
2026.04.15 06:00:00,4819.69,4824.99,4816.55,4818.86,4166,38
2026.04.15 06:15:00,4818.84,4819.53,4813.44,4814.59,3893,42
2026.04.15 06:30:00,4814.55,4817.7,4811.02,4815.88,4237,35
2026.04.15 06:45:00,4815.89,4822.16,4811.18,4811.49,4218,35
2026.04.15 07:00:00,4811.49,4816.85,4803.53,4815.52,4592,35
2026.04.15 07:15:00,4815.6,4816.07,4805.64,4812.67,4271,35
2026.04.15 07:30:00,4812.67,4815.6,4808.51,4810.2,3909,35
2026.04.15 07:45:00,4810.17,4812.76,4806.03,4810.97,3902,35
2026.04.15 08:00:00,4810.85,4812.47,4804.49,4811.35,4068,35
2026.04.15 08:15:00,4811.42,4814.16,4806.09,4809.89,3990,35
2026.04.15 08:30:00,4809.81,4812.82,4805.4,4810.5,3690,35
2026.04.15 08:45:00,4810.5,4821.08,4809.94,4818.26,3458,35
2026.04.15 09:00:00,4818.27,4819.48,4792.88,4805.01,5144,35
2026.04.15 09:15:00,4804.89,4807.25,4797.43,4797.97,4267,35
2026.04.15 09:30:00,4797.32,4803.73,4795.39,4796.21,4046,35
2026.04.15 09:45:00,4795.99,4800.19,4786.54,4797.84,4429,35
2026.04.15 10:00:00,4797.68,4803.07,4795.34,4801.2,4002,35
2026.04.15 10:15:00,4801.17,4801.38,4790.36,4794.87,4933,35
2026.04.15 10:30:00,4794.86,4800.52,4792.96,4800.08,4296,35
2026.04.15 10:45:00,4800.23,4805.16,4799.55,4799.97,3958,35
2026.04.15 11:00:00,4799.98,4804.27,4795.7,4802.3,3700,35
2026.04.15 11:15:00,4802.29,4806.93,4799.6,4804.84,3775,35
2026.04.15 11:30:00,4804.84,4808.53,4802.63,4805.82,3662,35
2026.04.15 11:45:00,4805.79,4814.75,4804.07,4812.57,4575,35
2026.04.15 12:00:00,4812.56,4814.17,4807.04,4813.85,4281,35
2026.04.15 12:15:00,4814.04,4816.25,4810.05,4812.73,4039,35
2026.04.15 12:30:00,4812.38,4816.09,4810.29,4811.63,3936,35
2026.04.15 12:45:00,4811.62,4815.63,4808.35,4811.54,3868,35
2026.04.15 13:00:00,4811.51,4816.32,4808.65,4814.04,5202,35
2026.04.15 13:15:00,4814.04,4821.95,4810.13,4821.64,4633,35
2026.04.15 13:30:00,4821.68,4825.28,4815.79,4820.52,5964,35
2026.04.15 13:45:00,4820.52,4830.08,4819.87,4828.87,5544,35
2026.04.15 14:00:00,4828.93,4829.82,4820.66,4828.58,5316,35
2026.04.15 14:15:00,4828.58,4830.69,4822.32,4825.12,5137,35
2026.04.15 14:30:00,4825.35,4825.62,4815.37,4819.24,5211,35
2026.04.15 14:45:00,4819.22,4819.47,4813.32,4815.43,4783,35
2026.04.15 15:00:00,4815.43,4816.18,4799.93,4810.09,5395,35
2026.04.15 15:15:00,4810.02,4810.54,4797.49,4798.15,4963,35
2026.04.15 15:30:00,4798.13,4806.51,4786.56,4803.5,5630,35
2026.04.15 15:45:00,4803.3,4807.67,4799.22,4801.75,4568,35
2026.04.15 16:00:00,4801.7,4810.27,4800.17,4808.38,4189,35
2026.04.15 16:15:00,4808.15,4812.91,4805.13,4811.23,4047,35
2026.04.15 16:30:00,4811.3,4812.03,4802.56,4804.44,4424,35
2026.04.15 16:45:00,4804.36,4807.19,4799.87,4803.74,4579,35
2026.04.15 17:00:00,4803.76,4804.85,4797.56,4798.07,4253,35
2026.04.15 17:15:00,4798.06,4808.73,4798.06,4801.7,3952,41
2026.04.15 17:30:00,4801.62,4802.57,4792.1,4793.45,4236,38
2026.04.15 17:45:00,4793.46,4795.7,4790.83,4792.56,3669,42
2026.04.15 18:00:00,4792.57,4801.04,4790.02,4796.9,4785,42
2026.04.15 18:15:00,4796.9,4798.62,4792.61,4794.63,3924,35
2026.04.15 18:30:00,4794.63,4798.31,4794.48,4796.88,3357,35
2026.04.15 18:45:00,4796.89,4802.03,4796.69,4799.64,3288,35
2026.04.15 19:00:00,4799.53,4803.27,4797.94,4798.69,3345,42
2026.04.15 19:15:00,4798.84,4803.22,4797.52,4802.79,2726,42
2026.04.15 19:30:00,4802.74,4802.76,4795.27,4797.02,3365,35
2026.04.15 19:45:00,4796.88,4801.58,4794.52,4795.67,4012,35
2026.04.15 20:00:00,4795.79,4796.73,4792.59,4793.62,2249,35
2026.04.15 20:15:00,4793.59,4795.8,4793.17,4793.7,1597,42
2026.04.15 20:30:00,4793.58,4793.58,4790.07,4790.65,1574,42
2026.04.15 20:45:00,4790.68,4792.97,4787.37,4790.45,2005,42
2026.04.15 22:00:00,4797.75,4799.27,4790.93,4791.87,2181,42
2026.04.15 22:15:00,4791.87,4802.1,4791.86,4801.05,2533,42
2026.04.15 22:30:00,4801.13,4803.38,4798.92,4801.24,2063,35
2026.04.15 22:45:00,4801.24,4811.66,4801.07,4807.47,2599,42
2026.04.15 23:00:00,4807.47,4813.31,4807.31,4812.65,2329,35
2026.04.15 23:15:00,4812.65,4815.71,4812.12,4814.92,1994,35
2026.04.15 23:30:00,4814.92,4824.21,4814.42,4823.13,3098,41
2026.04.15 23:45:00,4823.09,4826.9,4821.91,4823.26,2694,35
2026.04.16 00:00:00,4823.29,4831.13,4823.29,4829.76,3238,35
2026.04.16 00:15:00,4829.79,4830.95,4822.45,4824.59,3384,35
2026.04.16 00:30:00,4824.64,4837.61,4820.57,4832.54,3208,35
2026.04.16 00:45:00,4832.56,4837.29,4830.64,4833.01,3468,35
2026.04.16 01:00:00,4832.92,4836.06,4828.49,4829.74,4617,35
2026.04.16 01:15:00,4829.69,4830.34,4822.59,4823.55,3795,41
2026.04.16 01:30:00,4823.6,4825.57,4811.4,4815.85,4446,38
2026.04.16 01:45:00,4815.86,4821.99,4815.35,4817.9,3684,35
2026.04.16 02:00:00,4817.93,4824.94,4817.31,4821.29,3685,35
2026.04.16 02:15:00,4821.11,4823.31,4818.94,4819.02,2633,42
2026.04.16 02:30:00,4819.02,4821.37,4812.4,4817.17,4055,35
2026.04.16 02:45:00,4817.18,4820.85,4815.43,4819.59,3483,42
2026.04.16 03:00:00,4819.33,4826.99,4819.11,4826.43,3381,35
2026.04.16 03:15:00,4826.27,4826.63,4822.44,4823.71,2781,35
2026.04.16 03:30:00,4823.74,4825.73,4819.03,4820.32,2645,41
2026.04.16 03:45:00,4820.31,4826.55,4820.3,4823.9,2297,42
2026.04.16 04:00:00,4823.81,4827.29,4822.75,4826.77,2360,42
2026.04.16 04:15:00,4826.77,4829.97,4825.74,4826.39,2271,41
2026.04.16 04:30:00,4826.37,4831.1,4824.79,4830.43,2199,42
2026.04.16 04:45:00,4830.43,4833.4,4829.46,4833.0,1932,42
2026.04.16 05:00:00,4833.03,4838.28,4832.64,4834.37,3110,41
2026.04.16 05:15:00,4834.02,4836.18,4831.55,4833.22,2538,35
2026.04.16 05:30:00,4833.2,4833.86,4824.41,4825.14,4092,41
2026.04.16 05:45:00,4825.04,4829.29,4820.91,4821.11,3986,35
2026.04.16 06:00:00,4821.11,4827.55,4821.11,4822.58,3864,42
2026.04.16 06:15:00,4822.58,4825.12,4814.45,4816.02,4123,35
2026.04.16 06:30:00,4815.99,4824.97,4814.71,4823.93,4334,35
2026.04.16 06:45:00,4823.93,4830.15,4822.26,4825.89,4457,42
2026.04.16 07:00:00,4826.36,4830.74,4822.96,4824.91,4455,35
2026.04.16 07:15:00,4824.95,4829.55,4816.86,4827.95,4291,35
2026.04.16 07:30:00,4828.07,4830.1,4824.68,4827.48,3318,35
2026.04.16 07:45:00,4827.51,4828.09,4819.33,4821.02,3479,35
2026.04.16 08:00:00,4821.09,4822.46,4807.26,4811.62,4627,35
2026.04.16 08:15:00,4811.69,4814.76,4809.48,4811.53,3824,35
2026.04.16 08:30:00,4811.48,4813.79,4806.7,4812.05,3847,35
2026.04.16 08:45:00,4812.04,4814.67,4808.28,4813.9,3541,35
2026.04.16 09:00:00,4813.9,4818.25,4811.84,4816.2,3123,35
2026.04.16 09:15:00,4816.28,4817.16,4811.39,4813.07,2979,35
2026.04.16 09:30:00,4812.73,4814.85,4806.74,4814.63,3895,35
2026.04.16 09:45:00,4814.68,4815.29,4810.13,4812.87,3780,35
2026.04.16 10:00:00,4812.88,4815.46,4806.99,4807.05,3445,35
2026.04.16 10:15:00,4807.04,4810.06,4805.15,4806.98,3197,35
2026.04.16 10:30:00,4806.98,4812.12,4805.0,4808.3,3380,35
2026.04.16 10:45:00,4808.31,4817.12,4806.53,4817.04,3630,35
2026.04.16 11:00:00,4817.15,4820.55,4816.34,4817.47,3650,35
2026.04.16 11:15:00,4817.47,4820.06,4815.53,4816.03,3209,35
2026.04.16 11:30:00,4816.1,4819.96,4815.86,4817.75,3399,35
2026.04.16 11:45:00,4817.72,4822.56,4816.05,4822.12,3271,35
2026.04.16 12:00:00,4822.12,4823.16,4811.29,4817.2,4141,35
2026.04.16 12:15:00,4817.04,4818.54,4813.82,4814.96,3595,35
2026.04.16 12:30:00,4814.97,4820.8,4811.79,4817.04,4368,35
2026.04.16 12:45:00,4817.03,4818.96,4813.83,4816.19,3596,35
2026.04.16 13:00:00,4816.55,4823.07,4814.1,4817.24,4662,35
2026.04.16 13:15:00,4817.24,4821.16,4814.98,4815.47,4096,35
2026.04.16 13:30:00,4815.58,4823.87,4812.66,4816.23,5963,35
2026.04.16 13:45:00,4816.21,4819.46,4784.45,4794.69,6311,35
2026.04.16 14:00:00,4794.36,4805.12,4785.13,4800.75,6337,35
2026.04.16 14:15:00,4800.73,4802.97,4790.83,4799.01,5726,35
2026.04.16 14:30:00,4799.17,4800.67,4772.7,4787.52,5884,35
2026.04.16 14:45:00,4787.29,4793.44,4785.27,4788.68,5948,35
2026.04.16 15:00:00,4788.64,4812.77,4788.26,4806.73,5806,35
2026.04.16 15:15:00,4806.8,4809.63,4801.64,4801.81,5003,35
2026.04.16 15:30:00,4801.37,4811.1,4798.06,4802.75,5491,35
2026.04.16 15:45:00,4802.76,4808.31,4800.72,4806.88,4699,35
2026.04.16 16:00:00,4806.9,4809.79,4803.29,4804.91,4242,35
2026.04.16 16:15:00,4804.91,4805.74,4796.67,4799.29,4258,35
2026.04.16 16:30:00,4799.28,4799.86,4786.6,4790.16,5369,35
2026.04.16 16:45:00,4790.14,4793.55,4785.02,4791.9,4756,35
2026.04.16 17:00:00,4791.96,4795.34,4789.76,4791.28,4738,35
2026.04.16 17:15:00,4791.28,4793.89,4784.74,4785.13,4749,41
2026.04.16 17:30:00,4785.23,4789.26,4781.19,4786.9,4530,35
2026.04.16 17:45:00,4786.9,4790.82,4782.46,4789.07,4302,42
2026.04.16 18:00:00,4789.04,4794.09,4785.62,4789.97,5262,35
2026.04.16 18:15:00,4790.0,4792.95,4786.55,4786.95,4538,42
2026.04.16 18:30:00,4786.93,4791.2,4786.5,4790.29,3894,35
2026.04.16 18:45:00,4790.29,4792.58,4788.1,4789.39,3955,42
2026.04.16 19:00:00,4789.59,4794.8,4789.47,4790.01,3826,35
2026.04.16 19:15:00,4790.02,4793.84,4789.94,4790.86,3670,42
2026.04.16 19:30:00,4790.99,4797.82,4790.52,4797.58,3653,35
2026.04.16 19:45:00,4797.64,4798.49,4792.35,4793.58,3728,41
2026.04.16 20:00:00,4793.4,4793.77,4789.61,4790.33,2184,41
2026.04.16 20:15:00,4790.2,4791.53,4788.23,4788.85,1658,35
2026.04.16 20:30:00,4788.84,4790.37,4786.15,4788.53,1377,35
2026.04.16 20:45:00,4788.53,4790.62,4787.63,4790.57,1329,42
2026.04.16 22:00:00,4794.48,4798.03,4790.62,4795.33,2118,35
2026.04.16 22:15:00,4795.41,4796.07,4792.41,4793.88,1905,35
2026.04.16 22:30:00,4793.91,4795.95,4790.93,4795.16,2192,42
2026.04.16 22:45:00,4795.16,4796.73,4794.46,4795.16,1797,42
2026.04.16 23:00:00,4794.74,4795.35,4792.04,4792.82,2226,41
2026.04.16 23:15:00,4792.82,4797.67,4792.23,4794.36,2272,42
2026.04.16 23:30:00,4794.35,4796.14,4792.24,4795.65,1829,39
2026.04.16 23:45:00,4795.6,4796.66,4791.59,4791.67,2706,35
2026.04.17 00:00:00,4791.59,4791.74,4785.67,4790.06,3443,41
2026.04.17 00:15:00,4790.06,4792.9,4787.47,4792.82,2781,35
2026.04.17 00:30:00,4792.82,4798.48,4792.43,4798.48,2858,42
2026.04.17 00:45:00,4798.43,4801.19,4793.79,4794.75,2802,35
2026.04.17 01:00:00,4794.66,4795.36,4767.72,4778.95,5066,35
2026.04.17 01:15:00,4778.66,4784.95,4767.54,4768.4,4685,42
2026.04.17 01:30:00,4768.39,4777.67,4767.52,4777.67,4462,42
2026.04.17 01:45:00,4777.67,4791.3,4775.16,4789.38,4209,35
2026.04.17 02:00:00,4789.38,4794.36,4788.18,4791.32,3666,41
2026.04.17 02:15:00,4791.31,4791.86,4788.35,4788.9,2189,35
2026.04.17 02:30:00,4789.03,4794.68,4788.54,4791.45,3247,42
2026.04.17 02:45:00,4791.46,4793.44,4784.38,4784.42,2927,42
2026.04.17 03:00:00,4784.44,4797.72,4784.44,4795.88,3714,35
2026.04.17 03:15:00,4795.88,4797.89,4792.87,4794.05,3194,35
2026.04.17 03:30:00,4794.02,4795.03,4791.85,4794.15,2008,42
2026.04.17 03:45:00,4794.15,4796.76,4792.76,4793.18,1809,42
2026.04.17 04:00:00,4793.09,4796.08,4792.52,4795.27,1960,41
2026.04.17 04:15:00,4795.29,4796.11,4793.69,4795.9,1651,41
2026.04.17 04:30:00,4795.91,4801.68,4795.25,4800.9,2064,35
2026.04.17 04:45:00,4800.91,4804.41,4798.29,4802.88,2252,42
2026.04.17 05:00:00,4802.84,4806.06,4799.51,4804.9,3121,42
2026.04.17 05:15:00,4804.93,4805.23,4801.42,4803.47,2251,42
2026.04.17 05:30:00,4803.4,4805.3,4795.58,4796.47,4020,42
2026.04.17 05:45:00,4796.42,4800.46,4793.54,4794.07,3908,35
2026.04.17 06:00:00,4794.07,4795.04,4786.71,4787.59,4438,42
2026.04.17 06:15:00,4787.56,4789.69,4783.11,4783.73,3734,35
2026.04.17 06:30:00,4783.7,4786.93,4779.02,4785.31,4005,35
2026.04.17 06:45:00,4785.28,4787.09,4783.68,4784.9,3058,42
2026.04.17 07:00:00,4784.86,4790.86,4784.22,4787.11,3589,35
2026.04.17 07:15:00,4787.19,4792.63,4784.56,4791.55,3270,35
2026.04.17 07:30:00,4791.55,4794.89,4782.4,4785.92,3756,35
2026.04.17 07:45:00,4785.87,4786.18,4778.57,4784.28,3905,35
2026.04.17 08:00:00,4784.25,4790.86,4780.96,4783.49,3729,35
2026.04.17 08:15:00,4783.2,4787.02,4782.5,4784.32,3012,35
2026.04.17 08:30:00,4784.32,4796.73,4784.2,4796.73,3059,35
2026.04.17 08:45:00,4796.8,4796.94,4790.88,4795.85,3560,35
2026.04.17 09:00:00,4795.84,4800.98,4792.41,4792.99,3556,35
2026.04.17 09:15:00,4793.03,4798.37,4791.99,4795.79,3432,35
2026.04.17 09:30:00,4795.78,4798.99,4793.9,4794.48,3207,35
2026.04.17 09:45:00,4794.61,4795.04,4789.84,4790.23,3086,35
2026.04.17 10:00:00,4790.36,4791.99,4787.02,4791.43,3228,35
2026.04.17 10:15:00,4791.44,4794.18,4788.56,4789.4,3136,35
2026.04.17 10:30:00,4789.4,4789.73,4782.36,4784.81,3198,35
2026.04.17 10:45:00,4784.77,4788.2,4782.43,4787.18,3164,35
2026.04.17 11:00:00,4787.47,4789.54,4783.44,4786.32,2859,35
2026.04.17 11:15:00,4786.33,4793.28,4784.53,4792.8,2655,35
2026.04.17 11:30:00,4792.76,4798.46,4789.54,4798.36,3074,35
2026.04.17 11:45:00,4798.55,4812.01,4798.55,4799.13,4485,35
2026.04.17 12:00:00,4799.22,4805.43,4797.39,4803.64,3686,35
2026.04.17 12:15:00,4803.61,4819.64,4802.97,4816.81,4375,35
2026.04.17 12:30:00,4816.8,4825.08,4815.42,4823.23,4994,35
2026.04.17 12:45:00,4823.23,4847.63,4821.52,4846.26,5713,35
2026.04.17 13:00:00,4846.48,4889.19,4835.1,4883.18,6392,35
2026.04.17 13:15:00,4883.15,4883.78,4850.33,4851.68,6368,35
2026.04.17 13:30:00,4851.66,4873.4,4848.62,4864.49,6500,35
2026.04.17 13:45:00,4864.57,4881.85,4852.06,4880.16,6136,35
2026.04.17 14:00:00,4880.24,4885.38,4860.84,4866.87,6117,35
2026.04.17 14:15:00,4866.87,4880.44,4866.8,4871.35,5860,35
2026.04.17 14:30:00,4871.5,4883.18,4869.32,4877.3,5527,35
2026.04.17 14:45:00,4877.3,4881.25,4869.82,4873.0,5441,35
2026.04.17 15:00:00,4873.16,4880.56,4862.79,4867.79,5685,35
2026.04.17 15:15:00,4867.81,4874.43,4862.99,4865.68,5633,35
2026.04.17 15:30:00,4865.99,4873.96,4854.69,4858.6,5392,35
2026.04.17 15:45:00,4858.77,4871.72,4858.12,4867.36,4962,35
2026.04.17 16:00:00,4867.36,4873.21,4863.45,4871.38,4852,35
2026.04.17 16:15:00,4871.38,4873.36,4867.59,4867.73,4205,35
2026.04.17 16:30:00,4867.75,4872.82,4867.49,4868.26,4021,35
2026.04.17 16:45:00,4868.26,4868.96,4864.86,4866.89,3544,35
2026.04.17 17:00:00,4866.86,4869.49,4857.66,4862.44,4634,35
2026.04.17 17:15:00,4862.59,4864.84,4853.7,4858.35,4744,35
2026.04.17 17:30:00,4858.03,4862.88,4853.95,4854.93,4252,42
2026.04.17 17:45:00,4854.75,4863.34,4854.75,4862.5,3740,42
2026.04.17 18:00:00,4862.51,4866.32,4860.15,4860.95,4145,42
2026.04.17 18:15:00,4860.96,4868.17,4858.86,4860.58,4410,41
2026.04.17 18:30:00,4860.51,4866.61,4860.27,4862.17,3792,41
2026.04.17 18:45:00,4862.19,4863.0,4855.83,4858.13,4066,42
2026.04.17 19:00:00,4858.11,4858.77,4853.71,4856.39,3671,35
2026.04.17 19:15:00,4856.27,4858.14,4854.05,4857.05,3495,35
2026.04.17 19:30:00,4857.02,4861.28,4855.79,4860.15,3710,42
2026.04.17 19:45:00,4860.06,4860.07,4852.45,4854.33,4177,42
2026.04.17 20:00:00,4854.43,4855.29,4844.27,4845.84,3310,35
2026.04.17 20:15:00,4845.84,4851.87,4844.52,4845.73,2691,42
2026.04.17 20:30:00,4845.74,4846.92,4833.93,4835.62,3120,35
2026.04.17 20:45:00,4835.64,4837.38,4830.21,4831.75,2937,35
2026.04.19 22:00:00,4765.68,4794.92,4757.94,4790.25,5511,35
2026.04.19 22:15:00,4790.25,4795.07,4783.93,4785.28,4048,35
2026.04.19 22:30:00,4785.32,4790.85,4779.38,4780.55,3974,42
2026.04.19 22:45:00,4780.56,4786.79,4777.79,4779.22,3297,42
2026.04.19 23:00:00,4779.25,4779.36,4771.93,4772.43,3947,42
2026.04.19 23:15:00,4772.45,4775.77,4768.01,4768.94,3514,42
2026.04.19 23:30:00,4768.97,4773.3,4743.82,4751.48,4676,35
2026.04.19 23:45:00,4751.74,4755.47,4736.97,4755.13,5060,35
2026.04.20 00:00:00,4755.16,4755.21,4745.18,4752.18,5395,37
2026.04.20 00:15:00,4752.18,4765.77,4751.82,4765.2,4496,35
2026.04.20 00:30:00,4765.23,4768.21,4760.96,4764.19,3971,42
2026.04.20 00:45:00,4764.2,4774.31,4759.53,4772.32,4141,42
2026.04.20 01:00:00,4772.34,4794.25,4771.08,4793.59,6261,35
2026.04.20 01:15:00,4793.58,4803.74,4788.58,4802.73,5089,42
2026.04.20 01:30:00,4802.78,4812.04,4801.36,4806.71,5121,35
2026.04.20 01:45:00,4806.52,4814.29,4805.83,4807.56,4256,35
2026.04.20 02:00:00,4807.55,4809.11,4800.63,4800.88,4521,41
2026.04.20 02:15:00,4800.88,4803.96,4798.47,4800.29,3270,41
2026.04.20 02:30:00,4800.29,4801.87,4794.59,4796.13,4169,42
2026.04.20 02:45:00,4796.16,4797.61,4793.05,4797.25,3842,42
2026.04.20 03:00:00,4797.17,4798.28,4790.36,4791.54,4189,42
2026.04.20 03:15:00,4791.57,4795.84,4788.88,4795.06,3516,37
2026.04.20 03:30:00,4795.1,4796.63,4789.93,4793.41,2687,42
2026.04.20 03:45:00,4793.37,4794.66,4789.01,4791.09,2352,42
2026.04.20 04:00:00,4791.12,4795.85,4790.9,4792.68,2477,41
2026.04.20 04:15:00,4792.39,4795.52,4791.56,4794.53,2151,42
2026.04.20 04:30:00,4794.62,4794.65,4787.09,4787.43,2696,42
2026.04.20 04:45:00,4787.43,4793.11,4787.43,4788.83,2742,42
2026.04.20 05:00:00,4788.72,4792.83,4784.31,4786.39,3359,42
2026.04.20 05:15:00,4786.38,4789.43,4785.21,4787.86,2975,42
2026.04.20 05:30:00,4787.77,4796.03,4779.29,4780.65,5343,35
2026.04.20 05:45:00,4780.67,4792.99,4780.66,4790.71,5084,41
2026.04.20 06:00:00,4790.6,4793.71,4785.51,4790.24,4961,42
2026.04.20 06:15:00,4790.24,4790.37,4783.72,4786.0,4270,41
2026.04.20 06:30:00,4786.0,4791.63,4785.46,4790.05,3978,38
2026.04.20 06:45:00,4790.04,4795.35,4785.2,4795.32,4400,35
2026.04.20 07:00:00,4795.31,4801.46,4793.84,4797.38,4651,35
2026.04.20 07:15:00,4797.38,4805.72,4794.12,4797.77,4816,35
2026.04.20 07:30:00,4797.77,4798.63,4790.13,4797.47,4493,35
2026.04.20 07:45:00,4797.45,4797.47,4786.82,4789.69,4406,35
2026.04.20 08:00:00,4789.68,4791.72,4785.86,4788.97,4480,35
2026.04.20 08:15:00,4788.97,4792.45,4786.37,4791.93,3800,35
2026.04.20 08:30:00,4791.93,4792.51,4788.52,4792.27,3331,35
2026.04.20 08:45:00,4792.26,4796.16,4792.21,4796.13,3570,35
2026.04.20 09:00:00,4796.05,4797.77,4793.4,4795.75,3792,35
2026.04.20 09:15:00,4795.75,4795.78,4791.68,4792.26,3239,35
2026.04.20 09:30:00,4792.32,4794.17,4783.51,4791.78,4136,35
2026.04.20 09:45:00,4791.76,4797.0,4789.1,4791.61,3917,35
2026.04.20 10:00:00,4791.59,4799.23,4789.87,4795.75,4047,35
2026.04.20 10:15:00,4795.92,4800.89,4795.09,4798.11,3395,35
2026.04.20 10:30:00,4798.13,4799.87,4794.76,4794.93,2859,35
2026.04.20 10:45:00,4794.94,4797.11,4794.36,4795.78,3210,35
2026.04.20 11:00:00,4795.76,4796.22,4786.97,4789.58,4325,35
2026.04.20 11:15:00,4789.52,4790.9,4786.38,4788.52,3702,35
2026.04.20 11:30:00,4788.48,4794.54,4787.67,4794.54,3703,35
2026.04.20 11:45:00,4794.74,4810.88,4794.6,4810.48,4968,35
2026.04.20 12:00:00,4810.51,4813.04,4803.14,4810.99,5109,35
2026.04.20 12:15:00,4811.18,4822.03,4804.03,4805.76,5762,35
2026.04.20 12:30:00,4805.76,4809.5,4798.94,4805.89,4576,35
2026.04.20 12:45:00,4805.89,4808.38,4800.99,4803.33,4063,35
2026.04.20 13:00:00,4803.32,4816.79,4799.51,4815.4,5877,35
2026.04.20 13:15:00,4815.4,4825.51,4812.01,4824.23,5258,35
2026.04.20 13:30:00,4824.36,4826.26,4815.97,4822.39,6773,35
2026.04.20 13:45:00,4822.41,4824.49,4816.84,4817.77,6048,35
2026.04.20 14:00:00,4817.77,4818.54,4806.8,4816.03,6433,35
2026.04.20 14:15:00,4815.96,4826.79,4814.38,4823.33,6187,35
2026.04.20 14:30:00,4823.43,4827.76,4810.31,4814.12,6095,35
2026.04.20 14:45:00,4814.14,4814.86,4793.14,4805.16,5591,35
2026.04.20 15:00:00,4805.09,4807.4,4792.76,4798.08,6458,35
2026.04.20 15:15:00,4798.08,4809.34,4794.06,4808.07,6018,35
2026.04.20 15:30:00,4807.95,4809.23,4799.45,4800.25,5412,35
2026.04.20 15:45:00,4800.13,4801.63,4795.15,4799.63,4887,35
2026.04.20 16:00:00,4799.63,4801.61,4794.16,4798.4,5324,35
2026.04.20 16:15:00,4798.43,4801.83,4792.67,4801.09,4338,35
2026.04.20 16:30:00,4801.23,4804.25,4798.79,4801.88,4298,35
2026.04.20 16:45:00,4801.83,4806.5,4801.57,4805.44,3815,35
2026.04.20 17:00:00,4805.59,4810.38,4803.6,4808.67,4114,35
2026.04.20 17:15:00,4808.77,4811.11,4806.15,4809.76,3700,42
2026.04.20 17:30:00,4809.77,4812.16,4804.99,4809.34,4236,42
2026.04.20 17:45:00,4809.3,4809.68,4805.55,4806.66,2991,39
2026.04.20 18:00:00,4806.66,4816.01,4806.66,4815.7,4067,42
2026.04.20 18:15:00,4815.7,4815.7,4811.78,4813.33,3825,42
2026.04.20 18:30:00,4813.31,4815.46,4810.92,4814.45,3316,42
2026.04.20 18:45:00,4814.44,4816.63,4812.96,4813.97,3005,35
2026.04.20 19:00:00,4813.96,4821.33,4813.82,4820.44,2990,42
2026.04.20 19:15:00,4820.44,4820.59,4816.05,4816.82,2614,35
2026.04.20 19:30:00,4816.82,4817.15,4810.31,4811.42,3175,35
2026.04.20 19:45:00,4811.46,4814.26,4810.93,4814.17,3177,42
2026.04.20 20:00:00,4814.16,4816.75,4812.72,4813.26,1758,41
2026.04.20 20:15:00,4813.5,4816.94,4812.06,4815.8,1269,41
2026.04.20 20:30:00,4815.76,4817.33,4812.84,4816.61,1886,41
2026.04.20 20:45:00,4816.46,4821.81,4816.24,4820.62,1782,42
2026.04.20 22:00:00,4824.39,4832.26,4820.89,4828.97,3513,35
2026.04.20 22:15:00,4828.97,4832.98,4828.45,4828.81,2332,42
2026.04.20 22:30:00,4828.82,4830.91,4825.14,4830.56,2386,42
2026.04.20 22:45:00,4830.51,4831.68,4825.19,4827.55,2211,35
2026.04.20 23:00:00,4827.51,4831.48,4823.74,4825.5,2550,35
2026.04.20 23:15:00,4825.5,4826.69,4823.49,4825.48,1849,42
2026.04.20 23:30:00,4825.46,4825.46,4822.62,4823.88,1954,35
2026.04.20 23:45:00,4823.87,4824.6,4819.49,4821.66,2121,42
2026.04.21 00:00:00,4822.16,4830.5,4820.18,4828.47,3463,42
2026.04.21 00:15:00,4828.15,4829.1,4819.15,4819.75,3275,42
2026.04.21 00:30:00,4819.81,4824.69,4816.81,4822.52,3354,35
2026.04.21 00:45:00,4822.54,4826.14,4821.41,4823.87,3581,42
2026.04.21 01:00:00,4823.83,4824.38,4813.01,4814.69,4657,35
2026.04.21 01:15:00,4814.74,4818.52,4814.4,4818.41,3695,35
2026.04.21 01:30:00,4818.42,4818.93,4809.23,4813.23,4037,42
2026.04.21 01:45:00,4813.23,4814.05,4806.14,4810.06,3780,35
2026.04.21 02:00:00,4810.05,4810.3,4805.85,4807.32,3464,35
2026.04.21 02:15:00,4807.32,4808.55,4803.46,4807.48,2618,35
2026.04.21 02:30:00,4807.51,4807.62,4802.34,4806.4,3679,42
2026.04.21 02:45:00,4806.39,4808.09,4802.32,4806.75,3270,42
2026.04.21 03:00:00,4806.79,4807.65,4800.33,4800.47,3773,35
2026.04.21 03:15:00,4800.52,4802.21,4793.74,4798.65,3826,35
2026.04.21 03:30:00,4798.69,4799.86,4792.69,4794.84,2952,35
2026.04.21 03:45:00,4794.85,4797.6,4793.69,4796.92,2266,35
2026.04.21 04:00:00,4796.92,4797.75,4793.52,4793.98,2282,39
2026.04.21 04:15:00,4794.01,4796.54,4791.06,4792.08,2803,41
2026.04.21 04:30:00,4792.08,4794.16,4789.17,4791.5,2394,35
2026.04.21 04:45:00,4791.51,4793.34,4787.81,4789.01,2375,42
2026.04.21 05:00:00,4789.17,4793.01,4785.74,4789.44,3281,38
2026.04.21 05:15:00,4789.47,4791.28,4785.88,4787.43,2606,42
2026.04.21 05:30:00,4787.42,4796.9,4786.65,4796.3,4128,41
2026.04.21 05:45:00,4796.29,4796.56,4783.02,4784.1,4481,35
2026.04.21 06:00:00,4784.1,4790.49,4775.5,4784.91,5141,35
2026.04.21 06:15:00,4784.91,4785.79,4775.25,4778.67,4565,35
2026.04.21 06:30:00,4779.1,4782.19,4775.9,4780.29,3907,35
2026.04.21 06:45:00,4780.31,4783.16,4774.37,4778.69,4005,35
2026.04.21 07:00:00,4778.06,4785.62,4772.63,4782.74,4443,35
2026.04.21 07:15:00,4782.97,4787.54,4780.4,4783.3,3787,35
2026.04.21 07:30:00,4783.3,4787.22,4780.85,4786.66,3297,35
2026.04.21 07:45:00,4786.46,4792.55,4784.5,4786.09,4203,35
2026.04.21 08:00:00,4786.13,4787.46,4774.7,4775.86,4672,35
2026.04.21 08:15:00,4775.85,4789.05,4775.14,4787.28,4278,35
2026.04.21 08:30:00,4787.26,4792.51,4784.75,4791.55,3763,35
2026.04.21 08:45:00,4791.55,4792.84,4785.54,4785.54,3271,35
2026.04.21 09:00:00,4785.88,4786.9,4781.52,4784.26,3758,35
2026.04.21 09:15:00,4784.26,4787.79,4781.15,4782.23,3351,35
2026.04.21 09:30:00,4782.23,4787.44,4782.0,4787.14,3550,35
2026.04.21 09:45:00,4787.14,4789.39,4783.06,4783.63,3800,35
2026.04.21 10:00:00,4783.73,4785.9,4781.95,4782.9,3097,35
2026.04.21 10:15:00,4782.97,4784.87,4780.8,4782.89,2863,35
2026.04.21 10:30:00,4782.89,4787.88,4782.62,4786.17,2859,35
2026.04.21 10:45:00,4786.17,4790.33,4786.04,4789.58,2906,35
2026.04.21 11:00:00,4789.57,4790.07,4775.27,4781.75,4083,35
2026.04.21 11:15:00,4781.75,4784.31,4779.25,4783.64,3552,35
2026.04.21 11:30:00,4783.61,4794.89,4783.19,4793.04,3854,35
2026.04.21 11:45:00,4793.05,4797.76,4791.57,4794.56,3840,35
2026.04.21 12:00:00,4794.59,4796.92,4790.94,4791.13,4290,35
2026.04.21 12:15:00,4791.05,4791.65,4779.2,4780.78,5115,35
2026.04.21 12:30:00,4780.9,4790.52,4766.46,4779.03,6060,35
2026.04.21 12:45:00,4778.82,4782.9,4776.39,4778.61,5077,35
2026.04.21 13:00:00,4778.6,4783.67,4764.61,4765.27,6305,35
2026.04.21 13:15:00,4765.17,4775.28,4760.8,4774.86,5742,35
2026.04.21 13:30:00,4774.8,4792.35,4770.05,4788.92,6873,35
2026.04.21 13:45:00,4788.95,4794.12,4777.25,4779.28,5811,35
2026.04.21 14:00:00,4779.26,4782.39,4772.96,4778.43,5837,35
2026.04.21 14:15:00,4778.43,4780.52,4769.95,4774.03,5687,35
2026.04.21 14:30:00,4774.02,4775.16,4743.7,4744.71,6717,35
2026.04.21 14:45:00,4745.01,4745.69,4723.62,4738.87,7520,35
2026.04.21 15:00:00,4738.87,4750.56,4727.76,4748.2,7194,35
2026.04.21 15:15:00,4748.16,4757.61,4741.87,4742.79,6787,35
2026.04.21 15:30:00,4742.88,4747.73,4736.49,4745.76,6229,35
2026.04.21 15:45:00,4745.63,4750.22,4738.76,4741.52,5687,35
2026.04.21 16:00:00,4741.64,4746.52,4726.69,4730.3,5511,35
2026.04.21 16:15:00,4730.3,4733.99,4719.51,4720.79,5251,35
2026.04.21 16:30:00,4720.57,4727.39,4719.66,4721.05,5431,35
2026.04.21 16:45:00,4721.05,4722.71,4708.12,4710.96,5573,35
2026.04.21 17:00:00,4710.99,4718.04,4700.85,4706.07,6093,35
2026.04.21 17:15:00,4706.14,4708.23,4697.56,4699.73,5881,39
2026.04.21 17:30:00,4699.55,4721.95,4696.9,4717.79,5770,35
2026.04.21 17:45:00,4717.76,4718.54,4705.73,4710.54,5112,35
2026.04.21 18:00:00,4710.54,4714.41,4703.47,4704.41,4839,35
2026.04.21 18:15:00,4704.37,4704.72,4692.28,4696.17,5242,38
2026.04.21 18:30:00,4696.24,4703.27,4696.24,4702.61,4311,42
2026.04.21 18:45:00,4702.53,4713.4,4698.56,4709.08,4664,41
2026.04.21 19:00:00,4709.09,4712.66,4704.4,4707.14,5125,39
2026.04.21 19:15:00,4707.3,4714.99,4704.95,4713.77,4860,42
2026.04.21 19:30:00,4713.77,4714.64,4668.52,4671.52,5523,35
2026.04.21 19:45:00,4671.83,4685.52,4670.99,4679.34,6613,35
2026.04.21 20:00:00,4679.16,4702.04,4668.78,4696.86,4889,35
2026.04.21 20:15:00,4697.44,4711.02,4694.55,4705.64,5121,35
2026.04.21 20:30:00,4705.64,4713.64,4705.15,4711.28,3203,35
2026.04.21 20:45:00,4711.26,4720.07,4709.29,4720.06,2766,42
2026.04.21 22:00:00,4720.49,4729.39,4718.25,4721.62,3060,35
2026.04.21 22:15:00,4721.63,4721.69,4716.36,4719.0,2130,38
2026.04.21 22:30:00,4718.96,4719.62,4716.09,4716.83,1939,42
2026.04.21 22:45:00,4716.78,4720.03,4715.48,4719.53,1901,35
2026.04.21 23:00:00,4719.4,4729.68,4718.03,4727.24,2490,35
2026.04.21 23:15:00,4727.22,4733.11,4726.23,4729.89,2499,35
2026.04.21 23:30:00,4729.9,4733.72,4728.8,4731.65,2270,42
2026.04.21 23:45:00,4731.58,4740.42,4731.38,4738.06,2940,38
2026.04.22 00:00:00,4738.07,4747.18,4738.07,4742.79,3721,35
2026.04.22 00:15:00,4742.83,4745.66,4740.68,4742.39,3258,39
2026.04.22 00:30:00,4742.38,4747.04,4741.17,4742.16,2872,35
2026.04.22 00:45:00,4742.2,4746.68,4738.38,4739.63,3307,42
2026.04.22 01:00:00,4739.55,4745.19,4735.84,4738.3,4443,35
2026.04.22 01:15:00,4738.26,4749.04,4737.74,4746.24,3658,41
2026.04.22 01:30:00,4746.24,4753.74,4746.17,4749.34,4109,35
2026.04.22 01:45:00,4749.35,4754.55,4747.78,4752.12,3669,42
2026.04.22 02:00:00,4752.13,4756.35,4749.96,4755.61,3427,35
2026.04.22 02:15:00,4755.59,4758.06,4753.51,4755.57,2287,35
2026.04.22 02:30:00,4755.54,4758.84,4751.12,4751.36,3195,35
2026.04.22 02:45:00,4751.37,4757.15,4751.0,4755.63,2861,42
2026.04.22 03:00:00,4755.62,4760.75,4753.04,4757.46,3236,35
2026.04.22 03:15:00,4757.45,4763.48,4756.66,4763.04,2778,42
2026.04.22 03:30:00,4763.05,4764.9,4756.91,4759.21,2590,35
2026.04.22 03:45:00,4759.17,4760.7,4757.23,4758.21,2165,42
2026.04.22 04:00:00,4758.26,4759.58,4756.8,4757.61,1961,42
2026.04.22 04:15:00,4757.61,4758.0,4754.36,4755.89,2227,35
2026.04.22 04:30:00,4755.86,4757.24,4752.74,4756.37,2052,42
2026.04.22 04:45:00,4756.38,4759.46,4752.14,4754.49,2849,42
2026.04.22 05:00:00,4754.51,4757.09,4752.04,4756.84,2300,35
2026.04.22 05:15:00,4756.85,4771.48,4756.18,4766.02,4268,35
2026.04.22 05:30:00,4766.05,4769.21,4763.7,4767.1,3981,35
2026.04.22 05:45:00,4767.09,4771.82,4764.22,4767.37,3709,35
2026.04.22 06:00:00,4767.39,4767.52,4758.76,4762.62,3801,35
2026.04.22 06:15:00,4762.57,4767.12,4760.38,4766.85,3181,39
2026.04.22 06:30:00,4766.56,4767.88,4763.72,4763.72,3092,35
2026.04.22 06:45:00,4763.72,4767.75,4763.18,4767.57,3078,42
2026.04.22 07:00:00,4767.59,4772.35,4765.22,4765.58,3970,35
2026.04.22 07:15:00,4765.61,4767.85,4762.49,4765.83,3736,35
2026.04.22 07:30:00,4765.85,4766.61,4761.98,4763.75,3289,35
2026.04.22 07:45:00,4763.75,4764.42,4759.45,4760.51,3537,35
2026.04.22 08:00:00,4760.57,4762.21,4757.75,4758.05,3701,35
2026.04.22 08:15:00,4758.06,4759.87,4754.16,4754.27,3889,35
2026.04.22 08:30:00,4754.31,4756.94,4751.79,4756.15,3693,35
2026.04.22 08:45:00,4756.05,4758.21,4753.51,4756.99,3139,35
2026.04.22 09:00:00,4757.0,4761.71,4756.58,4760.77,3613,35
2026.04.22 09:15:00,4760.73,4761.99,4756.29,4756.33,3262,35
2026.04.22 09:30:00,4756.32,4762.49,4755.07,4758.36,3292,35
2026.04.22 09:45:00,4758.35,4759.06,4752.49,4755.09,3408,35
2026.04.22 10:00:00,4755.09,4757.37,4745.91,4748.42,4277,35
2026.04.22 10:15:00,4748.25,4755.98,4748.25,4754.59,3710,35
2026.04.22 10:30:00,4754.6,4759.36,4753.59,4756.35,3386,35
2026.04.22 10:45:00,4756.35,4759.9,4754.94,4759.22,2856,35
2026.04.22 11:00:00,4759.22,4760.28,4756.36,4757.14,3301,35
2026.04.22 11:15:00,4757.1,4761.04,4756.3,4757.23,3177,35
2026.04.22 11:30:00,4757.23,4759.9,4748.45,4748.71,3578,35
2026.04.22 11:45:00,4748.7,4753.24,4747.81,4750.28,3748,35
2026.04.22 12:00:00,4750.43,4757.58,4749.5,4752.15,3900,35
2026.04.22 12:15:00,4752.12,4759.57,4747.16,4753.13,4180,35
2026.04.22 12:30:00,4753.13,4754.29,4745.6,4746.75,4508,35
2026.04.22 12:45:00,4746.75,4748.3,4742.68,4744.16,4269,35
2026.04.22 13:00:00,4744.29,4750.24,4739.06,4742.25,5112,35
2026.04.22 13:15:00,4742.26,4749.75,4736.31,4749.68,5260,35
2026.04.22 13:30:00,4750.2,4756.51,4742.1,4755.21,6131,35
2026.04.22 13:45:00,4755.39,4760.68,4750.89,4752.9,5599,35
2026.04.22 14:00:00,4752.48,4757.47,4742.39,4745.32,5707,35
2026.04.22 14:15:00,4745.48,4750.42,4742.88,4743.92,5534,35
2026.04.22 14:30:00,4743.88,4744.74,4729.76,4733.11,5975,35
2026.04.22 14:45:00,4732.95,4739.48,4732.39,4735.97,5259,35
2026.04.22 15:00:00,4735.95,4739.88,4734.2,4737.57,5333,35
2026.04.22 15:15:00,4737.58,4737.58,4729.7,4735.26,5231,35
2026.04.22 15:30:00,4735.31,4735.44,4726.04,4727.14,5029,35
2026.04.22 15:45:00,4727.05,4731.41,4724.77,4727.55,4423,35
2026.04.22 16:00:00,4727.88,4734.63,4725.82,4730.08,4480,35
2026.04.22 16:15:00,4730.11,4730.26,4724.15,4726.91,4128,35
2026.04.22 16:30:00,4726.93,4732.12,4723.86,4728.07,4154,35
2026.04.22 16:45:00,4727.94,4730.8,4726.19,4728.66,4067,35
2026.04.22 17:00:00,4728.66,4739.19,4728.45,4735.29,4596,35
2026.04.22 17:15:00,4735.32,4737.46,4732.73,4734.97,3679,42
2026.04.22 17:30:00,4734.96,4738.01,4734.17,4736.05,3240,35
2026.04.22 17:45:00,4736.37,4738.16,4733.22,4737.11,3785,35
2026.04.22 18:00:00,4737.18,4738.6,4734.73,4735.45,3228,42
2026.04.22 18:15:00,4735.39,4735.82,4729.72,4730.25,3979,37
2026.04.22 18:30:00,4730.09,4739.85,4729.99,4739.52,3285,35
2026.04.22 18:45:00,4739.52,4749.47,4738.44,4741.59,4036,35
2026.04.22 19:00:00,4741.65,4743.48,4736.68,4738.48,4043,35
2026.04.22 19:15:00,4738.49,4745.2,4737.99,4744.27,3252,41
2026.04.22 19:30:00,4744.48,4744.57,4738.37,4739.14,3066,42
2026.04.22 19:45:00,4739.13,4741.73,4736.75,4740.0,3870,42
2026.04.22 20:00:00,4740.1,4740.29,4734.6,4735.9,2536,42
2026.04.22 20:15:00,4735.85,4737.6,4734.47,4736.71,1894,42
2026.04.22 20:30:00,4736.69,4739.31,4736.16,4737.34,1692,35
2026.04.22 20:45:00,4737.31,4740.72,4737.03,4739.84,1312,42
2026.04.22 22:00:00,4745.3,4745.68,4735.96,4736.28,2182,35
2026.04.22 22:15:00,4736.24,4738.19,4732.43,4732.86,2165,35
2026.04.22 22:30:00,4732.99,4735.09,4729.52,4729.61,2093,42
2026.04.22 22:45:00,4729.58,4731.79,4725.61,4725.91,2327,35
2026.04.22 23:00:00,4725.97,4728.14,4723.11,4725.89,2567,41
2026.04.22 23:15:00,4725.89,4729.92,4725.25,4728.26,1939,41
2026.04.22 23:30:00,4728.25,4728.28,4723.64,4724.34,1742,35
2026.04.22 23:45:00,4724.34,4729.15,4724.28,4727.78,2274,42
2026.04.23 00:00:00,4727.79,4728.1,4698.56,4699.14,5221,35
2026.04.23 00:15:00,4699.15,4742.41,4693.96,4741.41,6349,35
2026.04.23 00:30:00,4741.46,4751.94,4741.08,4744.61,5464,35
2026.04.23 00:45:00,4744.62,4753.8,4743.39,4747.98,4754,42
2026.04.23 01:00:00,4747.62,4749.82,4735.98,4736.84,5395,35
2026.04.23 01:15:00,4736.81,4738.54,4727.06,4728.16,5039,35
2026.04.23 01:30:00,4728.26,4735.5,4725.78,4733.7,4763,35
2026.04.23 01:45:00,4733.71,4736.77,4722.36,4723.17,5096,35
2026.04.23 02:00:00,4723.18,4724.59,4706.01,4707.25,5738,40
2026.04.23 02:15:00,4707.15,4717.94,4704.79,4713.72,5116,42
2026.04.23 02:30:00,4713.74,4715.71,4700.43,4701.19,5686,35
2026.04.23 02:45:00,4701.18,4707.23,4698.22,4698.86,5300,42
2026.04.23 03:00:00,4698.87,4708.61,4698.13,4701.9,5285,42
2026.04.23 03:15:00,4701.91,4705.82,4697.84,4703.15,4818,41
2026.04.23 03:30:00,4703.11,4706.9,4700.98,4704.77,3784,42
2026.04.23 03:45:00,4704.78,4707.38,4702.53,4703.85,3207,42
2026.04.23 04:00:00,4703.85,4706.26,4700.72,4706.12,3077,42
2026.04.23 04:15:00,4706.13,4707.05,4702.74,4705.42,2960,42
2026.04.23 04:30:00,4705.45,4706.89,4701.49,4701.64,2544,35
2026.04.23 04:45:00,4701.63,4704.47,4698.65,4704.1,3020,42
2026.04.23 05:00:00,4704.1,4710.16,4703.25,4707.74,3313,42
2026.04.23 05:15:00,4707.75,4709.29,4704.61,4705.8,3529,36
2026.04.23 05:30:00,4705.82,4707.01,4691.81,4701.48,4916,42
2026.04.23 05:45:00,4701.44,4715.0,4701.32,4713.61,4796,42
2026.04.23 06:00:00,4713.64,4718.07,4710.56,4711.88,4698,35
2026.04.23 06:15:00,4711.88,4714.28,4708.56,4712.12,4009,35
2026.04.23 06:30:00,4711.92,4717.05,4709.17,4714.96,3868,37
2026.04.23 06:45:00,4714.99,4721.07,4712.04,4712.98,4720,35
2026.04.23 07:00:00,4712.85,4716.42,4707.54,4712.24,5055,35
2026.04.23 07:15:00,4712.39,4713.71,4703.1,4706.05,5051,35
2026.04.23 07:30:00,4706.04,4713.74,4703.51,4713.66,4103,35
2026.04.23 07:45:00,4713.65,4720.49,4713.24,4718.85,4427,35
2026.04.23 08:00:00,4718.59,4724.78,4717.44,4718.07,4233,35
2026.04.23 08:15:00,4718.36,4721.76,4714.92,4715.48,3859,35
2026.04.23 08:30:00,4715.49,4716.14,4703.29,4703.81,4785,35
2026.04.23 08:45:00,4703.81,4707.39,4701.76,4703.28,3997,35
2026.04.23 09:00:00,4703.25,4703.64,4694.58,4696.96,5060,35
2026.04.23 09:15:00,4696.92,4702.94,4695.36,4700.79,4356,35
2026.04.23 09:30:00,4700.63,4703.2,4698.73,4700.79,4113,35
2026.04.23 09:45:00,4700.77,4701.98,4694.68,4697.44,3912,35
2026.04.23 10:00:00,4697.46,4701.49,4684.92,4688.91,4667,35
2026.04.23 10:15:00,4688.84,4692.72,4684.41,4686.55,4698,35
2026.04.23 10:30:00,4686.56,4696.7,4684.09,4690.65,4680,35
2026.04.23 10:45:00,4690.64,4697.15,4689.39,4696.41,4155,35
2026.04.23 11:00:00,4696.44,4700.13,4695.48,4697.79,4469,35
2026.04.23 11:15:00,4697.66,4703.33,4696.25,4699.25,3813,35
2026.04.23 11:30:00,4699.25,4705.86,4696.58,4705.41,4603,35
2026.04.23 11:45:00,4705.4,4720.87,4704.34,4720.49,5507,35
2026.04.23 12:00:00,4720.53,4737.88,4719.72,4729.09,6280,35
2026.04.23 12:15:00,4728.27,4734.83,4725.98,4733.34,5168,35
2026.04.23 12:30:00,4733.08,4742.65,4733.08,4739.38,5404,35
2026.04.23 12:45:00,4739.57,4742.88,4731.53,4739.98,5650,35
2026.04.23 13:00:00,4739.99,4740.7,4724.45,4725.99,5435,35
2026.04.23 13:15:00,4726.07,4730.56,4725.46,4727.16,4999,35
2026.04.23 13:30:00,4726.6,4735.51,4724.5,4734.41,6308,35
2026.04.23 13:45:00,4734.39,4741.09,4724.32,4724.42,6405,35
2026.04.23 14:00:00,4724.49,4728.56,4717.17,4724.18,6878,35
2026.04.23 14:15:00,4724.15,4735.77,4723.58,4731.38,6111,35
2026.04.23 14:30:00,4731.31,4734.43,4725.96,4730.96,6176,35
2026.04.23 14:45:00,4730.95,4736.58,4727.95,4733.54,5742,35
2026.04.23 15:00:00,4733.52,4734.75,4726.66,4730.65,5327,35
2026.04.23 15:15:00,4730.67,4741.26,4729.76,4733.6,5583,35
2026.04.23 15:30:00,4733.55,4734.81,4728.16,4728.24,4731,35
2026.04.23 15:45:00,4728.21,4728.66,4716.64,4720.29,6021,35
2026.04.23 16:00:00,4720.31,4722.5,4715.54,4719.26,5275,35
2026.04.23 16:15:00,4718.84,4724.92,4718.84,4723.13,4471,35
2026.04.23 16:30:00,4723.16,4734.53,4722.57,4734.0,4232,35
2026.04.23 16:45:00,4733.93,4737.04,4730.7,4732.93,4548,35
2026.04.23 17:00:00,4732.99,4734.46,4706.04,4715.75,6869,35
2026.04.23 17:15:00,4715.72,4717.84,4704.45,4706.37,7162,35
2026.04.23 17:30:00,4706.28,4713.76,4673.35,4677.32,6955,35
2026.04.23 17:45:00,4677.62,4710.77,4664.05,4709.08,7238,35
2026.04.23 18:00:00,4709.52,4721.26,4707.67,4713.9,6587,35
2026.04.23 18:15:00,4713.89,4716.66,4711.01,4716.5,5803,42
2026.04.23 18:30:00,4716.43,4720.34,4707.28,4711.22,5549,42
2026.04.23 18:45:00,4711.23,4712.18,4699.31,4700.98,5335,35
2026.04.23 19:00:00,4700.99,4704.28,4692.77,4696.1,5784,42
2026.04.23 19:15:00,4696.1,4702.51,4695.27,4700.1,4707,42
2026.04.23 19:30:00,4700.18,4701.13,4689.55,4692.26,5123,42
2026.04.23 19:45:00,4692.34,4699.99,4692.06,4696.02,4990,35
2026.04.23 20:00:00,4695.92,4698.07,4690.38,4690.54,3305,35
2026.04.23 20:15:00,4690.38,4692.51,4686.26,4689.17,2711,42
2026.04.23 20:30:00,4689.22,4691.44,4688.04,4691.12,1670,42
2026.04.23 20:45:00,4691.15,4694.41,4688.24,4694.41,1909,35
2026.04.23 22:00:00,4699.96,4699.96,4694.78,4697.07,2120,35
2026.04.23 22:15:00,4697.06,4697.1,4691.82,4692.52,1836,42
2026.04.23 22:30:00,4692.52,4696.66,4690.66,4693.43,2234,42
2026.04.23 22:45:00,4693.42,4694.41,4689.91,4693.15,2101,35
2026.04.23 23:00:00,4693.1,4695.44,4689.54,4689.57,2401,41
2026.04.23 23:15:00,4689.48,4694.5,4686.72,4694.38,2815,35
2026.04.23 23:30:00,4694.68,4700.7,4693.49,4697.37,2679,41
2026.04.23 23:45:00,4697.36,4699.48,4692.18,4695.25,3290,42
2026.04.24 00:00:00,4695.68,4700.07,4690.89,4697.94,4815,35
2026.04.24 00:15:00,4697.94,4705.42,4696.27,4705.33,4121,35
2026.04.24 00:30:00,4705.35,4707.7,4701.16,4701.28,3969,35
2026.04.24 00:45:00,4701.21,4705.92,4697.23,4704.47,4142,35
2026.04.24 01:00:00,4704.46,4709.93,4695.78,4709.25,5323,35
2026.04.24 01:15:00,4709.25,4710.95,4698.31,4698.36,4272,36
2026.04.24 01:30:00,4698.33,4702.18,4690.36,4690.89,5040,42
2026.04.24 01:45:00,4690.67,4700.61,4690.23,4699.3,4746,41
2026.04.24 02:00:00,4699.25,4700.34,4689.91,4692.96,4779,35
2026.04.24 02:15:00,4693.21,4696.02,4681.9,4683.55,4263,35
2026.04.24 02:30:00,4683.89,4690.79,4679.95,4683.32,4680,42
2026.04.24 02:45:00,4683.32,4683.95,4672.84,4676.62,4757,35
2026.04.24 03:00:00,4676.62,4678.22,4668.66,4670.16,4697,42
2026.04.24 03:15:00,4670.36,4677.95,4670.01,4674.36,4154,41
2026.04.24 03:30:00,4674.32,4678.04,4672.53,4675.14,3408,42
2026.04.24 03:45:00,4675.11,4676.73,4671.38,4672.12,2901,42
2026.04.24 04:00:00,4671.93,4674.44,4667.16,4669.82,3523,41
2026.04.24 04:15:00,4669.87,4670.69,4658.66,4659.21,3978,35
2026.04.24 04:30:00,4659.21,4668.37,4657.62,4667.96,3696,35
2026.04.24 04:45:00,4667.96,4676.75,4667.93,4674.38,3309,35
2026.04.24 05:00:00,4674.38,4676.79,4669.58,4673.79,3369,42
2026.04.24 05:15:00,4673.78,4678.32,4671.91,4676.35,3635,35
2026.04.24 05:30:00,4676.32,4687.56,4676.32,4682.62,4720,41
2026.04.24 05:45:00,4682.64,4686.97,4680.08,4686.46,4476,41
2026.04.24 06:00:00,4686.46,4688.02,4680.67,4681.75,4433,42
2026.04.24 06:15:00,4681.76,4681.87,4670.03,4671.49,4378,42
2026.04.24 06:30:00,4671.48,4676.03,4669.93,4673.59,3955,42
2026.04.24 06:45:00,4673.59,4676.48,4666.39,4671.88,4251,42
2026.04.24 07:00:00,4671.85,4681.27,4670.95,4680.47,3637,35
2026.04.24 07:15:00,4680.47,4684.7,4678.25,4684.37,3662,35
2026.04.24 07:30:00,4684.22,4686.15,4682.22,4685.47,3606,35
2026.04.24 07:45:00,4685.45,4695.38,4684.51,4694.44,4268,35
2026.04.24 08:00:00,4694.37,4694.78,4686.45,4687.32,4448,35
2026.04.24 08:15:00,4687.51,4697.46,4686.74,4687.9,4650,35
2026.04.24 08:30:00,4687.83,4690.1,4685.02,4687.86,3873,35
2026.04.24 08:45:00,4687.83,4692.92,4687.53,4690.88,3551,35
2026.04.24 09:00:00,4690.9,4695.38,4689.65,4695.23,4109,35
2026.04.24 09:15:00,4695.18,4696.65,4682.25,4683.28,4502,35
2026.04.24 09:30:00,4683.18,4688.65,4679.38,4686.05,4305,35
2026.04.24 09:45:00,4686.11,4686.65,4679.29,4682.02,3756,35
2026.04.24 10:00:00,4682.02,4684.68,4680.73,4682.11,3460,35
2026.04.24 10:15:00,4682.11,4686.07,4680.1,4682.11,3515,35
2026.04.24 10:30:00,4682.1,4682.44,4674.64,4678.83,3983,35
2026.04.24 10:45:00,4678.81,4680.57,4676.59,4677.7,3104,35
2026.04.24 11:00:00,4677.66,4703.42,4677.66,4696.96,5594,35
2026.04.24 11:15:00,4696.95,4716.81,4692.4,4715.07,5949,35
2026.04.24 11:30:00,4715.03,4717.34,4704.99,4705.52,5223,35
2026.04.24 11:45:00,4705.45,4708.16,4702.95,4706.89,4539,35
2026.04.24 12:00:00,4706.89,4710.11,4703.2,4708.53,4858,35
2026.04.24 12:15:00,4708.51,4711.67,4701.62,4710.24,4732,35
2026.04.24 12:30:00,4710.04,4711.49,4698.72,4698.91,4890,35
2026.04.24 12:45:00,4698.93,4700.86,4690.45,4700.51,5508,35
2026.04.24 13:00:00,4701.31,4705.47,4695.9,4702.87,5998,35
2026.04.24 13:15:00,4702.9,4705.15,4693.49,4696.98,5296,35
2026.04.24 13:30:00,4696.94,4709.6,4689.82,4708.05,6630,35
2026.04.24 13:45:00,4708.3,4717.53,4704.69,4711.56,6313,35
2026.04.24 14:00:00,4711.55,4740.02,4706.74,4731.54,6876,35
2026.04.24 14:15:00,4731.23,4733.8,4721.44,4725.4,6685,35
2026.04.24 14:30:00,4725.48,4732.77,4723.53,4730.27,6307,35
2026.04.24 14:45:00,4730.41,4731.24,4723.93,4726.35,5509,35
2026.04.24 15:00:00,4726.42,4726.89,4718.72,4722.0,5655,35
2026.04.24 15:15:00,4721.99,4726.13,4718.34,4721.89,5235,35
2026.04.24 15:30:00,4721.98,4729.11,4715.23,4727.63,5459,35
2026.04.24 15:45:00,4727.56,4733.28,4724.05,4726.97,6733,35
2026.04.24 16:00:00,4726.56,4729.42,4720.11,4720.36,5631,35
2026.04.24 16:15:00,4720.34,4725.7,4718.97,4723.06,4682,35
2026.04.24 16:30:00,4723.06,4726.94,4719.13,4722.34,4806,35
2026.04.24 16:45:00,4722.36,4727.65,4720.24,4726.57,4536,35
2026.04.24 17:00:00,4726.59,4729.83,4725.55,4727.57,4980,35
2026.04.24 17:15:00,4727.51,4729.1,4722.2,4722.75,4565,42
2026.04.24 17:30:00,4722.52,4725.26,4718.77,4722.46,4585,42
2026.04.24 17:45:00,4722.46,4727.5,4720.43,4723.35,3541,42
2026.04.24 18:00:00,4723.39,4724.67,4719.83,4723.59,3862,42
2026.04.24 18:15:00,4723.55,4724.12,4716.86,4716.98,3821,42
2026.04.24 18:30:00,4716.99,4720.47,4716.7,4718.78,3372,42
2026.04.24 18:45:00,4718.76,4723.17,4717.61,4722.59,3529,42
2026.04.24 19:00:00,4722.57,4725.91,4720.71,4722.27,3794,39
2026.04.24 19:15:00,4722.15,4723.12,4717.23,4718.84,3514,42
2026.04.24 19:30:00,4718.79,4720.44,4715.82,4716.63,3693,42
2026.04.24 19:45:00,4716.39,4718.48,4713.62,4716.27,4179,35
2026.04.24 20:00:00,4716.09,4717.28,4705.28,4706.59,3114,42
2026.04.24 20:15:00,4706.57,4709.65,4705.01,4707.99,2322,42
2026.04.24 20:30:00,4707.99,4708.71,4705.04,4707.32,1864,42
2026.04.24 20:45:00,4707.32,4710.41,4706.58,4710.28,1913,42
2026.04.26 22:00:00,4691.5,4700.14,4679.92,4685.22,4296,42
2026.04.26 22:15:00,4685.66,4688.49,4682.97,4686.72,3051,40
2026.04.26 22:30:00,4686.4,4686.74,4682.1,4684.58,2558,35
2026.04.26 22:45:00,4684.58,4685.95,4681.92,4684.6,2102,35
2026.04.26 23:00:00,4684.56,4684.84,4677.49,4683.63,3066,42
2026.04.26 23:15:00,4683.62,4684.48,4677.15,4677.33,2318,42
2026.04.26 23:30:00,4677.3,4679.92,4674.76,4676.76,2930,36
2026.04.26 23:45:00,4676.75,4682.14,4676.66,4680.15,2869,42
2026.04.27 00:00:00,4680.14,4681.07,4672.06,4679.73,4316,42
2026.04.27 00:15:00,4679.74,4682.11,4677.62,4680.72,3588,35
2026.04.27 00:30:00,4680.69,4681.45,4676.6,4680.37,2989,41
2026.04.27 00:45:00,4680.37,4698.06,4680.35,4697.58,3782,37
2026.04.27 01:00:00,4697.59,4709.51,4692.28,4692.84,6006,36
2026.04.27 01:15:00,4692.84,4698.5,4690.65,4697.94,4984,35
2026.04.27 01:30:00,4697.94,4700.72,4695.68,4697.82,4950,35
2026.04.27 01:45:00,4697.84,4706.38,4697.63,4702.6,4643,35
2026.04.27 02:00:00,4702.62,4706.66,4696.22,4699.5,4630,35
2026.04.27 02:15:00,4699.5,4708.0,4698.84,4705.64,3606,35
2026.04.27 02:30:00,4705.67,4714.57,4704.25,4713.43,4490,35
2026.04.27 02:45:00,4713.42,4723.32,4711.98,4718.18,4425,35
2026.04.27 03:00:00,4718.13,4722.27,4716.3,4717.8,3713,42
2026.04.27 03:15:00,4717.78,4718.49,4714.37,4715.6,3026,42
2026.04.27 03:30:00,4715.86,4729.31,4715.36,4728.29,3654,40
2026.04.27 03:45:00,4728.29,4728.43,4722.46,4724.06,3200,42
2026.04.27 04:00:00,4723.93,4727.92,4723.67,4727.4,2634,42
2026.04.27 04:15:00,4727.39,4727.78,4724.77,4726.85,2177,42
2026.04.27 04:30:00,4726.85,4730.08,4725.33,4726.18,2389,42
2026.04.27 04:45:00,4726.18,4726.56,4722.51,4724.84,2443,42
2026.04.27 05:00:00,4724.88,4725.34,4718.14,4718.25,2901,42
2026.04.27 05:15:00,4718.28,4719.79,4716.04,4718.03,2924,41
2026.04.27 05:30:00,4718.04,4718.26,4708.86,4711.45,4736,35
2026.04.27 05:45:00,4711.45,4713.49,4708.64,4710.08,3664,35
2026.04.27 06:00:00,4710.07,4715.48,4709.02,4714.35,4392,35
2026.04.27 06:15:00,4714.35,4715.52,4711.11,4714.28,3518,42
2026.04.27 06:30:00,4714.25,4714.38,4709.3,4710.55,3859,39
2026.04.27 06:45:00,4710.53,4715.6,4709.74,4712.78,3808,42
2026.04.27 07:00:00,4712.8,4718.16,4710.91,4717.06,4455,35
2026.04.27 07:15:00,4717.01,4718.22,4712.44,4715.88,3963,35
2026.04.27 07:30:00,4715.88,4717.32,4713.48,4714.84,3706,35
2026.04.27 07:45:00,4714.82,4716.85,4709.94,4713.24,3915,35
2026.04.27 08:00:00,4713.28,4714.2,4710.21,4710.84,4312,35
2026.04.27 08:15:00,4710.84,4714.05,4708.98,4710.34,4249,35
2026.04.27 08:30:00,4710.36,4711.84,4705.26,4711.81,4170,35
2026.04.27 08:45:00,4711.8,4714.72,4705.03,4706.63,4063,35
2026.04.27 09:00:00,4706.68,4708.22,4702.51,4705.06,3815,35
2026.04.27 09:15:00,4705.04,4706.64,4701.62,4702.24,3545,35
2026.04.27 09:30:00,4702.19,4705.3,4699.21,4704.55,3587,35
2026.04.27 09:45:00,4704.51,4704.53,4699.6,4703.46,3679,35
2026.04.27 10:00:00,4703.59,4706.86,4701.54,4701.95,3338,35
2026.04.27 10:15:00,4701.96,4705.68,4699.56,4704.76,2998,35
2026.04.27 10:30:00,4704.81,4710.49,4704.5,4708.86,3461,35
2026.04.27 10:45:00,4709.02,4711.01,4707.01,4708.79,3356,35
2026.04.27 11:00:00,4708.79,4709.1,4703.94,4704.14,3703,35
2026.04.27 11:15:00,4704.15,4707.01,4700.2,4705.03,4039,35
2026.04.27 11:30:00,4705.04,4708.4,4699.75,4702.69,3872,35
2026.04.27 11:45:00,4702.67,4705.15,4700.97,4704.73,3254,35
2026.04.27 12:00:00,4704.76,4709.17,4702.48,4708.82,4070,35
2026.04.27 12:15:00,4708.8,4712.51,4701.97,4706.77,4811,35
2026.04.27 12:30:00,4706.68,4707.54,4696.97,4698.84,4700,35
2026.04.27 12:45:00,4698.84,4704.24,4696.88,4699.23,4681,35
2026.04.27 13:00:00,4699.21,4700.45,4693.1,4695.94,5567,35
2026.04.27 13:15:00,4695.94,4703.19,4695.49,4699.89,4778,35
2026.04.27 13:30:00,4699.81,4702.56,4688.96,4693.18,6234,35
2026.04.27 13:45:00,4693.32,4697.3,4689.3,4696.06,5862,35
2026.04.27 14:00:00,4696.09,4696.19,4687.66,4692.41,6452,35
2026.04.27 14:15:00,4692.32,4696.34,4686.19,4688.99,5891,35
2026.04.27 14:30:00,4689.0,4696.46,4683.43,4693.34,6130,35
2026.04.27 14:45:00,4693.42,4693.95,4676.56,4678.02,5739,35
2026.04.27 15:00:00,4678.09,4679.35,4667.17,4674.53,6580,35
2026.04.27 15:15:00,4674.45,4680.92,4671.86,4680.89,5656,35
2026.04.27 15:30:00,4681.01,4682.28,4676.85,4677.53,5244,35
2026.04.27 15:45:00,4677.43,4678.15,4668.05,4669.96,5535,35
2026.04.27 16:00:00,4669.96,4674.85,4667.32,4674.4,4808,35
2026.04.27 16:15:00,4674.4,4677.6,4673.53,4676.07,4205,35
2026.04.27 16:30:00,4676.05,4679.37,4674.35,4674.79,3945,35
2026.04.27 16:45:00,4674.79,4677.94,4674.67,4676.61,3457,35
2026.04.27 17:00:00,4676.61,4678.37,4671.38,4673.59,4041,35
2026.04.27 17:15:00,4673.6,4679.79,4667.93,4679.56,4725,35
2026.04.27 17:30:00,4679.68,4685.93,4679.2,4682.98,4795,35
2026.04.27 17:45:00,4682.98,4684.32,4680.88,4682.08,3943,42
2026.04.27 18:00:00,4682.09,4682.72,4678.86,4681.28,3786,35
2026.04.27 18:15:00,4681.25,4685.34,4680.51,4683.96,3926,42
2026.04.27 18:30:00,4683.98,4685.17,4682.42,4682.71,3058,42
2026.04.27 18:45:00,4682.69,4684.9,4680.61,4680.61,3239,42
2026.04.27 19:00:00,4680.68,4681.36,4678.35,4680.14,3215,35
2026.04.27 19:15:00,4680.13,4682.62,4679.69,4682.11,2959,37
2026.04.27 19:30:00,4682.19,4682.19,4676.53,4679.75,3192,42
2026.04.27 19:45:00,4679.64,4681.25,4678.26,4680.57,3683,42
2026.04.27 20:00:00,4680.66,4681.3,4677.26,4679.0,1662,42
2026.04.27 20:15:00,4679.01,4680.59,4678.42,4679.62,1244,41
2026.04.27 20:30:00,4679.62,4680.39,4678.65,4680.05,1119,35
2026.04.27 20:45:00,4680.04,4681.7,4678.2,4681.66,1160,41
2026.04.27 22:00:00,4684.0,4691.03,4682.12,4689.18,2169,35
2026.04.27 22:15:00,4689.2,4689.74,4686.85,4688.96,1759,35
2026.04.27 22:30:00,4688.95,4689.68,4686.43,4687.27,1689,35
2026.04.27 22:45:00,4687.28,4688.05,4686.05,4687.84,1511,35
2026.04.27 23:00:00,4687.79,4689.83,4687.14,4689.75,1550,42
2026.04.27 23:15:00,4689.73,4691.56,4689.31,4690.49,1735,42
2026.04.27 23:30:00,4690.48,4694.31,4690.35,4694.1,1986,41
2026.04.27 23:45:00,4694.1,4694.92,4691.64,4691.67,2017,42
2026.04.28 00:00:00,4691.75,4701.12,4691.54,4697.78,3571,35
2026.04.28 00:15:00,4697.8,4699.34,4692.25,4694.79,3490,35
2026.04.28 00:30:00,4694.81,4695.1,4691.72,4693.48,2788,35
2026.04.28 00:45:00,4693.5,4694.53,4690.37,4690.44,2520,42
2026.04.28 01:00:00,4690.44,4690.76,4684.42,4687.89,4250,42
2026.04.28 01:15:00,4687.5,4690.55,4685.67,4687.44,3402,42
2026.04.28 01:30:00,4687.43,4691.3,4683.53,4687.11,3686,35
2026.04.28 01:45:00,4687.13,4687.62,4669.58,4670.63,4503,35
2026.04.28 02:00:00,4670.71,4678.04,4665.71,4677.15,4325,35
2026.04.28 02:15:00,4677.16,4679.7,4674.36,4675.41,2978,42
2026.04.28 02:30:00,4675.43,4675.51,4670.39,4670.88,3854,35
2026.04.28 02:45:00,4670.88,4671.24,4666.23,4669.0,3790,42
2026.04.28 03:00:00,4669.0,4674.1,4668.37,4672.86,3576,42
2026.04.28 03:15:00,4672.84,4675.85,4671.31,4674.79,3099,42
2026.04.28 03:30:00,4674.79,4675.31,4671.61,4671.88,2610,42
2026.04.28 03:45:00,4671.74,4672.53,4669.0,4670.79,2228,42
2026.04.28 04:00:00,4670.76,4671.14,4666.69,4669.63,2622,42
2026.04.28 04:15:00,4669.62,4669.66,4666.35,4667.32,2139,41
2026.04.28 04:30:00,4667.31,4669.82,4666.68,4669.71,2268,41
2026.04.28 04:45:00,4669.65,4669.85,4667.1,4667.51,2069,42
2026.04.28 05:00:00,4667.52,4668.09,4647.71,4652.31,4383,35
2026.04.28 05:15:00,4652.21,4659.46,4650.97,4658.2,3507,42
2026.04.28 05:30:00,4658.18,4658.21,4624.34,4624.71,5874,35
2026.04.28 05:45:00,4624.78,4634.1,4623.88,4632.01,5356,35
2026.04.28 06:00:00,4631.74,4642.58,4625.89,4640.49,4924,35
2026.04.28 06:15:00,4640.49,4641.08,4623.3,4631.47,4640,37
2026.04.28 06:30:00,4631.59,4634.52,4625.01,4629.62,4264,35
2026.04.28 06:45:00,4629.63,4631.59,4623.13,4628.92,4379,35
2026.04.28 07:00:00,4628.78,4639.19,4627.33,4634.04,4396,35
2026.04.28 07:15:00,4633.98,4634.74,4627.27,4629.57,4119,35
2026.04.28 07:30:00,4629.53,4635.23,4626.08,4629.3,4296,35
2026.04.28 07:45:00,4629.29,4633.66,4620.45,4633.05,4416,35
2026.04.28 08:00:00,4632.93,4633.59,4614.74,4620.14,5311,35
2026.04.28 08:15:00,4620.14,4626.96,4618.86,4626.54,4357,35
2026.04.28 08:30:00,4626.69,4635.16,4626.36,4628.03,4445,35
2026.04.28 08:45:00,4627.77,4630.59,4624.88,4629.7,3709,35
2026.04.28 09:00:00,4629.69,4630.0,4621.41,4625.32,4180,35
2026.04.28 09:15:00,4625.32,4625.6,4612.58,4618.13,4544,35
2026.04.28 09:30:00,4618.19,4618.82,4607.97,4613.46,4878,35
2026.04.28 09:45:00,4613.34,4615.21,4604.53,4604.96,4514,35
2026.04.28 10:00:00,4604.96,4613.48,4604.65,4612.61,4312,35
2026.04.28 10:15:00,4612.62,4616.25,4610.78,4611.69,3962,35
2026.04.28 10:30:00,4611.45,4615.71,4610.85,4613.12,3700,35
2026.04.28 10:45:00,4613.12,4615.17,4603.02,4603.16,4282,35
2026.04.28 11:00:00,4602.32,4608.6,4597.59,4598.51,4860,35
2026.04.28 11:15:00,4598.28,4603.93,4594.0,4599.35,4698,35
2026.04.28 11:30:00,4599.22,4599.8,4568.07,4572.01,5708,35
2026.04.28 11:45:00,4571.91,4574.06,4555.15,4562.59,5733,35
2026.04.28 12:00:00,4562.46,4581.6,4554.89,4581.44,5604,35
2026.04.28 12:15:00,4581.63,4597.88,4573.7,4579.96,5190,35
2026.04.28 12:30:00,4579.95,4588.75,4570.66,4586.94,5205,35
2026.04.28 12:45:00,4586.92,4599.97,4584.32,4593.63,5238,35
2026.04.28 13:00:00,4593.61,4594.53,4571.02,4576.2,5706,35
2026.04.28 13:15:00,4576.1,4583.98,4572.22,4581.67,5027,35
2026.04.28 13:30:00,4581.66,4591.65,4570.9,4581.74,5849,35
2026.04.28 13:45:00,4581.71,4592.24,4574.65,4580.29,5770,35
2026.04.28 14:00:00,4580.39,4580.65,4565.28,4568.27,6093,35
2026.04.28 14:15:00,4568.31,4577.81,4564.83,4571.51,6087,35
2026.04.28 14:30:00,4571.5,4577.76,4557.46,4564.03,6000,35
2026.04.28 14:45:00,4564.03,4574.54,4557.27,4574.03,5887,35
2026.04.28 15:00:00,4574.07,4581.44,4570.46,4572.71,5899,35
2026.04.28 15:15:00,4572.64,4577.42,4566.73,4576.98,5600,35
2026.04.28 15:30:00,4577.0,4581.19,4571.1,4577.77,5396,35
2026.04.28 15:45:00,4577.77,4586.54,4576.58,4586.54,5164,35
2026.04.28 16:00:00,4586.39,4586.72,4582.27,4585.34,4736,35
2026.04.28 16:15:00,4585.33,4585.78,4577.92,4582.92,4521,35
2026.04.28 16:30:00,4582.72,4586.84,4580.66,4584.91,4403,35
2026.04.28 16:45:00,4584.91,4594.88,4583.8,4591.94,4649,35
2026.04.28 17:00:00,4591.97,4594.91,4588.35,4593.61,4299,35
2026.04.28 17:15:00,4593.63,4597.08,4587.11,4593.15,4449,42
2026.04.28 17:30:00,4593.32,4601.63,4593.32,4598.9,4056,35
2026.04.28 17:45:00,4598.9,4600.38,4593.92,4594.58,3757,36
2026.04.28 18:00:00,4594.68,4598.43,4592.03,4595.97,3789,35
2026.04.28 18:15:00,4595.99,4600.32,4595.99,4598.83,3938,35
2026.04.28 18:30:00,4598.83,4599.4,4593.43,4597.69,3585,35
2026.04.28 18:45:00,4597.7,4598.75,4593.0,4594.19,3106,42
2026.04.28 19:00:00,4594.28,4598.55,4593.78,4595.54,3033,42
2026.04.28 19:15:00,4595.54,4597.09,4593.61,4596.16,3366,42
2026.04.28 19:30:00,4596.16,4600.01,4594.46,4598.44,3381,42
2026.04.28 19:45:00,4598.64,4599.36,4593.18,4595.54,3940,42
2026.04.28 20:00:00,4595.52,4598.62,4594.74,4597.2,2317,42
2026.04.28 20:15:00,4597.22,4598.05,4591.03,4592.66,2188,35
2026.04.28 20:30:00,4592.7,4595.24,4592.41,4593.28,1551,35
2026.04.28 20:45:00,4593.26,4597.16,4592.61,4596.8,1357,41
2026.04.28 22:00:00,4598.76,4599.42,4594.32,4596.43,2096,42
2026.04.28 22:15:00,4596.42,4597.07,4595.02,4595.69,1239,42
2026.04.28 22:30:00,4595.69,4597.23,4592.88,4593.54,1231,35
2026.04.28 22:45:00,4593.53,4595.18,4592.32,4593.99,1369,41
2026.04.28 23:00:00,4594.06,4594.4,4588.81,4590.84,2024,41
2026.04.28 23:15:00,4590.83,4592.73,4590.13,4592.09,1512,42
2026.04.28 23:30:00,4592.1,4593.36,4587.81,4589.76,2042,41
2026.04.28 23:45:00,4589.75,4595.94,4588.83,4595.56,2370,42
2026.04.29 00:00:00,4595.57,4610.44,4594.87,4607.19,4854,35
2026.04.29 00:15:00,4607.22,4607.81,4598.56,4599.97,3948,37
2026.04.29 00:30:00,4599.96,4604.69,4599.18,4603.55,2852,42
2026.04.29 00:45:00,4603.59,4603.93,4595.98,4600.04,3281,42
2026.04.29 01:00:00,4600.05,4600.31,4576.19,4582.56,6081,41
2026.04.29 01:15:00,4582.27,4586.42,4578.94,4580.39,4847,35
2026.04.29 01:30:00,4580.39,4591.52,4578.9,4590.22,5233,35
2026.04.29 01:45:00,4590.25,4591.41,4580.26,4584.69,4927,35
2026.04.29 02:00:00,4584.74,4602.5,4584.71,4601.1,5082,35
2026.04.29 02:15:00,4601.09,4604.12,4598.08,4599.14,3533,35
2026.04.29 02:30:00,4599.14,4601.84,4595.16,4596.72,4024,35
2026.04.29 02:45:00,4596.75,4601.14,4592.07,4593.27,4407,35
2026.04.29 03:00:00,4593.31,4602.85,4592.76,4601.76,4073,35
2026.04.29 03:15:00,4601.79,4603.24,4596.86,4598.44,3796,42
2026.04.29 03:30:00,4598.45,4598.45,4592.4,4593.76,2677,42
2026.04.29 03:45:00,4593.85,4596.33,4592.01,4595.31,2640,42
2026.04.29 04:00:00,4595.32,4603.32,4595.16,4600.9,2419,41
2026.04.29 04:15:00,4600.9,4601.75,4597.27,4601.52,2475,42
2026.04.29 04:30:00,4601.55,4605.45,4601.55,4602.04,2977,41
2026.04.29 04:45:00,4602.05,4605.79,4602.05,4604.94,2631,42
2026.04.29 05:00:00,4604.94,4607.56,4600.39,4600.9,3312,35
2026.04.29 05:15:00,4600.92,4602.55,4598.55,4600.61,2508,35
2026.04.29 05:30:00,4600.54,4601.65,4594.08,4598.93,3878,35
2026.04.29 05:45:00,4598.95,4603.44,4590.63,4591.08,4770,35
2026.04.29 06:00:00,4590.88,4598.43,4586.77,4588.24,5016,35
2026.04.29 06:15:00,4588.34,4589.24,4580.93,4584.84,4638,35
2026.04.29 06:30:00,4584.82,4587.45,4580.63,4584.78,3658,35
2026.04.29 06:45:00,4584.8,4586.76,4580.98,4584.36,3695,35
2026.04.29 07:00:00,4584.18,4588.65,4576.63,4578.31,4938,35
2026.04.29 07:15:00,4578.32,4581.05,4569.29,4574.98,4815,35
2026.04.29 07:30:00,4574.95,4578.72,4568.96,4570.33,4905,35
2026.04.29 07:45:00,4570.33,4572.62,4567.21,4567.78,4414,35
2026.04.29 08:00:00,4567.78,4573.1,4564.4,4565.17,5031,35
2026.04.29 08:15:00,4565.11,4571.31,4565.11,4566.39,4456,35
2026.04.29 08:30:00,4566.28,4568.62,4557.19,4568.07,5043,35
2026.04.29 08:45:00,4568.09,4576.72,4567.94,4572.97,4357,35
2026.04.29 09:00:00,4572.95,4575.63,4570.28,4573.73,4123,35
2026.04.29 09:15:00,4573.68,4580.7,4565.71,4565.9,4685,35
2026.04.29 09:30:00,4565.96,4569.4,4558.75,4559.01,4929,35
2026.04.29 09:45:00,4559.02,4561.88,4551.36,4555.85,5161,35
2026.04.29 10:00:00,4555.67,4568.04,4554.92,4567.72,4326,35
2026.04.29 10:15:00,4567.71,4573.15,4567.71,4571.67,4067,35
2026.04.29 10:30:00,4571.7,4576.49,4565.88,4566.27,4233,35
2026.04.29 10:45:00,4566.27,4570.65,4563.87,4569.63,3836,35
2026.04.29 11:00:00,4569.62,4571.61,4565.36,4568.0,4228,35
2026.04.29 11:15:00,4568.18,4570.3,4564.15,4564.64,3808,35
2026.04.29 11:30:00,4564.52,4571.86,4563.47,4566.79,4142,35
2026.04.29 11:45:00,4566.57,4566.63,4558.77,4561.63,4115,35
2026.04.29 12:00:00,4561.62,4568.27,4560.5,4564.45,4242,35
2026.04.29 12:15:00,4564.43,4568.88,4559.45,4559.53,4568,35
2026.04.29 12:30:00,4559.47,4559.73,4551.18,4557.61,5384,35
2026.04.29 12:45:00,4557.57,4559.77,4541.56,4544.87,5625,35
2026.04.29 13:00:00,4544.87,4553.5,4544.81,4549.83,5625,35
2026.04.29 13:15:00,4549.86,4551.68,4534.6,4537.79,5750,35
2026.04.29 13:30:00,4537.82,4539.29,4513.28,4515.28,6980,35
2026.04.29 13:45:00,4514.73,4529.89,4510.06,4521.77,6724,35
2026.04.29 14:00:00,4521.8,4528.36,4518.0,4526.01,6872,35
2026.04.29 14:15:00,4525.98,4537.87,4524.3,4533.09,6674,35
2026.04.29 14:30:00,4532.96,4542.58,4530.81,4538.77,6034,35
2026.04.29 14:45:00,4538.81,4540.62,4532.1,4539.22,5597,35
2026.04.29 15:00:00,4539.13,4546.67,4536.21,4538.0,6074,35
2026.04.29 15:15:00,4537.99,4546.42,4536.13,4543.54,5862,35
2026.04.29 15:30:00,4543.45,4556.02,4540.37,4552.89,6155,35
2026.04.29 15:45:00,4552.89,4558.82,4542.43,4547.68,6070,35
2026.04.29 16:00:00,4547.74,4564.84,4547.03,4559.14,6026,35
2026.04.29 16:15:00,4559.17,4564.32,4557.03,4560.24,5095,35
2026.04.29 16:30:00,4560.2,4560.2,4545.39,4550.24,5584,35
2026.04.29 16:45:00,4550.31,4551.25,4543.34,4545.38,4785,35
2026.04.29 17:00:00,4545.45,4552.07,4542.65,4550.54,4908,35
2026.04.29 17:15:00,4550.54,4554.36,4545.97,4547.1,5112,35
2026.04.29 17:30:00,4547.02,4548.3,4542.51,4544.6,4607,42
2026.04.29 17:45:00,4544.74,4547.27,4541.53,4544.61,4462,35
2026.04.29 18:00:00,4547.34,4552.7,4525.05,4525.46,6543,35
2026.04.29 18:15:00,4525.39,4539.36,4525.05,4532.7,6120,35
2026.04.29 18:30:00,4532.71,4540.32,4519.98,4520.38,6405,39
2026.04.29 18:45:00,4520.36,4540.86,4517.68,4537.81,6488,35
2026.04.29 19:00:00,4537.82,4548.44,4533.0,4547.39,5796,35
2026.04.29 19:15:00,4547.19,4550.41,4541.06,4542.68,5414,35
2026.04.29 19:30:00,4542.22,4544.81,4537.43,4539.43,5183,35
2026.04.29 19:45:00,4539.42,4549.5,4539.29,4546.85,5250,35
2026.04.29 20:00:00,4546.71,4553.29,4542.53,4546.1,5496,35
2026.04.29 20:15:00,4546.27,4548.01,4541.45,4543.2,4538,36
2026.04.29 20:30:00,4543.23,4546.5,4542.43,4543.79,3225,35
2026.04.29 20:45:00,4543.79,4544.63,4541.41,4543.53,2657,35
2026.04.29 22:00:00,4542.96,4548.69,4539.2,4546.27,2277,35
2026.04.29 22:15:00,4546.45,4550.73,4546.32,4549.04,2899,42
2026.04.29 22:30:00,4549.04,4551.86,4547.35,4548.36,2527,42
2026.04.29 22:45:00,4548.33,4552.7,4547.74,4552.09,2754,42
2026.04.29 23:00:00,4552.11,4553.95,4550.28,4553.25,2707,35
2026.04.29 23:15:00,4553.25,4555.05,4549.59,4551.63,2727,42
2026.04.29 23:30:00,4551.61,4554.87,4551.33,4554.42,2201,42
2026.04.29 23:45:00,4554.44,4562.07,4553.87,4561.63,3276,42
2026.04.30 00:00:00,4561.75,4568.2,4557.66,4557.89,5134,35
2026.04.30 00:15:00,4558.0,4564.33,4556.31,4563.45,4537,42
2026.04.30 00:30:00,4563.46,4566.88,4562.24,4566.82,3907,42
2026.04.30 00:45:00,4566.8,4573.9,4566.47,4569.76,3931,42
2026.04.30 01:00:00,4569.76,4571.05,4564.53,4568.34,4933,35
2026.04.30 01:15:00,4568.35,4581.07,4565.72,4579.61,4991,42
2026.04.30 01:30:00,4579.78,4581.27,4570.97,4576.13,5274,35
2026.04.30 01:45:00,4576.09,4582.35,4573.97,4579.18,4459,42
2026.04.30 02:00:00,4579.04,4581.87,4574.76,4579.64,4112,42
2026.04.30 02:15:00,4579.62,4580.56,4571.96,4572.93,3427,35
2026.04.30 02:30:00,4573.04,4573.97,4560.33,4562.2,5408,35
2026.04.30 02:45:00,4562.13,4565.14,4559.82,4564.54,4312,35
2026.04.30 03:00:00,4564.37,4568.94,4562.34,4564.81,4388,42
2026.04.30 03:15:00,4565.03,4566.82,4562.72,4563.15,3619,42
2026.04.30 03:30:00,4563.39,4563.81,4557.64,4561.36,3646,42
2026.04.30 03:45:00,4561.37,4561.44,4555.46,4556.0,3640,35
2026.04.30 04:00:00,4556.0,4556.43,4550.65,4555.28,4392,41
2026.04.30 04:15:00,4555.29,4556.89,4545.96,4547.04,4380,42
2026.04.30 04:30:00,4546.99,4547.69,4540.75,4544.86,4558,35
2026.04.30 04:45:00,4544.82,4549.32,4542.06,4542.17,3848,35
2026.04.30 05:00:00,4542.07,4553.53,4542.07,4553.13,4552,35
2026.04.30 05:15:00,4553.14,4558.7,4551.65,4555.56,3440,35
2026.04.30 05:30:00,4555.57,4566.57,4553.75,4563.81,5101,35
2026.04.30 05:45:00,4563.81,4569.32,4562.06,4562.47,4039,35
2026.04.30 06:00:00,4562.48,4567.54,4560.14,4566.1,5486,35
2026.04.30 06:15:00,4566.09,4570.95,4563.56,4569.4,4073,35
2026.04.30 06:30:00,4569.46,4578.31,4569.46,4574.88,4842,35
2026.04.30 06:45:00,4574.87,4591.39,4574.49,4589.29,4826,35
2026.04.30 07:00:00,4589.37,4595.39,4586.17,4591.46,5043,35
2026.04.30 07:15:00,4591.45,4593.58,4584.79,4591.42,4475,35
2026.04.30 07:30:00,4591.36,4598.05,4587.9,4596.64,4149,35
2026.04.30 07:45:00,4596.65,4605.65,4593.37,4598.34,4548,35
2026.04.30 08:00:00,4598.38,4629.41,4597.21,4618.77,5964,35
2026.04.30 08:15:00,4618.77,4620.42,4611.93,4617.5,5299,35
2026.04.30 08:30:00,4617.46,4620.55,4613.66,4614.87,4633,35
2026.04.30 08:45:00,4614.98,4619.2,4614.18,4616.29,3777,35
2026.04.30 09:00:00,4616.32,4620.04,4614.5,4618.73,4394,35
2026.04.30 09:15:00,4618.65,4626.8,4615.36,4625.51,4744,35
2026.04.30 09:30:00,4625.55,4631.67,4618.44,4619.22,5369,35
2026.04.30 09:45:00,4619.22,4627.21,4618.1,4625.13,4587,35
2026.04.30 10:00:00,4625.15,4628.96,4623.6,4626.67,4380,35
2026.04.30 10:15:00,4626.67,4644.13,4626.07,4643.65,4588,35
2026.04.30 10:30:00,4643.94,4646.6,4634.08,4636.75,4975,35
2026.04.30 10:45:00,4636.75,4639.87,4633.91,4639.64,4646,35
2026.04.30 11:00:00,4639.7,4645.13,4636.01,4636.01,5090,35
2026.04.30 11:15:00,4636.01,4643.65,4630.32,4638.1,5261,35
2026.04.30 11:30:00,4637.61,4637.63,4626.69,4629.39,5976,35
2026.04.30 11:45:00,4629.4,4635.17,4627.93,4630.02,4953,35
2026.04.30 12:00:00,4630.05,4637.31,4629.38,4635.79,5007,35
2026.04.30 12:15:00,4636.13,4637.09,4628.23,4629.61,4759,35
2026.04.30 12:30:00,4629.84,4636.0,4625.19,4625.75,5100,35
2026.04.30 12:45:00,4625.75,4640.07,4624.35,4639.44,4875,35
2026.04.30 13:00:00,4639.48,4644.01,4634.5,4640.97,4855,35
2026.04.30 13:15:00,4640.97,4645.86,4632.88,4633.62,5253,35
2026.04.30 13:30:00,4633.64,4634.55,4620.23,4625.29,6114,35
2026.04.30 13:45:00,4625.31,4625.31,4610.38,4610.89,6570,35
2026.04.30 14:00:00,4610.75,4625.49,4609.43,4620.4,6328,35
2026.04.30 14:15:00,4620.29,4625.84,4616.19,4622.88,6493,35
2026.04.30 14:30:00,4622.91,4622.91,4610.82,4617.66,6149,35
2026.04.30 14:45:00,4617.7,4623.64,4617.03,4619.55,5649,35
2026.04.30 15:00:00,4619.6,4624.07,4614.82,4619.84,5429,35
2026.04.30 15:15:00,4619.87,4624.33,4615.81,4622.89,5690,35
2026.04.30 15:30:00,4622.9,4625.47,4613.4,4615.41,5389,35
2026.04.30 15:45:00,4615.4,4617.16,4611.07,4615.19,4495,35
2026.04.30 16:00:00,4615.18,4617.33,4609.8,4611.68,4843,35
2026.04.30 16:15:00,4611.62,4611.82,4605.52,4607.88,4797,35
2026.04.30 16:30:00,4607.87,4613.59,4607.0,4608.94,3450,35
2026.04.30 16:45:00,4608.89,4617.51,4605.31,4607.43,4004,35
2026.04.30 17:00:00,4607.49,4619.71,4607.42,4615.83,4625,35
2026.04.30 17:15:00,4615.83,4620.56,4612.75,4617.39,4313,42
2026.04.30 17:30:00,4617.21,4621.34,4615.01,4617.73,4470,42
2026.04.30 17:45:00,4617.73,4619.71,4615.17,4616.88,3573,35
2026.04.30 18:00:00,4616.88,4624.32,4616.78,4620.6,4535,40
2026.04.30 18:15:00,4620.6,4624.89,4619.77,4620.69,4043,42
2026.04.30 18:30:00,4620.66,4622.95,4619.03,4620.5,3360,42
2026.04.30 18:45:00,4620.51,4624.95,4619.92,4622.32,3552,42
2026.04.30 19:00:00,4622.35,4627.01,4622.02,4623.93,3847,42
2026.04.30 19:15:00,4624.04,4625.21,4616.68,4617.59,4142,38
2026.04.30 19:30:00,4617.7,4622.8,4615.0,4622.47,3887,35
2026.04.30 19:45:00,4622.5,4623.18,4614.52,4617.12,4612,35
2026.04.30 20:00:00,4616.92,4620.04,4615.67,4616.06,3566,42
2026.04.30 20:15:00,4616.03,4619.21,4615.68,4616.55,2137,42
2026.04.30 20:30:00,4615.97,4618.51,4615.32,4617.28,2143,42
2026.04.30 20:45:00,4617.16,4621.9,4616.69,4621.57,1778,42
2026.04.30 22:00:00,4628.17,4632.59,4625.51,4631.22,2172,37
2026.04.30 22:15:00,4631.21,4631.45,4628.66,4631.12,2050,42
2026.04.30 22:30:00,4631.18,4632.13,4626.81,4632.13,2495,35
2026.04.30 22:45:00,4632.13,4632.19,4628.35,4630.21,2345,35
2026.04.30 23:00:00,4630.21,4631.52,4628.06,4629.98,2143,35
2026.04.30 23:15:00,4629.98,4632.06,4628.91,4630.62,1888,35
2026.04.30 23:30:00,4630.63,4634.13,4630.52,4631.19,2259,35
2026.04.30 23:45:00,4630.87,4633.05,4626.28,4626.39,2914,35
2026.05.01 00:00:00,4626.31,4630.87,4620.72,4622.32,4108,35
2026.05.01 00:15:00,4622.32,4628.28,4620.75,4623.65,3575,42
2026.05.01 00:30:00,4623.71,4624.7,4618.24,4620.6,3892,42
2026.05.01 00:45:00,4620.64,4624.88,4619.45,4619.58,3767,42
2026.05.01 01:00:00,4619.57,4620.63,4615.44,4618.3,3625,35
2026.05.01 01:15:00,4618.24,4618.9,4613.79,4616.08,2745,42
2026.05.01 01:30:00,4616.06,4621.78,4615.88,4619.96,3116,35
2026.05.01 01:45:00,4619.97,4622.18,4618.55,4620.8,2802,42
2026.05.01 02:00:00,4620.55,4634.38,4619.64,4630.82,3324,35
2026.05.01 02:15:00,4630.83,4636.11,4628.32,4629.38,3233,35
2026.05.01 02:30:00,4629.38,4631.03,4623.78,4624.18,2649,35
2026.05.01 02:45:00,4624.18,4624.33,4616.48,4619.02,3079,42
2026.05.01 03:00:00,4618.98,4621.2,4617.62,4620.56,2485,35
2026.05.01 03:15:00,4620.55,4626.46,4620.51,4626.15,2254,35
2026.05.01 03:30:00,4626.14,4631.9,4625.35,4626.13,3339,35
2026.05.01 03:45:00,4626.12,4627.92,4625.62,4626.6,2323,42
2026.05.01 04:00:00,4626.6,4628.77,4619.89,4621.66,2986,35
2026.05.01 04:15:00,4621.68,4623.34,4616.91,4617.43,2625,42
2026.05.01 04:30:00,4617.47,4618.16,4612.05,4613.31,3184,42
2026.05.01 04:45:00,4613.32,4614.72,4609.0,4609.0,2565,35
2026.05.01 05:00:00,4608.99,4614.68,4607.37,4614.17,3366,35
2026.05.01 05:15:00,4614.2,4615.96,4611.2,4614.57,2664,42
2026.05.01 05:30:00,4614.58,4615.28,4609.35,4609.76,2929,42
2026.05.01 05:45:00,4609.76,4613.37,4602.71,4604.92,3345,41
2026.05.01 06:00:00,4604.92,4607.75,4601.01,4601.42,3908,35
2026.05.01 06:15:00,4601.42,4601.99,4593.26,4593.31,3480,39
2026.05.01 06:30:00,4593.31,4597.47,4590.62,4593.41,3619,41
2026.05.01 06:45:00,4593.41,4595.96,4591.11,4594.69,3705,42
2026.05.01 07:00:00,4594.57,4596.41,4590.01,4595.98,3968,35
2026.05.01 07:15:00,4595.98,4597.84,4585.06,4592.29,4351,35
2026.05.01 07:30:00,4592.29,4592.61,4583.64,4585.27,4187,35
2026.05.01 07:45:00,4585.34,4586.0,4575.82,4578.18,4129,35
2026.05.01 08:00:00,4578.14,4582.57,4573.36,4573.86,4518,35
2026.05.01 08:15:00,4573.9,4576.87,4566.32,4567.3,4589,35
2026.05.01 08:30:00,4567.25,4572.06,4565.96,4570.97,3676,35
2026.05.01 08:45:00,4570.96,4572.54,4564.98,4568.9,3257,35
2026.05.01 09:00:00,4568.81,4569.1,4564.12,4565.66,3223,35
2026.05.01 09:15:00,4565.59,4571.21,4564.5,4569.12,3523,35
2026.05.01 09:30:00,4569.1,4572.8,4567.56,4570.27,3093,35
2026.05.01 09:45:00,4570.26,4570.57,4559.97,4562.7,3832,35
2026.05.01 10:00:00,4562.72,4567.86,4561.36,4566.52,2842,35
2026.05.01 10:15:00,4566.53,4572.67,4566.47,4572.04,2818,35
2026.05.01 10:30:00,4572.04,4576.03,4567.53,4570.31,3298,35
2026.05.01 10:45:00,4570.31,4572.03,4565.95,4566.8,2780,35
2026.05.01 11:00:00,4566.75,4568.78,4562.38,4565.78,3332,35
2026.05.01 11:15:00,4565.49,4576.35,4564.49,4571.74,3909,35
2026.05.01 11:30:00,4571.52,4577.7,4570.24,4575.56,3447,35
2026.05.01 11:45:00,4575.58,4579.58,4572.66,4578.61,3409,35
2026.05.01 12:00:00,4578.2,4590.22,4574.76,4584.89,3775,35
2026.05.01 12:15:00,4584.9,4607.44,4582.68,4602.78,5566,35
2026.05.01 12:30:00,4602.89,4603.19,4589.06,4591.95,5019,35
2026.05.01 12:45:00,4591.95,4595.34,4589.7,4591.12,4420,35
2026.05.01 13:00:00,4590.86,4597.16,4589.71,4591.29,4460,35
2026.05.01 13:15:00,4591.24,4593.27,4586.85,4589.14,4577,35
2026.05.01 13:30:00,4589.17,4608.84,4586.56,4607.66,6280,35
2026.05.01 13:45:00,4607.66,4628.86,4598.83,4625.83,5940,35
2026.05.01 14:00:00,4625.87,4659.8,4625.8,4656.09,6627,35
2026.05.01 14:15:00,4656.13,4660.13,4643.91,4644.56,6715,35
2026.05.01 14:30:00,4644.57,4646.02,4630.61,4633.34,6646,35
2026.05.01 14:45:00,4633.27,4635.2,4627.09,4632.09,5996,35
2026.05.01 15:00:00,4632.02,4636.6,4618.91,4636.6,6070,35
2026.05.01 15:15:00,4636.49,4640.4,4633.99,4636.26,5338,35
2026.05.01 15:30:00,4636.27,4644.68,4635.69,4643.46,5138,35
2026.05.01 15:45:00,4643.55,4648.07,4633.53,4643.17,4962,35
2026.05.01 16:00:00,4643.1,4645.33,4638.02,4642.69,4814,35
2026.05.01 16:15:00,4642.71,4649.98,4637.84,4637.88,5043,35
2026.05.01 16:30:00,4637.87,4641.35,4633.91,4638.78,5428,35
2026.05.01 16:45:00,4638.81,4642.81,4636.77,4638.88,4174,35
2026.05.01 17:00:00,4638.79,4642.6,4637.51,4639.81,3329,35
2026.05.01 17:15:00,4639.81,4640.15,4630.92,4631.8,3656,35
2026.05.01 17:30:00,4631.78,4632.22,4626.8,4627.98,4190,40
2026.05.01 17:45:00,4627.99,4634.91,4627.1,4629.37,3816,42
2026.05.01 18:00:00,4629.37,4630.56,4615.51,4615.68,4526,42
2026.05.01 18:15:00,4615.68,4623.06,4613.85,4623.06,4423,35
2026.05.01 18:30:00,4622.8,4624.01,4616.06,4622.14,4381,35
2026.05.01 18:45:00,4622.19,4625.87,4619.8,4624.18,3865,42
2026.05.01 19:00:00,4624.19,4626.6,4620.41,4626.19,3374,35
2026.05.01 19:15:00,4626.18,4627.58,4624.47,4624.48,3107,35
2026.05.01 19:30:00,4624.5,4624.71,4611.26,4611.76,4022,35
2026.05.01 19:45:00,4611.74,4615.21,4608.68,4610.65,4416,42
2026.05.01 20:00:00,4610.72,4612.67,4607.15,4611.02,2740,37
2026.05.01 20:15:00,4611.2,4616.22,4609.58,4613.16,2371,42
2026.05.01 20:30:00,4613.28,4615.06,4610.06,4613.64,2068,42
2026.05.01 20:45:00,4613.6,4616.96,4612.35,4614.34,2104,42
2026.05.03 22:00:00,4620.35,4629.62,4618.05,4622.88,2780,35
2026.05.03 22:15:00,4622.77,4622.97,4612.31,4620.74,2891,35
2026.05.03 22:30:00,4620.73,4629.36,4619.66,4628.05,2432,35
2026.05.03 22:45:00,4628.04,4629.05,4618.13,4618.72,2760,42
2026.05.03 23:00:00,4618.71,4620.77,4611.2,4614.83,2929,35
2026.05.03 23:15:00,4614.83,4617.55,4612.95,4616.96,2171,42
2026.05.03 23:30:00,4616.98,4618.38,4612.7,4613.57,2317,39
2026.05.03 23:45:00,4613.37,4617.05,4611.56,4613.8,3005,41
2026.05.04 00:00:00,4613.69,4616.57,4604.55,4612.07,4205,42
2026.05.04 00:15:00,4612.07,4614.67,4601.86,4605.87,4044,41
2026.05.04 00:30:00,4605.87,4610.14,4604.82,4605.83,3369,42
2026.05.04 00:45:00,4605.85,4613.3,4604.78,4612.93,3407,35
2026.05.04 01:00:00,4612.83,4613.86,4595.9,4600.44,4420,35
2026.05.04 01:15:00,4600.46,4604.38,4593.61,4594.54,3982,35
2026.05.04 01:30:00,4594.49,4601.5,4592.74,4601.38,3460,35
2026.05.04 01:45:00,4601.36,4613.71,4600.78,4612.86,2955,35
2026.05.04 02:00:00,4612.84,4618.31,4603.32,4608.18,3991,35
2026.05.04 02:15:00,4608.17,4608.18,4591.21,4593.06,3806,35
2026.05.04 02:30:00,4593.08,4603.93,4590.85,4603.93,3378,42
2026.05.04 02:45:00,4603.82,4611.15,4601.09,4605.58,3401,42
2026.05.04 03:00:00,4605.54,4611.73,4604.34,4609.72,3182,42
2026.05.04 03:15:00,4609.73,4610.84,4608.06,4609.57,2617,42
2026.05.04 03:30:00,4609.18,4611.2,4598.42,4604.85,3160,42
2026.05.04 03:45:00,4604.85,4617.21,4604.85,4614.94,4163,42
2026.05.04 04:00:00,4614.95,4615.41,4607.98,4611.07,3390,42
2026.05.04 04:15:00,4611.07,4613.11,4607.1,4608.21,2747,42
2026.05.04 04:30:00,4608.18,4612.91,4607.27,4609.26,2998,42
2026.05.04 04:45:00,4609.26,4610.33,4605.18,4605.93,2514,42
2026.05.04 05:00:00,4605.97,4606.9,4601.87,4603.76,3003,42
2026.05.04 05:15:00,4603.77,4612.93,4595.63,4596.51,4463,35
2026.05.04 05:30:00,4596.84,4598.73,4592.14,4598.51,4153,35
2026.05.04 05:45:00,4598.51,4601.77,4594.31,4598.92,3750,35
2026.05.04 06:00:00,4598.7,4600.53,4587.66,4597.11,4674,35
2026.05.04 06:15:00,4597.1,4597.51,4588.99,4593.78,3852,41
2026.05.04 06:30:00,4593.98,4595.58,4584.35,4585.5,4089,41
2026.05.04 06:45:00,4585.48,4592.37,4583.6,4588.28,3536,42
2026.05.04 07:00:00,4587.93,4593.3,4585.47,4592.11,3854,35
2026.05.04 07:15:00,4591.94,4592.61,4583.34,4585.91,3669,35
2026.05.04 07:30:00,4585.91,4588.15,4582.48,4587.86,3955,35
2026.05.04 07:45:00,4587.87,4590.71,4577.81,4578.86,4073,35
2026.05.04 08:00:00,4579.05,4581.04,4573.77,4580.0,4416,35
2026.05.04 08:15:00,4580.01,4581.24,4574.28,4574.85,4018,35
2026.05.04 08:30:00,4574.82,4581.58,4573.61,4578.19,3844,35
2026.05.04 08:45:00,4578.22,4579.61,4575.78,4576.96,3317,35
2026.05.04 09:00:00,4576.88,4584.12,4576.21,4583.88,3416,35
2026.05.04 09:15:00,4583.9,4584.41,4580.27,4581.25,2919,35
2026.05.04 09:30:00,4581.3,4584.36,4580.37,4581.17,2744,35
2026.05.04 09:45:00,4581.18,4582.29,4572.13,4575.37,3158,35
2026.05.04 10:00:00,4575.44,4575.88,4537.73,4541.91,6296,35
2026.05.04 10:15:00,4541.81,4545.22,4525.94,4544.77,6010,35
2026.05.04 10:30:00,4544.87,4564.01,4543.18,4558.59,5387,35
2026.05.04 10:45:00,4558.53,4566.66,4558.22,4562.5,4185,35
2026.05.04 11:00:00,4562.45,4570.48,4561.15,4565.27,4452,35
2026.05.04 11:15:00,4565.35,4570.11,4561.7,4562.25,3807,35
2026.05.04 11:30:00,4562.19,4562.52,4551.59,4553.36,4571,35
2026.05.04 11:45:00,4553.38,4562.82,4552.99,4560.24,4086,35
2026.05.04 12:00:00,4560.22,4565.66,4559.32,4563.65,4100,35
2026.05.04 12:15:00,4563.67,4579.24,4563.26,4568.48,5079,35
2026.05.04 12:30:00,4568.51,4571.56,4560.91,4570.17,4294,35
2026.05.04 12:45:00,4570.24,4575.9,4566.43,4568.23,4161,35
2026.05.04 13:00:00,4568.22,4576.03,4557.03,4565.85,5315,35
2026.05.04 13:15:00,4565.87,4567.46,4560.72,4560.74,4336,35
2026.05.04 13:30:00,4561.03,4570.66,4555.65,4565.38,5800,35
2026.05.04 13:45:00,4565.37,4566.72,4557.49,4563.98,5264,35
2026.05.04 14:00:00,4563.87,4565.28,4553.62,4560.12,5715,35
2026.05.04 14:15:00,4560.32,4582.07,4559.53,4571.1,5754,35
2026.05.04 14:30:00,4571.18,4583.03,4570.16,4574.49,5137,35
2026.05.04 14:45:00,4574.57,4576.84,4559.77,4561.57,5389,35
2026.05.04 15:00:00,4561.72,4565.98,4548.22,4548.42,5648,35
2026.05.04 15:15:00,4547.79,4555.26,4514.25,4537.66,6621,35
2026.05.04 15:30:00,4538.08,4542.77,4527.53,4534.94,6150,35
2026.05.04 15:45:00,4534.94,4535.01,4512.62,4521.84,5973,35
2026.05.04 16:00:00,4521.76,4525.36,4500.74,4509.67,6268,35
2026.05.04 16:15:00,4509.67,4526.89,4508.66,4515.0,5863,35
2026.05.04 16:30:00,4514.84,4518.76,4511.52,4512.44,4828,35
2026.05.04 16:45:00,4512.4,4516.01,4507.37,4510.63,5132,35
2026.05.04 17:00:00,4511.55,4526.15,4510.72,4522.27,5111,35
2026.05.04 17:15:00,4522.2,4531.49,4521.6,4524.28,5056,35
2026.05.04 17:30:00,4524.23,4527.62,4521.75,4525.96,4084,42
2026.05.04 17:45:00,4525.88,4526.51,4521.28,4522.32,3603,42
2026.05.04 18:00:00,4522.35,4525.3,4518.49,4519.93,3545,35
2026.05.04 18:15:00,4519.93,4520.09,4509.54,4511.81,4019,42
2026.05.04 18:30:00,4511.76,4514.92,4510.57,4511.61,3792,35
2026.05.04 18:45:00,4511.76,4516.4,4510.7,4516.32,3776,42
2026.05.04 19:00:00,4516.21,4523.31,4511.36,4518.87,4319,41
2026.05.04 19:15:00,4518.87,4525.75,4517.35,4522.28,4147,42
2026.05.04 19:30:00,4522.31,4527.02,4520.41,4521.05,3563,35
2026.05.04 19:45:00,4521.06,4523.12,4515.22,4517.71,3707,41
2026.05.04 20:00:00,4517.73,4518.09,4511.66,4514.65,2365,35
2026.05.04 20:15:00,4514.5,4515.52,4511.71,4515.11,1695,41
2026.05.04 20:30:00,4515.12,4518.75,4514.52,4518.62,1773,42
2026.05.04 20:45:00,4518.58,4523.75,4518.57,4523.66,1430,41
2026.05.04 22:00:00,4522.99,4524.46,4518.08,4521.18,1629,37
2026.05.04 22:15:00,4521.15,4522.81,4519.34,4519.8,1308,42
2026.05.04 22:30:00,4519.8,4522.13,4518.87,4519.1,1534,35
2026.05.04 22:45:00,4519.09,4519.38,4515.59,4517.44,1570,42
2026.05.04 23:00:00,4517.43,4520.86,4516.13,4520.37,1587,35
2026.05.04 23:15:00,4520.35,4521.58,4519.22,4521.06,1397,42
2026.05.04 23:30:00,4521.06,4521.26,4518.27,4518.44,1233,42
2026.05.04 23:45:00,4518.44,4520.65,4517.02,4518.92,1913,41
2026.05.05 00:00:00,4519.13,4528.41,4517.74,4527.81,3957,35
2026.05.05 00:15:00,4527.82,4527.82,4513.37,4516.85,4313,35
2026.05.05 00:30:00,4516.83,4524.17,4515.93,4523.7,3139,42
2026.05.05 00:45:00,4523.9,4530.32,4523.9,4529.84,3217,35
2026.05.05 01:00:00,4529.51,4539.3,4525.27,4538.85,4033,42
2026.05.05 01:15:00,4538.75,4539.9,4535.05,4537.57,3327,41
2026.05.05 01:30:00,4537.57,4542.0,4534.01,4536.82,3886,42
2026.05.05 01:45:00,4536.82,4541.14,4536.16,4540.72,3099,42
2026.05.05 02:00:00,4540.75,4542.5,4537.27,4538.37,3219,35
2026.05.05 02:15:00,4538.33,4541.6,4534.55,4541.4,2802,35
2026.05.05 02:30:00,4541.42,4545.69,4540.06,4544.3,2836,35
2026.05.05 02:45:00,4544.3,4546.7,4538.73,4538.94,3247,42
2026.05.05 03:00:00,4538.76,4542.2,4537.55,4541.8,2604,42
2026.05.05 03:15:00,4541.8,4542.51,4537.1,4537.87,2329,35
2026.05.05 03:30:00,4537.85,4539.11,4535.44,4536.02,2503,42
2026.05.05 03:45:00,4536.01,4537.02,4532.28,4534.46,2766,41
2026.05.05 04:00:00,4534.37,4535.85,4532.4,4532.81,2287,42
2026.05.05 04:15:00,4532.83,4533.71,4529.36,4529.39,2791,35
2026.05.05 04:30:00,4529.38,4533.64,4527.83,4531.57,3183,35
2026.05.05 04:45:00,4531.59,4536.75,4531.07,4533.63,3450,42
2026.05.05 05:00:00,4533.62,4545.38,4531.23,4540.26,4290,35
2026.05.05 05:15:00,4540.26,4540.39,4535.66,4539.89,3024,35
2026.05.05 05:30:00,4539.95,4551.49,4539.74,4545.93,4522,35
2026.05.05 05:45:00,4545.93,4548.83,4543.43,4545.55,3350,42
2026.05.05 06:00:00,4545.67,4552.03,4541.38,4543.42,4228,35
2026.05.05 06:15:00,4543.44,4544.7,4533.54,4536.81,3624,35
2026.05.05 06:30:00,4536.81,4549.35,4536.2,4546.36,4137,35
2026.05.05 06:45:00,4546.4,4551.11,4545.38,4548.21,3737,35
2026.05.05 07:00:00,4548.24,4555.04,4547.63,4553.99,4137,35
2026.05.05 07:15:00,4553.96,4555.61,4548.36,4548.88,3626,35
2026.05.05 07:30:00,4548.88,4558.36,4548.88,4551.2,4383,35
2026.05.05 07:45:00,4551.22,4551.83,4543.34,4545.43,4422,35
2026.05.05 08:00:00,4545.48,4553.66,4545.36,4550.73,4589,35
2026.05.05 08:15:00,4550.73,4554.63,4549.02,4551.12,4346,35
2026.05.05 08:30:00,4550.93,4553.06,4548.05,4549.8,4038,35
2026.05.05 08:45:00,4549.88,4559.45,4548.34,4558.45,4209,35
2026.05.05 09:00:00,4558.42,4560.44,4553.44,4557.69,4393,35
2026.05.05 09:15:00,4557.65,4557.92,4552.47,4552.56,3526,35
2026.05.05 09:30:00,4552.68,4558.4,4550.95,4555.44,3679,35
2026.05.05 09:45:00,4555.43,4557.3,4552.72,4556.19,3073,35
2026.05.05 10:00:00,4556.18,4556.86,4550.57,4553.18,3477,35
2026.05.05 10:15:00,4553.17,4554.99,4546.53,4547.82,3492,35
2026.05.05 10:30:00,4547.82,4553.93,4544.08,4545.12,4183,35
2026.05.05 10:45:00,4545.03,4545.77,4540.37,4543.58,3615,35
2026.05.05 11:00:00,4543.58,4552.94,4539.68,4552.57,4520,35
2026.05.05 11:15:00,4552.57,4557.46,4549.71,4556.02,4337,35
2026.05.05 11:30:00,4556.08,4564.46,4554.7,4563.27,4276,35
2026.05.05 11:45:00,4563.24,4564.78,4559.0,4562.78,3867,35
2026.05.05 12:00:00,4562.79,4567.23,4554.17,4564.78,5499,35
2026.05.05 12:15:00,4565.04,4574.22,4561.14,4573.59,5039,35
2026.05.05 12:30:00,4573.64,4574.59,4566.62,4567.04,4214,35
2026.05.05 12:45:00,4567.11,4568.58,4561.63,4564.39,4172,35
2026.05.05 13:00:00,4564.17,4581.03,4564.16,4578.65,5442,35
2026.05.05 13:15:00,4578.7,4584.99,4575.89,4576.93,5108,35
2026.05.05 13:30:00,4577.0,4581.67,4571.2,4573.87,6080,35
2026.05.05 13:45:00,4573.94,4583.13,4572.81,4579.26,5463,35
2026.05.05 14:00:00,4579.91,4584.23,4570.6,4573.6,6140,35
2026.05.05 14:15:00,4573.69,4586.47,4566.06,4583.91,6666,35
2026.05.05 14:30:00,4584.19,4585.66,4577.59,4582.83,5305,35
2026.05.05 14:45:00,4582.83,4582.94,4575.5,4582.24,5267,35
2026.05.05 15:00:00,4582.34,4583.85,4577.38,4580.76,4896,35
2026.05.05 15:15:00,4580.79,4581.48,4575.32,4579.15,4759,35
2026.05.05 15:30:00,4579.11,4581.08,4572.66,4572.92,4729,35
2026.05.05 15:45:00,4572.96,4575.69,4568.24,4568.42,4574,35
2026.05.05 16:00:00,4568.4,4568.96,4562.37,4566.16,4463,35
2026.05.05 16:15:00,4566.16,4566.22,4555.88,4559.65,4509,35
2026.05.05 16:30:00,4559.68,4560.21,4553.69,4556.55,4451,35
2026.05.05 16:45:00,4556.55,4562.86,4555.62,4561.1,3881,35
2026.05.05 17:00:00,4561.11,4562.5,4553.06,4555.98,4199,35
2026.05.05 17:15:00,4555.99,4561.28,4555.95,4558.51,3793,35
2026.05.05 17:30:00,4558.51,4562.67,4555.99,4560.3,3531,36
2026.05.05 17:45:00,4560.29,4562.1,4558.15,4559.69,3059,42
2026.05.05 18:00:00,4559.69,4564.72,4558.47,4564.13,3043,38
2026.05.05 18:15:00,4564.13,4565.2,4560.93,4562.0,2776,42
2026.05.05 18:30:00,4562.08,4562.63,4557.47,4561.49,2957,35
2026.05.05 18:45:00,4561.5,4565.69,4559.52,4560.94,3335,42
2026.05.05 19:00:00,4560.94,4561.55,4556.79,4557.09,3058,42
2026.05.05 19:15:00,4557.07,4558.82,4554.79,4556.09,3032,35
2026.05.05 19:30:00,4556.09,4558.03,4555.44,4555.49,2356,42
2026.05.05 19:45:00,4555.53,4558.76,4551.53,4554.56,3737,36
2026.05.05 20:00:00,4554.99,4557.2,4553.95,4556.99,2026,42
2026.05.05 20:15:00,4556.26,4559.62,4555.05,4559.1,2124,35
2026.05.05 20:30:00,4559.14,4559.92,4554.76,4555.44,1664,42
2026.05.05 20:45:00,4555.44,4557.57,4554.26,4557.38,1434,42
2026.05.05 22:00:00,4558.21,4558.26,4548.92,4550.56,2440,42
2026.05.05 22:15:00,4550.56,4550.82,4546.33,4546.63,2215,35
2026.05.05 22:30:00,4546.58,4550.87,4546.05,4548.63,1851,35
2026.05.05 22:45:00,4548.54,4576.7,4546.93,4573.53,3702,35
2026.05.05 23:00:00,4573.53,4590.57,4569.41,4588.7,4221,39
2026.05.05 23:15:00,4588.7,4589.78,4581.98,4582.05,3962,36
2026.05.05 23:30:00,4582.01,4588.39,4579.43,4585.13,3125,35
2026.05.05 23:45:00,4585.11,4595.83,4584.29,4593.89,3554,42
2026.05.06 00:00:00,4593.8,4598.07,4589.29,4591.79,4471,35
2026.05.06 00:15:00,4591.79,4603.94,4588.15,4602.05,4500,35
2026.05.06 00:30:00,4602.07,4611.01,4601.93,4610.23,3963,35
2026.05.06 00:45:00,4610.15,4619.88,4609.2,4618.59,3885,41
2026.05.06 01:00:00,4618.56,4622.44,4609.37,4611.4,4974,35
2026.05.06 01:15:00,4611.38,4625.67,4609.64,4624.87,4539,35
2026.05.06 01:30:00,4624.87,4626.14,4620.26,4623.72,4200,40
2026.05.06 01:45:00,4623.64,4628.59,4623.32,4625.92,3865,35
2026.05.06 02:00:00,4625.82,4634.14,4625.28,4633.22,3908,35
2026.05.06 02:15:00,4633.22,4636.1,4629.65,4629.94,3106,35
2026.05.06 02:30:00,4630.26,4634.89,4626.87,4634.52,3742,41
2026.05.06 02:45:00,4634.46,4641.68,4633.75,4640.52,3578,35
2026.05.06 03:00:00,4640.53,4650.14,4638.48,4647.75,3922,35
2026.05.06 03:15:00,4647.67,4650.94,4644.48,4645.48,3509,35
2026.05.06 03:30:00,4645.49,4651.84,4642.54,4647.68,3591,38
2026.05.06 03:45:00,4647.69,4648.44,4642.85,4643.69,2283,35
2026.05.06 04:00:00,4643.66,4647.65,4643.25,4647.55,2440,42
2026.05.06 04:15:00,4647.56,4653.45,4645.53,4652.36,2643,35
2026.05.06 04:30:00,4652.38,4652.43,4646.04,4647.73,4172,35
2026.05.06 04:45:00,4647.73,4652.67,4647.06,4648.86,3150,42
2026.05.06 05:00:00,4648.89,4656.49,4648.74,4654.83,3132,35
2026.05.06 05:15:00,4654.8,4655.12,4649.43,4650.28,3026,38
2026.05.06 05:30:00,4650.26,4651.95,4644.52,4649.83,4125,42
2026.05.06 05:45:00,4649.86,4663.81,4649.15,4662.88,4047,38
2026.05.06 06:00:00,4662.88,4665.7,4656.86,4660.02,4828,35
2026.05.06 06:15:00,4660.02,4666.56,4657.84,4665.99,3972,35
2026.05.06 06:30:00,4666.07,4668.53,4659.96,4664.07,4354,35
2026.05.06 06:45:00,4664.06,4669.3,4662.8,4669.26,3841,35
2026.05.06 07:00:00,4669.28,4670.28,4658.31,4658.51,4012,35
2026.05.06 07:15:00,4658.53,4669.85,4657.3,4667.19,4415,35
2026.05.06 07:30:00,4667.23,4670.4,4662.97,4670.4,3983,35
2026.05.06 07:45:00,4670.37,4681.55,4669.93,4681.41,4864,35
2026.05.06 08:00:00,4681.12,4682.23,4674.95,4679.45,4754,35
2026.05.06 08:15:00,4679.37,4680.69,4676.68,4676.87,3603,35
2026.05.06 08:30:00,4676.89,4678.78,4671.72,4677.38,4110,35
2026.05.06 08:45:00,4677.37,4702.5,4677.32,4699.72,6069,35
2026.05.06 09:00:00,4700.0,4708.65,4689.16,4695.73,5999,35
2026.05.06 09:15:00,4695.66,4704.83,4691.27,4700.08,5531,35
2026.05.06 09:30:00,4699.76,4705.92,4695.75,4696.02,5098,35
2026.05.06 09:45:00,4696.02,4702.86,4693.7,4701.63,4349,35
2026.05.06 10:00:00,4701.64,4705.45,4695.88,4698.12,4656,35
2026.05.06 10:15:00,4698.11,4704.58,4695.32,4704.08,4266,35
2026.05.06 10:30:00,4704.08,4715.98,4704.08,4713.98,5267,35
2026.05.06 10:45:00,4714.04,4722.52,4707.2,4717.93,5849,35
2026.05.06 11:00:00,4717.93,4721.19,4709.24,4711.87,5600,35
2026.05.06 11:15:00,4711.94,4713.59,4705.41,4705.44,4852,35
2026.05.06 11:30:00,4705.31,4715.38,4698.7,4699.46,5251,35
2026.05.06 11:45:00,4699.47,4702.62,4690.58,4691.88,5403,35
2026.05.06 12:00:00,4691.83,4692.9,4670.8,4673.11,6105,35
2026.05.06 12:15:00,4673.12,4688.61,4660.69,4683.32,6345,35
2026.05.06 12:30:00,4683.69,4685.41,4678.05,4682.59,5087,35
2026.05.06 12:45:00,4682.59,4684.49,4676.63,4683.12,4696,35
2026.05.06 13:00:00,4683.09,4692.2,4668.79,4683.51,6453,35
2026.05.06 13:15:00,4683.5,4691.06,4679.78,4685.27,5180,35
2026.05.06 13:30:00,4685.26,4699.17,4680.19,4695.3,7055,35
2026.05.06 13:45:00,4695.3,4707.92,4692.49,4702.09,6541,35
2026.05.06 14:00:00,4702.17,4712.52,4697.92,4710.86,6933,35
2026.05.06 14:15:00,4710.89,4717.47,4704.76,4705.73,6325,35
2026.05.06 14:30:00,4705.95,4714.42,4704.53,4713.07,6055,35
2026.05.06 14:45:00,4713.13,4713.88,4700.76,4702.81,6031,35
2026.05.06 15:00:00,4702.78,4705.74,4693.3,4696.59,5771,35
2026.05.06 15:15:00,4696.58,4703.19,4694.14,4695.43,5094,35
2026.05.06 15:30:00,4695.47,4697.86,4689.31,4692.7,4946,35
2026.05.06 15:45:00,4692.7,4694.82,4687.71,4687.76,4873,35
2026.05.06 16:00:00,4687.56,4688.43,4681.13,4683.67,5210,35
2026.05.06 16:15:00,4683.57,4688.52,4682.55,4688.27,4261,35
2026.05.06 16:30:00,4688.25,4692.02,4685.36,4688.56,4146,35
2026.05.06 16:45:00,4688.5,4689.92,4679.62,4682.7,4539,35
2026.05.06 17:00:00,4682.7,4688.0,4679.64,4685.43,4401,35
2026.05.06 17:15:00,4685.42,4686.07,4679.95,4682.96,4184,35
2026.05.06 17:30:00,4682.92,4683.33,4678.83,4680.5,3491,37
2026.05.06 17:45:00,4680.47,4684.38,4680.3,4684.0,3235,42
2026.05.06 18:00:00,4684.02,4687.43,4681.83,4686.69,3156,42
2026.05.06 18:15:00,4686.73,4690.41,4686.38,4687.66,3072,42
2026.05.06 18:30:00,4687.95,4690.26,4685.08,4686.08,3060,42
2026.05.06 18:45:00,4686.1,4688.06,4684.57,4685.94,2902,42
2026.05.06 19:00:00,4685.94,4695.65,4685.9,4695.03,3193,42
2026.05.06 19:15:00,4695.06,4699.98,4694.6,4698.3,3043,41
2026.05.06 19:30:00,4698.3,4698.86,4693.71,4695.27,3138,42
2026.05.06 19:45:00,4695.28,4698.02,4692.19,4692.2,3499,42
2026.05.06 20:00:00,4692.24,4699.5,4692.24,4698.83,2597,35
2026.05.06 20:15:00,4698.87,4699.37,4691.94,4692.68,2148,42
2026.05.06 20:30:00,4692.7,4693.05,4688.55,4688.55,1939,35
2026.05.06 20:45:00,4688.5,4691.75,4685.07,4690.84,2006,42
2026.05.06 22:00:00,4698.24,4698.24,4689.23,4696.92,2259,42
2026.05.06 22:15:00,4696.92,4699.88,4693.3,4695.45,2497,35
2026.05.06 22:30:00,4695.44,4699.56,4694.32,4698.76,1925,35
2026.05.06 22:45:00,4698.76,4698.76,4694.33,4694.77,2039,35
2026.05.06 23:00:00,4694.75,4698.41,4693.86,4694.27,2054,42
2026.05.06 23:15:00,4694.22,4697.9,4690.04,4693.13,2412,41
2026.05.06 23:30:00,4693.2,4694.27,4691.54,4693.5,1811,42
2026.05.06 23:45:00,4693.48,4699.5,4693.42,4698.79,2835,42
2026.05.07 00:00:00,4698.74,4700.8,4689.69,4699.77,5425,35
2026.05.07 00:15:00,4699.77,4701.02,4692.11,4692.34,4483,41
2026.05.07 00:30:00,4692.31,4693.35,4685.76,4688.42,3984,35
2026.05.07 00:45:00,4688.41,4691.54,4685.45,4688.55,3767,41
2026.05.07 01:00:00,4688.55,4710.89,4685.18,4709.64,5760,35
2026.05.07 01:15:00,4709.64,4716.3,4703.56,4704.05,5529,41
2026.05.07 01:30:00,4703.88,4717.88,4702.18,4712.68,5161,42
2026.05.07 01:45:00,4712.65,4721.51,4712.37,4714.59,4514,35
2026.05.07 02:00:00,4714.59,4718.43,4703.41,4704.04,4808,42
2026.05.07 02:15:00,4704.11,4707.75,4701.64,4702.65,3740,42
2026.05.07 02:30:00,4702.53,4705.29,4699.68,4704.03,3951,42
2026.05.07 02:45:00,4704.04,4709.85,4704.04,4707.09,3674,41
2026.05.07 03:00:00,4706.96,4709.82,4704.07,4705.73,3543,42
2026.05.07 03:15:00,4705.77,4708.69,4704.2,4704.32,3195,42
2026.05.07 03:30:00,4704.36,4704.91,4702.23,4703.76,2644,42
2026.05.07 03:45:00,4703.76,4704.75,4698.8,4699.06,2618,42
2026.05.07 04:00:00,4699.05,4700.79,4696.56,4696.6,3314,42
2026.05.07 04:15:00,4696.62,4698.45,4694.78,4696.81,2911,38
2026.05.07 04:30:00,4696.79,4698.92,4692.34,4697.89,2556,42
2026.05.07 04:45:00,4698.03,4698.85,4693.78,4696.29,2860,42
2026.05.07 05:00:00,4696.27,4701.0,4696.17,4700.26,3258,35
2026.05.07 05:15:00,4700.26,4700.6,4694.67,4695.85,2950,42
2026.05.07 05:30:00,4695.84,4705.9,4694.88,4703.51,3987,35
2026.05.07 05:45:00,4703.48,4706.48,4700.82,4701.06,3807,42
2026.05.07 06:00:00,4701.13,4710.36,4701.0,4707.92,4210,35
2026.05.07 06:15:00,4707.97,4717.92,4707.04,4717.24,4587,35
2026.05.07 06:30:00,4717.07,4749.85,4715.86,4745.85,6286,35
2026.05.07 06:45:00,4745.52,4746.96,4735.62,4739.02,4657,36
2026.05.07 07:00:00,4738.39,4750.2,4731.53,4749.0,6235,35
2026.05.07 07:15:00,4749.03,4750.51,4737.77,4739.41,5860,35
2026.05.07 07:30:00,4739.41,4743.95,4738.14,4742.92,4814,35
2026.05.07 07:45:00,4742.92,4744.37,4737.07,4743.0,4929,35
2026.05.07 08:00:00,4742.99,4753.57,4742.26,4742.6,6057,35
2026.05.07 08:15:00,4742.58,4742.98,4733.67,4740.2,5298,35
2026.05.07 08:30:00,4740.19,4741.76,4733.82,4735.16,4432,35
2026.05.07 08:45:00,4735.08,4737.14,4730.59,4730.92,4657,35
2026.05.07 09:00:00,4730.97,4736.22,4721.71,4733.98,5255,35
2026.05.07 09:15:00,4733.99,4738.82,4731.14,4735.52,4403,35
2026.05.07 09:30:00,4735.28,4739.34,4732.95,4737.77,4331,35
2026.05.07 09:45:00,4737.99,4738.99,4725.79,4729.05,4530,35
2026.05.07 10:00:00,4728.99,4734.88,4726.58,4734.69,4622,35
2026.05.07 10:15:00,4734.71,4736.03,4728.52,4732.38,3782,35
2026.05.07 10:30:00,4732.4,4739.75,4727.72,4738.98,3919,35
2026.05.07 10:45:00,4739.04,4739.6,4735.17,4735.55,3777,35
2026.05.07 11:00:00,4736.11,4737.15,4728.28,4730.12,4123,35
2026.05.07 11:15:00,4730.15,4736.69,4727.14,4732.61,4852,35
2026.05.07 11:30:00,4732.64,4738.05,4731.69,4736.74,4590,35
2026.05.07 11:45:00,4736.76,4743.49,4734.07,4742.69,5017,35
2026.05.07 12:00:00,4743.06,4746.2,4739.7,4744.07,5680,35
2026.05.07 12:15:00,4743.86,4747.03,4733.38,4738.02,5449,35
2026.05.07 12:30:00,4738.02,4751.7,4737.26,4751.17,5233,35
2026.05.07 12:45:00,4751.22,4752.57,4744.91,4750.07,5147,35
2026.05.07 13:00:00,4750.07,4750.32,4731.13,4733.41,6224,35
2026.05.07 13:15:00,4733.41,4746.54,4731.24,4745.26,5510,35
2026.05.07 13:30:00,4744.99,4757.95,4743.48,4748.1,6899,35
2026.05.07 13:45:00,4748.11,4749.23,4737.51,4746.33,6954,35
2026.05.07 14:00:00,4745.91,4753.76,4742.31,4751.83,6353,35
2026.05.07 14:15:00,4751.81,4759.33,4741.26,4756.54,6135,35
2026.05.07 14:30:00,4756.44,4758.88,4747.71,4751.75,6014,35
2026.05.07 14:45:00,4751.79,4763.35,4751.07,4762.55,5614,35
2026.05.07 15:00:00,4762.55,4764.71,4754.56,4754.75,5967,35
2026.05.07 15:15:00,4754.77,4756.2,4736.34,4740.29,6573,35
2026.05.07 15:30:00,4740.24,4746.88,4738.82,4738.9,5740,35
2026.05.07 15:45:00,4738.83,4739.91,4726.38,4729.06,6601,35
2026.05.07 16:00:00,4729.11,4729.46,4713.12,4715.23,7173,35
2026.05.07 16:15:00,4715.21,4722.89,4704.28,4720.11,7138,35
2026.05.07 16:30:00,4720.15,4720.83,4710.17,4711.13,6157,35
2026.05.07 16:45:00,4711.13,4717.95,4710.52,4714.87,5794,35
2026.05.07 17:00:00,4714.91,4719.37,4711.63,4714.5,5575,35
2026.05.07 17:15:00,4714.63,4718.99,4687.58,4699.09,6878,38
2026.05.07 17:30:00,4698.76,4705.81,4693.21,4699.57,6943,35
2026.05.07 17:45:00,4699.46,4711.98,4697.95,4711.23,6144,35
2026.05.07 18:00:00,4711.28,4712.42,4704.87,4707.96,5551,42
2026.05.07 18:15:00,4707.98,4712.97,4705.5,4712.8,5108,42
2026.05.07 18:30:00,4712.87,4715.88,4703.23,4706.04,5643,42
2026.05.07 18:45:00,4705.92,4711.26,4695.55,4709.6,6751,37
2026.05.07 19:00:00,4709.78,4712.78,4704.99,4710.0,5752,42
2026.05.07 19:15:00,4709.99,4710.87,4697.61,4705.08,6320,42
2026.05.07 19:30:00,4705.09,4712.04,4703.43,4709.61,4950,35
2026.05.07 19:45:00,4709.61,4710.72,4702.72,4703.06,5303,35
2026.05.07 20:00:00,4703.08,4719.02,4703.08,4711.4,4420,35
2026.05.07 20:15:00,4711.4,4714.21,4709.28,4712.88,2848,42
2026.05.07 20:30:00,4712.88,4715.59,4696.66,4703.81,3980,35
2026.05.07 20:45:00,4703.78,4703.95,4686.01,4687.03,3643,35
2026.05.07 22:00:00,4686.82,4697.73,4686.35,4691.26,2784,41
2026.05.07 22:15:00,4691.24,4699.0,4689.15,4693.57,3146,35
2026.05.07 22:30:00,4693.61,4694.99,4685.94,4686.95,3128,35
2026.05.07 22:45:00,4686.93,4688.22,4681.55,4685.81,2705,42
2026.05.07 23:00:00,4685.58,4693.66,4684.34,4691.49,2822,42
2026.05.07 23:15:00,4691.49,4698.38,4691.49,4696.47,2232,42
2026.05.07 23:30:00,4696.44,4699.07,4694.89,4697.69,2266,35
2026.05.07 23:45:00,4697.72,4705.5,4697.56,4704.12,3197,41
2026.05.08 00:00:00,4704.73,4709.37,4701.44,4702.51,3955,35
2026.05.08 00:15:00,4702.53,4705.55,4693.79,4697.09,4088,35
2026.05.08 00:30:00,4697.09,4708.09,4696.05,4704.99,3458,42
2026.05.08 00:45:00,4704.97,4705.81,4696.81,4701.25,3267,42
2026.05.08 01:00:00,4701.22,4719.15,4700.56,4713.97,4997,35
2026.05.08 01:15:00,4713.97,4718.29,4711.38,4712.46,3789,35
2026.05.08 01:30:00,4712.39,4714.97,4705.06,4710.75,4114,41
2026.05.08 01:45:00,4710.93,4725.65,4710.93,4722.58,4650,35
2026.05.08 02:00:00,4722.64,4732.8,4721.19,4724.06,4046,35
2026.05.08 02:15:00,4724.02,4724.39,4718.03,4721.37,3354,35
2026.05.08 02:30:00,4721.4,4723.48,4706.76,4710.2,4484,42
2026.05.08 02:45:00,4710.2,4717.53,4708.49,4713.19,3954,42
2026.05.08 03:00:00,4713.11,4720.02,4711.05,4719.91,3276,42
2026.05.08 03:15:00,4719.91,4722.59,4717.05,4720.2,2765,42
2026.05.08 03:30:00,4720.17,4730.97,4719.82,4724.93,3351,35
2026.05.08 03:45:00,4724.94,4725.22,4717.93,4719.49,2509,42
2026.05.08 04:00:00,4719.62,4723.26,4714.67,4714.77,2956,41
2026.05.08 04:15:00,4714.73,4718.19,4713.28,4717.28,2353,42
2026.05.08 04:30:00,4717.42,4718.4,4708.95,4711.98,3004,39
2026.05.08 04:45:00,4712.01,4716.4,4709.66,4710.97,2935,35
2026.05.08 05:00:00,4710.96,4716.15,4709.5,4712.05,2904,35
2026.05.08 05:15:00,4712.13,4720.16,4710.43,4719.27,2704,35
2026.05.08 05:30:00,4719.27,4727.09,4719.27,4724.45,4213,35
2026.05.08 05:45:00,4724.47,4730.98,4723.21,4727.47,3743,35
2026.05.08 06:00:00,4727.45,4730.36,4712.72,4722.73,4960,35
2026.05.08 06:15:00,4722.77,4734.33,4721.29,4733.52,4388,35
2026.05.08 06:30:00,4733.51,4734.23,4725.53,4729.08,4158,35
2026.05.08 06:45:00,4729.11,4729.58,4721.16,4725.56,4005,35
2026.05.08 07:00:00,4725.54,4726.28,4715.21,4715.21,4445,35
2026.05.08 07:15:00,4715.22,4718.43,4697.35,4706.56,5543,35
2026.05.08 07:30:00,4706.33,4711.68,4701.07,4708.12,4595,35
2026.05.08 07:45:00,4708.16,4713.38,4706.97,4707.79,4370,35
2026.05.08 08:00:00,4708.05,4713.06,4706.64,4711.42,4021,35
2026.05.08 08:15:00,4711.42,4722.37,4711.19,4716.99,4344,35
2026.05.08 08:30:00,4716.99,4723.4,4716.34,4716.91,3958,35
2026.05.08 08:45:00,4716.78,4719.98,4714.93,4715.69,3330,35
2026.05.08 09:00:00,4715.68,4720.32,4713.6,4718.62,3757,35
2026.05.08 09:15:00,4718.6,4722.76,4717.66,4717.97,3610,35
2026.05.08 09:30:00,4717.93,4718.6,4709.34,4713.29,4063,35
2026.05.08 09:45:00,4713.29,4713.86,4707.27,4711.86,3876,35
2026.05.08 10:00:00,4711.87,4718.72,4711.16,4718.72,3271,35
2026.05.08 10:15:00,4718.73,4723.8,4717.29,4720.34,3374,35
2026.05.08 10:30:00,4720.38,4727.86,4720.16,4724.4,3620,35
2026.05.08 10:45:00,4724.44,4724.45,4715.26,4719.71,3778,35
2026.05.08 11:00:00,4719.86,4727.28,4718.72,4721.94,4215,35
2026.05.08 11:15:00,4721.73,4725.64,4719.98,4723.92,3514,35
2026.05.08 11:30:00,4723.92,4725.8,4720.79,4720.97,3495,35
2026.05.08 11:45:00,4720.9,4721.26,4713.49,4717.75,4050,35
2026.05.08 12:00:00,4717.76,4719.76,4703.89,4704.45,4688,35
2026.05.08 12:15:00,4703.98,4710.82,4702.77,4710.04,4341,35
2026.05.08 12:30:00,4710.09,4730.59,4702.66,4723.73,5971,35
2026.05.08 12:45:00,4723.92,4731.85,4719.2,4724.25,5487,35
2026.05.08 13:00:00,4723.78,4728.91,4716.41,4720.1,5645,35
2026.05.08 13:15:00,4720.07,4728.0,4719.39,4727.3,4881,35
2026.05.08 13:30:00,4727.43,4744.27,4726.65,4738.13,6229,35
2026.05.08 13:45:00,4738.14,4747.78,4735.06,4747.78,5621,35
2026.05.08 14:00:00,4747.8,4749.53,4718.59,4731.76,6135,35
2026.05.08 14:15:00,4731.51,4734.01,4718.43,4719.35,5743,35
2026.05.08 14:30:00,4717.92,4725.5,4713.74,4722.62,5737,35
2026.05.08 14:45:00,4722.37,4724.59,4713.4,4715.85,5587,35
2026.05.08 15:00:00,4715.74,4720.66,4706.25,4707.75,5475,35
2026.05.08 15:15:00,4707.81,4713.39,4704.47,4712.99,5556,35
2026.05.08 15:30:00,4712.99,4714.88,4703.99,4706.24,5285,35
2026.05.08 15:45:00,4706.22,4711.05,4701.93,4706.96,4829,35
2026.05.08 16:00:00,4706.98,4712.46,4705.38,4711.43,4242,35
2026.05.08 16:15:00,4711.43,4717.5,4711.33,4717.48,3836,35
2026.05.08 16:30:00,4717.63,4720.14,4713.2,4713.36,3887,35
2026.05.08 16:45:00,4713.39,4716.2,4711.2,4712.31,3727,35
2026.05.08 17:00:00,4712.3,4716.26,4712.02,4715.11,3373,35
2026.05.08 17:15:00,4715.16,4721.9,4715.06,4720.6,3421,35
2026.05.08 17:30:00,4720.55,4721.71,4719.16,4720.68,2911,35
2026.05.08 17:45:00,4720.66,4722.62,4719.15,4720.77,2860,39
2026.05.08 18:00:00,4720.88,4728.49,4720.32,4727.39,3791,35
2026.05.08 18:15:00,4727.58,4728.92,4723.41,4725.59,2896,42
2026.05.08 18:30:00,4724.96,4726.36,4723.82,4724.65,2670,39
2026.05.08 18:45:00,4724.65,4724.65,4719.8,4721.77,3183,35
2026.05.08 19:00:00,4721.69,4725.7,4720.67,4723.52,2694,42
2026.05.08 19:15:00,4723.45,4725.0,4723.21,4723.6,1851,42
2026.05.08 19:30:00,4723.65,4726.73,4721.71,4725.26,2668,42
2026.05.08 19:45:00,4725.26,4725.81,4722.89,4723.88,2974,42
2026.05.08 20:00:00,4723.91,4724.17,4717.1,4718.77,1984,35
2026.05.08 20:15:00,4718.76,4719.25,4714.97,4717.3,1980,42
2026.05.08 20:30:00,4717.32,4719.15,4715.59,4716.17,1702,42
2026.05.08 20:45:00,4716.3,4716.64,4714.36,4715.71,1582,35
2026.05.10 22:00:00,4695.49,4701.22,4679.04,4687.21,3911,35
2026.05.10 22:15:00,4687.19,4696.24,4681.97,4694.47,3458,35
2026.05.10 22:30:00,4694.23,4694.23,4687.0,4691.02,2976,35
2026.05.10 22:45:00,4691.01,4694.53,4689.93,4691.89,2458,41
2026.05.10 23:00:00,4691.79,4697.09,4688.9,4690.08,3070,41
2026.05.10 23:15:00,4690.22,4697.09,4689.03,4694.49,2631,35
2026.05.10 23:30:00,4694.48,4698.44,4694.48,4697.42,2536,35
2026.05.10 23:45:00,4697.42,4698.47,4690.08,4691.43,3212,41
2026.05.11 00:00:00,4691.43,4691.43,4680.3,4682.49,4853,35
2026.05.11 00:15:00,4682.63,4686.57,4675.49,4683.47,4312,41
2026.05.11 00:30:00,4683.47,4693.2,4683.47,4688.97,4001,41
2026.05.11 00:45:00,4688.9,4692.68,4670.44,4683.53,4921,35
2026.05.11 01:00:00,4683.41,4699.44,4674.3,4692.0,6188,35
2026.05.11 01:15:00,4692.0,4705.19,4689.47,4698.89,5080,35
2026.05.11 01:30:00,4698.94,4701.59,4690.86,4694.3,4938,42
2026.05.11 01:45:00,4694.3,4695.86,4679.86,4685.6,4749,35
2026.05.11 02:00:00,4685.57,4692.8,4678.5,4685.88,4953,35
2026.05.11 02:15:00,4685.91,4688.52,4682.67,4688.31,3269,42
2026.05.11 02:30:00,4688.29,4700.12,4687.74,4688.4,4455,35
2026.05.11 02:45:00,4688.21,4693.5,4676.41,4681.57,4734,41
2026.05.11 03:00:00,4681.38,4689.57,4674.95,4686.87,4235,42
2026.05.11 03:15:00,4686.91,4690.19,4683.84,4689.35,3897,41
2026.05.11 03:30:00,4689.35,4690.25,4682.15,4687.74,3404,39
2026.05.11 03:45:00,4687.72,4687.72,4676.86,4678.6,2971,35
2026.05.11 04:00:00,4678.57,4679.7,4673.61,4677.47,3672,35
2026.05.11 04:15:00,4677.47,4678.7,4670.01,4671.75,3250,35
2026.05.11 04:30:00,4671.62,4674.54,4668.36,4672.94,3445,35
2026.05.11 04:45:00,4672.94,4675.87,4671.66,4672.0,2624,35
2026.05.11 05:00:00,4672.0,4676.01,4670.68,4673.35,3092,35
2026.05.11 05:15:00,4673.3,4675.26,4670.67,4670.67,2656,37
2026.05.11 05:30:00,4670.58,4680.61,4662.21,4663.82,4612,35
2026.05.11 05:45:00,4663.85,4663.9,4647.83,4652.25,5328,35
2026.05.11 06:00:00,4652.2,4666.93,4649.08,4665.24,4946,42
2026.05.11 06:15:00,4665.28,4670.69,4664.56,4667.26,4324,38
2026.05.11 06:30:00,4667.34,4675.51,4667.04,4674.3,4127,35
2026.05.11 06:45:00,4674.3,4680.25,4671.4,4678.25,4290,35
2026.05.11 07:00:00,4678.25,4680.25,4674.37,4675.91,4051,35
2026.05.11 07:15:00,4675.91,4678.05,4672.07,4675.63,3677,35
2026.05.11 07:30:00,4675.58,4678.04,4671.66,4672.02,3290,35
2026.05.11 07:45:00,4671.96,4672.81,4664.31,4667.64,3774,35
2026.05.11 08:00:00,4667.66,4673.5,4664.17,4671.93,4296,35
2026.05.11 08:15:00,4671.92,4678.61,4671.53,4671.53,4175,35
2026.05.11 08:30:00,4670.92,4675.26,4669.12,4670.35,3803,35
2026.05.11 08:45:00,4670.37,4671.4,4666.69,4667.44,3202,35
2026.05.11 09:00:00,4667.53,4669.86,4665.08,4667.45,3265,35
2026.05.11 09:15:00,4667.46,4667.48,4656.81,4657.52,3650,35
2026.05.11 09:30:00,4657.54,4663.51,4650.62,4662.75,4499,35
2026.05.11 09:45:00,4662.72,4664.64,4656.15,4656.62,3669,35
2026.05.11 10:00:00,4656.26,4662.79,4656.26,4662.43,3435,35
2026.05.11 10:15:00,4662.44,4665.58,4660.28,4663.21,3125,35
2026.05.11 10:30:00,4663.26,4666.53,4660.31,4663.3,3572,35
2026.05.11 10:45:00,4663.39,4667.3,4661.25,4663.87,3434,35
2026.05.11 11:00:00,4664.46,4672.23,4664.25,4669.33,4031,35
2026.05.11 11:15:00,4669.31,4671.94,4667.36,4671.78,3257,35
2026.05.11 11:30:00,4671.76,4677.48,4670.17,4674.46,4144,35
2026.05.11 11:45:00,4674.4,4675.04,4670.19,4674.38,3616,35
2026.05.11 12:00:00,4674.31,4675.74,4667.25,4668.35,4222,35
2026.05.11 12:15:00,4668.42,4695.38,4667.53,4690.61,5537,35
2026.05.11 12:30:00,4690.7,4698.26,4688.99,4692.06,5257,35
2026.05.11 12:45:00,4692.06,4700.97,4686.22,4699.96,5160,35
2026.05.11 13:00:00,4700.19,4721.64,4698.71,4720.79,6200,35
2026.05.11 13:15:00,4720.69,4735.68,4720.33,4728.4,6149,35
2026.05.11 13:30:00,4728.44,4745.53,4728.22,4743.53,6549,35
2026.05.11 13:45:00,4743.51,4748.62,4734.73,4736.18,6012,35
2026.05.11 14:00:00,4736.19,4738.52,4718.71,4730.83,6002,35
2026.05.11 14:15:00,4730.84,4733.69,4724.44,4724.99,5377,35
2026.05.11 14:30:00,4725.04,4733.43,4715.29,4732.46,6093,35
2026.05.11 14:45:00,4732.44,4733.85,4723.83,4725.46,5240,35
2026.05.11 15:00:00,4725.44,4731.72,4722.83,4728.44,4917,35
2026.05.11 15:15:00,4728.92,4738.19,4727.3,4732.8,4908,35
2026.05.11 15:30:00,4732.83,4734.77,4726.87,4727.33,4513,35
2026.05.11 15:45:00,4727.41,4732.81,4725.18,4732.2,4206,35
2026.05.11 16:00:00,4732.32,4733.35,4726.98,4727.75,3520,35
2026.05.11 16:15:00,4727.74,4728.16,4722.39,4723.89,3810,35
2026.05.11 16:30:00,4723.85,4726.13,4707.98,4711.39,4626,35
2026.05.11 16:45:00,4711.41,4716.71,4709.29,4716.29,4621,35
2026.05.11 17:00:00,4716.19,4719.75,4715.64,4718.19,4207,35
2026.05.11 17:15:00,4718.29,4721.62,4717.02,4718.07,3778,35
2026.05.11 17:30:00,4718.05,4724.25,4717.61,4723.72,3446,35
2026.05.11 17:45:00,4723.72,4724.43,4721.71,4723.56,2739,42
2026.05.11 18:00:00,4723.55,4726.95,4722.0,4723.41,3506,42
2026.05.11 18:15:00,4723.41,4727.44,4721.11,4726.85,3613,35
2026.05.11 18:30:00,4726.68,4729.28,4725.69,4726.74,2920,42
2026.05.11 18:45:00,4726.81,4729.16,4724.87,4724.99,3021,42
2026.05.11 19:00:00,4725.09,4728.5,4723.86,4724.71,3607,42
2026.05.11 19:15:00,4724.75,4725.4,4723.14,4724.22,2495,35
2026.05.11 19:30:00,4724.16,4728.45,4722.24,4726.83,2680,35
2026.05.11 19:45:00,4726.85,4736.0,4726.85,4733.24,3582,35
2026.05.11 20:00:00,4733.4,4737.69,4730.14,4734.99,2746,35
2026.05.11 20:15:00,4734.99,4735.3,4733.38,4735.19,1634,42
2026.05.11 20:30:00,4735.17,4738.37,4734.79,4737.42,1304,35
2026.05.11 20:45:00,4737.37,4737.57,4732.35,4734.79,1588,42
2026.05.11 22:00:00,4740.32,4743.46,4738.28,4739.2,2265,35
2026.05.11 22:15:00,4739.05,4742.06,4737.37,4739.79,1843,42
2026.05.11 22:30:00,4739.79,4744.91,4738.86,4744.73,1957,35
2026.05.11 22:45:00,4744.66,4754.89,4744.03,4750.94,2830,35
2026.05.11 23:00:00,4751.5,4754.49,4746.2,4751.08,3001,36
2026.05.11 23:15:00,4751.05,4754.7,4750.65,4752.82,2752,42
2026.05.11 23:30:00,4752.81,4759.12,4751.37,4755.88,3206,35
2026.05.11 23:45:00,4755.88,4769.66,4755.34,4767.22,3668,35
2026.05.12 00:00:00,4767.21,4769.38,4758.57,4766.83,4492,35
2026.05.12 00:15:00,4766.86,4773.71,4753.18,4762.12,4324,35
2026.05.12 00:30:00,4762.1,4763.72,4757.37,4757.78,3378,42
2026.05.12 00:45:00,4758.11,4761.72,4748.23,4749.03,3713,35
2026.05.12 01:00:00,4749.11,4755.47,4742.32,4746.15,5491,35
2026.05.12 01:15:00,4746.18,4751.33,4733.72,4735.07,5093,35
2026.05.12 01:30:00,4735.14,4738.75,4720.28,4729.29,5416,35
2026.05.12 01:45:00,4729.17,4731.26,4723.94,4726.95,5006,41
2026.05.12 02:00:00,4726.95,4733.85,4725.4,4731.42,4611,42
2026.05.12 02:15:00,4731.29,4731.5,4724.36,4726.88,3767,35
2026.05.12 02:30:00,4726.8,4731.77,4722.15,4731.62,4636,42
2026.05.12 02:45:00,4731.61,4733.3,4727.08,4730.02,4368,41
2026.05.12 03:00:00,4730.0,4733.03,4727.0,4730.84,3898,35
2026.05.12 03:15:00,4730.81,4731.14,4722.75,4723.76,3845,42
2026.05.12 03:30:00,4723.82,4727.92,4723.78,4723.95,3008,35
2026.05.12 03:45:00,4723.94,4724.37,4718.08,4720.09,3087,42
2026.05.12 04:00:00,4720.06,4723.26,4719.65,4721.78,2817,42
2026.05.12 04:15:00,4721.76,4730.44,4721.38,4722.42,3330,38
2026.05.12 04:30:00,4722.41,4726.34,4721.22,4724.6,2681,42
2026.05.12 04:45:00,4724.59,4725.11,4711.22,4714.2,4061,35
2026.05.12 05:00:00,4714.06,4718.55,4708.62,4712.26,4071,35
2026.05.12 05:15:00,4712.54,4716.78,4712.3,4715.2,3388,42
2026.05.12 05:30:00,4715.2,4721.95,4712.98,4715.36,4505,35
2026.05.12 05:45:00,4714.97,4719.75,4710.13,4714.29,4430,38
2026.05.12 06:00:00,4714.09,4714.32,4702.66,4705.04,5074,35
2026.05.12 06:15:00,4705.0,4706.82,4695.09,4695.91,4499,35
2026.05.12 06:30:00,4695.91,4704.85,4695.17,4702.31,4262,35
2026.05.12 06:45:00,4702.26,4704.15,4693.91,4696.87,4833,35
2026.05.12 07:00:00,4696.77,4698.15,4687.54,4695.75,5154,35
2026.05.12 07:15:00,4695.72,4699.59,4693.72,4697.84,4170,35
2026.05.12 07:30:00,4697.84,4702.4,4695.56,4700.27,4183,35
2026.05.12 07:45:00,4700.29,4703.66,4697.63,4699.84,3851,35
2026.05.12 08:00:00,4699.64,4706.66,4698.98,4699.7,3881,35
2026.05.12 08:15:00,4699.88,4704.15,4697.14,4702.91,3690,35
2026.05.12 08:30:00,4702.89,4704.3,4697.98,4699.99,3638,35
2026.05.12 08:45:00,4699.92,4706.55,4698.89,4703.35,3759,35
2026.05.12 09:00:00,4703.36,4703.36,4697.68,4697.68,3616,35
2026.05.12 09:15:00,4697.68,4702.25,4697.32,4699.53,3582,35
2026.05.12 09:30:00,4699.53,4705.11,4694.47,4695.32,4238,35
2026.05.12 09:45:00,4695.38,4701.55,4694.23,4699.42,3858,35
2026.05.12 10:00:00,4699.42,4708.36,4698.61,4704.82,3790,35
2026.05.12 10:15:00,4704.81,4705.41,4699.02,4700.14,3554,35
2026.05.12 10:30:00,4700.15,4700.21,4684.91,4690.63,4716,35
2026.05.12 10:45:00,4690.96,4694.36,4689.64,4694.28,3839,35
2026.05.12 11:00:00,4694.32,4698.02,4686.86,4691.58,4938,35
2026.05.12 11:15:00,4691.46,4700.38,4691.43,4700.12,4099,35
2026.05.12 11:30:00,4700.24,4705.94,4697.75,4704.24,4138,35
2026.05.12 11:45:00,4704.26,4709.31,4702.56,4706.58,4051,35
2026.05.12 12:00:00,4706.56,4708.15,4698.38,4705.73,4624,35
2026.05.12 12:15:00,4705.68,4708.29,4695.12,4697.5,4477,35
2026.05.12 12:30:00,4697.5,4708.59,4689.48,4702.59,5761,35
2026.05.12 12:45:00,4702.6,4711.52,4700.48,4705.51,5309,35
2026.05.12 13:00:00,4705.47,4709.04,4687.21,4688.74,5632,35
2026.05.12 13:15:00,4688.81,4695.37,4679.05,4690.67,5643,35
2026.05.12 13:30:00,4690.22,4701.71,4683.67,4699.28,6285,35
2026.05.12 13:45:00,4699.28,4701.45,4676.76,4679.49,6266,35
2026.05.12 14:00:00,4679.39,4694.9,4675.81,4692.78,6071,35
2026.05.12 14:15:00,4692.91,4694.0,4682.27,4683.23,5674,35
2026.05.12 14:30:00,4683.24,4687.87,4671.41,4685.66,6021,35
2026.05.12 14:45:00,4685.45,4685.56,4669.79,4672.8,5944,35
2026.05.12 15:00:00,4672.6,4676.21,4664.27,4664.57,5906,35
2026.05.12 15:15:00,4664.58,4666.25,4638.02,4655.75,6436,35
2026.05.12 15:30:00,4655.8,4667.82,4654.02,4665.58,5866,35
2026.05.12 15:45:00,4665.49,4670.12,4664.45,4666.15,5324,35
2026.05.12 16:00:00,4666.56,4673.12,4664.29,4671.82,5152,35
2026.05.12 16:15:00,4671.83,4674.95,4666.22,4668.23,4699,35
2026.05.12 16:30:00,4668.09,4671.59,4665.26,4669.7,4541,35
2026.05.12 16:45:00,4669.67,4674.26,4666.63,4671.21,4456,35
2026.05.12 17:00:00,4671.29,4679.51,4671.22,4677.07,4570,35
2026.05.12 17:15:00,4677.07,4682.37,4676.88,4679.17,4489,42
2026.05.12 17:30:00,4679.01,4680.51,4676.14,4679.57,3841,35
2026.05.12 17:45:00,4679.54,4680.49,4677.61,4678.6,3525,41
2026.05.12 18:00:00,4678.63,4683.35,4676.18,4681.31,4291,35
2026.05.12 18:15:00,4681.31,4687.65,4679.98,4685.13,3996,37
2026.05.12 18:30:00,4685.07,4697.36,4684.67,4695.21,4187,41
2026.05.12 18:45:00,4695.21,4698.03,4690.56,4695.99,4275,35
2026.05.12 19:00:00,4696.0,4702.35,4696.0,4699.84,3885,35
2026.05.12 19:15:00,4699.84,4704.51,4699.07,4703.47,3737,41
2026.05.12 19:30:00,4703.47,4710.47,4703.47,4709.37,3893,35
2026.05.12 19:45:00,4709.32,4715.82,4709.05,4715.69,3911,35
2026.05.12 20:00:00,4715.66,4719.08,4711.92,4713.24,3061,35
2026.05.12 20:15:00,4713.25,4716.1,4712.28,4713.03,2025,41
2026.05.12 20:30:00,4713.02,4715.4,4712.07,4714.69,1821,35
2026.05.12 20:45:00,4714.71,4715.68,4713.01,4715.12,1826,35
2026.05.12 22:00:00,4714.67,4720.83,4710.52,4714.58,1162,43
2026.05.12 22:15:00,4714.58,4719.3,4713.19,4717.0,1744,35
2026.05.12 22:30:00,4717.0,4720.36,4714.72,4716.37,1531,35
2026.05.12 22:45:00,4716.36,4722.35,4716.33,4716.8,1981,35
2026.05.12 23:00:00,4716.81,4722.97,4715.73,4717.68,2739,35
2026.05.12 23:15:00,4717.65,4724.08,4717.38,4720.34,2559,41
2026.05.12 23:30:00,4720.37,4721.75,4716.45,4721.03,2999,41
2026.05.12 23:45:00,4721.11,4723.33,4715.38,4716.92,3609,42
2026.05.13 00:00:00,4716.48,4726.9,4714.77,4720.29,4633,35
2026.05.13 00:15:00,4720.28,4726.22,4720.02,4722.47,4250,42
2026.05.13 00:30:00,4722.5,4725.17,4717.23,4720.26,3832,42
2026.05.13 00:45:00,4720.24,4720.35,4714.04,4714.51,3791,37
2026.05.13 01:00:00,4714.72,4717.06,4707.29,4709.48,5022,42
2026.05.13 01:15:00,4709.48,4710.6,4702.81,4704.44,4703,35
2026.05.13 01:30:00,4704.43,4710.4,4701.58,4708.69,4727,41
2026.05.13 01:45:00,4708.7,4710.85,4700.9,4702.29,3995,42
2026.05.13 02:00:00,4702.27,4707.53,4698.73,4701.37,4179,35
2026.05.13 02:15:00,4701.38,4703.99,4698.13,4700.18,3276,36
2026.05.13 02:30:00,4700.2,4700.3,4693.87,4694.34,4113,42
2026.05.13 02:45:00,4694.34,4696.97,4687.55,4691.59,4467,41
2026.05.13 03:00:00,4691.53,4694.16,4688.67,4692.21,3949,42
2026.05.13 03:15:00,4692.2,4700.66,4690.98,4700.62,3604,42
2026.05.13 03:30:00,4700.6,4705.7,4699.31,4703.69,3224,35
2026.05.13 03:45:00,4703.71,4704.8,4694.25,4695.88,3469,42
2026.05.13 04:00:00,4695.82,4698.8,4695.38,4698.19,2917,42
2026.05.13 04:15:00,4698.19,4703.26,4697.9,4701.27,2770,42
2026.05.13 04:30:00,4701.26,4703.41,4697.19,4698.46,2710,42
2026.05.13 04:45:00,4698.46,4701.7,4698.12,4699.49,2718,35
2026.05.13 05:00:00,4699.49,4707.28,4698.32,4705.13,3592,38
2026.05.13 05:15:00,4705.14,4705.37,4697.56,4698.03,3399,35
2026.05.13 05:30:00,4697.79,4702.39,4693.9,4696.79,4618,42
2026.05.13 05:45:00,4696.78,4705.32,4696.25,4703.93,4047,42
2026.05.13 06:00:00,4703.92,4712.63,4703.34,4710.62,4371,35
2026.05.13 06:15:00,4710.66,4715.3,4706.67,4708.62,4440,35
2026.05.13 06:30:00,4708.64,4713.6,4707.59,4711.33,4125,35
2026.05.13 06:45:00,4711.33,4712.19,4698.83,4701.63,4268,35
2026.05.13 07:00:00,4701.66,4705.16,4696.59,4702.44,4432,35
2026.05.13 07:15:00,4702.44,4708.66,4702.13,4707.55,3802,35
2026.05.13 07:30:00,4707.55,4707.82,4703.03,4703.62,3348,35
2026.05.13 07:45:00,4703.63,4704.64,4701.05,4702.74,3819,35
2026.05.13 08:00:00,4702.74,4704.19,4698.54,4700.06,3973,35
2026.05.13 08:15:00,4700.07,4701.0,4694.66,4697.11,3701,35
2026.05.13 08:30:00,4697.16,4699.81,4694.66,4695.91,3278,35
2026.05.13 08:45:00,4695.9,4702.92,4694.88,4700.58,3618,35
2026.05.13 09:00:00,4700.57,4701.74,4693.35,4694.59,4101,35
2026.05.13 09:15:00,4694.57,4695.05,4685.63,4688.96,4179,35
2026.05.13 09:30:00,4688.93,4694.44,4686.01,4694.05,4201,35
2026.05.13 09:45:00,4694.04,4700.94,4692.89,4700.82,3493,35
2026.05.13 10:00:00,4700.76,4710.46,4698.51,4702.26,4310,35
2026.05.13 10:15:00,4702.28,4705.6,4698.69,4699.51,4110,35
2026.05.13 10:30:00,4699.53,4699.89,4693.84,4695.76,3866,35
2026.05.13 10:45:00,4695.75,4696.78,4693.43,4693.96,3418,35
2026.05.13 11:00:00,4693.92,4699.11,4691.52,4699.02,4101,35
2026.05.13 11:15:00,4699.02,4700.47,4695.92,4698.39,3882,35
2026.05.13 11:30:00,4698.41,4705.03,4697.97,4703.29,4002,35
2026.05.13 11:45:00,4703.27,4705.31,4697.27,4697.27,3805,35
2026.05.13 12:00:00,4696.92,4701.42,4693.47,4693.94,4239,35
2026.05.13 12:15:00,4693.95,4694.17,4683.25,4684.85,5063,35
2026.05.13 12:30:00,4686.42,4687.06,4676.03,4682.74,6050,35
2026.05.13 12:45:00,4683.26,4685.34,4677.48,4683.62,5346,35
2026.05.13 13:00:00,4683.45,4691.11,4683.45,4689.81,5122,35
2026.05.13 13:15:00,4689.79,4694.65,4686.42,4688.67,4885,35
2026.05.13 13:30:00,4688.53,4690.69,4673.02,4678.76,6371,35
2026.05.13 13:45:00,4678.77,4682.94,4668.93,4679.35,6359,35
2026.05.13 14:00:00,4679.42,4683.13,4673.01,4681.19,6137,35
2026.05.13 14:15:00,4681.12,4685.26,4673.58,4684.06,5658,35
2026.05.13 14:30:00,4683.98,4690.91,4682.91,4683.87,5462,35
2026.05.13 14:45:00,4683.9,4684.94,4677.51,4679.72,5696,35
2026.05.13 15:00:00,4680.01,4690.7,4678.84,4687.47,5163,35
2026.05.13 15:15:00,4687.44,4691.91,4685.11,4691.19,4674,35
2026.05.13 15:30:00,4691.13,4700.07,4687.04,4699.24,4908,35
2026.05.13 15:45:00,4699.26,4699.44,4694.47,4695.48,4340,35
2026.05.13 16:00:00,4695.47,4702.92,4695.11,4701.98,4389,35
2026.05.13 16:15:00,4701.99,4709.89,4698.51,4706.68,4732,35
2026.05.13 16:30:00,4706.74,4707.69,4699.71,4700.03,4467,35
2026.05.13 16:45:00,4700.07,4701.38,4695.03,4695.71,3962,35
2026.05.13 17:00:00,4695.78,4700.9,4695.61,4699.49,3665,35
2026.05.13 17:15:00,4699.49,4701.26,4696.47,4698.19,3767,35
2026.05.13 17:30:00,4698.13,4698.33,4689.99,4691.2,4062,35
2026.05.13 17:45:00,4691.44,4694.15,4684.59,4685.57,3982,41
2026.05.13 18:00:00,4685.61,4692.58,4684.33,4692.3,3447,38
2026.05.13 18:15:00,4692.29,4694.01,4688.66,4691.86,3365,42
2026.05.13 18:30:00,4691.74,4692.64,4685.66,4686.05,3076,35
2026.05.13 18:45:00,4686.06,4687.51,4677.72,4684.85,4096,35
2026.05.13 19:00:00,4684.96,4688.95,4683.24,4688.85,2790,42
2026.05.13 19:15:00,4688.86,4690.36,4686.55,4687.03,3122,42
2026.05.13 19:30:00,4687.05,4688.97,4684.36,4688.39,2888,42
2026.05.13 19:45:00,4688.39,4689.26,4683.77,4688.06,3517,42
2026.05.13 20:00:00,4687.97,4691.04,4685.89,4690.7,2245,35
2026.05.13 20:15:00,4690.71,4693.35,4690.07,4691.19,1725,42
2026.05.13 20:30:00,4691.19,4692.79,4689.15,4690.57,1580,42
2026.05.13 20:45:00,4690.57,4690.97,4687.74,4688.82,1517,42
2026.05.13 22:00:00,4692.69,4694.02,4688.84,4691.07,1636,42
2026.05.13 22:15:00,4691.07,4697.16,4690.8,4696.95,2056,35
2026.05.13 22:30:00,4696.94,4700.38,4695.41,4698.96,1845,42
2026.05.13 22:45:00,4698.96,4700.47,4696.51,4699.94,1806,42
2026.05.13 23:00:00,4699.94,4702.01,4698.96,4701.15,1820,42
2026.05.13 23:15:00,4701.15,4701.25,4696.73,4697.17,1733,42
2026.05.13 23:30:00,4697.16,4697.43,4694.28,4694.57,2200,42
2026.05.13 23:45:00,4694.61,4696.72,4693.07,4696.54,2244,35
2026.05.14 00:00:00,4696.51,4699.0,4689.49,4697.51,3810,35
2026.05.14 00:15:00,4697.55,4705.17,4697.3,4700.96,4216,42
2026.05.14 00:30:00,4700.92,4703.17,4692.66,4699.83,4138,42
2026.05.14 00:45:00,4699.83,4706.61,4699.25,4704.89,3786,37
2026.05.14 01:00:00,4704.98,4706.87,4684.36,4688.81,6118,35
2026.05.14 01:15:00,4688.85,4695.0,4687.44,4692.63,4881,35
2026.05.14 01:30:00,4692.69,4694.65,4683.61,4688.61,5227,42
2026.05.14 01:45:00,4688.62,4694.66,4683.46,4688.53,5103,42
2026.05.14 02:00:00,4688.55,4693.82,4686.56,4688.19,4753,42
2026.05.14 02:15:00,4688.02,4693.97,4687.0,4693.38,3437,35
2026.05.14 02:30:00,4693.43,4699.51,4689.53,4691.77,4566,42
2026.05.14 02:45:00,4691.82,4693.26,4679.87,4686.26,5028,35
2026.05.14 03:00:00,4686.48,4690.03,4681.46,4682.84,4710,42
2026.05.14 03:15:00,4682.84,4693.17,4681.46,4691.02,4307,42
2026.05.14 03:30:00,4691.02,4691.2,4675.64,4676.35,3933,41
2026.05.14 03:45:00,4676.33,4677.84,4673.85,4674.83,3445,42
2026.05.14 04:00:00,4674.87,4682.38,4667.99,4682.03,4386,41
2026.05.14 04:15:00,4682.03,4707.24,4681.67,4702.13,4375,42
2026.05.14 04:30:00,4702.13,4712.53,4701.44,4704.82,4071,42
2026.05.14 04:45:00,4704.8,4706.59,4702.23,4702.32,3249,35
2026.05.14 05:00:00,4702.35,4704.02,4699.69,4699.89,3598,42
2026.05.14 05:15:00,4699.9,4700.24,4693.29,4693.6,3946,35
2026.05.14 05:30:00,4693.57,4701.41,4693.33,4697.32,4904,42
2026.05.14 05:45:00,4697.33,4703.15,4689.11,4689.89,4974,35
2026.05.14 06:00:00,4689.17,4694.47,4685.87,4687.73,4923,38
2026.05.14 06:15:00,4687.73,4692.86,4686.24,4691.29,4312,42
2026.05.14 06:30:00,4691.34,4699.39,4690.56,4698.69,4168,35
2026.05.14 06:45:00,4698.6,4702.25,4694.85,4700.16,4884,35
2026.05.14 07:00:00,4700.15,4702.27,4694.44,4695.31,4359,35
2026.05.14 07:15:00,4695.36,4706.72,4694.83,4705.61,4161,35
2026.05.14 07:30:00,4705.6,4718.69,4702.82,4709.28,4938,35
2026.05.14 07:45:00,4709.14,4709.91,4690.8,4693.06,4790,35
2026.05.14 08:00:00,4693.08,4700.86,4692.09,4698.85,4512,35
2026.05.14 08:15:00,4698.9,4704.74,4697.86,4702.95,4361,35
2026.05.14 08:30:00,4702.96,4706.5,4695.75,4697.09,4619,35
2026.05.14 08:45:00,4697.06,4697.66,4692.53,4693.15,4165,35
2026.05.14 09:00:00,4693.27,4697.97,4690.28,4694.44,4134,35
2026.05.14 09:15:00,4694.44,4696.63,4690.72,4690.83,3561,35
2026.05.14 09:30:00,4690.85,4696.97,4688.48,4695.35,4461,35
2026.05.14 09:45:00,4695.43,4702.29,4695.43,4699.63,4204,35
2026.05.14 10:00:00,4699.7,4705.34,4695.81,4697.2,3960,35
2026.05.14 10:15:00,4697.24,4698.32,4693.69,4697.44,4055,35
2026.05.14 10:30:00,4697.44,4697.93,4692.18,4693.59,3630,35
2026.05.14 10:45:00,4693.64,4697.45,4691.14,4696.92,4039,35
2026.05.14 11:00:00,4696.9,4698.88,4692.77,4697.39,3814,35
2026.05.14 11:15:00,4697.39,4697.52,4689.43,4691.93,3528,35
2026.05.14 11:30:00,4691.86,4697.16,4690.66,4695.3,3603,35
2026.05.14 11:45:00,4695.3,4704.75,4694.31,4694.45,4653,35
2026.05.14 12:00:00,4693.72,4703.67,4692.29,4703.66,4710,35
2026.05.14 12:15:00,4703.67,4707.7,4698.81,4702.62,4272,35
2026.05.14 12:30:00,4702.69,4709.89,4697.96,4698.16,5287,35
2026.05.14 12:45:00,4698.06,4706.23,4695.89,4704.64,4632,35
2026.05.14 13:00:00,4704.72,4707.41,4696.12,4704.05,5317,35
2026.05.14 13:15:00,4704.11,4704.39,4687.95,4688.25,5662,35
2026.05.14 13:30:00,4688.25,4689.3,4666.62,4676.74,6753,35
2026.05.14 13:45:00,4676.76,4691.08,4675.63,4679.49,6599,35
2026.05.14 14:00:00,4679.31,4690.16,4677.48,4687.48,6262,35
2026.05.14 14:15:00,4687.65,4700.75,4686.86,4691.47,5912,35
2026.05.14 14:30:00,4691.45,4692.38,4686.11,4686.93,5555,35
2026.05.14 14:45:00,4686.98,4690.53,4679.44,4679.62,5977,35
2026.05.14 15:00:00,4679.86,4686.64,4676.87,4684.94,5587,35
2026.05.14 15:15:00,4684.95,4689.27,4684.14,4685.8,4753,35
2026.05.14 15:30:00,4685.83,4688.94,4681.16,4682.45,4559,35
2026.05.14 15:45:00,4682.52,4686.57,4680.95,4685.66,4356,35
2026.05.14 16:00:00,4685.74,4686.99,4674.03,4678.51,4673,35
2026.05.14 16:15:00,4678.52,4681.18,4675.24,4677.2,4127,35
2026.05.14 16:30:00,4677.2,4678.26,4670.51,4675.19,4419,35
2026.05.14 16:45:00,4675.11,4678.92,4672.51,4678.44,4135,35
2026.05.14 17:00:00,4678.53,4682.33,4678.07,4678.54,4342,43
2026.05.14 17:15:00,4678.55,4682.9,4676.51,4677.22,4133,43
2026.05.14 17:30:00,4677.57,4681.42,4676.27,4681.17,3852,41
2026.05.14 17:45:00,4681.15,4681.69,4677.56,4678.11,2982,35
2026.05.14 18:00:00,4678.16,4678.31,4668.47,4674.63,4472,40
2026.05.14 18:15:00,4674.57,4676.3,4672.93,4673.36,3403,43
2026.05.14 18:30:00,4673.36,4674.87,4668.32,4668.47,2997,35
2026.05.14 18:45:00,4668.64,4671.81,4666.85,4671.55,2976,35
2026.05.14 19:00:00,4671.76,4671.76,4666.41,4667.34,2914,41
2026.05.14 19:15:00,4667.36,4669.05,4662.98,4663.1,2807,43
2026.05.14 19:30:00,4663.29,4665.14,4655.51,4656.48,4051,38
2026.05.14 19:45:00,4656.38,4658.84,4652.94,4654.1,4471,42
2026.05.14 20:00:00,4654.12,4657.1,4648.9,4649.62,3191,42
2026.05.14 20:15:00,4649.62,4650.96,4646.81,4648.03,2194,42
2026.05.14 20:30:00,4648.12,4652.52,4644.34,4650.61,2453,35
2026.05.14 20:45:00,4650.61,4652.38,4649.23,4652.24,1807,35
2026.05.14 22:00:00,4647.13,4657.98,4645.91,4655.26,2018,35
2026.05.14 22:15:00,4655.19,4659.23,4655.14,4658.79,2171,43
2026.05.14 22:30:00,4658.8,4662.31,4658.55,4661.71,2164,35
2026.05.14 22:45:00,4661.72,4662.7,4660.03,4662.26,1730,35
2026.05.14 23:00:00,4662.26,4663.21,4658.76,4659.07,2206,35
2026.05.14 23:15:00,4659.07,4664.27,4655.59,4663.89,2699,35
2026.05.14 23:30:00,4663.96,4665.25,4646.87,4657.12,3554,35
2026.05.14 23:45:00,4657.2,4657.57,4648.18,4652.16,3742,43
2026.05.15 00:00:00,4652.17,4653.79,4642.11,4650.46,4841,41
2026.05.15 00:15:00,4650.46,4657.98,4629.56,4629.78,5058,35
2026.05.15 00:30:00,4630.11,4630.48,4613.55,4618.51,5268,35
2026.05.15 00:45:00,4619.06,4630.28,4617.23,4630.09,5261,35
2026.05.15 01:00:00,4629.61,4631.35,4607.64,4614.29,6390,35
2026.05.15 01:15:00,4614.25,4625.25,4607.95,4608.79,5990,38
2026.05.15 01:30:00,4608.75,4622.77,4607.39,4622.66,5712,35
2026.05.15 01:45:00,4622.66,4624.29,4607.09,4613.81,5750,43
2026.05.15 02:00:00,4614.07,4619.11,4609.52,4613.16,5467,42
2026.05.15 02:15:00,4612.99,4616.51,4609.52,4612.4,4721,35
2026.05.15 02:30:00,4612.42,4617.72,4609.46,4617.72,5034,39
2026.05.15 02:45:00,4617.74,4623.11,4611.8,4617.95,5113,42
2026.05.15 03:00:00,4617.82,4622.1,4614.76,4617.4,4467,42
2026.05.15 03:15:00,4617.4,4618.23,4609.65,4612.71,4245,35
2026.05.15 03:30:00,4612.7,4617.2,4607.46,4613.29,3908,35
2026.05.15 03:45:00,4613.31,4617.14,4610.33,4615.31,3510,35
2026.05.15 04:00:00,4615.32,4621.42,4612.66,4619.87,3499,35
2026.05.15 04:15:00,4619.88,4620.61,4607.41,4610.8,3537,35
2026.05.15 04:30:00,4610.81,4614.79,4604.31,4605.61,3392,35
2026.05.15 04:45:00,4605.61,4612.34,4604.84,4605.79,3711,41
2026.05.15 05:00:00,4606.16,4606.39,4588.53,4591.93,5141,35
2026.05.15 05:15:00,4591.91,4595.14,4580.88,4588.69,5001,36
2026.05.15 05:30:00,4588.79,4589.6,4563.74,4568.82,6198,35
2026.05.15 05:45:00,4568.73,4573.18,4557.87,4558.49,5826,35
2026.05.15 06:00:00,4558.26,4573.12,4556.02,4570.83,5875,35
2026.05.15 06:15:00,4570.87,4578.37,4570.21,4574.97,5464,36
2026.05.15 06:30:00,4574.98,4580.39,4566.99,4567.37,5009,38
2026.05.15 06:45:00,4567.42,4574.1,4564.45,4569.78,5085,41
2026.05.15 07:00:00,4570.05,4586.22,4566.03,4585.92,5398,35
2026.05.15 07:15:00,4585.91,4588.38,4578.81,4581.77,4880,35
2026.05.15 07:30:00,4581.76,4582.37,4574.8,4577.6,4387,35
2026.05.15 07:45:00,4577.56,4578.33,4568.14,4570.68,4193,35
2026.05.15 08:00:00,4570.56,4571.88,4556.92,4565.13,5097,35
2026.05.15 08:15:00,4565.13,4565.64,4552.67,4558.23,5163,35
2026.05.15 08:30:00,4558.19,4562.39,4549.69,4562.12,5122,35
2026.05.15 08:45:00,4562.22,4563.44,4552.68,4554.28,4016,35
2026.05.15 09:00:00,4554.38,4563.45,4545.84,4547.35,5171,35
2026.05.15 09:15:00,4547.31,4554.2,4539.22,4553.42,5039,35
2026.05.15 09:30:00,4553.35,4555.49,4542.74,4543.58,4941,35
2026.05.15 09:45:00,4543.26,4546.91,4531.99,4545.71,5331,35
2026.05.15 10:00:00,4545.75,4562.65,4543.99,4561.02,4984,35
2026.05.15 10:15:00,4561.09,4563.16,4551.65,4551.74,4830,35
2026.05.15 10:30:00,4551.74,4556.64,4549.59,4554.91,4296,35
2026.05.15 10:45:00,4554.85,4572.76,4554.06,4565.99,5620,35
2026.05.15 11:00:00,4565.82,4570.12,4560.75,4566.13,4918,35
2026.05.15 11:15:00,4566.13,4568.6,4559.1,4562.34,3888,35
2026.05.15 11:30:00,4562.18,4562.55,4551.02,4551.47,4204,35
2026.05.15 11:45:00,4551.19,4558.76,4549.62,4551.89,4537,35
2026.05.15 12:00:00,4550.8,4555.12,4544.85,4545.77,4983,35
2026.05.15 12:15:00,4545.63,4558.68,4544.95,4554.91,4997,35
2026.05.15 12:30:00,4554.92,4554.92,4543.64,4545.73,5053,35
2026.05.15 12:45:00,4545.36,4555.65,4543.57,4545.85,4756,35
2026.05.15 13:00:00,4545.8,4549.56,4536.39,4546.58,5599,35
2026.05.15 13:15:00,4546.23,4557.38,4540.56,4548.88,5416,35
2026.05.15 13:30:00,4548.41,4551.29,4519.86,4519.98,6600,35
2026.05.15 13:45:00,4519.91,4541.8,4511.69,4533.4,6470,35
2026.05.15 14:00:00,4533.05,4550.31,4525.51,4543.26,6287,35
2026.05.15 14:15:00,4543.35,4562.69,4540.4,4555.54,6394,35
2026.05.15 14:30:00,4555.52,4560.45,4550.68,4556.85,6220,35
2026.05.15 14:45:00,4556.84,4566.45,4545.81,4562.65,6114,35
2026.05.15 15:00:00,4562.86,4563.67,4550.75,4552.4,6041,35
2026.05.15 15:15:00,4552.32,4553.96,4542.87,4547.05,5602,35
2026.05.15 15:30:00,4547.07,4550.37,4539.91,4541.25,5800,35
2026.05.15 15:45:00,4541.2,4543.43,4533.66,4539.54,5579,35
2026.05.15 16:00:00,4539.7,4542.31,4529.36,4532.6,4811,35
2026.05.15 16:15:00,4532.42,4542.46,4531.32,4540.83,4560,35
2026.05.15 16:30:00,4541.12,4547.53,4540.0,4547.08,4756,35
2026.05.15 16:45:00,4547.05,4548.08,4541.73,4544.29,4424,35
2026.05.15 17:00:00,4544.23,4557.96,4543.04,4557.13,4988,35
2026.05.15 17:15:00,4557.15,4564.31,4554.41,4557.67,4566,35
2026.05.15 17:30:00,4557.56,4563.57,4557.56,4560.74,4172,35
2026.05.15 17:45:00,4560.85,4562.55,4557.16,4559.35,3835,39
2026.05.15 18:00:00,4559.39,4561.84,4555.78,4561.58,3927,35
2026.05.15 18:15:00,4561.58,4563.02,4552.9,4557.96,4633,43
2026.05.15 18:30:00,4557.98,4558.67,4552.47,4557.55,4306,35
2026.05.15 18:45:00,4557.56,4562.71,4556.49,4559.19,3620,43
2026.05.15 19:00:00,4559.23,4560.15,4549.33,4550.34,4118,35
2026.05.15 19:15:00,4550.34,4552.67,4548.41,4549.93,3765,35
2026.05.15 19:30:00,4549.91,4555.17,4549.46,4553.27,3626,35
2026.05.15 19:45:00,4553.24,4554.3,4544.82,4545.72,4139,42
2026.05.15 20:00:00,4545.64,4546.42,4536.14,4538.27,3696,43
2026.05.15 20:15:00,4538.26,4539.12,4533.21,4539.12,3010,35
2026.05.15 20:30:00,4539.11,4543.83,4538.31,4540.18,2663,41
2026.05.15 20:45:00,4540.25,4541.34,4536.37,4539.91,1994,43
2026.05.17 22:00:00,4532.06,4554.97,4528.54,4548.51,2863,35
2026.05.17 22:15:00,4548.51,4550.32,4538.02,4540.97,2714,35
2026.05.17 22:30:00,4540.92,4553.54,4540.92,4549.88,3587,41
2026.05.17 22:45:00,4549.66,4554.41,4543.68,4546.11,3152,35
2026.05.17 23:00:00,4546.16,4547.99,4539.56,4541.51,3484,35
2026.05.17 23:15:00,4541.44,4544.21,4537.82,4537.96,3480,35
2026.05.17 23:30:00,4537.96,4541.26,4532.38,4539.06,4164,35
2026.05.17 23:45:00,4539.11,4544.03,4531.9,4537.05,4604,42
2026.05.18 00:00:00,4537.06,4542.37,4522.98,4526.18,5831,35
2026.05.18 00:15:00,4526.21,4533.44,4514.68,4515.66,5208,35
2026.05.18 00:30:00,4515.5,4518.63,4480.36,4481.4,5902,35
2026.05.18 00:45:00,4481.5,4516.72,4480.08,4515.89,5702,35
2026.05.18 01:00:00,4514.73,4515.87,4489.64,4495.95,6362,35
2026.05.18 01:15:00,4495.94,4509.89,4492.71,4503.9,6062,35
2026.05.18 01:30:00,4504.33,4513.51,4499.87,4512.38,5844,35
2026.05.18 01:45:00,4512.34,4535.46,4510.91,4525.3,5759,35
2026.05.18 02:00:00,4525.09,4538.4,4521.98,4536.59,5275,43
2026.05.18 02:15:00,4536.56,4540.74,4531.72,4533.44,4352,35
2026.05.18 02:30:00,4533.18,4540.96,4529.37,4536.06,4675,42
2026.05.18 02:45:00,4536.02,4542.78,4530.29,4533.59,4570,41
2026.05.18 03:00:00,4533.52,4535.71,4526.67,4529.48,4419,37
2026.05.18 03:15:00,4529.6,4538.2,4528.18,4535.7,4358,35
2026.05.18 03:30:00,4535.75,4547.8,4525.15,4545.63,5141,35
2026.05.18 03:45:00,4545.55,4547.78,4539.19,4541.19,4290,35
2026.05.18 04:00:00,4541.18,4549.8,4540.92,4544.27,4134,42
2026.05.18 04:15:00,4544.25,4546.96,4529.7,4532.67,4118,35
2026.05.18 04:30:00,4532.65,4544.19,4532.15,4541.6,3901,42
2026.05.18 04:45:00,4541.61,4545.6,4535.26,4540.55,3977,35
2026.05.18 05:00:00,4540.58,4542.74,4532.8,4538.13,4020,35
2026.05.18 05:15:00,4538.14,4550.56,4534.7,4548.66,4508,35
2026.05.18 05:30:00,4548.74,4551.93,4538.25,4539.48,5048,35
2026.05.18 05:45:00,4539.41,4543.24,4529.98,4530.75,4314,43
2026.05.18 06:00:00,4530.34,4540.44,4529.72,4537.26,4654,35
2026.05.18 06:15:00,4536.99,4547.96,4534.37,4537.54,4583,35
2026.05.18 06:30:00,4537.4,4546.75,4534.53,4540.65,4590,35
2026.05.18 06:45:00,4540.65,4547.47,4538.42,4546.59,4222,35
2026.05.18 07:00:00,4546.56,4549.42,4541.9,4543.43,4262,35
2026.05.18 07:15:00,4543.32,4551.31,4538.2,4550.37,4304,35
2026.05.18 07:30:00,4550.38,4559.77,4547.87,4548.96,4910,35
2026.05.18 07:45:00,4549.01,4551.7,4540.1,4546.13,4541,35
2026.05.18 08:00:00,4546.14,4548.79,4542.38,4546.51,4257,35
2026.05.18 08:15:00,4546.48,4551.44,4542.97,4547.9,3874,35
2026.05.18 08:30:00,4547.95,4553.07,4545.83,4547.96,4131,35
2026.05.18 08:45:00,4548.11,4556.9,4548.08,4550.02,3995,35
2026.05.18 09:00:00,4549.97,4551.91,4541.16,4546.22,3864,35
2026.05.18 09:15:00,4546.24,4548.89,4544.61,4544.95,3442,35
2026.05.18 09:30:00,4544.93,4546.33,4540.57,4542.9,3988,35
2026.05.18 09:45:00,4542.96,4544.59,4540.13,4542.85,3421,35
2026.05.18 10:00:00,4542.83,4544.79,4535.6,4539.26,4207,35
2026.05.18 10:15:00,4539.16,4542.3,4538.17,4539.62,3504,35
2026.05.18 10:30:00,4539.61,4544.0,4532.17,4543.65,4280,35
2026.05.18 10:45:00,4543.6,4547.71,4536.75,4540.12,3904,35
2026.05.18 11:00:00,4540.07,4541.65,4529.9,4539.3,4312,35
2026.05.18 11:15:00,4539.31,4540.16,4531.95,4536.21,3737,35
2026.05.18 11:30:00,4535.73,4566.97,4535.14,4562.13,5701,35
2026.05.18 11:45:00,4562.5,4564.4,4549.45,4550.64,5350,35
2026.05.18 12:00:00,4550.56,4556.62,4547.48,4553.29,4577,35
2026.05.18 12:15:00,4553.26,4555.11,4545.2,4550.61,4768,35
2026.05.18 12:30:00,4550.56,4569.89,4550.26,4569.38,5459,35
2026.05.18 12:45:00,4569.36,4574.82,4562.39,4570.99,5577,35
2026.05.18 13:00:00,4571.08,4576.77,4561.88,4567.74,5634,35
2026.05.18 13:15:00,4567.71,4576.13,4564.1,4572.0,4895,35
2026.05.18 13:30:00,4572.57,4579.6,4564.79,4566.31,6262,35
2026.05.18 13:45:00,4566.25,4583.99,4563.83,4575.73,6287,35
2026.05.18 14:00:00,4575.15,4575.5,4560.01,4564.17,6164,35
2026.05.18 14:15:00,4564.16,4568.76,4554.86,4561.63,5996,35
2026.05.18 14:30:00,4561.61,4563.0,4538.15,4547.52,6402,35
2026.05.18 14:45:00,4547.39,4548.18,4537.28,4546.34,6031,35
2026.05.18 15:00:00,4546.83,4547.85,4531.77,4540.49,6169,35
2026.05.18 15:15:00,4540.26,4542.87,4534.4,4534.66,5574,35
2026.05.18 15:30:00,4534.63,4544.31,4533.92,4538.43,5311,35
2026.05.18 15:45:00,4538.45,4546.73,4537.93,4543.6,5006,35
2026.05.18 16:00:00,4543.7,4548.96,4540.2,4548.5,4630,35
2026.05.18 16:15:00,4548.5,4550.43,4534.17,4537.0,4991,35
2026.05.18 16:30:00,4537.02,4544.9,4534.09,4543.36,4655,35
2026.05.18 16:45:00,4543.31,4554.49,4542.82,4550.25,4414,35
2026.05.18 17:00:00,4549.84,4558.08,4547.89,4553.13,4359,35
2026.05.18 17:15:00,4553.13,4555.44,4551.59,4553.87,3770,43
2026.05.18 17:30:00,4553.86,4554.3,4547.32,4548.15,4109,35
2026.05.18 17:45:00,4548.15,4549.59,4545.33,4546.88,3579,35
2026.05.18 18:00:00,4546.89,4547.73,4543.58,4545.1,3926,35
2026.05.18 18:15:00,4545.11,4545.17,4536.56,4541.87,4466,35
2026.05.18 18:30:00,4541.85,4543.95,4538.99,4541.35,3818,43
2026.05.18 18:45:00,4541.41,4543.15,4534.08,4535.82,3798,43
2026.05.18 19:00:00,4535.78,4564.57,4535.24,4554.51,6030,35
2026.05.18 19:15:00,4554.51,4555.67,4546.52,4551.48,4773,42
2026.05.18 19:30:00,4551.74,4561.02,4550.06,4558.24,4467,35
2026.05.18 19:45:00,4558.24,4562.79,4557.21,4558.37,4158,36
2026.05.18 20:00:00,4558.38,4562.61,4557.7,4562.1,2302,42
2026.05.18 20:15:00,4562.11,4566.54,4562.01,4563.11,2188,35
2026.05.18 20:30:00,4563.11,4564.84,4561.36,4564.37,1728,43
2026.05.18 20:45:00,4564.36,4566.51,4562.35,4565.98,1436,43
2026.05.18 22:00:00,4568.65,4573.38,4567.51,4573.17,1807,35
2026.05.18 22:15:00,4573.17,4574.73,4571.01,4572.79,2215,35
2026.05.18 22:30:00,4572.8,4578.17,4571.58,4576.46,2374,42
2026.05.18 22:45:00,4576.46,4576.76,4572.37,4573.79,1995,43
2026.05.18 23:00:00,4573.77,4586.95,4573.64,4585.68,3089,35
2026.05.18 23:15:00,4585.82,4588.78,4583.06,4585.69,2759,35
2026.05.18 23:30:00,4585.69,4587.83,4582.73,4585.31,2587,35
2026.05.18 23:45:00,4585.31,4586.57,4578.86,4581.71,2583,41
2026.05.19 00:00:00,4582.01,4588.95,4576.6,4578.78,4957,35
2026.05.19 00:15:00,4578.79,4585.68,4568.51,4573.43,4672,37
2026.05.19 00:30:00,4573.44,4576.01,4568.12,4570.75,4089,35
2026.05.19 00:45:00,4570.45,4572.49,4561.27,4563.06,4174,43
2026.05.19 01:00:00,4562.99,4569.14,4557.47,4565.65,5270,35
2026.05.19 01:15:00,4565.68,4568.17,4554.07,4559.19,4724,41
2026.05.19 01:30:00,4559.19,4572.32,4555.19,4570.64,4845,35
2026.05.19 01:45:00,4570.72,4571.6,4560.96,4563.73,4759,42
2026.05.19 02:00:00,4563.69,4563.69,4553.14,4554.41,4862,35
2026.05.19 02:15:00,4554.34,4562.04,4551.57,4559.62,4027,43
2026.05.19 02:30:00,4559.6,4559.7,4551.04,4556.1,4578,42
2026.05.19 02:45:00,4556.25,4557.95,4546.01,4547.13,4258,42
2026.05.19 03:00:00,4547.63,4552.69,4543.55,4551.6,4297,35
2026.05.19 03:15:00,4551.59,4552.83,4546.68,4549.06,3762,42
2026.05.19 03:30:00,4549.03,4555.01,4546.83,4547.81,3530,42
2026.05.19 03:45:00,4547.76,4549.31,4544.34,4544.74,3342,42
2026.05.19 04:00:00,4544.74,4545.6,4538.53,4540.11,3498,35
2026.05.19 04:15:00,4540.17,4543.05,4538.16,4540.21,2415,43
2026.05.19 04:30:00,4540.19,4542.1,4537.98,4539.68,2221,43
2026.05.19 04:45:00,4539.66,4543.69,4539.65,4542.33,2169,43
2026.05.19 05:00:00,4542.37,4546.48,4540.05,4544.74,2218,43
2026.05.19 05:15:00,4544.72,4545.23,4530.7,4538.4,2497,43
2026.05.19 05:30:00,4538.38,4544.06,4533.08,4538.38,3005,43
2026.05.19 05:45:00,4538.21,4543.34,4533.04,4540.79,2952,43
2026.05.19 06:00:00,4541.02,4545.75,4533.33,4541.91,2806,43
2026.05.19 06:15:00,4541.93,4553.81,4540.82,4547.79,2970,43
2026.05.19 06:30:00,4547.37,4552.71,4544.78,4552.05,2701,43
2026.05.19 06:45:00,4552.1,4552.49,4543.06,4548.05,2649,43
2026.05.19 07:00:00,4546.87,4555.21,4544.06,4548.63,2555,35
2026.05.19 07:15:00,4548.61,4550.01,4543.03,4548.22,2433,35
2026.05.19 07:30:00,4548.21,4549.05,4541.35,4542.05,2521,35
2026.05.19 07:45:00,4542.12,4559.2,4541.97,4557.14,2670,35
2026.05.19 08:00:00,4557.12,4559.07,4542.53,4546.31,2554,35
2026.05.19 08:15:00,4546.41,4547.98,4536.27,4538.24,2540,35
2026.05.19 08:30:00,4538.2,4544.89,4536.85,4543.2,2349,35
2026.05.19 08:45:00,4543.07,4548.56,4538.32,4542.68,2303,35
2026.05.19 09:00:00,4542.7,4542.7,4536.87,4539.51,2452,35
2026.05.19 09:15:00,4539.34,4546.73,4536.03,4540.62,2433,35
2026.05.19 09:30:00,4540.66,4543.06,4536.63,4539.32,2616,35
2026.05.19 09:45:00,4539.31,4544.65,4538.31,4541.77,2425,35
2026.05.19 10:00:00,4541.25,4542.19,4535.93,4541.4,2449,35
2026.05.19 10:15:00,4541.39,4541.81,4538.3,4539.93,2282,35
2026.05.19 10:30:00,4539.96,4542.87,4525.45,4529.21,2612,35
2026.05.19 10:45:00,4528.92,4544.62,4527.63,4544.62,2689,35
2026.05.19 11:00:00,4544.62,4547.89,4535.87,4536.67,2645,35
2026.05.19 11:15:00,4536.6,4542.11,4535.7,4539.24,2362,35
2026.05.19 11:30:00,4539.05,4543.07,4536.79,4541.87,2555,35
2026.05.19 11:45:00,4541.8,4542.24,4529.84,4530.64,2552,35
2026.05.19 12:00:00,4530.07,4546.6,4527.34,4542.18,2669,35
2026.05.19 12:15:00,4542.17,4544.24,4536.63,4543.46,2530,35
2026.05.19 12:30:00,4542.99,4547.08,4536.69,4537.34,2606,35
2026.05.19 12:45:00,4537.35,4541.58,4535.57,4537.04,2559,35
2026.05.19 13:00:00,4537.09,4537.37,4514.59,4524.35,3029,35
2026.05.19 13:15:00,4524.37,4526.16,4490.87,4492.01,3099,35
2026.05.19 13:30:00,4493.09,4495.41,4464.72,4476.08,3475,35
2026.05.19 13:45:00,4476.56,4510.95,4474.15,4503.73,3271,35
2026.05.19 14:00:00,4503.69,4514.17,4492.26,4492.63,3319,35
2026.05.19 14:15:00,4492.69,4500.87,4484.48,4490.07,3279,35
2026.05.19 14:30:00,4490.35,4498.65,4487.36,4494.55,3208,35
2026.05.19 14:45:00,4494.62,4496.62,4486.17,4494.03,3114,35
2026.05.19 15:00:00,4494.0,4499.86,4489.79,4499.11,3007,35
2026.05.19 15:15:00,4498.95,4504.97,4493.84,4498.76,2923,35
2026.05.19 15:30:00,4498.81,4507.62,4497.88,4502.09,2962,35
2026.05.19 15:45:00,4502.05,4509.13,4500.12,4508.36,2857,35
2026.05.19 16:00:00,4508.85,4510.09,4496.07,4500.82,2689,35
2026.05.19 16:15:00,4500.8,4511.94,4498.67,4508.48,2642,35
2026.05.19 16:30:00,4508.32,4512.35,4505.54,4505.86,2737,35
2026.05.19 16:45:00,4505.84,4509.2,4504.52,4507.63,2725,35
2026.05.19 17:00:00,4507.52,4510.7,4505.74,4510.24,2910,43
2026.05.19 17:15:00,4510.3,4510.95,4503.29,4506.87,2991,43
2026.05.19 17:30:00,4506.94,4508.22,4502.62,4504.36,2766,43
2026.05.19 17:45:00,4504.42,4504.75,4499.0,4500.7,2872,43
2026.05.19 18:00:00,4500.74,4503.68,4499.63,4500.88,2807,43
2026.05.19 18:15:00,4500.85,4501.66,4495.35,4495.92,2824,43
2026.05.19 18:30:00,4495.89,4500.76,4493.12,4498.97,2666,43
2026.05.19 18:45:00,4498.99,4499.96,4490.32,4493.51,2729,43
2026.05.19 19:00:00,4493.28,4497.49,4492.97,4496.88,2647,43
2026.05.19 19:15:00,4496.91,4497.23,4485.47,4486.82,2717,43
2026.05.19 19:30:00,4486.85,4489.8,4485.82,4488.26,2901,43
2026.05.19 19:45:00,4488.25,4488.74,4481.14,4483.34,2856,43
2026.05.19 20:00:00,4483.37,4486.9,4480.86,4485.37,2059,43
2026.05.19 20:15:00,4485.27,4488.06,4483.25,4486.08,1647,43
2026.05.19 20:30:00,4486.07,4486.16,4481.82,4483.28,1536,43
2026.05.19 20:45:00,4483.27,4484.13,4480.97,4481.2,1259,48
2026.05.19 22:00:00,4481.75,4485.69,4481.46,4482.67,740,43
2026.05.19 22:15:00,4482.68,4482.68,4477.88,4479.24,1454,43
2026.05.19 22:30:00,4479.25,4485.7,4477.26,4481.84,2080,43
2026.05.19 22:45:00,4481.84,4484.44,4479.19,4484.19,2155,43
2026.05.19 23:00:00,4483.98,4486.61,4479.73,4486.18,1719,43
2026.05.19 23:15:00,4485.83,4488.7,4483.19,4486.1,1846,43
2026.05.19 23:30:00,4486.09,4496.29,4485.59,4492.22,2329,43
2026.05.19 23:45:00,4492.23,4494.49,4488.09,4489.17,2263,43
2026.05.20 00:00:00,4489.05,4490.39,4479.52,4488.54,2796,43
2026.05.20 00:15:00,4488.67,4501.99,4481.19,4501.91,2912,43
2026.05.20 00:30:00,4501.84,4507.03,4499.66,4505.09,2854,43
2026.05.20 00:45:00,4505.12,4508.72,4497.82,4500.89,2840,43
2026.05.20 01:00:00,4500.89,4505.74,4487.9,4492.35,2984,43
2026.05.20 01:15:00,4492.58,4496.41,4472.55,4473.41,3026,43
2026.05.20 01:30:00,4473.5,4476.86,4456.33,4466.57,3332,43
2026.05.20 01:45:00,4466.62,4488.4,4462.97,4481.17,3164,43
2026.05.20 02:00:00,4481.13,4486.89,4476.06,4481.18,3149,43
2026.05.20 02:15:00,4481.2,4486.96,4476.36,4481.47,2930,43
2026.05.20 02:30:00,4481.45,4483.47,4460.54,4460.54,3026,43
2026.05.20 02:45:00,4460.56,4465.95,4458.5,4465.24,3116,43
2026.05.20 03:00:00,4465.16,4467.14,4453.56,4457.84,3176,43
2026.05.20 03:15:00,4457.86,4464.31,4457.34,4460.93,2902,43
2026.05.20 03:30:00,4460.38,4465.97,4457.45,4460.51,2960,43
2026.05.20 03:45:00,4460.48,4465.07,4458.09,4463.6,2533,43
2026.05.20 04:00:00,4463.62,4470.11,4463.23,4469.12,2595,43
2026.05.20 04:15:00,4469.17,4470.56,4462.25,4465.1,2678,43
2026.05.20 04:30:00,4465.06,4465.83,4460.55,4462.99,2617,43
2026.05.20 04:45:00,4462.97,4463.07,4456.57,4461.97,2581,43
2026.05.20 05:00:00,4461.87,4472.92,4461.57,4469.34,2559,43
2026.05.20 05:15:00,4469.33,4475.12,4466.95,4468.2,2575,43
2026.05.20 05:30:00,4468.29,4479.16,4468.29,4472.19,3163,43
2026.05.20 05:45:00,4472.18,4475.24,4463.2,4472.61,3075,43
2026.05.20 06:00:00,4472.25,4477.47,4467.37,4471.61,2933,43
2026.05.20 06:15:00,4472.05,4478.18,4467.81,4471.87,3013,43
2026.05.20 06:30:00,4471.78,4472.4,4461.3,4466.93,3087,43
2026.05.20 06:45:00,4466.9,4478.37,4465.25,4474.41,3125,43
2026.05.20 07:00:00,4474.05,4485.18,4471.77,4481.16,2948,35
2026.05.20 07:15:00,4481.18,4484.07,4476.31,4482.59,2932,35
2026.05.20 07:30:00,4482.61,4485.87,4475.93,4481.3,2975,35
2026.05.20 07:45:00,4481.33,4481.93,4475.0,4478.51,2684,35
2026.05.20 08:00:00,4478.52,4483.94,4476.64,4482.33,2635,35
2026.05.20 08:15:00,4482.31,4486.48,4478.19,4485.98,2839,35
2026.05.20 08:30:00,4486.61,4489.32,4476.71,4479.21,2833,35
2026.05.20 08:45:00,4479.18,4490.19,4479.12,4484.06,2942,35
2026.05.20 09:00:00,4483.57,4486.06,4479.69,4480.2,2737,35
2026.05.20 09:15:00,4479.96,4483.59,4472.79,4474.11,2904,35
2026.05.20 09:30:00,4474.01,4484.77,4472.8,4483.16,3095,35
2026.05.20 09:45:00,4483.28,4490.87,4481.75,4484.93,2578,35
2026.05.20 10:00:00,4484.86,4492.32,4484.66,4487.92,2482,35
2026.05.20 10:15:00,4487.93,4492.43,4487.2,4488.92,2440,35
2026.05.20 10:30:00,4489.06,4497.08,4488.47,4494.19,2600,35
2026.05.20 10:45:00,4494.24,4495.8,4490.33,4494.57,2630,35
2026.05.20 11:00:00,4494.49,4496.65,4492.7,4493.0,2568,35
2026.05.20 11:15:00,4492.95,4501.05,4491.06,4499.95,2536,35
2026.05.20 11:30:00,4499.87,4500.37,4493.38,4495.16,2636,35
2026.05.20 11:45:00,4495.14,4499.46,4490.81,4499.09,2679,35
2026.05.20 12:00:00,4498.96,4501.12,4495.77,4496.49,2657,35
2026.05.20 12:15:00,4496.52,4499.44,4492.93,4499.44,2761,35
2026.05.20 12:30:00,4499.71,4504.54,4499.25,4502.85,2815,35
2026.05.20 12:45:00,4502.86,4505.28,4493.88,4496.09,2742,35
2026.05.20 13:00:00,4496.14,4506.08,4493.8,4505.13,3339,35
2026.05.20 13:15:00,4505.16,4505.22,4489.53,4489.53,3111,35
2026.05.20 13:30:00,4489.51,4492.96,4482.83,4489.87,3115,35
2026.05.20 13:45:00,4489.48,4491.98,4481.94,4482.99,3023,35
2026.05.20 14:00:00,4484.08,4485.11,4467.0,4476.79,3077,35
2026.05.20 14:15:00,4477.42,4511.16,4476.49,4506.92,3460,35
2026.05.20 14:30:00,4506.87,4528.83,4506.87,4520.36,3359,35
2026.05.20 14:45:00,4521.55,4537.12,4516.71,4531.24,3117,35
2026.05.20 15:00:00,4531.04,4535.72,4523.09,4524.44,2985,35
2026.05.20 15:15:00,4524.51,4552.82,4524.46,4529.31,3278,35
2026.05.20 15:30:00,4529.33,4539.28,4527.73,4536.79,2953,35
2026.05.20 15:45:00,4536.83,4537.65,4527.14,4528.99,2874,35
2026.05.20 16:00:00,4529.13,4535.24,4528.28,4533.64,2670,35
2026.05.20 16:15:00,4533.61,4533.61,4524.03,4525.79,2772,35
2026.05.20 16:30:00,4525.95,4533.65,4524.12,4533.16,2679,35
2026.05.20 16:45:00,4533.73,4535.43,4530.07,4534.44,2610,35
2026.05.20 17:00:00,4534.63,4538.12,4531.25,4534.23,2651,43
2026.05.20 17:15:00,4534.21,4536.71,4530.73,4532.26,2701,43
2026.05.20 17:30:00,4532.89,4536.36,4529.7,4532.95,2597,43
2026.05.20 17:45:00,4532.91,4535.13,4530.1,4531.08,2482,43
2026.05.20 18:00:00,4531.28,4533.89,4528.9,4532.78,2607,43
2026.05.20 18:15:00,4532.69,4536.48,4531.82,4534.89,2757,43
2026.05.20 18:30:00,4534.87,4543.37,4534.87,4536.82,2670,43
2026.05.20 18:45:00,4536.82,4544.92,4536.62,4542.23,2693,43
2026.05.20 19:00:00,4542.25,4545.12,4541.69,4543.7,2484,43
2026.05.20 19:15:00,4543.75,4545.92,4543.23,4544.92,2519,43
2026.05.20 19:30:00,4545.01,4550.2,4545.01,4546.29,2674,43
2026.05.20 19:45:00,4546.69,4548.61,4545.23,4545.6,2589,43
2026.05.20 20:00:00,4545.6,4550.3,4545.24,4546.59,1994,43
2026.05.20 20:15:00,4546.61,4548.23,4543.09,4545.56,2481,43
2026.05.20 20:30:00,4545.63,4546.18,4542.53,4543.31,2040,43
2026.05.20 20:45:00,4543.17,4544.48,4541.93,4543.17,1510,48
2026.05.20 22:00:00,4547.26,4547.26,4538.69,4540.0,1640,43
2026.05.20 22:15:00,4540.0,4540.43,4535.27,4538.85,1891,43
2026.05.20 22:30:00,4538.87,4543.38,4538.7,4542.19,1700,43
2026.05.20 22:45:00,4542.1,4544.58,4537.25,4539.73,1989,43
2026.05.20 23:00:00,4539.79,4543.04,4537.9,4539.94,1686,43
2026.05.20 23:15:00,4539.97,4540.55,4534.5,4538.37,1876,43
2026.05.20 23:30:00,4538.36,4545.32,4537.87,4542.85,1793,43
2026.05.20 23:45:00,4542.82,4546.92,4541.77,4546.44,2000,43
2026.05.21 00:00:00,4546.43,4548.55,4540.06,4544.73,2968,43
2026.05.21 00:15:00,4544.71,4553.18,4537.35,4543.83,2812,43
2026.05.21 00:30:00,4543.57,4545.09,4539.73,4543.63,2519,43
2026.05.21 00:45:00,4543.61,4548.65,4541.93,4545.17,2521,43
2026.05.21 01:00:00,4545.2,4560.22,4539.77,4559.73,3570,43
2026.05.21 01:15:00,4559.85,4567.52,4557.16,4567.05,3379,43
2026.05.21 01:30:00,4566.89,4570.79,4561.47,4567.63,3070,43
2026.05.21 01:45:00,4567.61,4568.13,4559.0,4560.88,2987,43
2026.05.21 02:00:00,4561.12,4564.78,4550.6,4551.64,3023,43
2026.05.21 02:15:00,4551.62,4553.03,4539.28,4540.06,2830,43
2026.05.21 02:30:00,4539.94,4542.07,4534.06,4536.18,3430,43
2026.05.21 02:45:00,4536.21,4537.19,4531.43,4533.12,3143,43
2026.05.21 03:00:00,4533.03,4538.91,4531.51,4537.75,2930,43
2026.05.21 03:15:00,4537.88,4540.17,4532.88,4535.65,2802,43
2026.05.21 03:30:00,4535.74,4537.17,4531.72,4533.93,2264,43
2026.05.21 03:45:00,4533.92,4534.29,4527.2,4528.15,2427,43
2026.05.21 04:00:00,4527.92,4536.42,4527.26,4535.91,2363,43
2026.05.21 04:15:00,4535.91,4540.01,4534.31,4539.71,2101,43
2026.05.21 04:30:00,4539.74,4540.18,4533.73,4537.1,2008,43
2026.05.21 04:45:00,4537.12,4539.22,4535.37,4538.31,1915,43
2026.05.21 05:00:00,4538.43,4540.15,4529.69,4530.64,2602,43
2026.05.21 05:15:00,4530.66,4531.05,4521.46,4522.72,2704,43
2026.05.21 05:30:00,4523.09,4527.16,4518.62,4525.88,3279,43
2026.05.21 05:45:00,4525.81,4529.84,4518.47,4527.85,2861,43
2026.05.21 06:00:00,4526.76,4535.3,4526.51,4531.51,2936,43
2026.05.21 06:15:00,4531.49,4539.87,4528.54,4532.94,2814,43
2026.05.21 06:30:00,4532.95,4534.99,4522.82,4524.82,2770,43
2026.05.21 06:45:00,4524.81,4526.23,4518.73,4521.48,2931,43
2026.05.21 07:00:00,4521.64,4524.44,4518.21,4520.51,2554,35
2026.05.21 07:15:00,4520.41,4523.46,4511.86,4512.78,2583,35
2026.05.21 07:30:00,4512.83,4517.36,4512.2,4516.31,2352,35
2026.05.21 07:45:00,4516.72,4523.27,4514.14,4519.59,2338,35
2026.05.21 08:00:00,4519.61,4535.59,4518.27,4534.06,2708,35
2026.05.21 08:15:00,4534.19,4536.69,4529.16,4535.72,2672,35
2026.05.21 08:30:00,4535.03,4535.55,4526.68,4529.11,2626,35
2026.05.21 08:45:00,4529.47,4534.52,4528.23,4532.45,2606,35
2026.05.21 09:00:00,4532.11,4540.5,4531.74,4537.67,2688,35
2026.05.21 09:15:00,4537.58,4542.46,4535.5,4536.87,2585,35
2026.05.21 09:30:00,4536.78,4542.8,4529.46,4529.78,2580,35
2026.05.21 09:45:00,4529.79,4532.98,4527.79,4530.59,2443,35
2026.05.21 10:00:00,4530.5,4535.22,4529.98,4532.58,2603,35
2026.05.21 10:15:00,4532.62,4534.67,4510.53,4518.0,2847,35
2026.05.21 10:30:00,4518.25,4518.25,4504.85,4516.9,3072,35
2026.05.21 10:45:00,4516.8,4517.77,4510.76,4511.4,2870,35
2026.05.21 11:00:00,4510.86,4519.77,4510.69,4516.26,2812,35
2026.05.21 11:15:00,4516.14,4521.1,4512.47,4514.01,2726,35
2026.05.21 11:30:00,4514.11,4515.88,4508.04,4512.4,2562,35
2026.05.21 11:45:00,4512.24,4517.23,4510.81,4514.01,2628,35
2026.05.21 12:00:00,4514.48,4519.17,4513.64,4514.61,2689,35
2026.05.21 12:15:00,4514.64,4514.74,4504.37,4506.87,2795,35
2026.05.21 12:30:00,4506.91,4517.52,4505.32,4514.96,2900,35
2026.05.21 12:45:00,4514.92,4518.07,4502.46,4504.0,2807,35
2026.05.21 13:00:00,4503.7,4512.62,4499.55,4502.25,3115,35
2026.05.21 13:15:00,4502.08,4505.42,4495.5,4500.34,3140,35
2026.05.21 13:30:00,4500.71,4502.71,4488.54,4497.74,3203,35
2026.05.21 13:45:00,4497.6,4521.08,4495.0,4513.13,3268,35
2026.05.21 14:00:00,4513.19,4515.31,4502.7,4508.15,3145,35
2026.05.21 14:15:00,4508.46,4509.17,4498.12,4507.3,3187,35
2026.05.21 14:30:00,4507.31,4511.18,4502.41,4504.74,2944,35
2026.05.21 14:45:00,4504.66,4510.45,4501.7,4508.78,2997,35
2026.05.21 15:00:00,4508.71,4515.38,4496.58,4509.9,3142,35
2026.05.21 15:15:00,4509.87,4511.51,4502.23,4503.27,2947,35
2026.05.21 15:30:00,4503.21,4509.75,4502.51,4506.92,2726,35
2026.05.21 15:45:00,4506.9,4512.66,4506.57,4511.88,2729,35
2026.05.21 16:00:00,4512.04,4520.6,4512.04,4517.1,2918,35
2026.05.21 16:15:00,4517.16,4518.74,4514.53,4516.43,2986,35
2026.05.21 16:30:00,4516.35,4519.3,4515.47,4518.02,2709,35
2026.05.21 16:45:00,4518.1,4520.18,4516.22,4519.4,2712,35
2026.05.21 17:00:00,4519.63,4531.44,4514.06,4526.24,3050,43
2026.05.21 17:15:00,4526.13,4546.16,4526.08,4541.62,3228,43
2026.05.21 17:30:00,4541.61,4548.96,4538.58,4548.1,2900,43
2026.05.21 17:45:00,4548.09,4559.14,4544.85,4551.39,2991,43
2026.05.21 18:00:00,4551.44,4556.03,4542.97,4545.91,3060,43
2026.05.21 18:15:00,4546.1,4550.6,4544.27,4548.31,2911,43
2026.05.21 18:30:00,4548.32,4549.37,4542.47,4545.16,2792,43
2026.05.21 18:45:00,4545.14,4545.97,4527.35,4531.84,3099,43
2026.05.21 19:00:00,4531.39,4537.73,4529.77,4537.69,2925,43
2026.05.21 19:15:00,4537.66,4542.02,4537.62,4538.77,2743,43
2026.05.21 19:30:00,4538.62,4543.18,4538.54,4539.25,2511,43
2026.05.21 19:45:00,4539.23,4543.71,4534.64,4542.98,2752,43
2026.05.21 20:00:00,4543.44,4544.65,4541.06,4542.45,2246,43
2026.05.21 20:15:00,4542.03,4542.61,4540.14,4541.21,1586,43
2026.05.21 20:30:00,4541.23,4542.06,4540.19,4540.58,1181,43
2026.05.21 20:45:00,4540.55,4542.6,4539.67,4542.54,1059,48
2026.05.21 22:00:00,4541.81,4545.84,4539.75,4541.82,1097,43
2026.05.21 22:15:00,4541.8,4543.16,4540.04,4541.1,1199,43
2026.05.21 22:30:00,4541.38,4543.66,4539.72,4542.61,1069,43
2026.05.21 22:45:00,4542.47,4543.36,4540.77,4543.3,1103,43
2026.05.21 23:00:00,4543.22,4545.06,4542.62,4543.71,1269,43
2026.05.21 23:15:00,4543.74,4544.37,4538.16,4540.45,1311,43
2026.05.21 23:30:00,4540.4,4540.43,4532.56,4532.56,1633,43
2026.05.21 23:45:00,4532.58,4536.45,4532.46,4535.35,2059,43
2026.05.22 00:00:00,4535.64,4536.82,4530.81,4531.33,2675,43
2026.05.22 00:15:00,4531.32,4537.26,4530.21,4536.2,2453,43
2026.05.22 00:30:00,4536.2,4540.96,4535.74,4537.83,2474,43
2026.05.22 00:45:00,4537.92,4538.75,4525.55,4526.69,2517,43
2026.05.22 01:00:00,4526.66,4536.22,4523.23,4529.59,3375,43
2026.05.22 01:15:00,4529.35,4533.31,4526.22,4528.95,2884,43
2026.05.22 01:30:00,4528.92,4529.63,4521.01,4524.95,3017,43
2026.05.22 01:45:00,4524.97,4531.82,4524.63,4526.21,3292,43
2026.05.22 02:00:00,4526.16,4529.28,4521.38,4527.52,2896,43
2026.05.22 02:15:00,4527.94,4528.95,4522.41,4524.51,2358,43
2026.05.22 02:30:00,4524.48,4524.48,4518.42,4522.51,2794,43
2026.05.22 02:45:00,4522.52,4526.93,4519.39,4522.97,2575,43
2026.05.22 03:00:00,4522.95,4525.02,4520.55,4521.01,2580,43
2026.05.22 03:15:00,4521.01,4522.82,4519.08,4521.64,2319,43
2026.05.22 03:30:00,4521.73,4527.52,4521.63,4526.76,2076,43
2026.05.22 03:45:00,4526.74,4529.82,4526.29,4529.39,1741,43
2026.05.22 04:00:00,4529.46,4530.11,4527.73,4529.08,1786,43
2026.05.22 04:15:00,4529.08,4532.83,4527.51,4532.04,1910,43
2026.05.22 04:30:00,4532.01,4532.65,4525.37,4528.94,2002,43
2026.05.22 04:45:00,4528.96,4530.05,4526.97,4527.18,1530,43
2026.05.22 05:00:00,4527.11,4529.55,4523.67,4525.35,1840,43
2026.05.22 05:15:00,4525.33,4528.97,4523.3,4526.01,1927,43
2026.05.22 05:30:00,4525.85,4534.06,4525.16,4534.05,3254,43
2026.05.22 05:45:00,4534.07,4534.2,4507.34,4511.01,2901,43
2026.05.22 06:00:00,4511.11,4524.22,4510.15,4521.49,3221,43
2026.05.22 06:15:00,4521.41,4525.95,4516.35,4525.18,2967,43
2026.05.22 06:30:00,4525.14,4527.34,4521.56,4526.53,2777,43
2026.05.22 06:45:00,4526.58,4528.78,4523.82,4526.78,2810,43
2026.05.22 07:00:00,4526.52,4527.08,4521.4,4522.43,2606,35
2026.05.22 07:15:00,4522.56,4527.33,4522.23,4525.8,2453,35
2026.05.22 07:30:00,4525.84,4525.85,4516.12,4519.86,2545,35
2026.05.22 07:45:00,4519.84,4523.23,4517.56,4521.88,2450,35
2026.05.22 08:00:00,4522.11,4530.03,4521.54,4524.76,2620,35
2026.05.22 08:15:00,4524.8,4531.08,4523.82,4526.83,2626,35
2026.05.22 08:30:00,4526.91,4527.12,4516.98,4522.4,4018,35
2026.05.22 08:45:00,4522.41,4524.87,4521.47,4521.8,3766,35
2026.05.22 09:00:00,4521.69,4525.47,4517.19,4517.22,2404,35
2026.05.22 09:15:00,4517.19,4520.49,4515.04,4517.74,2575,35
2026.05.22 09:30:00,4517.65,4525.95,4514.79,4525.1,2436,35
2026.05.22 09:45:00,4525.3,4536.1,4524.62,4532.14,2539,35
2026.05.22 10:00:00,4532.37,4536.76,4529.55,4533.66,2466,35
2026.05.22 10:15:00,4533.85,4534.15,4524.52,4524.77,2400,35
2026.05.22 10:30:00,4524.72,4525.39,4512.18,4512.44,2848,35
2026.05.22 10:45:00,4512.42,4515.01,4510.28,4514.47,2670,35
2026.05.22 11:00:00,4514.29,4517.22,4513.77,4515.91,2529,35
2026.05.22 11:15:00,4515.9,4515.91,4511.8,4511.99,2369,35
2026.05.22 11:30:00,4512.04,4522.92,4511.46,4521.63,2548,35
2026.05.22 11:45:00,4521.81,4525.12,4519.96,4520.6,2529,35
2026.05.22 12:00:00,4520.42,4530.0,4519.03,4529.25,2777,35
2026.05.22 12:15:00,4529.13,4535.74,4520.97,4521.69,2927,35
2026.05.22 12:30:00,4521.62,4523.53,4515.0,4518.63,2928,35
2026.05.22 12:45:00,4518.55,4528.24,4517.42,4528.16,2920,35
2026.05.22 13:00:00,4528.5,4534.18,4520.75,4528.13,2965,35
2026.05.22 13:15:00,4528.36,4529.73,4521.37,4521.94,2845,35
2026.05.22 13:30:00,4521.44,4527.05,4511.19,4517.6,3063,35
2026.05.22 13:45:00,4517.39,4518.9,4510.28,4513.68,3016,35
2026.05.22 14:00:00,4513.44,4513.44,4492.9,4497.53,3211,35
2026.05.22 14:15:00,4497.19,4500.51,4491.75,4498.97,3215,35
2026.05.22 14:30:00,4499.24,4505.95,4497.22,4504.42,2908,35
2026.05.22 14:45:00,4504.14,4507.22,4500.35,4500.51,2681,35
2026.05.22 15:00:00,4500.56,4511.89,4500.21,4511.12,2753,35
2026.05.22 15:15:00,4511.23,4519.3,4511.0,4519.3,2766,35
2026.05.22 15:30:00,4519.34,4522.29,4517.27,4518.16,2808,35
2026.05.22 15:45:00,4518.22,4521.87,4514.62,4520.05,2931,35
2026.05.22 16:00:00,4519.97,4520.34,4516.88,4519.51,2591,35
2026.05.22 16:15:00,4519.16,4524.17,4516.87,4523.66,2627,35
2026.05.22 16:30:00,4523.67,4526.74,4513.83,4514.92,2890,35
2026.05.22 16:45:00,4514.86,4517.98,4512.3,4514.86,2949,35
2026.05.22 17:00:00,4514.93,4520.89,4514.73,4519.23,2816,35
2026.05.22 17:15:00,4519.02,4525.79,4512.96,4525.26,2900,43
2026.05.22 17:30:00,4525.32,4527.81,4519.25,4522.12,2771,43
2026.05.22 17:45:00,4522.1,4522.73,4518.51,4519.15,2788,43
2026.05.22 18:00:00,4519.18,4519.35,4511.89,4513.73,2696,43
2026.05.22 18:15:00,4513.72,4517.6,4512.44,4515.27,2988,35
2026.05.22 18:30:00,4515.27,4520.09,4513.77,4515.11,3522,35
2026.05.22 18:45:00,4515.09,4515.9,4512.8,4515.05,3323,35
2026.05.22 19:00:00,4515.05,4515.75,4506.92,4507.2,4440,35
2026.05.22 19:15:00,4507.2,4508.98,4506.23,4507.03,3269,35
2026.05.22 19:30:00,4506.96,4510.68,4504.14,4509.54,3312,35
2026.05.22 19:45:00,4509.55,4509.83,4506.55,4508.19,3404,35
2026.05.22 20:00:00,4508.19,4508.72,4504.69,4507.84,1946,35
2026.05.22 20:15:00,4507.86,4510.34,4506.73,4510.14,1530,35
2026.05.22 20:30:00,4510.14,4510.39,4504.36,4504.57,2190,35
2026.05.22 20:45:00,4504.52,4509.65,4504.03,4509.2,1850,42
2026.05.24 22:00:00,4543.03,4557.8,4541.42,4555.2,4560,35
2026.05.24 22:15:00,4555.2,4556.39,4548.8,4551.94,4440,35
2026.05.24 22:30:00,4551.85,4560.75,4551.5,4558.2,3524,35
2026.05.24 22:45:00,4558.31,4565.39,4557.9,4564.88,3621,35
2026.05.24 23:00:00,4564.88,4576.37,4564.88,4574.39,4072,35
2026.05.24 23:15:00,4574.4,4578.26,4573.49,4574.88,3152,35
2026.05.24 23:30:00,4574.88,4579.62,4574.81,4577.25,3288,35
2026.05.24 23:45:00,4577.25,4578.26,4565.9,4567.05,4058,35
2026.05.25 00:00:00,4567.05,4575.86,4566.18,4572.58,5172,35
2026.05.25 00:15:00,4572.61,4575.39,4569.86,4572.2,4046,35
2026.05.25 00:30:00,4572.19,4575.53,4570.77,4571.42,3615,35
2026.05.25 00:45:00,4571.42,4579.53,4566.08,4569.22,4742,35
2026.05.25 01:00:00,4569.29,4576.12,4560.37,4565.55,7132,35
2026.05.25 01:15:00,4565.56,4575.38,4562.3,4573.36,5532,35
2026.05.25 01:30:00,4573.34,4574.71,4563.25,4563.41,4888,35
2026.05.25 01:45:00,4563.43,4567.18,4560.12,4562.71,5106,35
2026.05.25 02:00:00,4562.71,4568.17,4561.2,4562.1,4802,35
2026.05.25 02:15:00,4562.09,4563.29,4558.78,4562.8,3638,35
2026.05.25 02:30:00,4562.79,4569.37,4561.59,4569.35,4492,35
2026.05.25 02:45:00,4569.39,4570.08,4559.45,4561.27,4155,35
2026.05.25 03:00:00,4561.27,4564.33,4560.3,4563.04,3714,35
2026.05.25 03:15:00,4563.09,4564.38,4560.07,4560.55,3244,35
2026.05.25 03:30:00,4560.65,4564.04,4558.04,4558.46,2958,35
2026.05.25 03:45:00,4558.44,4561.16,4556.53,4559.61,2115,43
2026.05.25 04:00:00,4559.62,4562.53,4559.3,4560.91,1730,43
2026.05.25 04:15:00,4560.68,4565.68,4559.94,4565.07,1788,43
2026.05.25 04:30:00,4565.08,4565.42,4559.54,4562.21,1950,43
2026.05.25 04:45:00,4562.26,4565.61,4562.14,4564.74,1315,43
2026.05.25 05:00:00,4564.74,4565.87,4562.88,4563.53,1491,43
2026.05.25 05:15:00,4563.43,4563.6,4553.96,4554.09,1942,43
2026.05.25 05:30:00,4554.11,4560.84,4552.64,4556.85,2810,43
2026.05.25 05:45:00,4556.81,4557.77,4551.83,4553.25,2596,43
2026.05.25 06:00:00,4553.13,4555.71,4550.33,4553.76,2922,43
2026.05.25 06:15:00,4553.73,4557.13,4552.09,4554.09,2926,43
2026.05.25 06:30:00,4554.1,4557.27,4553.45,4556.26,2570,43
2026.05.25 06:45:00,4556.18,4563.12,4555.98,4562.35,2975,43
2026.05.25 07:00:00,4562.58,4564.71,4560.68,4560.74,2633,35
2026.05.25 07:15:00,4560.71,4561.13,4552.54,4554.41,2741,35
2026.05.25 07:30:00,4554.42,4561.75,4554.16,4559.84,2356,35
2026.05.25 07:45:00,4559.82,4565.05,4558.63,4564.72,2211,35
2026.05.25 08:00:00,4564.71,4564.93,4559.75,4561.02,2102,35
2026.05.25 08:15:00,4561.04,4561.31,4553.72,4554.87,2193,35
2026.05.25 08:30:00,4555.1,4557.96,4553.41,4554.53,2134,35
2026.05.25 08:45:00,4554.54,4556.53,4553.35,4556.07,1758,35
2026.05.25 09:00:00,4556.06,4558.66,4554.96,4555.4,1771,35
2026.05.25 09:15:00,4555.38,4558.9,4555.38,4558.8,1568,35
2026.05.25 09:30:00,4558.79,4565.99,4558.31,4565.69,2462,35
2026.05.25 09:45:00,4565.68,4569.05,4564.51,4567.56,2197,35
2026.05.25 10:00:00,4567.61,4572.44,4567.54,4571.87,2436,35
2026.05.25 10:15:00,4571.86,4573.66,4569.83,4570.89,2332,35
2026.05.25 10:30:00,4570.92,4573.1,4568.45,4569.98,2240,35
2026.05.25 10:45:00,4570.03,4572.27,4568.44,4568.57,1639,35
2026.05.25 11:00:00,4568.72,4572.39,4567.55,4572.04,1573,35
2026.05.25 11:15:00,4572.02,4575.17,4569.47,4571.58,2250,35
2026.05.25 11:30:00,4571.58,4576.11,4571.51,4574.46,2344,35
2026.05.25 11:45:00,4574.47,4576.9,4569.37,4569.46,2223,35
2026.05.25 12:00:00,4569.32,4569.49,4556.04,4556.27,3188,35
2026.05.25 12:15:00,4556.21,4560.89,4552.8,4560.31,2662,35
2026.05.25 12:30:00,4560.32,4570.1,4559.84,4566.44,2840,35
2026.05.25 12:45:00,4566.43,4568.71,4564.26,4567.62,2511,35
2026.05.25 13:00:00,4567.56,4571.13,4561.58,4564.31,3445,35
2026.05.25 13:15:00,4564.33,4564.54,4560.5,4561.78,2841,35
2026.05.25 13:30:00,4561.58,4565.5,4561.43,4564.98,2839,35
2026.05.25 13:45:00,4564.96,4565.25,4560.19,4563.08,2804,35
2026.05.25 14:00:00,4563.04,4569.85,4562.35,4567.61,2786,35
2026.05.25 14:15:00,4567.56,4570.46,4567.29,4567.81,2506,35
2026.05.25 14:30:00,4567.83,4568.44,4565.03,4566.95,2535,35
2026.05.25 14:45:00,4566.96,4568.89,4565.31,4566.75,2576,35
2026.05.25 15:00:00,4566.64,4573.39,4565.57,4570.06,2620,35
2026.05.25 15:15:00,4570.04,4574.67,4567.91,4573.27,2646,35
2026.05.25 15:30:00,4573.33,4573.36,4566.66,4568.95,2226,35
2026.05.25 15:45:00,4568.93,4572.69,4568.72,4570.82,1731,35
2026.05.25 16:00:00,4570.87,4570.95,4568.56,4570.51,1728,35
2026.05.25 16:15:00,4570.52,4570.55,4568.06,4568.16,1448,35
2026.05.25 16:30:00,4568.14,4572.33,4567.92,4572.08,1962,35
2026.05.25 16:45:00,4572.09,4574.57,4570.82,4573.52,1978,35
2026.05.25 17:00:00,4573.33,4577.72,4573.31,4574.05,2212,35
2026.05.25 17:15:00,4574.04,4574.47,4570.29,4571.33,1582,43
2026.05.25 17:30:00,4571.26,4571.39,4566.32,4566.73,1382,43
2026.05.25 17:45:00,4566.72,4566.72,4563.34,4565.0,1610,43
2026.05.25 18:00:00,4564.98,4571.31,4564.31,4569.0,1447,43
2026.05.25 18:15:00,4569.01,4570.57,4567.25,4570.49,1083,43
2026.05.25 22:00:00,4572.26,4574.06,4570.48,4573.31,1219,43
2026.05.25 22:15:00,4573.32,4575.37,4572.76,4573.06,1483,43
2026.05.25 22:30:00,4573.07,4575.05,4569.52,4573.91,1782,43
2026.05.25 22:45:00,4573.9,4576.52,4573.38,4574.77,1591,43
2026.05.25 23:00:00,4574.79,4579.03,4573.64,4579.01,1805,43
2026.05.25 23:15:00,4578.98,4580.53,4567.06,4568.0,1985,43
2026.05.25 23:30:00,4568.18,4568.42,4555.0,4556.38,2939,43
2026.05.25 23:45:00,4556.49,4562.75,4556.49,4559.5,2310,43
2026.05.26 00:00:00,4559.85,4559.85,4548.4,4552.1,3151,43
2026.05.26 00:15:00,4552.22,4553.25,4541.34,4549.16,2942,43
2026.05.26 00:30:00,4549.25,4552.88,4543.52,4548.11,2712,43
2026.05.26 00:45:00,4547.95,4551.55,4539.51,4549.49,2890,43
2026.05.26 01:00:00,4549.51,4549.8,4542.3,4548.52,3158,43
2026.05.26 01:15:00,4548.41,4548.98,4541.61,4543.62,2791,43
2026.05.26 01:30:00,4543.61,4544.06,4527.49,4532.1,3160,43
2026.05.26 01:45:00,4532.17,4537.23,4531.28,4536.88,2849,43
2026.05.26 02:00:00,4536.86,4539.45,4535.34,4538.37,2507,43
2026.05.26 02:15:00,4538.61,4538.88,4536.25,4536.7,2019,43
2026.05.26 02:30:00,4536.7,4538.42,4533.46,4533.88,2575,43
2026.05.26 02:45:00,4533.87,4534.61,4530.06,4532.05,2500,43
2026.05.26 03:00:00,4532.07,4538.13,4531.91,4536.81,2285,43
2026.05.26 03:15:00,4536.78,4543.59,4536.64,4542.1,2354,43
2026.05.26 03:30:00,4542.13,4545.3,4540.89,4541.34,1779,43
2026.05.26 03:45:00,4541.2,4543.68,4540.77,4542.23,1330,43
2026.05.26 04:00:00,4542.25,4543.11,4536.12,4537.44,1535,43
2026.05.26 04:15:00,4537.43,4539.38,4532.41,4532.46,1509,43
2026.05.26 04:30:00,4532.44,4533.1,4525.17,4526.1,2116,43
2026.05.26 04:45:00,4526.1,4528.94,4523.45,4525.31,2156,43
2026.05.26 05:00:00,4525.3,4531.33,4522.96,4529.13,2369,43
2026.05.26 05:15:00,4528.99,4531.33,4528.7,4531.16,1704,43
2026.05.26 05:30:00,4530.94,4535.02,4527.86,4529.65,3053,43
2026.05.26 05:45:00,4529.65,4529.82,4523.44,4527.17,3102,43
2026.05.26 06:00:00,4527.04,4532.72,4526.87,4531.57,2914,43
2026.05.26 06:15:00,4531.6,4536.06,4528.22,4530.37,2646,43
2026.05.26 06:30:00,4530.3,4533.88,4528.63,4533.68,2570,43
2026.05.26 06:45:00,4533.71,4533.93,4528.38,4530.88,2617,43
2026.05.26 07:00:00,4531.06,4533.82,4525.86,4528.56,2663,35
2026.05.26 07:15:00,4528.53,4531.1,4522.02,4529.54,2642,35
2026.05.26 07:30:00,4529.59,4529.7,4521.61,4526.66,2652,35
2026.05.26 07:45:00,4526.67,4538.84,4525.22,4538.14,2830,35
2026.05.26 08:00:00,4538.16,4538.57,4527.08,4527.52,2667,35
2026.05.26 08:15:00,4527.66,4529.9,4520.57,4522.39,2579,35
2026.05.26 08:30:00,4522.25,4526.29,4520.08,4525.36,2676,35
2026.05.26 08:45:00,4525.33,4527.33,4520.19,4523.64,2562,35
2026.05.26 09:00:00,4524.16,4524.94,4519.29,4520.47,2318,35
2026.05.26 09:15:00,4520.46,4526.38,4518.14,4524.8,2737,35
2026.05.26 09:30:00,4524.81,4525.26,4512.0,4513.17,2837,35
2026.05.26 09:45:00,4513.13,4523.4,4513.0,4522.63,2807,35
2026.05.26 10:00:00,4522.69,4532.07,4519.35,4529.34,2921,35
2026.05.26 10:15:00,4529.28,4535.33,4527.49,4533.42,2586,35
2026.05.26 10:30:00,4533.44,4538.64,4531.39,4533.02,2574,35
2026.05.26 10:45:00,4533.13,4540.42,4533.04,4534.44,2778,35
2026.05.26 11:00:00,4534.71,4536.12,4531.65,4531.65,2455,35
2026.05.26 11:15:00,4531.67,4532.63,4522.74,4523.7,2816,35
2026.05.26 11:30:00,4523.52,4523.71,4504.42,4510.01,3436,35
2026.05.26 11:45:00,4509.98,4515.53,4503.5,4507.09,3413,35
2026.05.26 12:00:00,4507.06,4512.14,4504.54,4510.17,3181,35
2026.05.26 12:15:00,4510.18,4515.95,4503.67,4506.08,3099,35
2026.05.26 12:30:00,4506.16,4511.96,4500.65,4511.96,3365,35
2026.05.26 12:45:00,4511.94,4523.58,4510.49,4520.35,3347,35
2026.05.26 13:00:00,4520.33,4526.39,4516.47,4518.37,3236,35
2026.05.26 13:15:00,4518.68,4527.51,4518.11,4522.39,3216,35
2026.05.26 13:30:00,4522.58,4531.03,4521.25,4527.21,3078,35
2026.05.26 13:45:00,4527.52,4529.21,4512.15,4513.87,3174,35
2026.05.26 14:00:00,4514.19,4520.26,4507.8,4511.05,3055,35
2026.05.26 14:15:00,4510.87,4517.83,4508.59,4517.56,2842,35
2026.05.26 14:30:00,4517.26,4524.87,4516.76,4521.33,2764,35
2026.05.26 14:45:00,4521.22,4521.98,4512.64,4515.14,2705,35
2026.05.26 15:00:00,4515.21,4515.43,4508.01,4509.41,2876,35
2026.05.26 15:15:00,4509.43,4510.37,4504.8,4505.85,2703,35
2026.05.26 15:30:00,4506.11,4508.95,4502.24,4508.24,2768,35
2026.05.26 15:45:00,4508.25,4510.72,4505.93,4506.4,2642,35
2026.05.26 16:00:00,4506.81,4508.44,4501.18,4501.46,2680,35
2026.05.26 16:15:00,4501.44,4508.8,4499.63,4507.89,2696,35
2026.05.26 16:30:00,4507.91,4511.18,4506.06,4506.43,2721,35
2026.05.26 16:45:00,4506.44,4507.86,4502.97,4504.82,2661,35
2026.05.26 17:00:00,4504.79,4507.31,4503.15,4503.67,2731,43
2026.05.26 17:15:00,4503.48,4507.43,4500.32,4501.27,2824,43
2026.05.26 17:30:00,4501.16,4501.45,4496.89,4498.44,2867,43
2026.05.26 17:45:00,4498.42,4501.15,4489.94,4490.78,2866,43
2026.05.26 18:00:00,4490.63,4493.15,4482.25,4487.23,3202,43
2026.05.26 18:15:00,4487.17,4496.11,4486.36,4495.16,2671,43
2026.05.26 18:30:00,4495.13,4498.35,4494.08,4496.03,2272,43
2026.05.26 18:45:00,4496.04,4499.56,4496.01,4499.26,2404,43
2026.05.26 19:00:00,4499.41,4501.09,4497.6,4499.32,2295,43
2026.05.26 19:15:00,4499.35,4504.52,4499.28,4502.01,2421,43
2026.05.26 19:30:00,4502.0,4505.82,4500.75,4504.75,2391,43
2026.05.26 19:45:00,4504.79,4509.86,4504.06,4508.89,2669,43
2026.05.26 20:00:00,4508.94,4510.36,4506.1,4507.79,1587,43
2026.05.26 20:15:00,4507.88,4509.83,4506.21,4506.48,1101,43
2026.05.26 20:30:00,4506.49,4509.69,4505.86,4508.69,826,43
2026.05.26 20:45:00,4508.77,4510.13,4503.96,4506.73,1270,47
2026.05.26 22:00:00,4505.35,4510.72,4501.29,4504.66,1281,35
2026.05.26 22:15:00,4504.67,4510.01,4502.37,4504.28,1859,35
2026.05.26 22:30:00,4504.3,4505.87,4497.91,4500.45,1943,43
2026.05.26 22:45:00,4500.51,4512.37,4499.46,4510.86,1767,43
2026.05.26 23:00:00,4510.88,4513.55,4507.52,4508.7,1804,43
2026.05.26 23:15:00,4508.64,4512.11,4504.38,4512.11,1886,43
2026.05.26 23:30:00,4512.12,4526.91,4510.99,4526.78,2404,43
2026.05.26 23:45:00,4526.8,4527.96,4518.53,4519.65,2375,43
2026.05.27 00:00:00,4519.56,4525.67,4517.25,4521.99,2633,43
2026.05.27 00:15:00,4521.94,4522.44,4514.01,4517.85,2502,43
2026.05.27 00:30:00,4517.88,4520.64,4516.79,4518.62,2123,43
2026.05.27 00:45:00,4518.63,4522.11,4514.61,4515.04,2277,43
2026.05.27 01:00:00,4515.04,4520.82,4512.54,4519.39,3173,43
2026.05.27 01:15:00,4519.37,4521.04,4514.36,4516.05,2550,43
2026.05.27 01:30:00,4515.7,4517.02,4509.28,4509.95,2326,43
2026.05.27 01:45:00,4510.09,4510.47,4506.8,4507.79,2111,43
2026.05.27 02:00:00,4507.87,4509.47,4502.09,4504.07,2569,43
2026.05.27 02:15:00,4504.06,4505.67,4498.97,4505.44,2132,43
2026.05.27 02:30:00,4505.45,4505.95,4498.6,4499.83,2372,43
2026.05.27 02:45:00,4499.82,4506.91,4498.07,4505.65,2071,43
2026.05.27 03:00:00,4505.64,4510.13,4504.93,4509.05,2049,43
2026.05.27 03:15:00,4509.06,4511.82,4505.52,4506.99,2080,43
2026.05.27 03:30:00,4507.0,4507.14,4501.59,4504.03,1684,43
2026.05.27 03:45:00,4504.05,4505.42,4496.52,4497.02,1603,43
2026.05.27 04:00:00,4496.99,4503.1,4495.81,4502.92,1693,43
2026.05.27 04:15:00,4502.94,4503.24,4499.43,4499.43,1649,43
2026.05.27 04:30:00,4499.28,4508.33,4497.71,4508.33,1938,43
2026.05.27 04:45:00,4508.28,4517.19,4508.28,4510.05,2346,43
2026.05.27 05:00:00,4510.12,4513.83,4508.27,4509.01,2071,43
2026.05.27 05:15:00,4509.0,4509.0,4504.03,4507.15,2184,43
2026.05.27 05:30:00,4507.12,4508.69,4491.69,4493.36,3610,43
2026.05.27 05:45:00,4493.44,4502.25,4491.82,4497.42,3505,43
2026.05.27 06:00:00,4497.35,4499.11,4493.76,4494.0,3165,43
2026.05.27 06:15:00,4494.0,4495.82,4483.52,4486.28,3171,43
2026.05.27 06:30:00,4486.15,4487.47,4479.53,4487.39,3124,43
2026.05.27 06:45:00,4487.31,4490.12,4483.46,4485.12,2715,43
2026.05.27 07:00:00,4485.73,4488.4,4480.12,4480.27,2527,35
2026.05.27 07:15:00,4480.37,4489.09,4480.29,4486.18,2581,35
2026.05.27 07:30:00,4486.16,4488.48,4481.15,4482.69,2589,35
2026.05.27 07:45:00,4482.64,4483.94,4475.68,4481.93,2677,35
2026.05.27 08:00:00,4481.41,4489.1,4481.41,4486.26,2593,35
2026.05.27 08:15:00,4486.29,4492.54,4485.97,4489.04,2457,35
2026.05.27 08:30:00,4489.05,4496.6,4486.08,4496.05,2482,35
2026.05.27 08:45:00,4496.26,4498.64,4492.51,4497.78,2503,35
2026.05.27 09:00:00,4497.79,4497.79,4488.61,4491.69,2382,35
2026.05.27 09:15:00,4491.67,4495.18,4489.31,4489.99,2162,35
2026.05.27 09:30:00,4490.01,4492.16,4486.97,4488.58,2054,35
2026.05.27 09:45:00,4488.55,4493.17,4488.14,4490.13,1754,35
2026.05.27 10:00:00,4490.07,4490.53,4484.23,4485.43,2117,35
2026.05.27 10:15:00,4485.35,4486.3,4476.4,4476.97,2604,35
2026.05.27 10:30:00,4476.88,4477.04,4461.86,4465.82,3418,35
2026.05.27 10:45:00,4465.57,4466.93,4442.54,4445.71,3947,35
2026.05.27 11:00:00,4445.92,4453.17,4443.54,4451.21,3253,35
2026.05.27 11:15:00,4451.05,4452.23,4439.46,4440.85,3126,35
2026.05.27 11:30:00,4440.81,4444.14,4432.25,4443.08,3247,35
2026.05.27 11:45:00,4443.02,4444.67,4424.76,4428.25,3174,35
2026.05.27 12:00:00,4428.35,4437.67,4428.13,4430.37,3043,35
2026.05.27 12:15:00,4430.16,4466.33,4427.28,4454.62,3230,35
2026.05.27 12:30:00,4454.57,4460.21,4444.75,4447.04,4448,35
2026.05.27 12:45:00,4447.02,4448.12,4437.66,4438.54,4765,35
2026.05.27 13:00:00,4438.13,4438.73,4410.77,4416.73,6064,35
2026.05.27 13:15:00,4416.46,4421.19,4401.53,4405.17,5864,35
2026.05.27 13:30:00,4405.02,4425.57,4404.77,4419.2,6235,35
2026.05.27 13:45:00,4419.24,4433.95,4418.47,4427.43,5725,35
2026.05.27 14:00:00,4427.41,4455.4,4426.04,4447.96,5828,35
2026.05.27 14:15:00,4447.87,4455.21,4440.16,4445.53,5621,35
2026.05.27 14:30:00,4444.89,4449.13,4435.54,4443.01,5383,35
2026.05.27 14:45:00,4443.01,4446.19,4433.17,4434.01,4833,35
2026.05.27 15:00:00,4433.79,4438.27,4428.03,4431.96,4858,35
2026.05.27 15:15:00,4431.95,4435.76,4429.65,4435.61,4179,35
2026.05.27 15:30:00,4436.26,4441.45,4432.79,4434.01,4383,35
2026.05.27 15:45:00,4434.21,4438.7,4430.83,4436.39,4316,35
2026.05.27 16:00:00,4436.42,4441.93,4434.2,4440.1,4012,35
2026.05.27 16:15:00,4440.14,4447.47,4439.8,4446.71,3410,35
2026.05.27 16:30:00,4446.71,4453.01,4445.19,4450.7,3635,35
2026.05.27 16:45:00,4450.75,4453.3,4449.29,4450.73,3468,35
2026.05.27 17:00:00,4450.75,4451.51,4441.35,4443.99,4046,38
2026.05.27 17:15:00,4443.99,4451.06,4443.05,4449.61,3486,35
2026.05.27 17:30:00,4449.6,4454.37,4449.6,4450.51,3187,35
2026.05.27 17:45:00,4450.51,4453.93,4449.88,4450.21,2892,43
2026.05.27 18:00:00,4450.05,4452.0,4447.58,4449.92,2786,35
2026.05.27 18:15:00,4449.9,4458.49,4449.76,4455.47,2961,35
2026.05.27 18:30:00,4455.47,4456.6,4451.34,4453.28,2608,35
2026.05.27 18:45:00,4453.11,4454.87,4452.17,4454.22,2125,42
2026.05.27 19:00:00,4454.21,4454.67,4450.31,4451.64,2273,42
2026.05.27 19:15:00,4451.55,4454.04,4449.43,4450.87,2617,42
2026.05.27 19:30:00,4450.87,4454.62,4449.42,4453.54,2325,43
2026.05.27 19:45:00,4453.32,4453.68,4448.79,4450.83,2493,42
2026.05.27 20:00:00,4450.76,4455.08,4449.91,4455.05,1565,42
2026.05.27 20:15:00,4455.09,4458.81,4454.57,4454.96,1630,35
2026.05.27 20:30:00,4454.97,4455.57,4451.46,4453.52,1212,43
2026.05.27 20:45:00,4453.5,4456.26,4452.45,4456.25,1008,35
2026.05.27 22:00:00,4463.58,4464.75,4455.48,4457.89,1653,35
2026.05.27 22:15:00,4457.9,4461.88,4456.54,4459.8,1770,35
2026.05.27 22:30:00,4459.79,4462.34,4455.15,4458.41,2211,35
2026.05.27 22:45:00,4458.39,4458.76,4455.36,4457.24,1536,42
2026.05.27 23:00:00,4457.25,4457.61,4451.6,4453.38,2243,35
2026.05.27 23:15:00,4453.39,4454.94,4449.04,4450.63,2673,35
2026.05.27 23:30:00,4450.64,4454.05,4449.24,4450.65,2232,35
2026.05.27 23:45:00,4450.72,4450.73,4443.71,4446.98,3024,36
2026.05.28 00:00:00,4446.2,4452.54,4444.55,4444.66,3615,37
2026.05.28 00:15:00,4444.63,4453.87,4444.04,4446.13,3673,35
2026.05.28 00:30:00,4446.15,4453.07,4443.29,4451.9,3196,35
2026.05.28 00:45:00,4451.89,4457.75,4450.54,4456.96,2881,35
2026.05.28 01:00:00,4456.95,4458.32,4437.81,4438.12,4662,42
2026.05.28 01:15:00,4438.1,4440.44,4417.1,4419.34,4690,35
2026.05.28 01:30:00,4419.07,4426.33,4415.86,4417.48,4860,35
2026.05.28 01:45:00,4417.58,4420.32,4406.83,4409.85,4978,35
2026.05.28 02:00:00,4409.88,4412.48,4396.19,4402.61,4855,35
2026.05.28 02:15:00,4402.68,4408.33,4399.61,4406.07,3691,42
2026.05.28 02:30:00,4406.03,4410.24,4400.59,4401.88,4039,35
2026.05.28 02:45:00,4401.88,4402.24,4391.96,4394.2,4264,37
2026.05.28 03:00:00,4394.2,4397.79,4390.09,4394.04,4220,35
2026.05.28 03:15:00,4394.04,4394.41,4382.06,4387.42,4555,35
2026.05.28 03:30:00,4387.28,4387.68,4370.69,4376.61,4961,35
2026.05.28 03:45:00,4376.28,4379.05,4368.35,4374.75,4361,42
2026.05.28 04:00:00,4374.71,4381.84,4369.54,4376.3,4107,35
2026.05.28 04:15:00,4376.38,4376.88,4366.21,4368.27,4101,35
2026.05.28 04:30:00,4368.26,4375.23,4368.23,4374.22,3833,35
2026.05.28 04:45:00,4374.25,4375.3,4367.88,4372.9,3727,35
2026.05.28 05:00:00,4373.05,4376.92,4367.07,4375.18,3753,35
2026.05.28 05:15:00,4375.12,4379.8,4371.5,4378.49,3548,35
2026.05.28 05:30:00,4378.48,4393.54,4375.25,4389.32,4910,35
2026.05.28 05:45:00,4389.47,4395.7,4387.26,4387.8,4175,35
2026.05.28 06:00:00,4387.93,4390.68,4374.59,4375.97,4111,35
2026.05.28 06:15:00,4375.97,4384.66,4374.14,4380.3,3998,35
2026.05.28 06:30:00,4380.29,4385.34,4376.78,4380.35,3585,35
2026.05.28 06:45:00,4380.38,4384.59,4379.1,4383.4,3644,35
2026.05.28 07:00:00,4383.52,4392.37,4383.52,4388.74,4151,35
2026.05.28 07:15:00,4388.84,4396.19,4386.33,4392.61,3850,35
2026.05.28 07:30:00,4392.61,4393.72,4385.28,4389.26,3907,35
2026.05.28 07:45:00,4389.21,4390.9,4382.83,4387.38,3927,35
2026.05.28 08:00:00,4387.67,4394.9,4386.29,4393.35,4200,35
2026.05.28 08:15:00,4393.35,4394.55,4387.52,4389.72,4168,35
2026.05.28 08:30:00,4389.8,4394.9,4386.13,4389.79,3965,35
2026.05.28 08:45:00,4389.79,4391.74,4385.8,4386.8,3309,35
2026.05.28 09:00:00,4386.68,4390.98,4386.27,4389.27,3576,35
2026.05.28 09:15:00,4389.27,4399.21,4388.48,4396.41,3895,35
2026.05.28 09:30:00,4396.07,4396.9,4390.15,4391.16,3965,35
2026.05.28 09:45:00,4391.15,4396.2,4389.69,4393.5,3630,35
2026.05.28 10:00:00,4393.5,4404.23,4391.38,4399.21,3764,35
2026.05.28 10:15:00,4399.67,4402.31,4393.8,4401.04,3627,35
2026.05.28 10:30:00,4401.03,4402.49,4388.13,4389.12,3930,35
2026.05.28 10:45:00,4389.1,4389.1,4375.22,4382.94,4986,35
2026.05.28 11:00:00,4382.61,4389.04,4381.54,4386.88,4035,35
2026.05.28 11:15:00,4386.62,4390.56,4384.34,4384.76,3605,35
2026.05.28 11:30:00,4384.77,4390.25,4381.14,4385.69,3970,35
2026.05.28 11:45:00,4385.7,4388.31,4381.0,4387.88,4054,35
2026.05.28 12:00:00,4387.8,4392.82,4387.8,4392.58,3827,35
2026.05.28 12:15:00,4392.55,4392.84,4379.46,4385.45,4110,35
2026.05.28 12:30:00,4385.46,4402.91,4384.05,4401.96,5244,35
2026.05.28 12:45:00,4402.32,4433.42,4401.53,4432.14,5449,35
2026.05.28 13:00:00,4432.23,4438.75,4424.98,4426.56,5798,35
2026.05.28 13:15:00,4426.55,4434.11,4425.71,4428.8,4880,35
2026.05.28 13:30:00,4428.91,4431.07,4418.2,4421.97,5952,35
2026.05.28 13:45:00,4421.97,4434.25,4421.46,4430.45,5498,35
2026.05.28 14:00:00,4430.04,4467.18,4420.68,4464.22,6024,35
2026.05.28 14:15:00,4464.27,4473.43,4451.53,4460.88,6531,35
2026.05.28 14:30:00,4460.88,4471.46,4452.81,4468.91,6057,35
2026.05.28 14:45:00,4469.01,4480.21,4462.01,4469.28,6058,35
2026.05.28 15:00:00,4469.6,4480.59,4468.66,4471.35,5669,35
2026.05.28 15:15:00,4471.64,4482.4,4469.22,4476.67,5065,35
2026.05.28 15:30:00,4476.66,4485.14,4476.66,4479.28,4919,35
2026.05.28 15:45:00,4479.3,4482.37,4478.62,4482.04,4128,35
2026.05.28 16:00:00,4482.05,4486.05,4477.87,4484.29,4362,35
2026.05.28 16:15:00,4484.29,4502.7,4484.09,4500.44,5437,35
2026.05.28 16:30:00,4500.59,4506.46,4497.51,4504.09,4619,35
2026.05.28 16:45:00,4504.06,4510.95,4504.06,4510.83,4519,35
2026.05.28 17:00:00,4510.96,4514.48,4503.51,4503.98,4502,35
2026.05.28 17:15:00,4503.93,4506.68,4501.14,4501.93,4259,35
2026.05.28 17:30:00,4501.96,4507.31,4501.96,4504.96,3327,43
2026.05.28 17:45:00,4504.9,4509.86,4504.59,4508.91,3339,35
2026.05.28 18:00:00,4508.93,4516.3,4506.09,4507.57,4080,35
2026.05.28 18:15:00,4507.57,4512.55,4505.4,4506.18,3987,42
2026.05.28 18:30:00,4506.19,4506.35,4500.41,4501.44,3547,35
2026.05.28 18:45:00,4501.5,4503.6,4498.45,4500.87,3415,35
2026.05.28 19:00:00,4501.07,4503.58,4498.54,4499.47,3014,36
2026.05.28 19:15:00,4499.47,4502.88,4499.47,4499.74,2495,43
2026.05.28 19:30:00,4499.74,4501.8,4498.97,4499.19,2556,43
2026.05.28 19:45:00,4499.19,4500.48,4496.91,4497.91,3171,35
2026.05.28 20:00:00,4497.8,4498.58,4494.84,4497.02,2341,43
2026.05.28 20:15:00,4497.04,4500.48,4496.34,4499.26,1809,42
2026.05.28 20:30:00,4499.28,4500.73,4494.88,4495.45,1716,42
2026.05.28 20:45:00,4495.49,4496.46,4494.75,4495.53,1247,35
2026.05.28 22:00:00,4499.45,4499.45,4491.58,4493.65,1300,35
2026.05.28 22:15:00,4493.61,4496.58,4492.63,4495.85,1639,41
2026.05.28 22:30:00,4495.85,4496.53,4492.93,4495.47,2009,42
2026.05.28 22:45:00,4495.57,4496.06,4490.72,4491.06,1730,43
2026.05.28 23:00:00,4491.07,4495.42,4491.07,4494.55,1828,35
2026.05.28 23:15:00,4494.58,4496.98,4491.67,4492.12,1720,43
2026.05.28 23:30:00,4492.14,4494.58,4489.08,4489.92,2357,35
2026.05.28 23:45:00,4489.94,4496.17,4488.64,4495.02,2467,35
2026.05.29 00:00:00,4495.11,4498.01,4492.03,4497.27,3793,35
2026.05.29 00:15:00,4497.29,4500.37,4495.7,4499.95,3118,40
2026.05.29 00:30:00,4499.84,4500.22,4493.3,4498.22,2943,42
2026.05.29 00:45:00,4497.92,4498.26,4493.17,4496.02,2825,35
2026.05.29 01:00:00,4496.05,4515.5,4492.01,4515.05,5149,35
2026.05.29 01:15:00,4515.07,4520.73,4505.15,4505.3,4602,35
2026.05.29 01:30:00,4505.28,4508.35,4502.68,4506.2,4186,41
2026.05.29 01:45:00,4506.2,4507.49,4500.9,4506.38,3785,42
2026.05.29 02:00:00,4506.38,4511.07,4504.07,4506.73,3668,35
2026.05.29 02:15:00,4506.76,4508.77,4501.82,4502.97,2767,42
2026.05.29 02:30:00,4502.98,4507.73,4498.2,4505.0,3479,42
2026.05.29 02:45:00,4505.01,4508.13,4501.18,4501.67,3317,43
2026.05.29 03:00:00,4501.67,4502.02,4494.91,4496.28,3772,42
2026.05.29 03:15:00,4496.29,4499.13,4495.11,4496.69,3405,41
2026.05.29 03:30:00,4496.69,4499.22,4494.46,4497.97,2659,35
2026.05.29 03:45:00,4497.92,4501.52,4496.29,4501.2,2510,42
2026.05.29 04:00:00,4501.09,4505.39,4500.93,4502.29,2645,42
2026.05.29 04:15:00,4502.19,4511.63,4501.89,4509.01,2936,35
2026.05.29 04:30:00,4509.02,4510.74,4508.31,4510.51,2360,35
2026.05.29 04:45:00,4510.51,4514.49,4507.94,4514.06,2361,43
2026.05.29 05:00:00,4514.01,4515.43,4508.65,4511.87,2257,43
2026.05.29 05:15:00,4511.85,4512.13,4509.36,4509.86,1902,43
2026.05.29 05:30:00,4509.46,4512.86,4502.61,4506.66,3790,35
2026.05.29 05:45:00,4506.67,4515.73,4503.9,4514.7,3406,42
2026.05.29 06:00:00,4514.82,4522.23,4510.89,4515.72,4314,35
2026.05.29 06:15:00,4515.66,4521.41,4509.89,4516.75,3914,43
2026.05.29 06:30:00,4516.86,4520.61,4511.28,4516.54,4048,42
2026.05.29 06:45:00,4516.52,4524.08,4515.16,4523.53,3647,35
2026.05.29 07:00:00,4522.74,4523.91,4515.93,4516.31,4283,35
2026.05.29 07:15:00,4516.31,4517.19,4510.4,4514.04,4342,35
2026.05.29 07:30:00,4514.05,4526.14,4512.63,4525.32,4572,35
2026.05.29 07:45:00,4525.3,4526.13,4522.01,4524.58,3379,35
2026.05.29 08:00:00,4524.59,4524.77,4514.21,4515.06,4271,35
2026.05.29 08:15:00,4515.05,4517.89,4512.48,4516.99,4137,35
2026.05.29 08:30:00,4516.93,4518.26,4513.75,4514.91,3290,35
2026.05.29 08:45:00,4514.66,4516.23,4509.92,4514.86,3431,35
2026.05.29 09:00:00,4514.94,4530.35,4513.08,4528.96,4343,35
2026.05.29 09:15:00,4529.0,4532.32,4522.13,4528.78,4116,35
2026.05.29 09:30:00,4528.8,4532.6,4524.85,4532.28,4154,35
2026.05.29 09:45:00,4532.29,4539.4,4529.71,4531.26,4128,35
2026.05.29 10:00:00,4530.94,4531.05,4525.45,4528.48,3560,35
2026.05.29 10:15:00,4528.45,4530.87,4525.66,4530.35,3523,35
2026.05.29 10:30:00,4530.36,4543.03,4530.2,4537.96,4071,35
2026.05.29 10:45:00,4537.98,4541.03,4535.28,4538.44,3537,35
2026.05.29 11:00:00,4538.41,4540.33,4530.91,4532.26,3770,35
2026.05.29 11:15:00,4532.27,4534.23,4526.87,4527.95,3857,35
2026.05.29 11:30:00,4527.98,4531.45,4525.7,4530.91,3269,35
2026.05.29 11:45:00,4530.91,4539.07,4527.4,4538.25,3862,35
2026.05.29 12:00:00,4538.26,4538.48,4526.84,4528.31,4241,35
2026.05.29 12:15:00,4528.3,4531.83,4519.93,4522.27,4092,35
2026.05.29 12:30:00,4522.29,4523.53,4512.81,4514.29,4675,35
2026.05.29 12:45:00,4514.12,4523.92,4512.71,4522.85,4402,35
2026.05.29 13:00:00,4523.02,4526.98,4517.01,4522.74,4980,35
2026.05.29 13:15:00,4522.84,4529.19,4521.13,4527.9,4309,35
2026.05.29 13:30:00,4527.92,4535.25,4522.16,4532.88,5591,35
2026.05.29 13:45:00,4532.76,4540.64,4529.47,4536.67,5241,35
2026.05.29 14:00:00,4536.66,4552.56,4535.04,4543.94,5633,35
2026.05.29 14:15:00,4543.93,4545.07,4526.24,4529.85,5869,35
2026.05.29 14:30:00,4529.44,4541.76,4525.19,4540.35,5781,35
2026.05.29 14:45:00,4540.35,4570.33,4536.59,4564.21,5983,35
2026.05.29 15:00:00,4564.0,4595.02,4564.0,4589.86,6276,35
2026.05.29 15:15:00,4589.86,4591.63,4578.11,4578.17,5680,35
2026.05.29 15:30:00,4578.39,4583.27,4561.26,4566.5,5642,35
2026.05.29 15:45:00,4566.51,4571.37,4557.72,4570.99,5184,35
2026.05.29 16:00:00,4571.06,4572.18,4559.95,4563.55,4545,35
2026.05.29 16:15:00,4563.49,4567.56,4560.49,4563.02,4299,35
2026.05.29 16:30:00,4563.01,4573.34,4561.74,4569.52,4769,35
2026.05.29 16:45:00,4569.52,4569.52,4560.8,4566.81,4279,35
2026.05.29 17:00:00,4566.83,4568.43,4563.29,4564.04,3746,35
2026.05.29 17:15:00,4564.03,4566.91,4560.79,4561.82,4161,35
2026.05.29 17:30:00,4561.81,4562.04,4553.26,4554.11,4112,35
2026.05.29 17:45:00,4554.1,4557.55,4551.48,4553.44,4064,35
2026.05.29 18:00:00,4553.44,4558.66,4552.45,4558.15,3870,35
2026.05.29 18:15:00,4558.14,4560.36,4555.52,4559.32,3806,39
2026.05.29 18:30:00,4559.24,4561.71,4557.49,4557.89,3096,35
2026.05.29 18:45:00,4557.9,4557.91,4550.73,4553.4,3987,35
2026.05.29 19:00:00,4553.39,4560.06,4552.26,4558.38,3053,36
2026.05.29 19:15:00,4558.37,4559.04,4554.53,4555.2,2671,43
2026.05.29 19:30:00,4555.11,4556.34,4551.05,4551.43,2926,35
2026.05.29 19:45:00,4551.43,4551.74,4542.91,4545.4,3990,35
2026.05.29 20:00:00,4545.18,4549.27,4542.67,4548.78,2566,43
2026.05.29 20:15:00,4548.78,4548.78,4542.07,4542.56,1773,43
2026.05.29 20:30:00,4542.55,4543.98,4541.14,4543.6,1607,43
2026.05.29 20:45:00,4543.61,4543.61,4539.49,4540.4,1505,43
2026.05.31 22:00:00,4520.96,4535.26,4518.4,4534.66,3028,35
2026.05.31 22:15:00,4534.66,4536.56,4531.18,4533.06,2890,41
2026.05.31 22:30:00,4532.67,4536.45,4530.75,4535.57,2753,42
2026.05.31 22:45:00,4535.59,4540.3,4534.68,4535.19,2369,35
2026.05.31 23:00:00,4535.22,4543.11,4534.96,4542.37,2460,35
2026.05.31 23:15:00,4542.46,4544.88,4540.02,4544.77,2269,42
2026.05.31 23:30:00,4544.84,4545.58,4538.32,4541.85,2650,42
2026.05.31 23:45:00,4541.85,4544.74,4538.47,4539.55,3026,43
2026.06.01 00:00:00,4539.51,4545.78,4537.22,4540.61,3473,35
2026.06.01 00:15:00,4540.49,4544.2,4537.62,4542.91,3255,35
2026.06.01 00:30:00,4542.89,4544.83,4535.18,4535.87,3205,35
2026.06.01 00:45:00,4535.87,4542.66,4535.85,4540.64,3104,42
2026.06.01 01:00:00,4540.64,4540.94,4526.03,4533.77,4569,39
2026.06.01 01:15:00,4533.76,4536.85,4527.82,4528.71,3914,41
2026.06.01 01:30:00,4528.71,4533.7,4526.97,4533.06,3972,42
2026.06.01 01:45:00,4533.06,4533.44,4523.45,4525.31,3742,42
2026.06.01 02:00:00,4525.3,4533.92,4524.23,4531.98,3793,42
2026.06.01 02:15:00,4532.01,4534.59,4529.28,4530.23,2353,42
2026.06.01 02:30:00,4530.23,4530.84,4522.38,4522.82,3711,43
2026.06.01 02:45:00,4522.81,4525.02,4520.97,4521.32,3464,43
2026.06.01 03:00:00,4521.32,4525.24,4515.47,4518.82,3534,35
2026.06.01 03:15:00,4518.81,4521.2,4513.86,4520.32,3423,36
2026.06.01 03:30:00,4520.39,4523.96,4509.11,4510.76,3183,41
2026.06.01 03:45:00,4510.75,4516.36,4509.75,4516.31,2620,35
2026.06.01 04:00:00,4516.2,4519.58,4512.36,4514.51,2379,42
2026.06.01 04:15:00,4514.49,4518.35,4514.48,4515.74,1888,42
2026.06.01 04:30:00,4515.74,4517.15,4513.45,4514.44,2112,42
2026.06.01 04:45:00,4514.45,4514.96,4508.58,4514.37,2491,42
2026.06.01 05:00:00,4514.42,4519.13,4513.47,4518.02,2707,35
2026.06.01 05:15:00,4518.14,4523.47,4517.39,4520.51,2660,35
2026.06.01 05:30:00,4520.55,4522.09,4512.55,4519.72,4032,42
2026.06.01 05:45:00,4519.69,4525.06,4517.0,4518.11,3655,35
2026.06.01 06:00:00,4518.17,4518.68,4512.56,4514.05,3879,35
2026.06.01 06:15:00,4514.05,4515.73,4504.89,4513.8,3931,35
2026.06.01 06:30:00,4514.3,4514.66,4501.71,4504.44,3942,37
2026.06.01 06:45:00,4504.44,4504.61,4499.86,4501.59,3691,42
2026.06.01 07:00:00,4501.57,4509.92,4500.73,4507.14,4226,35
2026.06.01 07:15:00,4507.14,4508.26,4503.18,4503.86,3676,35
2026.06.01 07:30:00,4503.85,4507.84,4497.97,4498.11,3936,35
2026.06.01 07:45:00,4498.05,4502.93,4492.44,4502.85,4214,35
2026.06.01 08:00:00,4502.8,4504.29,4493.42,4495.52,4226,35
2026.06.01 08:15:00,4495.45,4496.84,4490.54,4495.85,3738,35
2026.06.01 08:30:00,4495.85,4500.54,4492.46,4500.21,3314,35
2026.06.01 08:45:00,4500.21,4502.28,4495.48,4498.01,3704,35
2026.06.01 09:00:00,4498.0,4500.72,4497.66,4499.48,3298,35
2026.06.01 09:15:00,4499.56,4506.33,4496.28,4496.28,4036,35
2026.06.01 09:30:00,4496.29,4499.24,4489.24,4498.23,4194,35
2026.06.01 09:45:00,4498.23,4498.45,4493.83,4495.84,3569,35
2026.06.01 10:00:00,4495.85,4502.24,4495.85,4501.41,3305,35
2026.06.01 10:15:00,4501.46,4503.41,4496.02,4500.73,3068,35
2026.06.01 10:30:00,4500.75,4507.4,4500.41,4505.87,3365,35
2026.06.01 10:45:00,4505.86,4510.87,4502.74,4503.93,3659,35
2026.06.01 11:00:00,4503.85,4506.62,4499.81,4504.88,3664,35
2026.06.01 11:15:00,4504.89,4512.77,4504.11,4510.58,3524,35
2026.06.01 11:30:00,4510.56,4512.29,4506.04,4507.07,3312,35
2026.06.01 11:45:00,4507.08,4509.68,4505.3,4505.64,3284,35
2026.06.01 12:00:00,4505.37,4509.59,4502.71,4503.06,3644,35
2026.06.01 12:15:00,4503.07,4507.72,4497.26,4505.44,4400,35
2026.06.01 12:30:00,4505.43,4508.12,4497.69,4507.29,4430,35
2026.06.01 12:45:00,4507.24,4510.33,4498.25,4502.14,4317,35
2026.06.01 13:00:00,4502.79,4503.84,4472.49,4484.12,5560,35
2026.06.01 13:15:00,4484.27,4489.45,4462.51,4465.04,6221,35
2026.06.01 13:30:00,4465.52,4478.4,4458.67,4467.19,6375,35
2026.06.01 13:45:00,4467.19,4469.52,4448.83,4450.08,6089,35
2026.06.01 14:00:00,4449.89,4462.2,4447.27,4461.36,5902,35
2026.06.01 14:15:00,4461.26,4465.07,4449.56,4456.23,5645,35
2026.06.01 14:30:00,4456.14,4461.31,4453.76,4459.9,5197,35
2026.06.01 14:45:00,4459.89,4461.2,4451.96,4458.63,5132,35
2026.06.01 15:00:00,4458.76,4465.25,4455.34,4464.14,4998,35
2026.06.01 15:15:00,4464.26,4470.15,4463.26,4468.3,4529,35
2026.06.01 15:30:00,4468.26,4479.66,4467.87,4472.26,5445,35
2026.06.01 15:45:00,4472.28,4475.3,4468.53,4474.06,4151,35
2026.06.01 16:00:00,4474.06,4478.37,4465.12,4467.12,4195,35
2026.06.01 16:15:00,4467.03,4469.22,4462.99,4467.88,3910,35
2026.06.01 16:30:00,4467.85,4471.89,4467.71,4467.96,3774,35
2026.06.01 16:45:00,4467.98,4482.16,4467.36,4480.05,4408,35
2026.06.01 17:00:00,4480.19,4480.84,4471.37,4474.88,4001,35
2026.06.01 17:15:00,4474.87,4482.63,4472.18,4482.54,3331,35
2026.06.01 17:30:00,4482.68,4491.32,4480.21,4491.3,4880,35
2026.06.01 17:45:00,4491.31,4495.47,4487.34,4487.42,4025,35
2026.06.01 18:00:00,4487.48,4490.09,4486.21,4488.45,2859,35
2026.06.01 18:15:00,4488.45,4489.96,4486.28,4486.57,2639,43
2026.06.01 18:30:00,4486.78,4488.16,4484.77,4487.95,2251,43
2026.06.01 18:45:00,4487.89,4488.51,4486.45,4486.58,2280,43
2026.06.01 19:00:00,4486.59,4488.13,4484.62,4485.31,2507,35
2026.06.01 19:15:00,4485.31,4486.42,4484.26,4484.64,2423,43
2026.06.01 19:30:00,4484.64,4485.69,4482.93,4483.52,2698,43
2026.06.01 19:45:00,4483.51,4484.28,4478.91,4481.32,3311,43
2026.06.01 20:00:00,4481.32,4484.18,4480.08,4483.33,1858,35
2026.06.01 20:15:00,4483.39,4484.24,4482.03,4483.04,1139,43
2026.06.01 20:30:00,4483.07,4484.6,4481.92,4482.33,1383,35
2026.06.01 20:45:00,4482.15,4485.83,4481.17,4484.66,1236,42
2026.06.01 22:00:00,4486.08,4486.18,4481.81,4484.63,1217,43
2026.06.01 22:15:00,4484.54,4485.26,4481.33,4481.49,1651,35
2026.06.01 22:30:00,4481.42,4483.44,4479.62,4481.4,1271,43
2026.06.01 22:45:00,4481.4,4486.54,4481.38,4485.52,1272,35
2026.06.01 23:00:00,4485.39,4487.71,4481.86,4486.07,1431,35
2026.06.01 23:15:00,4486.05,4488.17,4485.36,4487.17,1086,35
2026.06.01 23:30:00,4487.17,4487.43,4480.43,4483.37,2133,39
2026.06.01 23:45:00,4483.36,4485.81,4479.45,4484.27,2330,35
2026.06.02 00:00:00,4484.45,4485.13,4476.55,4481.12,3993,43
2026.06.02 00:15:00,4481.0,4493.7,4480.9,4493.69,3801,35
2026.06.02 00:30:00,4493.74,4497.0,4484.87,4487.0,3579,42
2026.06.02 00:45:00,4486.96,4487.71,4480.64,4481.48,3508,42
2026.06.02 01:00:00,4481.31,4491.87,4473.8,4489.8,5267,35
2026.06.02 01:15:00,4489.79,4492.3,4481.0,4486.31,4829,38
2026.06.02 01:30:00,4486.3,4489.35,4479.45,4479.88,4235,41
2026.06.02 01:45:00,4479.85,4482.25,4462.73,4474.04,4891,35
2026.06.02 02:00:00,4473.95,4480.88,4472.14,4480.42,4394,42
2026.06.02 02:15:00,4480.39,4484.67,4478.53,4481.8,3271,35
2026.06.02 02:30:00,4481.81,4485.51,4474.18,4476.32,3654,43
2026.06.02 02:45:00,4476.37,4486.3,4473.54,4485.84,3339,42
2026.06.02 03:00:00,4485.84,4492.36,4485.54,4488.16,3562,35
2026.06.02 03:15:00,4488.08,4497.25,4485.72,4494.96,3535,42
2026.06.02 03:30:00,4494.96,4499.33,4492.74,4497.06,3340,35
2026.06.02 03:45:00,4496.82,4499.35,4495.24,4499.2,2227,43
2026.06.02 04:00:00,4499.19,4505.34,4497.74,4504.56,2664,35
2026.06.02 04:15:00,4504.5,4510.0,4504.02,4504.52,2907,36
2026.06.02 04:30:00,4504.51,4510.89,4503.31,4510.09,2760,43
2026.06.02 04:45:00,4510.09,4518.07,4509.69,4517.25,2628,43
2026.06.02 05:00:00,4517.27,4518.54,4514.91,4518.39,2661,35
2026.06.02 05:15:00,4518.39,4521.84,4516.44,4519.63,3020,35
2026.06.02 05:30:00,4519.69,4528.05,4519.56,4524.3,4389,42
2026.06.02 05:45:00,4524.3,4526.16,4515.93,4516.91,3833,35
2026.06.02 06:00:00,4516.91,4524.61,4516.8,4518.97,3796,35
2026.06.02 06:15:00,4518.97,4533.92,4517.91,4532.95,4234,35
2026.06.02 06:30:00,4532.95,4538.4,4531.6,4532.61,3407,35
2026.06.02 06:45:00,4532.62,4536.68,4531.84,4535.63,2061,43
2026.06.02 07:00:00,4535.74,4541.35,4533.23,4539.95,2296,35
2026.06.02 07:15:00,4539.78,4540.45,4533.26,4533.98,2235,35
2026.06.02 07:30:00,4533.91,4535.24,4531.11,4531.8,2180,35
2026.06.02 07:45:00,4531.79,4535.43,4527.92,4535.02,2267,35
2026.06.02 08:00:00,4535.08,4539.04,4533.04,4534.7,2317,35
2026.06.02 08:15:00,4534.71,4535.4,4529.93,4531.09,2233,35
2026.06.02 08:30:00,4530.97,4533.29,4528.2,4528.71,2174,35
2026.06.02 08:45:00,4528.63,4530.16,4525.88,4526.6,2215,35
2026.06.02 09:00:00,4526.7,4534.17,4525.22,4533.87,2242,35
2026.06.02 09:15:00,4533.9,4535.67,4525.38,4526.73,2351,35
2026.06.02 09:30:00,4526.72,4527.25,4521.91,4525.54,2411,35
2026.06.02 09:45:00,4525.38,4531.45,4524.98,4529.91,2032,35
2026.06.02 10:00:00,4529.74,4531.64,4527.58,4528.86,1967,35
2026.06.02 10:15:00,4528.63,4529.55,4524.57,4528.33,1920,35
2026.06.02 10:30:00,4528.31,4528.72,4525.38,4528.72,1777,35
2026.06.02 10:45:00,4528.73,4533.91,4528.72,4533.1,1984,35
2026.06.02 11:00:00,4533.13,4534.59,4528.68,4528.8,2097,35
2026.06.02 11:15:00,4528.75,4529.96,4526.6,4529.96,1965,35
2026.06.02 11:30:00,4530.32,4530.69,4526.12,4526.83,2096,35
2026.06.02 11:45:00,4526.83,4530.44,4525.52,4527.43,2217,35
2026.06.02 12:00:00,4527.61,4528.57,4524.86,4526.22,2245,35
2026.06.02 12:15:00,4526.21,4533.85,4523.96,4529.22,2596,35
2026.06.02 12:30:00,4529.1,4533.56,4522.01,4524.79,2480,35
2026.06.02 12:45:00,4525.06,4525.88,4513.44,4514.2,2658,35
2026.06.02 13:00:00,4514.94,4524.71,4511.97,4513.89,2880,35
2026.06.02 13:15:00,4514.05,4517.04,4509.87,4510.73,2723,35
2026.06.02 13:30:00,4510.72,4514.36,4506.16,4508.37,2970,35
2026.06.02 13:45:00,4508.35,4513.61,4502.58,4502.58,2978,35
2026.06.02 14:00:00,4502.4,4506.97,4498.31,4504.1,2922,35
2026.06.02 14:15:00,4504.11,4504.96,4490.25,4495.53,2993,35
2026.06.02 14:30:00,4495.86,4505.27,4495.54,4504.4,2624,35
2026.06.02 14:45:00,4504.23,4506.3,4500.79,4504.01,2578,35
2026.06.02 15:00:00,4504.0,4508.06,4501.5,4503.42,2553,35
2026.06.02 15:15:00,4503.34,4506.15,4501.47,4505.34,2490,35
2026.06.02 15:30:00,4505.49,4508.47,4500.07,4502.32,2483,35
2026.06.02 15:45:00,4502.41,4506.99,4501.27,4502.02,2382,35
2026.06.02 16:00:00,4502.0,4502.84,4498.05,4498.12,2647,35
2026.06.02 16:15:00,4498.07,4498.36,4490.25,4490.25,2689,35
2026.06.02 16:30:00,4490.27,4491.4,4486.37,4489.73,2714,35
2026.06.02 16:45:00,4489.66,4491.9,4489.08,4491.82,2399,35
2026.06.02 17:00:00,4491.78,4492.9,4486.68,4489.48,2743,35
2026.06.02 17:15:00,4489.49,4491.49,4486.32,4491.0,2878,43
2026.06.02 17:30:00,4490.79,4491.62,4482.02,4484.48,3049,43
2026.06.02 17:45:00,4484.46,4486.47,4482.41,4484.52,2660,43
2026.06.02 18:00:00,4484.57,4488.45,4484.26,4485.05,2536,43
2026.06.02 18:15:00,4485.02,4490.85,4483.96,4488.25,2600,43
2026.06.02 18:30:00,4488.32,4489.23,4478.62,4480.45,2709,43
2026.06.02 18:45:00,4480.42,4490.39,4480.14,4487.27,2429,43
2026.06.02 19:00:00,4487.34,4489.05,4487.12,4487.17,2166,43
2026.06.02 19:15:00,4487.15,4489.53,4485.6,4489.47,2184,43
2026.06.02 19:30:00,4489.42,4490.24,4483.33,4487.2,2304,43
2026.06.02 19:45:00,4487.25,4488.47,4485.57,4487.97,2567,43
2026.06.02 20:00:00,4487.87,4489.8,4486.07,4489.75,1435,43
2026.06.02 20:15:00,4489.77,4490.96,4488.42,4489.66,993,43
2026.06.02 20:30:00,4489.69,4490.83,4488.72,4488.84,990,43
2026.06.02 20:45:00,4488.79,4489.75,4486.64,4487.25,1030,48
2026.06.02 22:00:00,4492.18,4493.03,4488.07,4489.3,1153,43
2026.06.02 22:15:00,4489.28,4491.52,4487.47,4489.92,1430,43
2026.06.02 22:30:00,4489.75,4491.14,4487.12,4488.86,1292,43
2026.06.02 22:45:00,4488.82,4492.11,4484.0,4484.69,2033,43
2026.06.02 23:00:00,4484.68,4488.62,4474.37,4477.34,2517,43
2026.06.02 23:15:00,4477.21,4477.21,4462.16,4467.39,2871,43
2026.06.02 23:30:00,4467.44,4474.81,4462.44,4474.75,2772,43
2026.06.02 23:45:00,4474.77,4475.13,4468.84,4474.29,2398,43
2026.06.03 00:00:00,4474.2,4479.73,4473.87,4475.73,2189,43
2026.06.03 00:15:00,4475.77,4483.16,4474.22,4482.99,1965,43
2026.06.03 00:30:00,4482.99,4496.68,4481.11,4495.75,2305,43
2026.06.03 00:45:00,4495.8,4495.83,4485.87,4486.04,2162,43
2026.06.03 01:00:00,4486.03,4487.31,4467.06,4471.34,3242,43
2026.06.03 01:15:00,4471.42,4472.56,4463.21,4467.06,3109,43
2026.06.03 01:30:00,4467.26,4472.84,4464.79,4470.34,2718,43
2026.06.03 01:45:00,4470.35,4477.04,4470.01,4475.63,2513,43
2026.06.03 02:00:00,4475.72,4481.31,4472.66,4480.48,2523,43
2026.06.03 02:15:00,4480.55,4480.93,4474.04,4478.74,2158,43
2026.06.03 02:30:00,4478.81,4485.03,4474.73,4479.11,2602,43
2026.06.03 02:45:00,4478.98,4481.89,4472.91,4481.88,2606,43
2026.06.03 03:00:00,4481.8,4487.47,4481.8,4485.3,2474,43
2026.06.03 03:15:00,4485.39,4487.11,4483.03,4483.32,2061,43
2026.06.03 03:30:00,4483.4,4485.63,4483.05,4484.31,1424,43
2026.06.03 03:45:00,4484.34,4486.12,4482.39,4484.26,1274,43
2026.06.03 04:00:00,4484.4,4486.87,4483.99,4486.68,1466,43
2026.06.03 04:15:00,4486.72,4488.09,4477.0,4477.0,1449,43
2026.06.03 04:30:00,4476.7,4477.23,4470.74,4473.34,1717,43
2026.06.03 04:45:00,4473.34,4473.98,4468.3,4469.25,1455,43
2026.06.03 05:00:00,4469.27,4473.48,4467.05,4473.19,2102,43
2026.06.03 05:15:00,4473.15,4474.11,4466.32,4468.45,1929,43
2026.06.03 05:30:00,4468.8,4468.8,4458.97,4461.9,2901,43
2026.06.03 05:45:00,4461.8,4468.16,4456.54,4456.84,2575,43
2026.06.03 06:00:00,4456.91,4467.19,4456.8,4465.97,2718,43
2026.06.03 06:15:00,4465.95,4470.77,4458.83,4462.32,2716,43
2026.06.03 06:30:00,4462.35,4464.88,4457.05,4460.42,2601,43
2026.06.03 06:45:00,4460.32,4462.85,4455.12,4462.85,2564,43
2026.06.03 07:00:00,4462.94,4472.12,4459.82,4469.56,2524,35
2026.06.03 07:15:00,4469.57,4469.9,4456.17,4456.17,2513,35
2026.06.03 07:30:00,4456.15,4463.18,4454.26,4458.7,2420,35
2026.06.03 07:45:00,4458.71,4463.86,4452.86,4453.22,2378,35
2026.06.03 08:00:00,4453.33,4458.97,4450.95,4455.35,2465,35
2026.06.03 08:15:00,4455.36,4457.57,4450.63,4457.42,2491,35
2026.06.03 08:30:00,4457.36,4458.96,4454.34,4456.41,2202,35
2026.06.03 08:45:00,4456.39,4457.73,4440.1,4443.93,2763,35
2026.06.03 09:00:00,4443.91,4458.92,4441.89,4451.29,2684,35
2026.06.03 09:15:00,4451.22,4451.87,4439.36,4439.81,2653,35
2026.06.03 09:30:00,4440.1,4448.3,4438.92,4446.6,2571,35
2026.06.03 09:45:00,4446.12,4447.87,4440.81,4442.95,2364,35
2026.06.03 10:00:00,4442.98,4466.63,4440.87,4462.94,2843,35
2026.06.03 10:15:00,4462.89,4464.23,4453.52,4459.91,2734,35
2026.06.03 10:30:00,4459.95,4462.45,4453.16,4454.03,2475,35
2026.06.03 10:45:00,4453.99,4461.13,4453.77,4458.9,2385,35
2026.06.03 11:00:00,4458.89,4467.97,4458.89,4461.88,2751,35
2026.06.03 11:15:00,4461.9,4465.73,4459.08,4464.46,2540,35
2026.06.03 11:30:00,4464.36,4467.12,4459.41,4460.2,2444,35
2026.06.03 11:45:00,4460.31,4464.73,4458.4,4462.33,2449,35
2026.06.03 12:00:00,4462.71,4464.46,4457.13,4459.05,2606,35
2026.06.03 12:15:00,4458.98,4462.25,4451.96,4452.67,2753,35
2026.06.03 12:30:00,4452.99,4460.47,4448.11,4458.99,2717,35
2026.06.03 12:45:00,4458.76,4467.15,4455.37,4460.26,2790,35
2026.06.03 13:00:00,4460.22,4465.65,4457.92,4462.18,2822,35
2026.06.03 13:15:00,4462.39,4463.19,4445.81,4448.49,2801,35
2026.06.03 13:30:00,4448.96,4453.12,4427.42,4427.53,3030,35
2026.06.03 13:45:00,4427.15,4450.05,4426.27,4445.73,3143,35
2026.06.03 14:00:00,4446.0,4456.66,4442.36,4454.47,3047,35
2026.06.03 14:15:00,4454.88,4458.12,4445.87,4451.99,3012,35
2026.06.03 14:30:00,4451.96,4453.57,4447.09,4448.17,2813,35
2026.06.03 14:45:00,4448.04,4459.52,4447.92,4457.16,2769,35
2026.06.03 15:00:00,4457.21,4458.31,4445.03,4445.86,2744,35
2026.06.03 15:15:00,4445.8,4450.84,4439.53,4445.09,2912,35
2026.06.03 15:30:00,4444.54,4445.42,4436.79,4440.03,2730,35
2026.06.03 15:45:00,4439.92,4443.91,4437.92,4442.17,2551,35
2026.06.03 16:00:00,4442.42,4443.61,4437.23,4439.12,2579,35
2026.06.03 16:15:00,4439.37,4441.25,4433.86,4437.52,2630,35
2026.06.03 16:30:00,4437.48,4440.71,4435.31,4438.93,2671,35
2026.06.03 16:45:00,4438.73,4442.78,4436.8,4441.76,2555,35
2026.06.03 17:00:00,4442.29,4448.23,4441.54,4441.73,2817,43
2026.06.03 17:15:00,4441.88,4443.33,4437.63,4438.85,2837,43
2026.06.03 17:30:00,4438.04,4442.13,4435.45,4440.49,2757,43
2026.06.03 17:45:00,4440.48,4440.73,4436.96,4438.91,2633,43
2026.06.03 18:00:00,4438.89,4440.48,4435.39,4436.78,2721,43
2026.06.03 18:15:00,4436.77,4440.58,4435.3,4440.07,2643,43
2026.06.03 18:30:00,4439.9,4442.45,4436.8,4439.86,2605,43
2026.06.03 18:45:00,4439.83,4442.74,4439.46,4441.93,2481,43
2026.06.03 19:00:00,4441.92,4449.86,4441.32,4449.62,2880,43
2026.06.03 19:15:00,4449.67,4452.12,4446.41,4447.9,2629,43
2026.06.03 19:30:00,4447.95,4449.53,4446.56,4446.77,2380,43
2026.06.03 19:45:00,4446.78,4447.2,4442.95,4443.78,2531,43
2026.06.03 20:00:00,4443.7,4445.28,4438.52,4439.94,2003,43
2026.06.03 20:15:00,4439.98,4440.19,4437.3,4438.95,1924,43
2026.06.03 20:30:00,4438.87,4439.42,4432.11,4433.3,2051,43
2026.06.03 20:45:00,4433.23,4434.76,4430.52,4433.76,1552,48
2026.06.03 22:00:00,4437.02,4439.97,4429.46,4431.72,1576,43
2026.06.03 22:15:00,4431.84,4435.42,4423.79,4433.87,2458,43
2026.06.03 22:30:00,4433.86,4440.28,4433.8,4436.64,2290,43
2026.06.03 22:45:00,4436.7,4452.55,4436.57,4448.81,2259,43
2026.06.03 23:00:00,4448.92,4450.27,4445.27,4447.74,2162,43
2026.06.03 23:15:00,4447.73,4451.3,4447.21,4450.73,2080,43
2026.06.03 23:30:00,4450.7,4453.9,4446.15,4453.53,2346,43
2026.06.03 23:45:00,4453.47,4464.54,4453.47,4457.18,3180,43
2026.06.04 00:00:00,4457.17,4464.83,4453.02,4453.33,2974,43
2026.06.04 00:15:00,4453.37,4456.48,4447.58,4450.59,2637,43
2026.06.04 00:30:00,4450.64,4452.79,4444.09,4448.24,2529,43
2026.06.04 00:45:00,4448.34,4452.81,4445.03,4448.31,2608,43
2026.06.04 01:00:00,4448.35,4467.18,4443.42,4464.18,3011,43
2026.06.04 01:15:00,4463.9,4473.37,4459.51,4465.95,2685,43
2026.06.04 01:30:00,4465.93,4470.09,4458.64,4459.09,2812,43
2026.06.04 01:45:00,4459.15,4467.11,4456.78,4465.68,2854,43
2026.06.04 02:00:00,4465.68,4467.2,4455.46,4462.82,2510,43
2026.06.04 02:15:00,4462.77,4463.37,4458.61,4460.61,2294,43
2026.06.04 02:30:00,4460.6,4464.68,4457.88,4462.31,2668,43
2026.06.04 02:45:00,4462.32,4476.34,4462.32,4474.92,3053,43
2026.06.04 03:00:00,4474.79,4477.17,4470.22,4471.76,2759,43
2026.06.04 03:15:00,4471.75,4472.26,4465.88,4469.31,2564,43
2026.06.04 03:30:00,4469.22,4470.76,4460.86,4460.86,2335,43
2026.06.04 03:45:00,4460.57,4464.78,4458.23,4463.71,2333,43
2026.06.04 04:00:00,4463.73,4471.12,4462.27,4470.94,2188,43
2026.06.04 04:15:00,4471.3,4476.17,4469.89,4474.6,2168,43
2026.06.04 04:30:00,4474.5,4483.89,4474.49,4482.76,2461,43
2026.06.04 04:45:00,4482.75,4483.48,4478.59,4480.93,1854,43
2026.06.04 05:00:00,4480.99,4482.29,4471.5,4477.03,2075,43
2026.06.04 05:15:00,4477.19,4477.47,4470.89,4473.21,2023,43
2026.06.04 05:30:00,4473.18,4475.7,4470.69,4474.5,2683,43
2026.06.04 05:45:00,4474.47,4474.72,4466.76,4469.09,2895,43
2026.06.04 06:00:00,4469.08,4477.06,4467.96,4473.57,2539,43
2026.06.04 06:15:00,4473.58,4474.13,4466.59,4472.04,2662,43
2026.06.04 06:30:00,4471.83,4476.8,4468.95,4469.18,2601,43
2026.06.04 06:45:00,4469.06,4469.92,4462.9,4467.52,2493,43
2026.06.04 07:00:00,4467.92,4470.69,4462.27,4464.02,2377,35
2026.06.04 07:15:00,4463.98,4470.37,4461.86,4465.14,2216,35
2026.06.04 07:30:00,4465.03,4467.9,4460.1,4461.34,2190,35
2026.06.04 07:45:00,4461.3,4462.28,4459.4,4461.6,2211,35
2026.06.04 08:00:00,4461.99,4467.98,4459.66,4460.6,2458,35
2026.06.04 08:15:00,4460.46,4465.63,4458.62,4463.23,2485,35
2026.06.04 08:30:00,4463.37,4469.32,4459.96,4463.29,2483,35
2026.06.04 08:45:00,4463.34,4465.9,4459.92,4463.28,2328,35
2026.06.04 09:00:00,4463.27,4469.3,4461.07,4463.39,2383,35
2026.06.04 09:15:00,4463.4,4467.55,4462.88,4464.69,2303,35
2026.06.04 09:30:00,4464.64,4469.22,4461.7,4467.87,2291,35
2026.06.04 09:45:00,4468.02,4475.61,4467.39,4470.34,2318,35
2026.06.04 10:00:00,4470.25,4472.04,4468.27,4471.14,2165,35
2026.06.04 10:15:00,4471.29,4471.46,4464.2,4467.46,2043,35
2026.06.04 10:30:00,4467.45,4472.73,4466.32,4471.2,1962,35
2026.06.04 10:45:00,4471.77,4473.71,4468.4,4473.5,2188,35
2026.06.04 11:00:00,4473.58,4478.73,4468.63,4473.51,2229,35
2026.06.04 11:15:00,4473.53,4491.49,4473.42,4489.48,2526,35
2026.06.04 11:30:00,4489.83,4492.24,4482.18,4491.36,2684,35
2026.06.04 11:45:00,4491.49,4514.66,4491.46,4511.68,2906,35
2026.06.04 12:00:00,4511.46,4513.83,4491.6,4493.78,2797,35
2026.06.04 12:15:00,4494.15,4499.87,4491.18,4498.49,2470,35
2026.06.04 12:30:00,4498.46,4502.07,4496.97,4502.05,2315,35
2026.06.04 12:45:00,4502.23,4510.81,4499.0,4504.08,2619,35
2026.06.04 13:00:00,4504.0,4509.92,4500.09,4503.17,2795,35
2026.06.04 13:15:00,4503.18,4509.15,4501.71,4504.54,2566,35
2026.06.04 13:30:00,4504.42,4514.96,4502.41,4514.51,3146,35
2026.06.04 13:45:00,4515.0,4515.28,4495.48,4495.82,3051,35
2026.06.04 14:00:00,4495.72,4499.85,4485.95,4487.65,3042,35
2026.06.04 14:15:00,4487.6,4493.71,4484.01,4486.15,2840,35
2026.06.04 14:30:00,4486.17,4486.73,4472.37,4474.78,2896,35
2026.06.04 14:45:00,4474.89,4475.51,4456.97,4465.75,3076,35
2026.06.04 15:00:00,4465.97,4474.56,4463.77,4471.84,2709,35
2026.06.04 15:15:00,4471.92,4473.79,4469.06,4470.89,2472,35
2026.06.04 15:30:00,4470.86,4477.2,4469.6,4472.6,2367,35
2026.06.04 15:45:00,4472.55,4479.03,4469.91,4477.38,2587,35
2026.06.04 16:00:00,4477.37,4484.02,4475.31,4479.06,2835,35
2026.06.04 16:15:00,4479.11,4485.03,4479.11,4483.53,2668,35
2026.06.04 16:30:00,4483.52,4483.99,4479.65,4481.43,2784,35
2026.06.04 16:45:00,4481.49,4483.93,4480.28,4482.77,2832,35
2026.06.04 17:00:00,4482.63,4482.63,4475.94,4475.94,2562,43
2026.06.04 17:15:00,4475.99,4479.24,4474.03,4476.7,2803,43
2026.06.04 17:30:00,4476.72,4481.48,4475.99,4476.62,2768,43
2026.06.04 17:45:00,4476.63,4480.23,4476.6,4478.06,2580,43
2026.06.04 18:00:00,4478.11,4479.92,4476.22,4478.81,2318,43
2026.06.04 18:15:00,4478.9,4480.92,4477.24,4478.06,2430,43
2026.06.04 18:30:00,4477.57,4477.78,4472.61,4474.01,2446,43
2026.06.04 18:45:00,4474.03,4479.4,4473.73,4477.99,2438,43
2026.06.04 19:00:00,4478.02,4483.34,4476.05,4478.02,2499,43
2026.06.04 19:15:00,4478.04,4480.11,4477.6,4480.0,2193,43
2026.06.04 19:30:00,4479.99,4480.26,4477.26,4477.72,2226,43
2026.06.04 19:45:00,4477.7,4482.28,4476.68,4480.67,2580,43
2026.06.04 20:00:00,4480.71,4481.56,4477.71,4477.71,1625,43
2026.06.04 20:15:00,4477.64,4478.99,4476.52,4477.6,1244,43
2026.06.04 20:30:00,4477.51,4477.51,4474.99,4475.01,1259,43
2026.06.04 20:45:00,4475.02,4475.74,4474.27,4474.56,1028,48
2026.06.04 22:00:00,4474.69,4476.14,4472.95,4475.16,1001,43
2026.06.04 22:15:00,4475.19,4480.74,4474.44,4478.82,1614,43
2026.06.04 22:30:00,4478.79,4481.44,4475.12,4475.12,1760,43
2026.06.04 22:45:00,4475.09,4476.09,4468.75,4469.45,1865,43
2026.06.04 23:00:00,4469.61,4473.97,4464.16,4470.87,2461,43
2026.06.04 23:15:00,4470.87,4473.27,4466.55,4469.15,1994,43
2026.06.04 23:30:00,4469.14,4469.53,4461.88,4463.16,1810,43
2026.06.04 23:45:00,4463.15,4465.92,4460.36,4461.47,2475,43
2026.06.05 00:00:00,4461.53,4464.91,4454.24,4455.35,2882,43
2026.06.05 00:15:00,4455.22,4457.56,4450.53,4457.44,2780,43
2026.06.05 00:30:00,4457.4,4466.82,4456.12,4463.05,2543,43
2026.06.05 00:45:00,4463.33,4466.45,4458.43,4459.28,2603,43
2026.06.05 01:00:00,4459.16,4469.95,4452.78,4460.26,3229,43
2026.06.05 01:15:00,4459.94,4464.87,4449.29,4458.58,3075,43
2026.06.05 01:30:00,4458.75,4459.64,4445.25,4445.88,2942,43
2026.06.05 01:45:00,4446.17,4450.88,4443.97,4446.67,2917,43
2026.06.05 02:00:00,4446.57,4450.97,4442.38,4449.27,3045,43
2026.06.05 02:15:00,4449.22,4454.82,4445.86,4451.05,2354,43
2026.06.05 02:30:00,4451.04,4451.68,4438.38,4442.85,3111,43
2026.06.05 02:45:00,4442.8,4449.85,4439.9,4440.44,2931,43
2026.06.05 03:00:00,4440.44,4441.14,4436.61,4440.72,2770,43
2026.06.05 03:15:00,4440.72,4443.76,4435.17,4436.56,2765,43
2026.06.05 03:30:00,4436.68,4442.28,4436.23,4440.82,2324,43
2026.06.05 03:45:00,4440.82,4443.22,4439.12,4442.24,2030,43
2026.06.05 04:00:00,4442.25,4444.57,4438.25,4441.54,2177,43
2026.06.05 04:15:00,4441.65,4443.72,4438.84,4439.51,2120,43
2026.06.05 04:30:00,4439.52,4444.03,4437.29,4440.74,2057,43
2026.06.05 04:45:00,4440.76,4446.23,4439.56,4444.85,2081,43
2026.06.05 05:00:00,4444.92,4449.81,4443.13,4448.83,2365,43
2026.06.05 05:15:00,4448.8,4449.1,4442.12,4444.6,2099,43
2026.06.05 05:30:00,4444.59,4447.89,4439.53,4443.62,3126,43
2026.06.05 05:45:00,4443.63,4448.1,4438.52,4439.87,2522,43
2026.06.05 06:00:00,4439.96,4442.44,4435.25,4436.3,2680,43
2026.06.05 06:15:00,4436.1,4446.25,4428.93,4442.38,2767,43
2026.06.05 06:30:00,4442.47,4449.98,4442.28,4448.38,2531,43
2026.06.05 06:45:00,4448.45,4456.12,4446.85,4452.82,2499,43
2026.06.05 07:00:00,4452.49,4463.25,4451.81,4458.37,2413,35
2026.06.05 07:15:00,4458.44,4467.5,4458.44,4467.33,2469,35
2026.06.05 07:30:00,4467.07,4467.22,4459.51,4462.04,2295,35
2026.06.05 07:45:00,4462.03,4464.73,4460.68,4460.8,2042,35
2026.06.05 08:00:00,4460.57,4463.31,4458.69,4461.07,2272,35
2026.06.05 08:15:00,4461.18,4466.67,4459.85,4466.67,2288,35
2026.06.05 08:30:00,4466.18,4468.1,4460.93,4461.73,2083,35
2026.06.05 08:45:00,4461.78,4464.43,4461.42,4462.71,1926,35
2026.06.05 09:00:00,4462.7,4468.95,4458.86,4465.88,2079,35
2026.06.05 09:15:00,4466.13,4469.13,4461.95,4462.89,2506,35
2026.06.05 09:30:00,4462.83,4466.45,4459.24,4465.81,2226,35
2026.06.05 09:45:00,4465.87,4469.16,4462.6,4464.79,2014,35
2026.06.05 10:00:00,4464.83,4465.18,4463.1,4465.18,1802,35
2026.06.05 10:15:00,4465.17,4467.98,4464.48,4465.98,1948,35
2026.06.05 10:30:00,4466.01,4466.87,4461.8,4464.47,1904,35
2026.06.05 10:45:00,4464.5,4467.79,4464.36,4466.83,1929,35
2026.06.05 11:00:00,4466.41,4466.87,4461.15,4461.32,2114,35
2026.06.05 11:15:00,4461.26,4466.02,4458.72,4465.99,2205,35
2026.06.05 11:30:00,4465.61,4467.12,4463.09,4464.84,2141,35
2026.06.05 11:45:00,4464.75,4475.12,4464.01,4470.15,2366,35
2026.06.05 12:00:00,4470.14,4470.89,4464.1,4469.35,2249,35
2026.06.05 12:15:00,4469.33,4475.69,4461.62,4464.82,2512,35
2026.06.05 12:30:00,4465.43,4465.74,4439.66,4446.01,3128,35
2026.06.05 12:45:00,4446.07,4448.98,4404.9,4406.42,3145,35
2026.06.05 13:00:00,4406.65,4420.54,4399.59,4418.45,3199,35
2026.06.05 13:15:00,4418.31,4420.83,4403.77,4404.58,2942,35
2026.06.05 13:30:00,4404.88,4409.49,4385.98,4389.41,3354,35
2026.06.05 13:45:00,4389.41,4391.04,4365.77,4366.0,3309,35
2026.06.05 14:00:00,4366.31,4379.08,4363.65,4366.28,3381,35
2026.06.05 14:15:00,4366.07,4370.15,4353.12,4360.99,3234,35
2026.06.05 14:30:00,4360.73,4363.95,4344.73,4349.24,3225,35
2026.06.05 14:45:00,4349.02,4370.09,4348.41,4369.52,3060,35
2026.06.05 15:00:00,4369.6,4372.5,4353.31,4353.31,3030,35
2026.06.05 15:15:00,4352.88,4357.85,4348.03,4352.12,3047,35
2026.06.05 15:30:00,4351.75,4354.81,4335.33,4338.51,2909,35
2026.06.05 15:45:00,4338.64,4341.82,4333.96,4335.43,2833,35
2026.06.05 16:00:00,4335.45,4338.82,4328.9,4333.59,2914,35
2026.06.05 16:15:00,4333.08,4333.78,4325.33,4329.61,2891,35
2026.06.05 16:30:00,4329.47,4332.22,4323.3,4327.73,2899,35
2026.06.05 16:45:00,4327.38,4344.82,4325.16,4344.49,2919,35
2026.06.05 17:00:00,4344.56,4346.8,4336.5,4339.49,2862,35
2026.06.05 17:15:00,4339.55,4342.89,4336.02,4342.28,2953,43
2026.06.05 17:30:00,4342.41,4347.46,4339.57,4341.12,2724,43
2026.06.05 17:45:00,4341.04,4343.59,4337.57,4341.66,2714,43
2026.06.05 18:00:00,4341.97,4342.05,4322.72,4322.72,2819,43
2026.06.05 18:15:00,4322.7,4330.03,4321.51,4325.69,2948,43
2026.06.05 18:30:00,4326.08,4326.96,4315.19,4318.02,2804,43
2026.06.05 18:45:00,4317.92,4326.8,4316.0,4322.32,2887,43
2026.06.05 19:00:00,4322.55,4323.65,4315.2,4315.3,2839,43
2026.06.05 19:15:00,4315.17,4324.21,4313.83,4323.76,4383,43
2026.06.05 19:30:00,4323.71,4325.03,4313.98,4318.69,5122,43
2026.06.05 19:45:00,4318.69,4323.75,4317.07,4318.6,5278,43
2026.06.05 20:00:00,4318.45,4318.79,4311.64,4315.43,4183,43
2026.06.05 20:15:00,4315.68,4326.21,4313.77,4322.51,3559,43
2026.06.05 20:30:00,4322.54,4325.12,4320.92,4323.96,3302,43
2026.06.05 20:45:00,4324.2,4331.13,4324.14,4328.01,2926,43
2026.06.07 22:00:00,4329.86,4330.28,4309.98,4329.82,4257,43
2026.06.07 22:15:00,4330.17,4330.51,4316.07,4316.63,4850,43
2026.06.07 22:30:00,4316.57,4328.87,4315.01,4325.88,4009,43
2026.06.07 22:45:00,4325.8,4326.62,4315.68,4317.17,4193,43
2026.06.07 23:00:00,4317.18,4334.1,4317.18,4330.7,4289,43
2026.06.07 23:15:00,4330.64,4334.43,4328.65,4333.91,3507,43
2026.06.07 23:30:00,4333.75,4340.34,4332.9,4338.9,3737,43
2026.06.07 23:45:00,4338.93,4346.85,4335.21,4343.91,4378,43
2026.06.08 00:00:00,4343.73,4346.69,4340.56,4343.58,4727,43
2026.06.08 00:15:00,4343.66,4353.45,4341.58,4351.4,4545,43
2026.06.08 00:30:00,4351.4,4352.36,4341.91,4345.27,4506,43
2026.06.08 00:45:00,4345.25,4345.66,4339.58,4342.17,5059,43
2026.06.08 01:00:00,4342.07,4345.63,4326.59,4326.97,6532,43
2026.06.08 01:15:00,4326.97,4327.43,4311.09,4314.42,6902,43
2026.06.08 01:30:00,4314.41,4327.2,4299.98,4326.03,7196,43
2026.06.08 01:45:00,4325.95,4329.63,4319.28,4325.57,6474,43
2026.06.08 02:00:00,4325.7,4330.58,4314.61,4316.68,6064,43
2026.06.08 02:15:00,4316.69,4319.63,4311.34,4314.84,4948,43
2026.06.08 02:30:00,4314.89,4317.69,4307.28,4315.83,5848,43
2026.06.08 02:45:00,4315.85,4320.71,4308.85,4310.52,5692,43
2026.06.08 03:00:00,4310.52,4314.13,4304.27,4304.77,5283,43
2026.06.08 03:15:00,4304.74,4311.85,4303.52,4307.19,4514,43
2026.06.08 03:30:00,4307.19,4309.89,4304.8,4309.8,3951,43
2026.06.08 03:45:00,4309.8,4317.03,4309.33,4316.79,3806,43
2026.06.08 04:00:00,4316.79,4320.41,4313.4,4318.62,4066,43
2026.06.08 04:15:00,4318.62,4321.65,4315.92,4319.8,4066,43
2026.06.08 04:30:00,4319.8,4320.21,4307.52,4307.57,3887,43
2026.06.08 04:45:00,4307.57,4313.89,4307.56,4312.55,2532,43
2026.06.08 05:00:00,4312.54,4316.0,4304.69,4304.69,2388,43
2026.06.08 05:15:00,4304.45,4313.87,4304.34,4311.66,2379,43
2026.06.08 05:30:00,4311.72,4312.59,4268.39,4287.98,3215,43
2026.06.08 05:45:00,4287.93,4295.75,4284.97,4291.9,3029,43
2026.06.08 06:00:00,4292.26,4308.02,4292.23,4303.7,2953,43
2026.06.08 06:15:00,4303.52,4311.31,4299.56,4305.78,2818,43
2026.06.08 06:30:00,4305.83,4306.31,4293.96,4298.24,2832,43
2026.06.08 06:45:00,4298.04,4300.75,4293.07,4299.72,2681,43
2026.06.08 07:00:00,4299.98,4308.18,4294.76,4305.09,2804,35
2026.06.08 07:15:00,4305.11,4317.02,4300.2,4306.06,2708,35
2026.06.08 07:30:00,4306.15,4311.35,4301.32,4301.77,2655,35
2026.06.08 07:45:00,4301.79,4302.6,4294.31,4294.33,2630,35
2026.06.08 08:00:00,4294.7,4296.98,4289.62,4291.67,2676,35
2026.06.08 08:15:00,4291.65,4293.55,4285.32,4288.18,2623,35
2026.06.08 08:30:00,4288.53,4291.97,4286.38,4290.66,2598,35
2026.06.08 08:45:00,4290.37,4293.83,4285.42,4288.76,2615,35
2026.06.08 09:00:00,4289.0,4292.09,4284.28,4288.98,2437,35
2026.06.08 09:15:00,4288.77,4290.87,4279.4,4279.7,2344,35
2026.06.08 09:30:00,4279.65,4296.4,4272.95,4293.75,2905,35
2026.06.08 09:45:00,4293.91,4301.65,4291.03,4294.26,2676,35
2026.06.08 10:00:00,4295.03,4297.48,4286.6,4294.55,2527,35
2026.06.08 10:15:00,4294.49,4295.9,4289.71,4293.63,2490,35
2026.06.08 10:30:00,4293.65,4305.52,4292.19,4304.79,2627,35
2026.06.08 10:45:00,4304.8,4304.95,4296.79,4301.95,2487,35
2026.06.08 11:00:00,4301.65,4318.36,4297.1,4318.36,2615,35
2026.06.08 11:15:00,4318.22,4330.88,4312.61,4325.21,2930,35
2026.06.08 11:30:00,4325.18,4333.2,4322.2,4324.0,2720,35
2026.06.08 11:45:00,4324.06,4332.63,4321.29,4331.07,2628,35
2026.06.08 12:00:00,4331.16,4334.68,4322.57,4322.83,2736,35
2026.06.08 12:15:00,4322.25,4331.19,4320.2,4329.77,2662,35
2026.06.08 12:30:00,4330.09,4339.32,4327.56,4335.68,2811,35
2026.06.08 12:45:00,4335.75,4337.82,4327.23,4333.04,2751,35
2026.06.08 13:00:00,4333.39,4334.84,4323.19,4323.87,2900,35
2026.06.08 13:15:00,4324.02,4335.98,4321.23,4331.18,2857,35
2026.06.08 13:30:00,4331.2,4346.43,4331.02,4336.31,3328,35
2026.06.08 13:45:00,4336.76,4339.12,4326.18,4326.63,3202,35
2026.06.08 14:00:00,4326.87,4330.7,4316.67,4319.18,3176,35
2026.06.08 14:15:00,4319.4,4324.23,4315.89,4320.04,3134,35
2026.06.08 14:30:00,4319.63,4324.16,4314.98,4322.9,3044,35
2026.06.08 14:45:00,4322.92,4331.32,4317.07,4330.71,2957,35
2026.06.08 15:00:00,4331.04,4336.33,4324.92,4325.32,2801,35
2026.06.08 15:15:00,4325.35,4335.94,4322.51,4330.81,2914,35
2026.06.08 15:30:00,4330.89,4339.26,4328.53,4339.08,2842,35
2026.06.08 15:45:00,4338.93,4345.56,4334.43,4341.6,2771,35
2026.06.08 16:00:00,4341.75,4343.82,4338.08,4340.99,2766,35
2026.06.08 16:15:00,4341.0,4343.89,4339.68,4340.88,2719,35
2026.06.08 16:30:00,4341.32,4346.37,4340.61,4344.07,2649,35
2026.06.08 16:45:00,4343.93,4346.05,4337.83,4340.64,2650,35
2026.06.08 17:00:00,4340.69,4342.38,4336.25,4338.69,2678,35
2026.06.08 17:15:00,4338.65,4340.42,4333.97,4339.1,2777,43
2026.06.08 17:30:00,4339.12,4339.52,4331.96,4334.0,2724,43
2026.06.08 17:45:00,4333.99,4339.26,4333.98,4339.13,2673,43
2026.06.08 18:00:00,4339.0,4345.27,4338.51,4341.2,2715,43
2026.06.08 18:15:00,4341.37,4345.79,4341.36,4342.49,2718,43
2026.06.08 18:30:00,4342.48,4344.74,4336.27,4336.6,2524,43
2026.06.08 18:45:00,4336.61,4336.91,4332.99,4334.53,2558,43
2026.06.08 19:00:00,4334.38,4338.09,4329.54,4329.8,2480,43
2026.06.08 19:15:00,4329.78,4331.55,4326.07,4327.63,2613,43
2026.06.08 19:30:00,4327.66,4330.4,4324.15,4325.03,2575,43
2026.06.08 19:45:00,4325.04,4329.91,4323.23,4326.5,2617,43
2026.06.08 20:00:00,4327.26,4329.81,4326.33,4328.14,1806,43
2026.06.08 20:15:00,4328.19,4328.19,4324.43,4326.41,1641,43
2026.06.08 20:30:00,4326.44,4328.37,4325.31,4326.18,1414,43
2026.06.08 20:45:00,4326.16,4329.85,4325.48,4329.12,1118,48
2026.06.08 22:00:00,4330.5,4330.7,4324.38,4325.2,997,43
2026.06.08 22:15:00,4325.11,4327.18,4322.68,4325.09,1654,43
2026.06.08 22:30:00,4324.93,4327.46,4324.93,4327.41,1488,43
2026.06.08 22:45:00,4327.41,4328.86,4326.08,4327.81,1116,43
2026.06.08 23:00:00,4327.86,4328.81,4325.35,4327.56,1288,43
2026.06.08 23:15:00,4327.56,4328.37,4320.57,4320.81,1547,43
2026.06.08 23:30:00,4320.75,4322.33,4315.49,4319.6,1959,43
2026.06.08 23:45:00,4319.58,4319.98,4312.83,4317.68,2528,43
2026.06.09 00:00:00,4317.71,4323.65,4315.37,4322.53,2818,43
2026.06.09 00:15:00,4322.44,4323.36,4316.69,4316.7,2595,43
2026.06.09 00:30:00,4316.7,4322.86,4315.07,4318.54,2347,43
2026.06.09 00:45:00,4318.39,4321.06,4314.97,4319.78,2177,43
2026.06.09 01:00:00,4319.74,4327.78,4318.53,4323.87,2825,43
2026.06.09 01:15:00,4323.88,4338.07,4322.29,4335.21,2802,43
2026.06.09 01:30:00,4335.32,4338.66,4332.75,4335.71,2589,43
2026.06.09 01:45:00,4335.75,4338.15,4333.06,4336.38,2638,43
2026.06.09 02:00:00,4336.48,4336.72,4328.12,4332.75,2614,43
2026.06.09 02:15:00,4332.67,4336.02,4329.99,4335.38,2467,43
2026.06.09 02:30:00,4335.41,4339.56,4330.96,4338.65,2567,43
2026.06.09 02:45:00,4338.51,4340.87,4334.8,4335.92,2663,43
2026.06.09 03:00:00,4335.91,4341.47,4330.96,4338.64,2509,43
2026.06.09 03:15:00,4338.64,4342.09,4333.32,4336.62,2479,43
2026.06.09 03:30:00,4336.53,4338.17,4333.3,4337.59,2018,43
2026.06.09 03:45:00,4337.59,4341.83,4334.44,4336.54,1929,43
2026.06.09 04:00:00,4336.56,4339.29,4332.14,4332.19,1995,43
2026.06.09 04:15:00,4332.16,4332.77,4328.63,4330.37,1793,43
2026.06.09 04:30:00,4330.34,4330.47,4324.06,4328.09,2068,43
2026.06.09 04:45:00,4327.95,4332.75,4326.17,4332.2,1840,43
2026.06.09 05:00:00,4332.52,4337.04,4330.84,4331.28,1920,43
2026.06.09 05:15:00,4331.29,4335.36,4330.84,4332.49,2198,43
2026.06.09 05:30:00,4332.25,4351.31,4332.18,4347.91,2927,43
2026.06.09 05:45:00,4348.39,4348.93,4341.54,4343.33,2740,43
2026.06.09 06:00:00,4343.23,4348.62,4339.99,4341.27,2650,43
2026.06.09 06:15:00,4341.26,4345.75,4338.13,4338.99,2546,43
2026.06.09 06:30:00,4339.18,4339.32,4331.7,4336.58,2562,43
2026.06.09 06:45:00,4336.57,4340.14,4330.28,4330.54,2565,43
2026.06.09 07:00:00,4330.32,4334.72,4326.73,4326.73,2626,35
2026.06.09 07:15:00,4326.58,4332.12,4323.0,4331.02,2552,35
2026.06.09 07:30:00,4331.01,4331.17,4322.14,4328.42,2476,35
2026.06.09 07:45:00,4328.34,4330.16,4325.15,4326.49,2255,35
2026.06.09 08:00:00,4326.54,4336.12,4321.2,4331.6,2675,35
2026.06.09 08:15:00,4331.69,4335.47,4331.4,4334.34,2642,35
2026.06.09 08:30:00,4334.52,4336.63,4330.29,4334.99,2250,35
2026.06.09 08:45:00,4335.01,4335.32,4325.81,4326.49,2370,35
2026.06.09 09:00:00,4326.48,4330.91,4325.1,4328.18,2410,35
2026.06.09 09:15:00,4328.29,4336.01,4324.08,4326.8,2437,35
2026.06.09 09:30:00,4326.23,4330.98,4325.05,4327.09,2384,35
2026.06.09 09:45:00,4327.1,4333.52,4326.65,4332.12,2067,35
2026.06.09 10:00:00,4331.96,4335.53,4325.19,4335.25,2398,35
2026.06.09 10:15:00,4335.44,4336.75,4331.25,4333.62,2324,35
2026.06.09 10:30:00,4333.75,4335.0,4329.69,4332.47,2042,35
2026.06.09 10:45:00,4332.48,4340.57,4330.23,4339.06,2207,35
2026.06.09 11:00:00,4338.75,4340.26,4335.58,4337.77,2304,35
2026.06.09 11:15:00,4337.74,4340.36,4336.09,4338.56,2256,35
2026.06.09 11:30:00,4338.67,4339.91,4336.73,4338.82,2106,35
2026.06.09 11:45:00,4339.0,4343.63,4337.18,4339.79,2285,35
2026.06.09 12:00:00,4339.81,4343.98,4339.64,4341.02,2198,35
2026.06.09 12:15:00,4341.08,4342.86,4335.16,4335.9,2473,35
2026.06.09 12:30:00,4335.74,4341.89,4334.7,4340.71,2548,35
2026.06.09 12:45:00,4340.62,4344.14,4336.63,4341.27,2532,35
2026.06.09 13:00:00,4341.91,4345.38,4338.01,4340.88,2806,35
2026.06.09 13:15:00,4341.11,4341.92,4330.16,4330.77,2813,35
2026.06.09 13:30:00,4330.76,4334.34,4324.99,4330.13,3002,35
2026.06.09 13:45:00,4329.91,4363.45,4326.43,4328.82,3178,35
2026.06.09 14:00:00,4328.64,4335.83,4319.6,4321.12,3176,35
2026.06.09 14:15:00,4321.0,4323.73,4305.87,4318.27,3293,35
2026.06.09 14:30:00,4317.5,4320.66,4284.97,4284.97,3297,35
2026.06.09 14:45:00,4284.87,4300.74,4278.34,4300.5,3352,35
2026.06.09 15:00:00,4300.8,4301.96,4289.74,4294.85,3211,35
2026.06.09 15:15:00,4294.61,4296.84,4276.87,4278.63,3158,35
2026.06.09 15:30:00,4278.79,4281.8,4263.03,4279.73,3417,35
2026.06.09 15:45:00,4279.87,4285.61,4272.18,4272.18,3201,35
2026.06.09 16:00:00,4272.1,4280.89,4258.23,4259.41,3250,35
2026.06.09 16:15:00,4259.51,4266.42,4252.92,4263.33,3286,35
2026.06.09 16:30:00,4262.86,4267.62,4236.46,4244.71,3337,35
2026.06.09 16:45:00,4244.24,4254.27,4238.72,4252.28,3301,35
2026.06.09 17:00:00,4252.31,4264.35,4251.01,4261.31,3217,43
2026.06.09 17:15:00,4260.39,4267.65,4258.6,4263.06,3084,43
2026.06.09 17:30:00,4263.01,4268.0,4260.89,4264.68,2961,43
2026.06.09 17:45:00,4264.76,4266.65,4255.87,4262.98,2964,43
2026.06.09 18:00:00,4263.26,4266.81,4259.51,4265.25,2870,43
2026.06.09 18:15:00,4265.2,4274.09,4262.77,4270.79,2903,43
2026.06.09 18:30:00,4270.57,4273.9,4263.57,4264.16,2746,43
2026.06.09 18:45:00,4264.32,4271.41,4262.25,4269.77,2604,43
2026.06.09 19:00:00,4269.9,4271.56,4257.87,4258.64,2724,43
2026.06.09 19:15:00,4258.54,4258.86,4252.73,4257.25,2881,43
2026.06.09 19:30:00,4257.13,4260.03,4250.07,4250.89,2837,43
2026.06.09 19:45:00,4250.91,4259.6,4249.83,4258.56,2891,43
2026.06.09 20:00:00,4258.81,4261.0,4255.58,4258.36,2243,43
2026.06.09 20:15:00,4258.33,4260.32,4257.78,4258.95,1530,43
2026.06.09 20:30:00,4258.9,4261.84,4257.58,4261.27,1388,43
2026.06.09 20:45:00,4261.33,4261.97,4258.73,4258.82,1145,48
2026.06.09 22:00:00,4255.5,4256.66,4250.92,4255.18,1313,43
2026.06.09 22:15:00,4255.2,4256.57,4252.95,4256.54,1561,43
2026.06.09 22:30:00,4256.55,4257.18,4247.68,4249.04,2357,43
2026.06.09 22:45:00,4249.1,4249.86,4232.25,4237.16,2930,43
2026.06.09 23:00:00,4237.06,4247.13,4235.5,4235.96,2544,43
2026.06.09 23:15:00,4235.97,4236.42,4222.8,4224.1,2877,43
2026.06.09 23:30:00,4224.15,4229.79,4216.33,4218.4,2797,43
2026.06.09 23:45:00,4218.42,4224.53,4210.39,4221.84,3608,43
2026.06.10 00:00:00,4221.88,4226.58,4216.54,4224.94,2957,43
2026.06.10 00:15:00,4224.68,4228.23,4217.96,4218.02,2858,43
2026.06.10 00:30:00,4217.95,4218.87,4198.9,4204.19,3020,43
2026.06.10 00:45:00,4204.73,4220.58,4199.76,4218.04,2890,43
2026.06.10 01:00:00,4218.76,4218.76,4187.31,4203.27,3197,43
2026.06.10 01:15:00,4203.09,4216.38,4197.32,4201.81,3031,43
2026.06.10 01:30:00,4201.79,4206.56,4184.48,4187.06,3112,43
2026.06.10 01:45:00,4186.98,4195.36,4183.75,4188.58,2910,43
2026.06.10 02:00:00,4188.56,4191.58,4179.44,4182.63,3036,43
2026.06.10 02:15:00,4182.99,4188.28,4178.13,4187.91,2724,43
2026.06.10 02:30:00,4188.26,4192.52,4174.02,4184.26,3189,43
2026.06.10 02:45:00,4184.2,4190.59,4173.14,4174.02,3402,43
2026.06.10 03:00:00,4173.92,4180.67,4172.84,4178.14,2849,43
2026.06.10 03:15:00,4178.26,4181.08,4173.65,4177.1,2729,43
2026.06.10 03:30:00,4177.37,4183.23,4176.18,4179.72,2644,43
2026.06.10 03:45:00,4179.68,4186.39,4179.49,4184.78,2781,43
2026.06.10 04:00:00,4184.73,4187.08,4180.62,4181.11,2451,43
2026.06.10 04:15:00,4181.12,4182.89,4173.58,4174.34,2602,43
2026.06.10 04:30:00,4174.36,4175.24,4172.98,4173.38,2478,43
2026.06.10 04:45:00,4173.56,4175.83,4172.34,4174.72,2366,43
2026.06.10 05:00:00,4174.94,4180.55,4173.32,4179.59,2571,43
2026.06.10 05:15:00,4179.88,4187.15,4175.44,4187.01,2485,43
2026.06.10 05:30:00,4188.01,4198.76,4181.63,4197.98,3017,43
2026.06.10 05:45:00,4198.02,4208.93,4197.34,4205.1,3155,43
2026.06.10 06:00:00,4205.28,4221.74,4205.07,4212.84,2907,43
2026.06.10 06:15:00,4212.85,4216.59,4208.23,4211.78,2722,43
2026.06.10 06:30:00,4211.35,4213.3,4204.96,4207.37,2648,43
2026.06.10 06:45:00,4207.47,4209.66,4201.63,4203.73,2825,43
2026.06.10 07:00:00,4203.6,4207.57,4197.33,4200.31,2645,35
2026.06.10 07:15:00,4200.22,4203.51,4193.54,4194.8,2515,35
2026.06.10 07:30:00,4194.71,4197.19,4187.83,4189.56,2513,35
2026.06.10 07:45:00,4189.59,4192.81,4181.63,4186.39,2667,35
2026.06.10 08:00:00,4186.07,4187.38,4161.33,4166.32,2965,35
2026.06.10 08:15:00,4166.62,4179.08,4166.06,4172.14,2807,35
2026.06.10 08:30:00,4172.04,4179.17,4166.32,4170.44,2649,35
2026.06.10 08:45:00,4170.43,4176.39,4166.42,4168.53,2774,35
2026.06.10 09:00:00,4168.94,4174.1,4164.71,4165.08,2718,35
2026.06.10 09:15:00,4165.04,4174.93,4164.22,4166.11,2630,35
2026.06.10 09:30:00,4165.82,4179.6,4165.8,4171.41,2732,35
2026.06.10 09:45:00,4171.45,4174.85,4163.05,4168.67,2595,35
2026.06.10 10:00:00,4168.71,4171.08,4155.66,4160.98,2605,35
2026.06.10 10:15:00,4160.91,4169.71,4159.57,4164.92,2585,35
2026.06.10 10:30:00,4164.64,4171.4,4164.05,4171.4,2544,35
2026.06.10 10:45:00,4171.43,4178.52,4169.72,4174.36,2726,35
2026.06.10 11:00:00,4174.75,4176.03,4153.47,4168.73,3030,35
2026.06.10 11:15:00,4168.45,4171.62,4156.8,4166.47,2971,35
2026.06.10 11:30:00,4166.02,4167.84,4154.22,4154.43,2920,35
2026.06.10 11:45:00,4154.44,4163.31,4145.73,4147.43,2891,35
2026.06.10 12:00:00,4147.39,4152.44,4134.56,4136.2,2995,35
2026.06.10 12:15:00,4135.9,4142.75,4130.7,4140.74,2889,35
2026.06.10 12:30:00,4141.45,4173.67,4139.86,4160.3,3410,35
2026.06.10 12:45:00,4160.54,4169.41,4142.23,4146.8,3233,35
2026.06.10 13:00:00,4146.92,4157.88,4144.88,4151.36,3135,35
2026.06.10 13:15:00,4151.07,4151.07,4132.89,4149.68,3122,35
2026.06.10 13:30:00,4147.55,4177.91,4141.95,4177.91,3377,35
2026.06.10 13:45:00,4179.11,4186.1,4173.75,4179.49,3296,35
2026.06.10 14:00:00,4179.72,4180.84,4170.21,4174.2,3230,35
2026.06.10 14:15:00,4174.63,4175.21,4159.39,4161.16,3178,35
2026.06.10 14:30:00,4161.01,4163.25,4149.72,4149.79,3131,35
2026.06.10 14:45:00,4149.81,4151.53,4117.94,4124.83,3260,35
2026.06.10 15:00:00,4125.15,4136.42,4119.12,4123.45,3280,35
2026.06.10 15:15:00,4123.28,4136.85,4113.41,4127.76,3251,35
2026.06.10 15:30:00,4128.02,4131.09,4121.9,4128.67,3194,35
2026.06.10 15:45:00,4128.59,4131.06,4106.77,4128.77,3341,35
2026.06.10 16:00:00,4129.53,4132.9,4122.87,4129.22,3058,35
2026.06.10 16:15:00,4129.1,4134.57,4125.96,4127.5,2958,35
2026.06.10 16:30:00,4127.7,4132.08,4120.53,4122.19,2981,35
2026.06.10 16:45:00,4122.0,4123.03,4115.95,4121.87,2908,35
2026.06.10 17:00:00,4121.85,4134.87,4114.69,4117.88,2905,35
2026.06.10 17:15:00,4117.85,4120.06,4109.12,4110.91,2924,43
2026.06.10 17:30:00,4111.0,4112.35,4101.84,4102.24,2912,43
2026.06.10 17:45:00,4102.3,4113.42,4100.79,4111.58,3033,43
2026.06.10 18:00:00,4111.57,4120.36,4111.57,4115.79,2830,43
2026.06.10 18:15:00,4115.78,4118.0,4109.58,4112.25,2761,43
2026.06.10 18:30:00,4112.56,4112.56,4104.55,4104.85,2792,43
2026.06.10 18:45:00,4104.94,4107.6,4096.73,4101.45,2805,43
2026.06.10 19:00:00,4101.45,4101.91,4087.19,4088.8,2771,43
2026.06.10 19:15:00,4088.83,4091.92,4081.44,4084.75,2785,43
2026.06.10 19:30:00,4084.87,4091.83,4082.12,4091.45,2814,43
2026.06.10 19:45:00,4091.41,4092.15,4081.61,4082.59,2907,43
2026.06.10 20:00:00,4082.24,4082.9,4069.16,4072.11,2757,43
2026.06.10 20:15:00,4072.1,4079.91,4071.07,4078.28,2292,43
2026.06.10 20:30:00,4078.26,4078.26,4071.28,4072.66,1963,43
2026.06.10 20:45:00,4072.52,4072.59,4066.97,4070.52,1883,48
2026.06.10 22:00:00,4070.19,4071.49,4050.22,4056.09,2347,43
2026.06.10 22:15:00,4056.36,4057.05,4036.1,4044.57,3281,43
2026.06.10 22:30:00,4044.6,4068.84,4044.56,4062.65,2932,43
2026.06.10 22:45:00,4062.64,4066.55,4045.48,4046.17,3267,43
2026.06.10 23:00:00,4046.33,4053.76,4023.69,4029.73,3119,43
2026.06.10 23:15:00,4029.78,4064.61,4024.83,4061.49,3486,43
2026.06.10 23:30:00,4061.49,4064.27,4054.66,4056.13,2897,43
2026.06.10 23:45:00,4056.11,4057.27,4044.48,4047.05,3315,43
2026.06.11 00:00:00,4048.17,4059.51,4036.23,4052.13,3115,43
2026.06.11 00:15:00,4052.4,4072.57,4049.83,4067.58,3148,43
2026.06.11 00:30:00,4067.13,4076.58,4059.18,4063.33,2869,43
2026.06.11 00:45:00,4063.35,4077.94,4063.24,4075.66,2895,43
2026.06.11 01:00:00,4075.63,4089.96,4066.25,4086.68,3257,43
2026.06.11 01:15:00,4086.46,4108.62,4085.51,4104.46,3207,43
2026.06.11 01:30:00,4104.41,4117.85,4103.8,4113.56,3156,43
2026.06.11 01:45:00,4113.67,4117.05,4097.86,4101.95,3313,43
2026.06.11 02:00:00,4101.97,4102.68,4089.29,4089.57,3145,43
2026.06.11 02:15:00,4089.48,4095.76,4081.67,4082.45,2926,43
2026.06.11 02:30:00,4082.46,4085.11,4055.28,4059.47,3278,43
2026.06.11 02:45:00,4058.89,4073.29,4052.46,4067.84,3328,43
2026.06.11 03:00:00,4067.87,4078.47,4064.36,4065.4,3354,43
2026.06.11 03:15:00,4065.55,4071.22,4056.91,4063.13,3342,43
2026.06.11 03:30:00,4062.86,4071.76,4062.47,4067.37,2788,43
2026.06.11 03:45:00,4067.37,4075.53,4064.86,4072.71,2636,43
2026.06.11 04:00:00,4072.71,4083.0,4070.01,4082.65,2926,43
2026.06.11 04:15:00,4082.67,4085.25,4076.17,4077.52,2718,43
2026.06.11 04:30:00,4077.49,4083.87,4074.78,4081.98,2601,43
2026.06.11 04:45:00,4082.04,4085.72,4079.55,4082.51,2598,43
2026.06.11 05:00:00,4082.54,4082.93,4075.25,4077.11,2829,43
2026.06.11 05:15:00,4077.08,4081.06,4072.5,4074.95,3021,43
2026.06.11 05:30:00,4074.95,4099.51,4074.38,4099.36,3313,43
2026.06.11 05:45:00,4099.27,4106.17,4093.38,4094.19,3187,43
2026.06.11 06:00:00,4094.02,4094.63,4076.22,4084.21,2993,43
2026.06.11 06:15:00,4084.19,4092.84,4081.73,4086.62,2820,43
2026.06.11 06:30:00,4086.56,4092.72,4082.91,4092.66,2645,43
2026.06.11 06:45:00,4092.83,4097.46,4090.95,4094.74,2724,43
2026.06.11 07:00:00,4094.75,4098.33,4091.77,4096.71,2757,35
2026.06.11 07:15:00,4096.61,4110.14,4096.32,4107.46,2737,35
2026.06.11 07:30:00,4107.59,4110.51,4101.67,4107.5,2587,35
2026.06.11 07:45:00,4107.48,4107.99,4099.08,4104.85,2593,35
2026.06.11 08:00:00,4103.95,4112.54,4103.95,4106.1,2757,35
2026.06.11 08:15:00,4106.35,4108.42,4097.08,4097.51,2683,35
2026.06.11 08:30:00,4097.52,4099.39,4090.26,4090.59,2676,35
2026.06.11 08:45:00,4090.46,4092.05,4084.52,4084.52,2669,35
2026.06.11 09:00:00,4084.44,4087.39,4080.71,4086.06,2726,35
2026.06.11 09:15:00,4085.93,4088.77,4078.94,4079.38,2842,35
2026.06.11 09:30:00,4079.27,4091.79,4077.33,4091.66,2768,35
2026.06.11 09:45:00,4091.64,4096.24,4089.8,4091.52,2486,35
2026.06.11 10:00:00,4091.51,4094.29,4088.11,4092.02,2486,35
2026.06.11 10:15:00,4092.03,4094.45,4086.72,4087.86,2550,35
2026.06.11 10:30:00,4087.64,4092.9,4086.45,4090.41,2464,35
2026.06.11 10:45:00,4090.42,4092.85,4087.46,4089.78,2348,35
2026.06.11 11:00:00,4089.8,4093.09,4086.18,4086.18,2661,35
2026.06.11 11:15:00,4086.02,4091.16,4083.25,4090.19,2779,35
2026.06.11 11:30:00,4090.15,4095.85,4081.68,4084.79,2848,35
2026.06.11 11:45:00,4084.7,4087.61,4079.79,4080.25,2705,35
2026.06.11 12:00:00,4080.24,4087.11,4072.75,4076.35,2830,35
2026.06.11 12:15:00,4076.28,4081.94,4061.36,4068.95,3012,35
2026.06.11 12:30:00,4068.9,4076.94,4057.57,4073.28,3147,35
2026.06.11 12:45:00,4073.03,4085.04,4069.97,4081.78,3000,35
2026.06.11 13:00:00,4082.24,4086.11,4072.06,4073.07,3077,35
2026.06.11 13:15:00,4073.2,4081.8,4072.14,4075.29,2952,35
2026.06.11 13:30:00,4075.1,4082.51,4067.02,4076.06,3379,35
2026.06.11 13:45:00,4076.36,4092.48,4073.49,4083.15,3346,35
2026.06.11 14:00:00,4083.17,4085.26,4052.82,4060.87,3300,35
2026.06.11 14:15:00,4061.06,4084.56,4056.16,4074.75,3301,35
2026.06.11 14:30:00,4074.74,4083.47,4070.54,4076.22,3234,35
2026.06.11 14:45:00,4076.37,4080.86,4072.12,4073.35,3173,35
2026.06.11 15:00:00,4073.42,4087.79,4070.26,4080.51,3261,35
2026.06.11 15:15:00,4080.57,4089.21,4074.71,4081.58,3075,35
2026.06.11 15:30:00,4081.5,4090.31,4077.33,4088.09,3057,35
2026.06.11 15:45:00,4088.23,4095.28,4085.91,4088.9,2920,35
2026.06.11 16:00:00,4088.72,4103.24,4086.67,4102.58,2989,35
2026.06.11 16:15:00,4102.55,4107.47,4079.16,4079.29,3001,35
2026.06.11 16:30:00,4079.08,4087.76,4078.31,4081.92,2870,35
2026.06.11 16:45:00,4081.74,4084.16,4077.94,4080.15,2763,35
2026.06.11 17:00:00,4080.32,4080.68,4071.88,4075.92,2892,43
2026.06.11 17:15:00,4075.9,4102.28,4074.33,4101.12,2922,43
2026.06.11 17:30:00,4101.82,4169.86,4101.82,4166.5,3459,43
2026.06.11 17:45:00,4166.07,4166.35,4146.6,4151.66,3298,43
2026.06.11 18:00:00,4151.87,4155.47,4131.24,4146.72,2074,43
2026.06.11 18:15:00,4146.53,4162.79,4145.14,4152.81,3225,43
2026.06.11 18:30:00,4153.06,4165.07,4149.15,4164.73,3025,43
2026.06.11 18:45:00,4164.46,4171.6,4160.29,4161.75,2910,43
2026.06.11 19:00:00,4162.05,4189.1,4162.05,4188.16,3123,43
2026.06.11 19:15:00,4188.31,4198.26,4186.08,4195.46,3074,43
2026.06.11 19:30:00,4195.56,4219.77,4195.56,4210.1,3170,43
2026.06.11 19:45:00,4210.15,4215.4,4207.24,4208.81,2929,43
2026.06.11 20:00:00,4209.28,4218.41,4208.04,4213.72,2591,43
2026.06.11 20:15:00,4213.69,4216.27,4212.12,4213.96,2344,43
2026.06.11 20:30:00,4215.29,4216.16,4209.51,4209.55,2572,43
2026.06.11 20:45:00,4209.49,4212.88,4208.94,4210.27,1708,48
2026.06.11 22:00:00,4218.62,4218.62,4205.64,4209.6,1555,43
2026.06.11 22:15:00,4209.67,4215.83,4205.65,4214.93,2136,43
2026.06.11 22:30:00,4214.9,4228.14,4211.26,4225.68,2643,43
2026.06.11 22:45:00,4225.55,4246.18,4224.59,4243.16,3451,43
2026.06.11 23:00:00,4243.2,4245.69,4221.45,4223.6,3062,43
2026.06.11 23:15:00,4223.61,4226.4,4214.08,4215.93,2687,43
2026.06.11 23:30:00,4216.42,4223.49,4214.45,4219.36,2815,43
2026.06.11 23:45:00,4219.34,4224.38,4215.16,4219.88,3166,43
2026.06.12 00:00:00,4219.78,4225.63,4212.6,4216.81,2963,43
2026.06.12 00:15:00,4216.75,4230.42,4207.3,4220.31,3190,43
2026.06.12 00:30:00,4220.29,4228.47,4202.64,4203.88,2988,43
2026.06.12 00:45:00,4203.9,4208.29,4200.63,4208.24,3072,43
2026.06.12 01:00:00,4208.2,4210.54,4182.9,4187.0,3237,43
2026.06.12 01:15:00,4186.99,4193.73,4179.0,4181.01,3133,43
2026.06.12 01:30:00,4180.77,4186.73,4171.34,4179.33,3198,43
2026.06.12 01:45:00,4179.18,4191.31,4179.18,4188.49,2808,43
