time,open,high,low,close,volume,spread
2026.04.13 02:00:00,4721.22,4725.7,4718.86,4719.89,7180,41
2026.04.13 02:30:00,4719.88,4727.82,4711.11,4720.34,8102,35
2026.04.13 03:00:00,4720.32,4721.64,4712.05,4718.87,7145,35
2026.04.13 03:30:00,4718.9,4724.11,4717.27,4718.07,5261,35
2026.04.13 04:00:00,4718.07,4718.42,4707.96,4712.63,4835,42
2026.04.13 04:30:00,4712.63,4724.92,4708.91,4723.01,5334,42
2026.04.13 05:00:00,4723.0,4726.11,4716.25,4720.46,5466,42
2026.04.13 05:30:00,4720.02,4730.59,4717.9,4729.3,7690,35
2026.04.13 06:00:00,4729.32,4731.82,4723.53,4731.27,8123,35
2026.04.13 06:30:00,4731.46,4732.55,4721.0,4725.56,7289,35
2026.04.13 07:00:00,4725.75,4738.67,4724.85,4730.8,7814,35
2026.04.13 07:30:00,4730.96,4739.91,4727.42,4733.68,7607,35
2026.04.13 08:00:00,4733.61,4738.51,4729.94,4731.95,7328,35
2026.04.13 08:30:00,4731.96,4736.3,4720.18,4723.24,7029,35
2026.04.13 09:00:00,4723.24,4728.45,4713.94,4715.12,7063,35
2026.04.13 09:30:00,4715.18,4719.71,4710.41,4714.56,6555,35
2026.04.13 10:00:00,4714.59,4718.91,4708.33,4712.48,6216,35
2026.04.13 10:30:00,4712.57,4723.83,4711.67,4721.98,6447,35
2026.04.13 11:00:00,4722.1,4729.11,4718.36,4720.95,7253,35
2026.04.13 11:30:00,4720.95,4722.31,4703.35,4706.92,8508,35
2026.04.13 12:00:00,4706.83,4720.04,4703.53,4710.55,8726,35
2026.04.13 12:30:00,4710.55,4725.07,4708.78,4723.52,9108,35
2026.04.13 13:00:00,4723.51,4737.66,4722.61,4733.27,10212,35
2026.04.13 13:30:00,4733.49,4745.39,4721.45,4730.7,11805,35
2026.04.13 14:00:00,4730.3,4731.26,4709.71,4715.33,11776,35
2026.04.13 14:30:00,4715.31,4723.3,4708.68,4719.01,10705,35
2026.04.13 15:00:00,4719.03,4719.83,4699.85,4703.65,11002,35
2026.04.13 15:30:00,4703.65,4717.99,4702.16,4714.47,9143,35
2026.04.13 16:00:00,4714.46,4734.03,4709.23,4730.18,9960,35
2026.04.13 16:30:00,4730.0,4746.44,4728.48,4732.94,11049,35
2026.04.13 17:00:00,4732.97,4749.8,4725.45,4743.05,9646,35
2026.04.13 17:30:00,4743.0,4747.34,4727.36,4729.9,8273,41
2026.04.13 18:00:00,4729.97,4732.85,4722.91,4727.19,7650,35
2026.04.13 18:30:00,4726.96,4740.59,4726.55,4738.28,8297,35
2026.04.13 19:00:00,4738.24,4744.09,4730.51,4743.1,7041,35
2026.04.13 19:30:00,4743.07,4747.31,4738.87,4741.07,7501,35
2026.04.13 20:00:00,4741.07,4743.95,4738.25,4739.21,3309,38
2026.04.13 20:30:00,4739.21,4741.83,4738.1,4740.11,3047,42
2026.04.13 22:00:00,4752.0,4753.25,4745.53,4748.58,4158,35
2026.04.13 22:30:00,4748.58,4759.61,4746.27,4757.89,5318,35
2026.04.13 23:00:00,4757.9,4765.7,4754.43,4755.26,5829,35
2026.04.13 23:30:00,4755.3,4761.66,4754.26,4757.47,5358,42
2026.04.14 00:00:00,4757.65,4767.57,4751.62,4762.27,7965,35
2026.04.14 00:30:00,4762.28,4775.88,4761.29,4769.8,7067,35
2026.04.14 01:00:00,4769.8,4776.84,4762.45,4770.32,10085,35
2026.04.14 01:30:00,4770.29,4773.55,4761.7,4764.66,8371,37
2026.04.14 02:00:00,4764.58,4772.38,4762.73,4768.75,6456,41
2026.04.14 02:30:00,4768.74,4777.14,4762.03,4774.95,7569,42
2026.04.14 03:00:00,4774.96,4775.5,4765.88,4768.34,6684,41
2026.04.14 03:30:00,4768.29,4771.85,4765.52,4767.94,4952,41
2026.04.14 04:00:00,4768.25,4776.91,4766.96,4775.86,4511,35
2026.04.14 04:30:00,4775.87,4776.12,4771.36,4774.06,4295,42
2026.04.14 05:00:00,4774.04,4774.14,4761.71,4764.61,6197,35
2026.04.14 05:30:00,4764.63,4767.06,4757.95,4760.0,8810,35
2026.04.14 06:00:00,4760.15,4769.56,4760.03,4767.66,7887,40
2026.04.14 06:30:00,4767.62,4782.82,4764.26,4782.07,8165,35
2026.04.14 07:00:00,4782.04,4796.35,4767.98,4772.72,10585,35
2026.04.14 07:30:00,4772.67,4780.62,4771.75,4777.13,8554,35
2026.04.14 08:00:00,4776.97,4786.42,4774.19,4785.95,8628,35
2026.04.14 08:30:00,4785.95,4789.89,4781.37,4786.84,7966,35
2026.04.14 09:00:00,4786.91,4789.2,4778.62,4778.62,7408,35
2026.04.14 09:30:00,4778.66,4782.3,4771.76,4778.13,7918,35
2026.04.14 10:00:00,4778.18,4787.92,4778.18,4783.87,7129,35
2026.04.14 10:30:00,4783.81,4784.48,4752.29,4768.27,8392,35
2026.04.14 11:00:00,4768.33,4782.89,4766.81,4778.16,7782,35
2026.04.14 11:30:00,4778.48,4782.95,4770.38,4774.99,8098,35
2026.04.14 12:00:00,4774.97,4777.56,4762.57,4769.14,9311,35
2026.04.14 12:30:00,4769.12,4776.12,4762.17,4771.33,10086,35
2026.04.14 13:00:00,4771.33,4792.41,4771.0,4783.07,10985,35
2026.04.14 13:30:00,4783.09,4803.59,4780.22,4794.39,12044,35
2026.04.14 14:00:00,4794.97,4810.63,4792.86,4809.16,11836,35
2026.04.14 14:30:00,4809.19,4817.71,4795.33,4803.86,11002,35
2026.04.14 15:00:00,4803.87,4805.55,4791.3,4802.26,10949,35
2026.04.14 15:30:00,4802.34,4816.22,4802.34,4808.08,9925,35
2026.04.14 16:00:00,4808.17,4819.29,4805.0,4816.31,9092,35
2026.04.14 16:30:00,4816.33,4820.25,4809.14,4810.08,8260,35
2026.04.14 17:00:00,4810.06,4833.49,4809.35,4825.52,9256,35
2026.04.14 17:30:00,4825.47,4841.52,4825.15,4834.97,8102,35
2026.04.14 18:00:00,4834.97,4843.09,4833.16,4837.78,8770,42
2026.04.14 18:30:00,4837.62,4839.22,4830.74,4835.48,7709,35
2026.04.14 19:00:00,4835.61,4842.39,4835.61,4840.61,6579,35
2026.04.14 19:30:00,4839.91,4846.14,4838.46,4844.7,7077,35
2026.04.14 20:00:00,4844.9,4846.13,4839.37,4840.42,3612,35
2026.04.14 20:30:00,4840.41,4843.13,4839.7,4841.73,2992,35
2026.04.14 22:00:00,4839.85,4850.48,4836.31,4840.08,5274,35
2026.04.14 22:30:00,4840.07,4843.19,4833.04,4834.92,4461,36
2026.04.14 23:00:00,4834.93,4843.8,4833.65,4836.09,5567,35
2026.04.14 23:30:00,4836.06,4843.92,4835.0,4837.01,6456,35
2026.04.15 00:00:00,4837.1,4840.02,4828.75,4833.57,7164,35
2026.04.15 00:30:00,4833.54,4837.5,4827.1,4835.26,5966,41
2026.04.15 01:00:00,4835.26,4871.25,4827.98,4850.76,10700,35
2026.04.15 01:30:00,4850.76,4851.36,4839.67,4846.98,8858,41
2026.04.15 02:00:00,4846.81,4853.31,4832.21,4834.61,7927,41
2026.04.15 02:30:00,4834.67,4835.41,4820.61,4823.85,9686,35
2026.04.15 03:00:00,4823.84,4827.85,4816.76,4826.52,7739,40
2026.04.15 03:30:00,4826.44,4829.53,4823.69,4823.93,4755,41
2026.04.15 04:00:00,4823.95,4826.67,4820.35,4824.49,4749,41
2026.04.15 04:30:00,4824.51,4827.64,4821.36,4824.83,3875,35
2026.04.15 05:00:00,4824.83,4830.37,4822.58,4826.08,6756,35
2026.04.15 05:30:00,4826.08,4827.86,4811.97,4819.6,9214,42
2026.04.15 06:00:00,4819.69,4824.99,4813.44,4814.59,8059,38
2026.04.15 06:30:00,4814.55,4822.16,4811.02,4811.49,8455,35
2026.04.15 07:00:00,4811.49,4816.85,4803.53,4812.67,8863,35
2026.04.15 07:30:00,4812.67,4815.6,4806.03,4810.97,7811,35
2026.04.15 08:00:00,4810.85,4814.16,4804.49,4809.89,8058,35
2026.04.15 08:30:00,4809.81,4821.08,4805.4,4818.26,7148,35
2026.04.15 09:00:00,4818.27,4819.48,4792.88,4797.97,9411,35
2026.04.15 09:30:00,4797.32,4803.73,4786.54,4797.84,8475,35
2026.04.15 10:00:00,4797.68,4803.07,4790.36,4794.87,8935,35
2026.04.15 10:30:00,4794.86,4805.16,4792.96,4799.97,8254,35
2026.04.15 11:00:00,4799.98,4806.93,4795.7,4804.84,7475,35
2026.04.15 11:30:00,4804.84,4814.75,4802.63,4812.57,8237,35
2026.04.15 12:00:00,4812.56,4816.25,4807.04,4812.73,8320,35
2026.04.15 12:30:00,4812.38,4816.09,4808.35,4811.54,7804,35
2026.04.15 13:00:00,4811.51,4821.95,4808.65,4821.64,9835,35
2026.04.15 13:30:00,4821.68,4830.08,4815.79,4828.87,11508,35
2026.04.15 14:00:00,4828.93,4830.69,4820.66,4825.12,10453,35
2026.04.15 14:30:00,4825.35,4825.62,4813.32,4815.43,9994,35
2026.04.15 15:00:00,4815.43,4816.18,4797.49,4798.15,10358,35
2026.04.15 15:30:00,4798.13,4807.67,4786.56,4801.75,10198,35
2026.04.15 16:00:00,4801.7,4812.91,4800.17,4811.23,8236,35
2026.04.15 16:30:00,4811.3,4812.03,4799.87,4803.74,9003,35
2026.04.15 17:00:00,4803.76,4808.73,4797.56,4801.7,8205,35
2026.04.15 17:30:00,4801.62,4802.57,4790.83,4792.56,7905,38
2026.04.15 18:00:00,4792.57,4801.04,4790.02,4794.63,8709,35
2026.04.15 18:30:00,4794.63,4802.03,4794.48,4799.64,6645,35
2026.04.15 19:00:00,4799.53,4803.27,4797.52,4802.79,6071,42
2026.04.15 19:30:00,4802.74,4802.76,4794.52,4795.67,7377,35
2026.04.15 20:00:00,4795.79,4796.73,4792.59,4793.7,3846,35
2026.04.15 20:30:00,4793.58,4793.58,4787.37,4790.45,3579,42
2026.04.15 22:00:00,4797.75,4802.1,4790.93,4801.05,4714,42
2026.04.15 22:30:00,4801.13,4811.66,4798.92,4807.47,4662,35
2026.04.15 23:00:00,4807.47,4815.71,4807.31,4814.92,4323,35
2026.04.15 23:30:00,4814.92,4826.9,4814.42,4823.26,5792,35
2026.04.16 00:00:00,4823.29,4831.13,4822.45,4824.59,6622,35
2026.04.16 00:30:00,4824.64,4837.61,4820.57,4833.01,6676,35
2026.04.16 01:00:00,4832.92,4836.06,4822.59,4823.55,8412,35
2026.04.16 01:30:00,4823.6,4825.57,4811.4,4817.9,8130,35
2026.04.16 02:00:00,4817.93,4824.94,4817.31,4819.02,6318,35
2026.04.16 02:30:00,4819.02,4821.37,4812.4,4819.59,7538,35
2026.04.16 03:00:00,4819.33,4826.99,4819.11,4823.71,6162,35
2026.04.16 03:30:00,4823.74,4826.55,4819.03,4823.9,4942,41
2026.04.16 04:00:00,4823.81,4829.97,4822.75,4826.39,4631,41
2026.04.16 04:30:00,4826.37,4833.4,4824.79,4833.0,4131,42
2026.04.16 05:00:00,4833.03,4838.28,4831.55,4833.22,5648,35
2026.04.16 05:30:00,4833.2,4833.86,4820.91,4821.11,8078,35
2026.04.16 06:00:00,4821.11,4827.55,4814.45,4816.02,7987,35
2026.04.16 06:30:00,4815.99,4830.15,4814.71,4825.89,8791,35
2026.04.16 07:00:00,4826.36,4830.74,4816.86,4827.95,8746,35
2026.04.16 07:30:00,4828.07,4830.1,4819.33,4821.02,6797,35
2026.04.16 08:00:00,4821.09,4822.46,4807.26,4811.53,8451,35
2026.04.16 08:30:00,4811.48,4814.67,4806.7,4813.9,7388,35
2026.04.16 09:00:00,4813.9,4818.25,4811.39,4813.07,6102,35
2026.04.16 09:30:00,4812.73,4815.29,4806.74,4812.87,7675,35
2026.04.16 10:00:00,4812.88,4815.46,4805.15,4806.98,6642,35
2026.04.16 10:30:00,4806.98,4817.12,4805.0,4817.04,7010,35
2026.04.16 11:00:00,4817.15,4820.55,4815.53,4816.03,6859,35
2026.04.16 11:30:00,4816.1,4822.56,4815.86,4822.12,6670,35
2026.04.16 12:00:00,4822.12,4823.16,4811.29,4814.96,7736,35
2026.04.16 12:30:00,4814.97,4820.8,4811.79,4816.19,7964,35
2026.04.16 13:00:00,4816.55,4823.07,4814.1,4815.47,8758,35
2026.04.16 13:30:00,4815.58,4823.87,4784.45,4794.69,12274,35
2026.04.16 14:00:00,4794.36,4805.12,4785.13,4799.01,12063,35
2026.04.16 14:30:00,4799.17,4800.67,4772.7,4788.68,11832,35
2026.04.16 15:00:00,4788.64,4812.77,4788.26,4801.81,10809,35
2026.04.16 15:30:00,4801.37,4811.1,4798.06,4806.88,10190,35
2026.04.16 16:00:00,4806.9,4809.79,4796.67,4799.29,8500,35
2026.04.16 16:30:00,4799.28,4799.86,4785.02,4791.9,10125,35
2026.04.16 17:00:00,4791.96,4795.34,4784.74,4785.13,9487,35
2026.04.16 17:30:00,4785.23,4790.82,4781.19,4789.07,8832,35
2026.04.16 18:00:00,4789.04,4794.09,4785.62,4786.95,9800,35
2026.04.16 18:30:00,4786.93,4792.58,4786.5,4789.39,7849,35
2026.04.16 19:00:00,4789.59,4794.8,4789.47,4790.86,7496,35
2026.04.16 19:30:00,4790.99,4798.49,4790.52,4793.58,7381,35
2026.04.16 20:00:00,4793.4,4793.77,4788.23,4788.85,3842,35
2026.04.16 20:30:00,4788.84,4790.62,4786.15,4790.57,2706,35
2026.04.16 22:00:00,4794.48,4798.03,4790.62,4793.88,4023,35
2026.04.16 22:30:00,4793.91,4796.73,4790.93,4795.16,3989,42
2026.04.16 23:00:00,4794.74,4797.67,4792.04,4794.36,4498,41
2026.04.16 23:30:00,4794.35,4796.66,4791.59,4791.67,4535,35
2026.04.17 00:00:00,4791.59,4792.9,4785.67,4792.82,6224,35
2026.04.17 00:30:00,4792.82,4801.19,4792.43,4794.75,5660,35
2026.04.17 01:00:00,4794.66,4795.36,4767.54,4768.4,9751,35
2026.04.17 01:30:00,4768.39,4791.3,4767.52,4789.38,8671,35
2026.04.17 02:00:00,4789.38,4794.36,4788.18,4788.9,5855,35
2026.04.17 02:30:00,4789.03,4794.68,4784.38,4784.42,6174,42
2026.04.17 03:00:00,4784.44,4797.89,4784.44,4794.05,6908,35
2026.04.17 03:30:00,4794.02,4796.76,4791.85,4793.18,3817,42
2026.04.17 04:00:00,4793.09,4796.11,4792.52,4795.9,3611,41
2026.04.17 04:30:00,4795.91,4804.41,4795.25,4802.88,4316,35
2026.04.17 05:00:00,4802.84,4806.06,4799.51,4803.47,5372,42
2026.04.17 05:30:00,4803.4,4805.3,4793.54,4794.07,7928,35
2026.04.17 06:00:00,4794.07,4795.04,4783.11,4783.73,8172,35
2026.04.17 06:30:00,4783.7,4787.09,4779.02,4784.9,7063,35
2026.04.17 07:00:00,4784.86,4792.63,4784.22,4791.55,6859,35
2026.04.17 07:30:00,4791.55,4794.89,4778.57,4784.28,7661,35
2026.04.17 08:00:00,4784.25,4790.86,4780.96,4784.32,6741,35
2026.04.17 08:30:00,4784.32,4796.94,4784.2,4795.85,6619,35
2026.04.17 09:00:00,4795.84,4800.98,4791.99,4795.79,6988,35
2026.04.17 09:30:00,4795.78,4798.99,4789.84,4790.23,6293,35
2026.04.17 10:00:00,4790.36,4794.18,4787.02,4789.4,6364,35
2026.04.17 10:30:00,4789.4,4789.73,4782.36,4787.18,6362,35
2026.04.17 11:00:00,4787.47,4793.28,4783.44,4792.8,5514,35
2026.04.17 11:30:00,4792.76,4812.01,4789.54,4799.13,7559,35
2026.04.17 12:00:00,4799.22,4819.64,4797.39,4816.81,8061,35
2026.04.17 12:30:00,4816.8,4847.63,4815.42,4846.26,10707,35
2026.04.17 13:00:00,4846.48,4889.19,4835.1,4851.68,12760,35
2026.04.17 13:30:00,4851.66,4881.85,4848.62,4880.16,12636,35
2026.04.17 14:00:00,4880.24,4885.38,4860.84,4871.35,11977,35
2026.04.17 14:30:00,4871.5,4883.18,4869.32,4873.0,10968,35
2026.04.17 15:00:00,4873.16,4880.56,4862.79,4865.68,11318,35
2026.04.17 15:30:00,4865.99,4873.96,4854.69,4867.36,10354,35
2026.04.17 16:00:00,4867.36,4873.36,4863.45,4867.73,9057,35
2026.04.17 16:30:00,4867.75,4872.82,4864.86,4866.89,7565,35
2026.04.17 17:00:00,4866.86,4869.49,4853.7,4858.35,9378,35
2026.04.17 17:30:00,4858.03,4863.34,4853.95,4862.5,7992,42
2026.04.17 18:00:00,4862.51,4868.17,4858.86,4860.58,8555,41
2026.04.17 18:30:00,4860.51,4866.61,4855.83,4858.13,7858,41
2026.04.17 19:00:00,4858.11,4858.77,4853.71,4857.05,7166,35
2026.04.17 19:30:00,4857.02,4861.28,4852.45,4854.33,7887,42
2026.04.17 20:00:00,4854.43,4855.29,4844.27,4845.73,6001,35
2026.04.17 20:30:00,4845.74,4846.92,4830.21,4831.75,6057,35
2026.04.19 22:00:00,4765.68,4795.07,4757.94,4785.28,9559,35
2026.04.19 22:30:00,4785.32,4790.85,4777.79,4779.22,7271,42
2026.04.19 23:00:00,4779.25,4779.36,4768.01,4768.94,7461,42
2026.04.19 23:30:00,4768.97,4773.3,4736.97,4755.13,9736,35
2026.04.20 00:00:00,4755.16,4765.77,4745.18,4765.2,9891,35
2026.04.20 00:30:00,4765.23,4774.31,4759.53,4772.32,8112,42
2026.04.20 01:00:00,4772.34,4803.74,4771.08,4802.73,11350,35
2026.04.20 01:30:00,4802.78,4814.29,4801.36,4807.56,9377,35
2026.04.20 02:00:00,4807.55,4809.11,4798.47,4800.29,7791,41
2026.04.20 02:30:00,4800.29,4801.87,4793.05,4797.25,8011,42
2026.04.20 03:00:00,4797.17,4798.28,4788.88,4795.06,7705,37
2026.04.20 03:30:00,4795.1,4796.63,4789.01,4791.09,5039,42
2026.04.20 04:00:00,4791.12,4795.85,4790.9,4794.53,4628,41
2026.04.20 04:30:00,4794.62,4794.65,4787.09,4788.83,5438,42
2026.04.20 05:00:00,4788.72,4792.83,4784.31,4787.86,6334,42
2026.04.20 05:30:00,4787.77,4796.03,4779.29,4790.71,10427,35
2026.04.20 06:00:00,4790.6,4793.71,4783.72,4786.0,9231,41
2026.04.20 06:30:00,4786.0,4795.35,4785.2,4795.32,8378,35
2026.04.20 07:00:00,4795.31,4805.72,4793.84,4797.77,9467,35
2026.04.20 07:30:00,4797.77,4798.63,4786.82,4789.69,8899,35
2026.04.20 08:00:00,4789.68,4792.45,4785.86,4791.93,8280,35
2026.04.20 08:30:00,4791.93,4796.16,4788.52,4796.13,6901,35
2026.04.20 09:00:00,4796.05,4797.77,4791.68,4792.26,7031,35
2026.04.20 09:30:00,4792.32,4797.0,4783.51,4791.61,8053,35
2026.04.20 10:00:00,4791.59,4800.89,4789.87,4798.11,7442,35
2026.04.20 10:30:00,4798.13,4799.87,4794.36,4795.78,6069,35
2026.04.20 11:00:00,4795.76,4796.22,4786.38,4788.52,8027,35
2026.04.20 11:30:00,4788.48,4810.88,4787.67,4810.48,8671,35
2026.04.20 12:00:00,4810.51,4822.03,4803.14,4805.76,10871,35
2026.04.20 12:30:00,4805.76,4809.5,4798.94,4803.33,8639,35
2026.04.20 13:00:00,4803.32,4825.51,4799.51,4824.23,11135,35
2026.04.20 13:30:00,4824.36,4826.26,4815.97,4817.77,12821,35
2026.04.20 14:00:00,4817.77,4826.79,4806.8,4823.33,12620,35
2026.04.20 14:30:00,4823.43,4827.76,4793.14,4805.16,11686,35
2026.04.20 15:00:00,4805.09,4809.34,4792.76,4808.07,12476,35
2026.04.20 15:30:00,4807.95,4809.23,4795.15,4799.63,10299,35
2026.04.20 16:00:00,4799.63,4801.83,4792.67,4801.09,9662,35
2026.04.20 16:30:00,4801.23,4806.5,4798.79,4805.44,8113,35
2026.04.20 17:00:00,4805.59,4811.11,4803.6,4809.76,7814,35
2026.04.20 17:30:00,4809.77,4812.16,4804.99,4806.66,7227,39
2026.04.20 18:00:00,4806.66,4816.01,4806.66,4813.33,7892,42
2026.04.20 18:30:00,4813.31,4816.63,4810.92,4813.97,6321,35
2026.04.20 19:00:00,4813.96,4821.33,4813.82,4816.82,5604,35
2026.04.20 19:30:00,4816.82,4817.15,4810.31,4814.17,6352,35
2026.04.20 20:00:00,4814.16,4816.94,4812.06,4815.8,3027,41
2026.04.20 20:30:00,4815.76,4821.81,4812.84,4820.62,3668,41
2026.04.20 22:00:00,4824.39,4832.98,4820.89,4828.81,5845,35
2026.04.20 22:30:00,4828.82,4831.68,4825.14,4827.55,4597,35
2026.04.20 23:00:00,4827.51,4831.48,4823.49,4825.48,4399,35
2026.04.20 23:30:00,4825.46,4825.46,4819.49,4821.66,4075,35
2026.04.21 00:00:00,4822.16,4830.5,4819.15,4819.75,6738,42
2026.04.21 00:30:00,4819.81,4826.14,4816.81,4823.87,6935,35
2026.04.21 01:00:00,4823.83,4824.38,4813.01,4818.41,8352,35
2026.04.21 01:30:00,4818.42,4818.93,4806.14,4810.06,7817,35
2026.04.21 02:00:00,4810.05,4810.3,4803.46,4807.48,6082,35
2026.04.21 02:30:00,4807.51,4808.09,4802.32,4806.75,6949,42
2026.04.21 03:00:00,4806.79,4807.65,4793.74,4798.65,7599,35
2026.04.21 03:30:00,4798.69,4799.86,4792.69,4796.92,5218,35
2026.04.21 04:00:00,4796.92,4797.75,4791.06,4792.08,5085,39
2026.04.21 04:30:00,4792.08,4794.16,4787.81,4789.01,4769,35
2026.04.21 05:00:00,4789.17,4793.01,4785.74,4787.43,5887,38
2026.04.21 05:30:00,4787.42,4796.9,4783.02,4784.1,8609,35
2026.04.21 06:00:00,4784.1,4790.49,4775.25,4778.67,9706,35
2026.04.21 06:30:00,4779.1,4783.16,4774.37,4778.69,7912,35
2026.04.21 07:00:00,4778.06,4787.54,4772.63,4783.3,8230,35
2026.04.21 07:30:00,4783.3,4792.55,4780.85,4786.09,7500,35
2026.04.21 08:00:00,4786.13,4789.05,4774.7,4787.28,8950,35
2026.04.21 08:30:00,4787.26,4792.84,4784.75,4785.54,7034,35
2026.04.21 09:00:00,4785.88,4787.79,4781.15,4782.23,7109,35
2026.04.21 09:30:00,4782.23,4789.39,4782.0,4783.63,7350,35
2026.04.21 10:00:00,4783.73,4785.9,4780.8,4782.89,5960,35
2026.04.21 10:30:00,4782.89,4790.33,4782.62,4789.58,5765,35
2026.04.21 11:00:00,4789.57,4790.07,4775.27,4783.64,7635,35
2026.04.21 11:30:00,4783.61,4797.76,4783.19,4794.56,7694,35
2026.04.21 12:00:00,4794.59,4796.92,4779.2,4780.78,9405,35
2026.04.21 12:30:00,4780.9,4790.52,4766.46,4778.61,11137,35
2026.04.21 13:00:00,4778.6,4783.67,4760.8,4774.86,12047,35
2026.04.21 13:30:00,4774.8,4794.12,4770.05,4779.28,12684,35
2026.04.21 14:00:00,4779.26,4782.39,4769.95,4774.03,11524,35
2026.04.21 14:30:00,4774.02,4775.16,4723.62,4738.87,14237,35
2026.04.21 15:00:00,4738.87,4757.61,4727.76,4742.79,13981,35
2026.04.21 15:30:00,4742.88,4750.22,4736.49,4741.52,11916,35
2026.04.21 16:00:00,4741.64,4746.52,4719.51,4720.79,10762,35
2026.04.21 16:30:00,4720.57,4727.39,4708.12,4710.96,11004,35
2026.04.21 17:00:00,4710.99,4718.04,4697.56,4699.73,11974,35
2026.04.21 17:30:00,4699.55,4721.95,4696.9,4710.54,10882,35
2026.04.21 18:00:00,4710.54,4714.41,4692.28,4696.17,10081,35
2026.04.21 18:30:00,4696.24,4713.4,4696.24,4709.08,8975,41
2026.04.21 19:00:00,4709.09,4714.99,4704.4,4713.77,9985,39
2026.04.21 19:30:00,4713.77,4714.64,4668.52,4679.34,12136,35
2026.04.21 20:00:00,4679.16,4711.02,4668.78,4705.64,10010,35
2026.04.21 20:30:00,4705.64,4720.07,4705.15,4720.06,5969,35
2026.04.21 22:00:00,4720.49,4729.39,4716.36,4719.0,5190,35
2026.04.21 22:30:00,4718.96,4720.03,4715.48,4719.53,3840,35
2026.04.21 23:00:00,4719.4,4733.11,4718.03,4729.89,4989,35
2026.04.21 23:30:00,4729.9,4740.42,4728.8,4738.06,5210,38
2026.04.22 00:00:00,4738.07,4747.18,4738.07,4742.39,6979,35
2026.04.22 00:30:00,4742.38,4747.04,4738.38,4739.63,6179,35
2026.04.22 01:00:00,4739.55,4749.04,4735.84,4746.24,8101,35
2026.04.22 01:30:00,4746.24,4754.55,4746.17,4752.12,7778,35
2026.04.22 02:00:00,4752.13,4758.06,4749.96,4755.57,5714,35
2026.04.22 02:30:00,4755.54,4758.84,4751.0,4755.63,6056,35
2026.04.22 03:00:00,4755.62,4763.48,4753.04,4763.04,6014,35
2026.04.22 03:30:00,4763.05,4764.9,4756.91,4758.21,4755,35
2026.04.22 04:00:00,4758.26,4759.58,4754.36,4755.89,4188,35
2026.04.22 04:30:00,4755.86,4759.46,4752.14,4754.49,4901,42
2026.04.22 05:00:00,4754.51,4771.48,4752.04,4766.02,6568,35
2026.04.22 05:30:00,4766.05,4771.82,4763.7,4767.37,7690,35
2026.04.22 06:00:00,4767.39,4767.52,4758.76,4766.85,6982,35
2026.04.22 06:30:00,4766.56,4767.88,4763.18,4767.57,6170,35
2026.04.22 07:00:00,4767.59,4772.35,4762.49,4765.83,7706,35
2026.04.22 07:30:00,4765.85,4766.61,4759.45,4760.51,6826,35
2026.04.22 08:00:00,4760.57,4762.21,4754.16,4754.27,7590,35
2026.04.22 08:30:00,4754.31,4758.21,4751.79,4756.99,6832,35
2026.04.22 09:00:00,4757.0,4761.99,4756.29,4756.33,6875,35
2026.04.22 09:30:00,4756.32,4762.49,4752.49,4755.09,6700,35
2026.04.22 10:00:00,4755.09,4757.37,4745.91,4754.59,7987,35
2026.04.22 10:30:00,4754.6,4759.9,4753.59,4759.22,6242,35
2026.04.22 11:00:00,4759.22,4761.04,4756.3,4757.23,6478,35
2026.04.22 11:30:00,4757.23,4759.9,4747.81,4750.28,7326,35
2026.04.22 12:00:00,4750.43,4759.57,4747.16,4753.13,8080,35
2026.04.22 12:30:00,4753.13,4754.29,4742.68,4744.16,8777,35
2026.04.22 13:00:00,4744.29,4750.24,4736.31,4749.68,10372,35
2026.04.22 13:30:00,4750.2,4760.68,4742.1,4752.9,11730,35
2026.04.22 14:00:00,4752.48,4757.47,4742.39,4743.92,11241,35
2026.04.22 14:30:00,4743.88,4744.74,4729.76,4735.97,11234,35
2026.04.22 15:00:00,4735.95,4739.88,4729.7,4735.26,10564,35
2026.04.22 15:30:00,4735.31,4735.44,4724.77,4727.55,9452,35
2026.04.22 16:00:00,4727.88,4734.63,4724.15,4726.91,8608,35
2026.04.22 16:30:00,4726.93,4732.12,4723.86,4728.66,8221,35
2026.04.22 17:00:00,4728.66,4739.19,4728.45,4734.97,8275,35
2026.04.22 17:30:00,4734.96,4738.16,4733.22,4737.11,7025,35
2026.04.22 18:00:00,4737.18,4738.6,4729.72,4730.25,7207,37
2026.04.22 18:30:00,4730.09,4749.47,4729.99,4741.59,7321,35
2026.04.22 19:00:00,4741.65,4745.2,4736.68,4744.27,7295,35
2026.04.22 19:30:00,4744.48,4744.57,4736.75,4740.0,6936,42
2026.04.22 20:00:00,4740.1,4740.29,4734.47,4736.71,4430,42
2026.04.22 20:30:00,4736.69,4740.72,4736.16,4739.84,3004,35
2026.04.22 22:00:00,4745.3,4745.68,4732.43,4732.86,4347,35
2026.04.22 22:30:00,4732.99,4735.09,4725.61,4725.91,4420,35
2026.04.22 23:00:00,4725.97,4729.92,4723.11,4728.26,4506,41
2026.04.22 23:30:00,4728.25,4729.15,4723.64,4727.78,4016,35
2026.04.23 00:00:00,4727.79,4742.41,4693.96,4741.41,11570,35
2026.04.23 00:30:00,4741.46,4753.8,4741.08,4747.98,10218,35
2026.04.23 01:00:00,4747.62,4749.82,4727.06,4728.16,10434,35
2026.04.23 01:30:00,4728.26,4736.77,4722.36,4723.17,9859,35
2026.04.23 02:00:00,4723.18,4724.59,4704.79,4713.72,10854,40
2026.04.23 02:30:00,4713.74,4715.71,4698.22,4698.86,10986,35
2026.04.23 03:00:00,4698.87,4708.61,4697.84,4703.15,10103,41
2026.04.23 03:30:00,4703.11,4707.38,4700.98,4703.85,6991,42
2026.04.23 04:00:00,4703.85,4707.05,4700.72,4705.42,6037,42
2026.04.23 04:30:00,4705.45,4706.89,4698.65,4704.1,5564,35
2026.04.23 05:00:00,4704.1,4710.16,4703.25,4705.8,6842,36
2026.04.23 05:30:00,4705.82,4715.0,4691.81,4713.61,9712,42
2026.04.23 06:00:00,4713.64,4718.07,4708.56,4712.12,8707,35
2026.04.23 06:30:00,4711.92,4721.07,4709.17,4712.98,8588,35
2026.04.23 07:00:00,4712.85,4716.42,4703.1,4706.05,10106,35
2026.04.23 07:30:00,4706.04,4720.49,4703.51,4718.85,8530,35
2026.04.23 08:00:00,4718.59,4724.78,4714.92,4715.48,8092,35
2026.04.23 08:30:00,4715.49,4716.14,4701.76,4703.28,8782,35
2026.04.23 09:00:00,4703.25,4703.64,4694.58,4700.79,9416,35
2026.04.23 09:30:00,4700.63,4703.2,4694.68,4697.44,8025,35
2026.04.23 10:00:00,4697.46,4701.49,4684.41,4686.55,9365,35
2026.04.23 10:30:00,4686.56,4697.15,4684.09,4696.41,8835,35
2026.04.23 11:00:00,4696.44,4703.33,4695.48,4699.25,8282,35
2026.04.23 11:30:00,4699.25,4720.87,4696.58,4720.49,10110,35
2026.04.23 12:00:00,4720.53,4737.88,4719.72,4733.34,11448,35
2026.04.23 12:30:00,4733.08,4742.88,4731.53,4739.98,11054,35
2026.04.23 13:00:00,4739.99,4740.7,4724.45,4727.16,10434,35
2026.04.23 13:30:00,4726.6,4741.09,4724.32,4724.42,12713,35
2026.04.23 14:00:00,4724.49,4735.77,4717.17,4731.38,12989,35
2026.04.23 14:30:00,4731.31,4736.58,4725.96,4733.54,11918,35
2026.04.23 15:00:00,4733.52,4741.26,4726.66,4733.6,10910,35
2026.04.23 15:30:00,4733.55,4734.81,4716.64,4720.29,10752,35
2026.04.23 16:00:00,4720.31,4724.92,4715.54,4723.13,9746,35
2026.04.23 16:30:00,4723.16,4737.04,4722.57,4732.93,8780,35
2026.04.23 17:00:00,4732.99,4734.46,4704.45,4706.37,14031,35
2026.04.23 17:30:00,4706.28,4713.76,4664.05,4709.08,14193,35
2026.04.23 18:00:00,4709.52,4721.26,4707.67,4716.5,12390,35
2026.04.23 18:30:00,4716.43,4720.34,4699.31,4700.98,10884,35
2026.04.23 19:00:00,4700.99,4704.28,4692.77,4700.1,10491,42
2026.04.23 19:30:00,4700.18,4701.13,4689.55,4696.02,10113,35
2026.04.23 20:00:00,4695.92,4698.07,4686.26,4689.17,6016,35
2026.04.23 20:30:00,4689.22,4694.41,4688.04,4694.41,3579,35
2026.04.23 22:00:00,4699.96,4699.96,4691.82,4692.52,3956,35
2026.04.23 22:30:00,4692.52,4696.66,4689.91,4693.15,4335,35
2026.04.23 23:00:00,4693.1,4695.44,4686.72,4694.38,5216,35
2026.04.23 23:30:00,4694.68,4700.7,4692.18,4695.25,5969,41
2026.04.24 00:00:00,4695.68,4705.42,4690.89,4705.33,8936,35
2026.04.24 00:30:00,4705.35,4707.7,4697.23,4704.47,8111,35
2026.04.24 01:00:00,4704.46,4710.95,4695.78,4698.36,9595,35
2026.04.24 01:30:00,4698.33,4702.18,4690.23,4699.3,9786,41
2026.04.24 02:00:00,4699.25,4700.34,4681.9,4683.55,9042,35
2026.04.24 02:30:00,4683.89,4690.79,4672.84,4676.62,9437,35
2026.04.24 03:00:00,4676.62,4678.22,4668.66,4674.36,8851,41
2026.04.24 03:30:00,4674.32,4678.04,4671.38,4672.12,6309,42
2026.04.24 04:00:00,4671.93,4674.44,4658.66,4659.21,7501,35
2026.04.24 04:30:00,4659.21,4676.75,4657.62,4674.38,7005,35
2026.04.24 05:00:00,4674.38,4678.32,4669.58,4676.35,7004,35
2026.04.24 05:30:00,4676.32,4687.56,4676.32,4686.46,9196,41
2026.04.24 06:00:00,4686.46,4688.02,4670.03,4671.49,8811,42
2026.04.24 06:30:00,4671.48,4676.48,4666.39,4671.88,8206,42
2026.04.24 07:00:00,4671.85,4684.7,4670.95,4684.37,7299,35
2026.04.24 07:30:00,4684.22,4695.38,4682.22,4694.44,7874,35
2026.04.24 08:00:00,4694.37,4697.46,4686.45,4687.9,9098,35
2026.04.24 08:30:00,4687.83,4692.92,4685.02,4690.88,7424,35
2026.04.24 09:00:00,4690.9,4696.65,4682.25,4683.28,8611,35
2026.04.24 09:30:00,4683.18,4688.65,4679.29,4682.02,8061,35
2026.04.24 10:00:00,4682.02,4686.07,4680.1,4682.11,6975,35
2026.04.24 10:30:00,4682.1,4682.44,4674.64,4677.7,7087,35
2026.04.24 11:00:00,4677.66,4716.81,4677.66,4715.07,11543,35
2026.04.24 11:30:00,4715.03,4717.34,4702.95,4706.89,9762,35
2026.04.24 12:00:00,4706.89,4711.67,4701.62,4710.24,9590,35
2026.04.24 12:30:00,4710.04,4711.49,4690.45,4700.51,10398,35
2026.04.24 13:00:00,4701.31,4705.47,4693.49,4696.98,11294,35
2026.04.24 13:30:00,4696.94,4717.53,4689.82,4711.56,12943,35
2026.04.24 14:00:00,4711.55,4740.02,4706.74,4725.4,13561,35
2026.04.24 14:30:00,4725.48,4732.77,4723.53,4726.35,11816,35
2026.04.24 15:00:00,4726.42,4726.89,4718.34,4721.89,10890,35
2026.04.24 15:30:00,4721.98,4733.28,4715.23,4726.97,12192,35
2026.04.24 16:00:00,4726.56,4729.42,4718.97,4723.06,10313,35
2026.04.24 16:30:00,4723.06,4727.65,4719.13,4726.57,9342,35
2026.04.24 17:00:00,4726.59,4729.83,4722.2,4722.75,9545,35
2026.04.24 17:30:00,4722.52,4727.5,4718.77,4723.35,8126,42
2026.04.24 18:00:00,4723.39,4724.67,4716.86,4716.98,7683,42
2026.04.24 18:30:00,4716.99,4723.17,4716.7,4722.59,6901,42
2026.04.24 19:00:00,4722.57,4725.91,4717.23,4718.84,7308,39
2026.04.24 19:30:00,4718.79,4720.44,4713.62,4716.27,7872,35
2026.04.24 20:00:00,4716.09,4717.28,4705.01,4707.99,5436,42
2026.04.24 20:30:00,4707.99,4710.41,4705.04,4710.28,3777,42
2026.04.26 22:00:00,4691.5,4700.14,4679.92,4686.72,7347,40
2026.04.26 22:30:00,4686.4,4686.74,4681.92,4684.6,4660,35
2026.04.26 23:00:00,4684.56,4684.84,4677.15,4677.33,5384,42
2026.04.26 23:30:00,4677.3,4682.14,4674.76,4680.15,5799,36
2026.04.27 00:00:00,4680.14,4682.11,4672.06,4680.72,7904,35
2026.04.27 00:30:00,4680.69,4698.06,4676.6,4697.58,6771,37
2026.04.27 01:00:00,4697.59,4709.51,4690.65,4697.94,10990,35
2026.04.27 01:30:00,4697.94,4706.38,4695.68,4702.6,9593,35
2026.04.27 02:00:00,4702.62,4708.0,4696.22,4705.64,8236,35
2026.04.27 02:30:00,4705.67,4723.32,4704.25,4718.18,8915,35
2026.04.27 03:00:00,4718.13,4722.27,4714.37,4715.6,6739,42
2026.04.27 03:30:00,4715.86,4729.31,4715.36,4724.06,6854,40
2026.04.27 04:00:00,4723.93,4727.92,4723.67,4726.85,4811,42
2026.04.27 04:30:00,4726.85,4730.08,4722.51,4724.84,4832,42
2026.04.27 05:00:00,4724.88,4725.34,4716.04,4718.03,5825,41
2026.04.27 05:30:00,4718.04,4718.26,4708.64,4710.08,8400,35
2026.04.27 06:00:00,4710.07,4715.52,4709.02,4714.28,7910,35
2026.04.27 06:30:00,4714.25,4715.6,4709.3,4712.78,7667,39
2026.04.27 07:00:00,4712.8,4718.22,4710.91,4715.88,8418,35
2026.04.27 07:30:00,4715.88,4717.32,4709.94,4713.24,7621,35
2026.04.27 08:00:00,4713.28,4714.2,4708.98,4710.34,8561,35
2026.04.27 08:30:00,4710.36,4714.72,4705.03,4706.63,8233,35
2026.04.27 09:00:00,4706.68,4708.22,4701.62,4702.24,7360,35
2026.04.27 09:30:00,4702.19,4705.3,4699.21,4703.46,7266,35
2026.04.27 10:00:00,4703.59,4706.86,4699.56,4704.76,6336,35
2026.04.27 10:30:00,4704.81,4711.01,4704.5,4708.79,6817,35
2026.04.27 11:00:00,4708.79,4709.1,4700.2,4705.03,7742,35
2026.04.27 11:30:00,4705.04,4708.4,4699.75,4704.73,7126,35
2026.04.27 12:00:00,4704.76,4712.51,4701.97,4706.77,8881,35
2026.04.27 12:30:00,4706.68,4707.54,4696.88,4699.23,9381,35
2026.04.27 13:00:00,4699.21,4703.19,4693.1,4699.89,10345,35
2026.04.27 13:30:00,4699.81,4702.56,4688.96,4696.06,12096,35
2026.04.27 14:00:00,4696.09,4696.34,4686.19,4688.99,12343,35
2026.04.27 14:30:00,4689.0,4696.46,4676.56,4678.02,11869,35
2026.04.27 15:00:00,4678.09,4680.92,4667.17,4680.89,12236,35
2026.04.27 15:30:00,4681.01,4682.28,4668.05,4669.96,10779,35
2026.04.27 16:00:00,4669.96,4677.6,4667.32,4676.07,9013,35
2026.04.27 16:30:00,4676.05,4679.37,4674.35,4676.61,7402,35
2026.04.27 17:00:00,4676.61,4679.79,4667.93,4679.56,8766,35
2026.04.27 17:30:00,4679.68,4685.93,4679.2,4682.08,8738,35
2026.04.27 18:00:00,4682.09,4685.34,4678.86,4683.96,7712,35
2026.04.27 18:30:00,4683.98,4685.17,4680.61,4680.61,6297,42
2026.04.27 19:00:00,4680.68,4682.62,4678.35,4682.11,6174,35
2026.04.27 19:30:00,4682.19,4682.19,4676.53,4680.57,6875,42
2026.04.27 20:00:00,4680.66,4681.3,4677.26,4679.62,2906,41
2026.04.27 20:30:00,4679.62,4681.7,4678.2,4681.66,2279,35
2026.04.27 22:00:00,4684.0,4691.03,4682.12,4688.96,3928,35
2026.04.27 22:30:00,4688.95,4689.68,4686.05,4687.84,3200,35
2026.04.27 23:00:00,4687.79,4691.56,4687.14,4690.49,3285,42
2026.04.27 23:30:00,4690.48,4694.92,4690.35,4691.67,4003,41
2026.04.28 00:00:00,4691.75,4701.12,4691.54,4694.79,7061,35
2026.04.28 00:30:00,4694.81,4695.1,4690.37,4690.44,5308,35
2026.04.28 01:00:00,4690.44,4690.76,4684.42,4687.44,7652,42
2026.04.28 01:30:00,4687.43,4691.3,4669.58,4670.63,8189,35
2026.04.28 02:00:00,4670.71,4679.7,4665.71,4675.41,7303,35
2026.04.28 02:30:00,4675.43,4675.51,4666.23,4669.0,7644,35
2026.04.28 03:00:00,4669.0,4675.85,4668.37,4674.79,6675,42
2026.04.28 03:30:00,4674.79,4675.31,4669.0,4670.79,4838,42
2026.04.28 04:00:00,4670.76,4671.14,4666.35,4667.32,4761,41
2026.04.28 04:30:00,4667.31,4669.85,4666.68,4667.51,4337,41
2026.04.28 05:00:00,4667.52,4668.09,4647.71,4658.2,7890,35
2026.04.28 05:30:00,4658.18,4658.21,4623.88,4632.01,11230,35
2026.04.28 06:00:00,4631.74,4642.58,4623.3,4631.47,9564,35
2026.04.28 06:30:00,4631.59,4634.52,4623.13,4628.92,8643,35
2026.04.28 07:00:00,4628.78,4639.19,4627.27,4629.57,8515,35
2026.04.28 07:30:00,4629.53,4635.23,4620.45,4633.05,8712,35
2026.04.28 08:00:00,4632.93,4633.59,4614.74,4626.54,9668,35
2026.04.28 08:30:00,4626.69,4635.16,4624.88,4629.7,8154,35
2026.04.28 09:00:00,4629.69,4630.0,4612.58,4618.13,8724,35
2026.04.28 09:30:00,4618.19,4618.82,4604.53,4604.96,9392,35
2026.04.28 10:00:00,4604.96,4616.25,4604.65,4611.69,8274,35
2026.04.28 10:30:00,4611.45,4615.71,4603.02,4603.16,7982,35
2026.04.28 11:00:00,4602.32,4608.6,4594.0,4599.35,9558,35
2026.04.28 11:30:00,4599.22,4599.8,4555.15,4562.59,11441,35
2026.04.28 12:00:00,4562.46,4597.88,4554.89,4579.96,10794,35
2026.04.28 12:30:00,4579.95,4599.97,4570.66,4593.63,10443,35
2026.04.28 13:00:00,4593.61,4594.53,4571.02,4581.67,10733,35
2026.04.28 13:30:00,4581.66,4592.24,4570.9,4580.29,11619,35
2026.04.28 14:00:00,4580.39,4580.65,4564.83,4571.51,12180,35
2026.04.28 14:30:00,4571.5,4577.76,4557.27,4574.03,11887,35
2026.04.28 15:00:00,4574.07,4581.44,4566.73,4576.98,11499,35
2026.04.28 15:30:00,4577.0,4586.54,4571.1,4586.54,10560,35
2026.04.28 16:00:00,4586.39,4586.72,4577.92,4582.92,9257,35
2026.04.28 16:30:00,4582.72,4594.88,4580.66,4591.94,9052,35
2026.04.28 17:00:00,4591.97,4597.08,4587.11,4593.15,8748,35
2026.04.28 17:30:00,4593.32,4601.63,4593.32,4594.58,7813,35
2026.04.28 18:00:00,4594.68,4600.32,4592.03,4598.83,7727,35
2026.04.28 18:30:00,4598.83,4599.4,4593.0,4594.19,6691,35
2026.04.28 19:00:00,4594.28,4598.55,4593.61,4596.16,6399,42
2026.04.28 19:30:00,4596.16,4600.01,4593.18,4595.54,7321,42
2026.04.28 20:00:00,4595.52,4598.62,4591.03,4592.66,4505,35
2026.04.28 20:30:00,4592.7,4597.16,4592.41,4596.8,2908,35
2026.04.28 22:00:00,4598.76,4599.42,4594.32,4595.69,3335,42
2026.04.28 22:30:00,4595.69,4597.23,4592.32,4593.99,2600,35
2026.04.28 23:00:00,4594.06,4594.4,4588.81,4592.09,3536,41
2026.04.28 23:30:00,4592.1,4595.94,4587.81,4595.56,4412,41
2026.04.29 00:00:00,4595.57,4610.44,4594.87,4599.97,8802,35
2026.04.29 00:30:00,4599.96,4604.69,4595.98,4600.04,6133,42
2026.04.29 01:00:00,4600.05,4600.31,4576.19,4580.39,10928,35
2026.04.29 01:30:00,4580.39,4591.52,4578.9,4584.69,10160,35
2026.04.29 02:00:00,4584.74,4604.12,4584.71,4599.14,8615,35
2026.04.29 02:30:00,4599.14,4601.84,4592.07,4593.27,8431,35
2026.04.29 03:00:00,4593.31,4603.24,4592.76,4598.44,7869,35
2026.04.29 03:30:00,4598.45,4598.45,4592.01,4595.31,5317,42
2026.04.29 04:00:00,4595.32,4603.32,4595.16,4601.52,4894,41
2026.04.29 04:30:00,4601.55,4605.79,4601.55,4604.94,5608,41
2026.04.29 05:00:00,4604.94,4607.56,4598.55,4600.61,5820,35
2026.04.29 05:30:00,4600.54,4603.44,4590.63,4591.08,8648,35
2026.04.29 06:00:00,4590.88,4598.43,4580.93,4584.84,9654,35
2026.04.29 06:30:00,4584.82,4587.45,4580.63,4584.36,7353,35
2026.04.29 07:00:00,4584.18,4588.65,4569.29,4574.98,9753,35
2026.04.29 07:30:00,4574.95,4578.72,4567.21,4567.78,9319,35
2026.04.29 08:00:00,4567.78,4573.1,4564.4,4566.39,9487,35
2026.04.29 08:30:00,4566.28,4576.72,4557.19,4572.97,9400,35
2026.04.29 09:00:00,4572.95,4580.7,4565.71,4565.9,8808,35
2026.04.29 09:30:00,4565.96,4569.4,4551.36,4555.85,10090,35
2026.04.29 10:00:00,4555.67,4573.15,4554.92,4571.67,8393,35
2026.04.29 10:30:00,4571.7,4576.49,4563.87,4569.63,8069,35
2026.04.29 11:00:00,4569.62,4571.61,4564.15,4564.64,8036,35
2026.04.29 11:30:00,4564.52,4571.86,4558.77,4561.63,8257,35
2026.04.29 12:00:00,4561.62,4568.88,4559.45,4559.53,8810,35
2026.04.29 12:30:00,4559.47,4559.77,4541.56,4544.87,11009,35
2026.04.29 13:00:00,4544.87,4553.5,4534.6,4537.79,11375,35
2026.04.29 13:30:00,4537.82,4539.29,4510.06,4521.77,13704,35
2026.04.29 14:00:00,4521.8,4537.87,4518.0,4533.09,13546,35
2026.04.29 14:30:00,4532.96,4542.58,4530.81,4539.22,11631,35
2026.04.29 15:00:00,4539.13,4546.67,4536.13,4543.54,11936,35
2026.04.29 15:30:00,4543.45,4558.82,4540.37,4547.68,12225,35
2026.04.29 16:00:00,4547.74,4564.84,4547.03,4560.24,11121,35
2026.04.29 16:30:00,4560.2,4560.2,4543.34,4545.38,10369,35
2026.04.29 17:00:00,4545.45,4554.36,4542.65,4547.1,10020,35
2026.04.29 17:30:00,4547.02,4548.3,4541.53,4544.61,9069,35
2026.04.29 18:00:00,4547.34,4552.7,4525.05,4532.7,12663,35
2026.04.29 18:30:00,4532.71,4540.86,4517.68,4537.81,12893,35
2026.04.29 19:00:00,4537.82,4550.41,4533.0,4542.68,11210,35
2026.04.29 19:30:00,4542.22,4549.5,4537.43,4546.85,10433,35
2026.04.29 20:00:00,4546.71,4553.29,4541.45,4543.2,10034,35
2026.04.29 20:30:00,4543.23,4546.5,4541.41,4543.53,5882,35
2026.04.29 22:00:00,4542.96,4550.73,4539.2,4549.04,5176,35
2026.04.29 22:30:00,4549.04,4552.7,4547.35,4552.09,5281,42
2026.04.29 23:00:00,4552.11,4555.05,4549.59,4551.63,5434,35
2026.04.29 23:30:00,4551.61,4562.07,4551.33,4561.63,5477,42
2026.04.30 00:00:00,4561.75,4568.2,4556.31,4563.45,9671,35
2026.04.30 00:30:00,4563.46,4573.9,4562.24,4569.76,7838,42
2026.04.30 01:00:00,4569.76,4581.07,4564.53,4579.61,9924,35
2026.04.30 01:30:00,4579.78,4582.35,4570.97,4579.18,9733,35
2026.04.30 02:00:00,4579.04,4581.87,4571.96,4572.93,7539,35
2026.04.30 02:30:00,4573.04,4573.97,4559.82,4564.54,9720,35
2026.04.30 03:00:00,4564.37,4568.94,4562.34,4563.15,8007,42
2026.04.30 03:30:00,4563.39,4563.81,4555.46,4556.0,7286,35
2026.04.30 04:00:00,4556.0,4556.89,4545.96,4547.04,8772,41
2026.04.30 04:30:00,4546.99,4549.32,4540.75,4542.17,8406,35
2026.04.30 05:00:00,4542.07,4558.7,4542.07,4555.56,7992,35
2026.04.30 05:30:00,4555.57,4569.32,4553.75,4562.47,9140,35
2026.04.30 06:00:00,4562.48,4570.95,4560.14,4569.4,9559,35
2026.04.30 06:30:00,4569.46,4591.39,4569.46,4589.29,9668,35
2026.04.30 07:00:00,4589.37,4595.39,4584.79,4591.42,9518,35
2026.04.30 07:30:00,4591.36,4605.65,4587.9,4598.34,8697,35
2026.04.30 08:00:00,4598.38,4629.41,4597.21,4617.5,11263,35
2026.04.30 08:30:00,4617.46,4620.55,4613.66,4616.29,8410,35
2026.04.30 09:00:00,4616.32,4626.8,4614.5,4625.51,9138,35
2026.04.30 09:30:00,4625.55,4631.67,4618.1,4625.13,9956,35
2026.04.30 10:00:00,4625.15,4644.13,4623.6,4643.65,8968,35
2026.04.30 10:30:00,4643.94,4646.6,4633.91,4639.64,9621,35
2026.04.30 11:00:00,4639.7,4645.13,4630.32,4638.1,10351,35
2026.04.30 11:30:00,4637.61,4637.63,4626.69,4630.02,10929,35
2026.04.30 12:00:00,4630.05,4637.31,4628.23,4629.61,9766,35
2026.04.30 12:30:00,4629.84,4640.07,4624.35,4639.44,9975,35
2026.04.30 13:00:00,4639.48,4645.86,4632.88,4633.62,10108,35
2026.04.30 13:30:00,4633.64,4634.55,4610.38,4610.89,12684,35
2026.04.30 14:00:00,4610.75,4625.84,4609.43,4622.88,12821,35
2026.04.30 14:30:00,4622.91,4623.64,4610.82,4619.55,11798,35
2026.04.30 15:00:00,4619.6,4624.33,4614.82,4622.89,11119,35
2026.04.30 15:30:00,4622.9,4625.47,4611.07,4615.19,9884,35
2026.04.30 16:00:00,4615.18,4617.33,4605.52,4607.88,9640,35
2026.04.30 16:30:00,4607.87,4617.51,4605.31,4607.43,7454,35
2026.04.30 17:00:00,4607.49,4620.56,4607.42,4617.39,8938,35
2026.04.30 17:30:00,4617.21,4621.34,4615.01,4616.88,8043,35
2026.04.30 18:00:00,4616.88,4624.89,4616.78,4620.69,8578,40
2026.04.30 18:30:00,4620.66,4624.95,4619.03,4622.32,6912,42
2026.04.30 19:00:00,4622.35,4627.01,4616.68,4617.59,7989,38
2026.04.30 19:30:00,4617.7,4623.18,4614.52,4617.12,8499,35
2026.04.30 20:00:00,4616.92,4620.04,4615.67,4616.55,5703,42
2026.04.30 20:30:00,4615.97,4621.9,4615.32,4621.57,3921,42
2026.04.30 22:00:00,4628.17,4632.59,4625.51,4631.12,4222,37
2026.04.30 22:30:00,4631.18,4632.19,4626.81,4630.21,4840,35
2026.04.30 23:00:00,4630.21,4632.06,4628.06,4630.62,4031,35
2026.04.30 23:30:00,4630.63,4634.13,4626.28,4626.39,5173,35
2026.05.01 00:00:00,4626.31,4630.87,4620.72,4623.65,7683,35
2026.05.01 00:30:00,4623.71,4624.88,4618.24,4619.58,7659,42
2026.05.01 01:00:00,4619.57,4620.63,4613.79,4616.08,6370,35
2026.05.01 01:30:00,4616.06,4622.18,4615.88,4620.8,5918,35
2026.05.01 02:00:00,4620.55,4636.11,4619.64,4629.38,6557,35
2026.05.01 02:30:00,4629.38,4631.03,4616.48,4619.02,5728,35
2026.05.01 03:00:00,4618.98,4626.46,4617.62,4626.15,4739,35
2026.05.01 03:30:00,4626.14,4631.9,4625.35,4626.6,5662,35
2026.05.01 04:00:00,4626.6,4628.77,4616.91,4617.43,5611,35
2026.05.01 04:30:00,4617.47,4618.16,4609.0,4609.0,5749,35
2026.05.01 05:00:00,4608.99,4615.96,4607.37,4614.57,6030,35
2026.05.01 05:30:00,4614.58,4615.28,4602.71,4604.92,6274,41
2026.05.01 06:00:00,4604.92,4607.75,4593.26,4593.31,7388,35
2026.05.01 06:30:00,4593.31,4597.47,4590.62,4594.69,7324,41
2026.05.01 07:00:00,4594.57,4597.84,4585.06,4592.29,8319,35
2026.05.01 07:30:00,4592.29,4592.61,4575.82,4578.18,8316,35
2026.05.01 08:00:00,4578.14,4582.57,4566.32,4567.3,9107,35
2026.05.01 08:30:00,4567.25,4572.54,4564.98,4568.9,6933,35
2026.05.01 09:00:00,4568.81,4571.21,4564.12,4569.12,6746,35
2026.05.01 09:30:00,4569.1,4572.8,4559.97,4562.7,6925,35
2026.05.01 10:00:00,4562.72,4572.67,4561.36,4572.04,5660,35
2026.05.01 10:30:00,4572.04,4576.03,4565.95,4566.8,6078,35
2026.05.01 11:00:00,4566.75,4576.35,4562.38,4571.74,7241,35
2026.05.01 11:30:00,4571.52,4579.58,4570.24,4578.61,6856,35
2026.05.01 12:00:00,4578.2,4607.44,4574.76,4602.78,9341,35
2026.05.01 12:30:00,4602.89,4603.19,4589.06,4591.12,9439,35
2026.05.01 13:00:00,4590.86,4597.16,4586.85,4589.14,9037,35
2026.05.01 13:30:00,4589.17,4628.86,4586.56,4625.83,12220,35
2026.05.01 14:00:00,4625.87,4660.13,4625.8,4644.56,13342,35
2026.05.01 14:30:00,4644.57,4646.02,4627.09,4632.09,12642,35
2026.05.01 15:00:00,4632.02,4640.4,4618.91,4636.26,11408,35
2026.05.01 15:30:00,4636.27,4648.07,4633.53,4643.17,10100,35
2026.05.01 16:00:00,4643.1,4649.98,4637.84,4637.88,9857,35
2026.05.01 16:30:00,4637.87,4642.81,4633.91,4638.88,9602,35
2026.05.01 17:00:00,4638.79,4642.6,4630.92,4631.8,6985,35
2026.05.01 17:30:00,4631.78,4634.91,4626.8,4629.37,8006,40
2026.05.01 18:00:00,4629.37,4630.56,4613.85,4623.06,8949,35
2026.05.01 18:30:00,4622.8,4625.87,4616.06,4624.18,8246,35
2026.05.01 19:00:00,4624.19,4627.58,4620.41,4624.48,6481,35
2026.05.01 19:30:00,4624.5,4624.71,4608.68,4610.65,8438,35
2026.05.01 20:00:00,4610.72,4616.22,4607.15,4613.16,5111,37
2026.05.01 20:30:00,4613.28,4616.96,4610.06,4614.34,4172,42
2026.05.03 22:00:00,4620.35,4629.62,4612.31,4620.74,5671,35
2026.05.03 22:30:00,4620.73,4629.36,4618.13,4618.72,5192,35
2026.05.03 23:00:00,4618.71,4620.77,4611.2,4616.96,5100,35
2026.05.03 23:30:00,4616.98,4618.38,4611.56,4613.8,5322,39
2026.05.04 00:00:00,4613.69,4616.57,4601.86,4605.87,8249,41
2026.05.04 00:30:00,4605.87,4613.3,4604.78,4612.93,6776,35
2026.05.04 01:00:00,4612.83,4613.86,4593.61,4594.54,8402,35
2026.05.04 01:30:00,4594.49,4613.71,4592.74,4612.86,6415,35
2026.05.04 02:00:00,4612.84,4618.31,4591.21,4593.06,7797,35
2026.05.04 02:30:00,4593.08,4611.15,4590.85,4605.58,6779,42
2026.05.04 03:00:00,4605.54,4611.73,4604.34,4609.57,5799,42
2026.05.04 03:30:00,4609.18,4617.21,4598.42,4614.94,7323,42
2026.05.04 04:00:00,4614.95,4615.41,4607.1,4608.21,6137,42
2026.05.04 04:30:00,4608.18,4612.91,4605.18,4605.93,5512,42
2026.05.04 05:00:00,4605.97,4612.93,4595.63,4596.51,7466,35
2026.05.04 05:30:00,4596.84,4601.77,4592.14,4598.92,7903,35
2026.05.04 06:00:00,4598.7,4600.53,4587.66,4593.78,8526,35
2026.05.04 06:30:00,4593.98,4595.58,4583.6,4588.28,7625,41
2026.05.04 07:00:00,4587.93,4593.3,4583.34,4585.91,7523,35
2026.05.04 07:30:00,4585.91,4590.71,4577.81,4578.86,8028,35
2026.05.04 08:00:00,4579.05,4581.24,4573.77,4574.85,8434,35
2026.05.04 08:30:00,4574.82,4581.58,4573.61,4576.96,7161,35
2026.05.04 09:00:00,4576.88,4584.41,4576.21,4581.25,6335,35
2026.05.04 09:30:00,4581.3,4584.36,4572.13,4575.37,5902,35
2026.05.04 10:00:00,4575.44,4575.88,4525.94,4544.77,12306,35
2026.05.04 10:30:00,4544.87,4566.66,4543.18,4562.5,9572,35
2026.05.04 11:00:00,4562.45,4570.48,4561.15,4562.25,8259,35
2026.05.04 11:30:00,4562.19,4562.82,4551.59,4560.24,8657,35
2026.05.04 12:00:00,4560.22,4579.24,4559.32,4568.48,9179,35
2026.05.04 12:30:00,4568.51,4575.9,4560.91,4568.23,8455,35
2026.05.04 13:00:00,4568.22,4576.03,4557.03,4560.74,9651,35
2026.05.04 13:30:00,4561.03,4570.66,4555.65,4563.98,11064,35
2026.05.04 14:00:00,4563.87,4582.07,4553.62,4571.1,11469,35
2026.05.04 14:30:00,4571.18,4583.03,4559.77,4561.57,10526,35
2026.05.04 15:00:00,4561.72,4565.98,4514.25,4537.66,12269,35
2026.05.04 15:30:00,4538.08,4542.77,4512.62,4521.84,12123,35
2026.05.04 16:00:00,4521.76,4526.89,4500.74,4515.0,12131,35
2026.05.04 16:30:00,4514.84,4518.76,4507.37,4510.63,9960,35
2026.05.04 17:00:00,4511.55,4531.49,4510.72,4524.28,10167,35
2026.05.04 17:30:00,4524.23,4527.62,4521.28,4522.32,7687,42
2026.05.04 18:00:00,4522.35,4525.3,4509.54,4511.81,7564,35
2026.05.04 18:30:00,4511.76,4516.4,4510.57,4516.32,7568,35
2026.05.04 19:00:00,4516.21,4525.75,4511.36,4522.28,8466,41
2026.05.04 19:30:00,4522.31,4527.02,4515.22,4517.71,7270,35
2026.05.04 20:00:00,4517.73,4518.09,4511.66,4515.11,4060,35
2026.05.04 20:30:00,4515.12,4523.75,4514.52,4523.66,3203,41
2026.05.04 22:00:00,4522.99,4524.46,4518.08,4519.8,2937,37
2026.05.04 22:30:00,4519.8,4522.13,4515.59,4517.44,3104,35
2026.05.04 23:00:00,4517.43,4521.58,4516.13,4521.06,2984,35
2026.05.04 23:30:00,4521.06,4521.26,4517.02,4518.92,3146,41
2026.05.05 00:00:00,4519.13,4528.41,4513.37,4516.85,8270,35
2026.05.05 00:30:00,4516.83,4530.32,4515.93,4529.84,6356,35
2026.05.05 01:00:00,4529.51,4539.9,4525.27,4537.57,7360,41
2026.05.05 01:30:00,4537.57,4542.0,4534.01,4540.72,6985,42
2026.05.05 02:00:00,4540.75,4542.5,4534.55,4541.4,6021,35
2026.05.05 02:30:00,4541.42,4546.7,4538.73,4538.94,6083,35
2026.05.05 03:00:00,4538.76,4542.51,4537.1,4537.87,4933,35
2026.05.05 03:30:00,4537.85,4539.11,4532.28,4534.46,5269,41
2026.05.05 04:00:00,4534.37,4535.85,4529.36,4529.39,5078,35
2026.05.05 04:30:00,4529.38,4536.75,4527.83,4533.63,6633,35
2026.05.05 05:00:00,4533.62,4545.38,4531.23,4539.89,7314,35
2026.05.05 05:30:00,4539.95,4551.49,4539.74,4545.55,7872,35
2026.05.05 06:00:00,4545.67,4552.03,4533.54,4536.81,7852,35
2026.05.05 06:30:00,4536.81,4551.11,4536.2,4548.21,7874,35
2026.05.05 07:00:00,4548.24,4555.61,4547.63,4548.88,7763,35
2026.05.05 07:30:00,4548.88,4558.36,4543.34,4545.43,8805,35
2026.05.05 08:00:00,4545.48,4554.63,4545.36,4551.12,8935,35
2026.05.05 08:30:00,4550.93,4559.45,4548.05,4558.45,8247,35
2026.05.05 09:00:00,4558.42,4560.44,4552.47,4552.56,7919,35
2026.05.05 09:30:00,4552.68,4558.4,4550.95,4556.19,6752,35
2026.05.05 10:00:00,4556.18,4556.86,4546.53,4547.82,6969,35
2026.05.05 10:30:00,4547.82,4553.93,4540.37,4543.58,7798,35
2026.05.05 11:00:00,4543.58,4557.46,4539.68,4556.02,8857,35
2026.05.05 11:30:00,4556.08,4564.78,4554.7,4562.78,8143,35
2026.05.05 12:00:00,4562.79,4574.22,4554.17,4573.59,10538,35
2026.05.05 12:30:00,4573.64,4574.59,4561.63,4564.39,8386,35
2026.05.05 13:00:00,4564.17,4584.99,4564.16,4576.93,10550,35
2026.05.05 13:30:00,4577.0,4583.13,4571.2,4579.26,11543,35
2026.05.05 14:00:00,4579.91,4586.47,4566.06,4583.91,12806,35
2026.05.05 14:30:00,4584.19,4585.66,4575.5,4582.24,10572,35
2026.05.05 15:00:00,4582.34,4583.85,4575.32,4579.15,9655,35
2026.05.05 15:30:00,4579.11,4581.08,4568.24,4568.42,9303,35
2026.05.05 16:00:00,4568.4,4568.96,4555.88,4559.65,8972,35
2026.05.05 16:30:00,4559.68,4562.86,4553.69,4561.1,8332,35
2026.05.05 17:00:00,4561.11,4562.5,4553.06,4558.51,7992,35
2026.05.05 17:30:00,4558.51,4562.67,4555.99,4559.69,6590,36
2026.05.05 18:00:00,4559.69,4565.2,4558.47,4562.0,5819,38
2026.05.05 18:30:00,4562.08,4565.69,4557.47,4560.94,6292,35
2026.05.05 19:00:00,4560.94,4561.55,4554.79,4556.09,6090,35
2026.05.05 19:30:00,4556.09,4558.76,4551.53,4554.56,6093,36
2026.05.05 20:00:00,4554.99,4559.62,4553.95,4559.1,4150,35
2026.05.05 20:30:00,4559.14,4559.92,4554.26,4557.38,3098,42
2026.05.05 22:00:00,4558.21,4558.26,4546.33,4546.63,4655,35
2026.05.05 22:30:00,4546.58,4576.7,4546.05,4573.53,5553,35
2026.05.05 23:00:00,4573.53,4590.57,4569.41,4582.05,8183,36
2026.05.05 23:30:00,4582.01,4595.83,4579.43,4593.89,6679,35
2026.05.06 00:00:00,4593.8,4603.94,4588.15,4602.05,8971,35
2026.05.06 00:30:00,4602.07,4619.88,4601.93,4618.59,7848,35
2026.05.06 01:00:00,4618.56,4625.67,4609.37,4624.87,9513,35
2026.05.06 01:30:00,4624.87,4628.59,4620.26,4625.92,8065,35
2026.05.06 02:00:00,4625.82,4636.1,4625.28,4629.94,7014,35
2026.05.06 02:30:00,4630.26,4641.68,4626.87,4640.52,7320,35
2026.05.06 03:00:00,4640.53,4650.94,4638.48,4645.48,7431,35
2026.05.06 03:30:00,4645.49,4651.84,4642.54,4643.69,5874,35
2026.05.06 04:00:00,4643.66,4653.45,4643.25,4652.36,5083,35
2026.05.06 04:30:00,4652.38,4652.67,4646.04,4648.86,7322,35
2026.05.06 05:00:00,4648.89,4656.49,4648.74,4650.28,6158,35
2026.05.06 05:30:00,4650.26,4663.81,4644.52,4662.88,8172,38
2026.05.06 06:00:00,4662.88,4666.56,4656.86,4665.99,8800,35
2026.05.06 06:30:00,4666.07,4669.3,4659.96,4669.26,8195,35
2026.05.06 07:00:00,4669.28,4670.28,4657.3,4667.19,8427,35
2026.05.06 07:30:00,4667.23,4681.55,4662.97,4681.41,8847,35
2026.05.06 08:00:00,4681.12,4682.23,4674.95,4676.87,8357,35
2026.05.06 08:30:00,4676.89,4702.5,4671.72,4699.72,10179,35
2026.05.06 09:00:00,4700.0,4708.65,4689.16,4700.08,11530,35
2026.05.06 09:30:00,4699.76,4705.92,4693.7,4701.63,9447,35
2026.05.06 10:00:00,4701.64,4705.45,4695.32,4704.08,8922,35
2026.05.06 10:30:00,4704.08,4722.52,4704.08,4717.93,11116,35
2026.05.06 11:00:00,4717.93,4721.19,4705.41,4705.44,10452,35
2026.05.06 11:30:00,4705.31,4715.38,4690.58,4691.88,10654,35
2026.05.06 12:00:00,4691.83,4692.9,4660.69,4683.32,12450,35
2026.05.06 12:30:00,4683.69,4685.41,4676.63,4683.12,9783,35
2026.05.06 13:00:00,4683.09,4692.2,4668.79,4685.27,11633,35
2026.05.06 13:30:00,4685.26,4707.92,4680.19,4702.09,13596,35
2026.05.06 14:00:00,4702.17,4717.47,4697.92,4705.73,13258,35
2026.05.06 14:30:00,4705.95,4714.42,4700.76,4702.81,12086,35
2026.05.06 15:00:00,4702.78,4705.74,4693.3,4695.43,10865,35
2026.05.06 15:30:00,4695.47,4697.86,4687.71,4687.76,9819,35
2026.05.06 16:00:00,4687.56,4688.52,4681.13,4688.27,9471,35
2026.05.06 16:30:00,4688.25,4692.02,4679.62,4682.7,8685,35
2026.05.06 17:00:00,4682.7,4688.0,4679.64,4682.96,8585,35
2026.05.06 17:30:00,4682.92,4684.38,4678.83,4684.0,6726,37
2026.05.06 18:00:00,4684.02,4690.41,4681.83,4687.66,6228,42
2026.05.06 18:30:00,4687.95,4690.26,4684.57,4685.94,5962,42
2026.05.06 19:00:00,4685.94,4699.98,4685.9,4698.3,6236,41
2026.05.06 19:30:00,4698.3,4698.86,4692.19,4692.2,6637,42
2026.05.06 20:00:00,4692.24,4699.5,4691.94,4692.68,4745,35
2026.05.06 20:30:00,4692.7,4693.05,4685.07,4690.84,3945,35
2026.05.06 22:00:00,4698.24,4699.88,4689.23,4695.45,4756,35
2026.05.06 22:30:00,4695.44,4699.56,4694.32,4694.77,3964,35
2026.05.06 23:00:00,4694.75,4698.41,4690.04,4693.13,4466,41
2026.05.06 23:30:00,4693.2,4699.5,4691.54,4698.79,4646,42
2026.05.07 00:00:00,4698.74,4701.02,4689.69,4692.34,9908,35
2026.05.07 00:30:00,4692.31,4693.35,4685.45,4688.55,7751,35
2026.05.07 01:00:00,4688.55,4716.3,4685.18,4704.05,11289,35
2026.05.07 01:30:00,4703.88,4721.51,4702.18,4714.59,9675,35
2026.05.07 02:00:00,4714.59,4718.43,4701.64,4702.65,8548,42
2026.05.07 02:30:00,4702.53,4709.85,4699.68,4707.09,7625,41
2026.05.07 03:00:00,4706.96,4709.82,4704.07,4704.32,6738,42
2026.05.07 03:30:00,4704.36,4704.91,4698.8,4699.06,5262,42
2026.05.07 04:00:00,4699.05,4700.79,4694.78,4696.81,6225,38
2026.05.07 04:30:00,4696.79,4698.92,4692.34,4696.29,5416,42
2026.05.07 05:00:00,4696.27,4701.0,4694.67,4695.85,6208,35
2026.05.07 05:30:00,4695.84,4706.48,4694.88,4701.06,7794,35
2026.05.07 06:00:00,4701.13,4717.92,4701.0,4717.24,8797,35
2026.05.07 06:30:00,4717.07,4749.85,4715.86,4739.02,10943,35
2026.05.07 07:00:00,4738.39,4750.51,4731.53,4739.41,12095,35
2026.05.07 07:30:00,4739.41,4744.37,4737.07,4743.0,9743,35
2026.05.07 08:00:00,4742.99,4753.57,4733.67,4740.2,11355,35
2026.05.07 08:30:00,4740.19,4741.76,4730.59,4730.92,9089,35
2026.05.07 09:00:00,4730.97,4738.82,4721.71,4735.52,9658,35
2026.05.07 09:30:00,4735.28,4739.34,4725.79,4729.05,8861,35
2026.05.07 10:00:00,4728.99,4736.03,4726.58,4732.38,8404,35
2026.05.07 10:30:00,4732.4,4739.75,4727.72,4735.55,7696,35
2026.05.07 11:00:00,4736.11,4737.15,4727.14,4732.61,8975,35
2026.05.07 11:30:00,4732.64,4743.49,4731.69,4742.69,9607,35
2026.05.07 12:00:00,4743.06,4747.03,4733.38,4738.02,11129,35
2026.05.07 12:30:00,4738.02,4752.57,4737.26,4750.07,10380,35
2026.05.07 13:00:00,4750.07,4750.32,4731.13,4745.26,11734,35
2026.05.07 13:30:00,4744.99,4757.95,4737.51,4746.33,13853,35
2026.05.07 14:00:00,4745.91,4759.33,4741.26,4756.54,12488,35
2026.05.07 14:30:00,4756.44,4763.35,4747.71,4762.55,11628,35
2026.05.07 15:00:00,4762.55,4764.71,4736.34,4740.29,12540,35
2026.05.07 15:30:00,4740.24,4746.88,4726.38,4729.06,12341,35
2026.05.07 16:00:00,4729.11,4729.46,4704.28,4720.11,14311,35
2026.05.07 16:30:00,4720.15,4720.83,4710.17,4714.87,11951,35
2026.05.07 17:00:00,4714.91,4719.37,4687.58,4699.09,12453,35
2026.05.07 17:30:00,4698.76,4711.98,4693.21,4711.23,13087,35
2026.05.07 18:00:00,4711.28,4712.97,4704.87,4712.8,10659,42
2026.05.07 18:30:00,4712.87,4715.88,4695.55,4709.6,12394,37
2026.05.07 19:00:00,4709.78,4712.78,4697.61,4705.08,12072,42
2026.05.07 19:30:00,4705.09,4712.04,4702.72,4703.06,10253,35
2026.05.07 20:00:00,4703.08,4719.02,4703.08,4712.88,7268,35
2026.05.07 20:30:00,4712.88,4715.59,4686.01,4687.03,7623,35
2026.05.07 22:00:00,4686.82,4699.0,4686.35,4693.57,5930,35
2026.05.07 22:30:00,4693.61,4694.99,4681.55,4685.81,5833,35
2026.05.07 23:00:00,4685.58,4698.38,4684.34,4696.47,5054,42
2026.05.07 23:30:00,4696.44,4705.5,4694.89,4704.12,5463,35
2026.05.08 00:00:00,4704.73,4709.37,4693.79,4697.09,8043,35
2026.05.08 00:30:00,4697.09,4708.09,4696.05,4701.25,6725,42
2026.05.08 01:00:00,4701.22,4719.15,4700.56,4712.46,8786,35
2026.05.08 01:30:00,4712.39,4725.65,4705.06,4722.58,8764,35
2026.05.08 02:00:00,4722.64,4732.8,4718.03,4721.37,7400,35
2026.05.08 02:30:00,4721.4,4723.48,4706.76,4713.19,8438,42
2026.05.08 03:00:00,4713.11,4722.59,4711.05,4720.2,6041,42
2026.05.08 03:30:00,4720.17,4730.97,4717.93,4719.49,5860,35
2026.05.08 04:00:00,4719.62,4723.26,4713.28,4717.28,5309,41
2026.05.08 04:30:00,4717.42,4718.4,4708.95,4710.97,5939,35
2026.05.08 05:00:00,4710.96,4720.16,4709.5,4719.27,5608,35
2026.05.08 05:30:00,4719.27,4730.98,4719.27,4727.47,7956,35
2026.05.08 06:00:00,4727.45,4734.33,4712.72,4733.52,9348,35
2026.05.08 06:30:00,4733.51,4734.23,4721.16,4725.56,8163,35
2026.05.08 07:00:00,4725.54,4726.28,4697.35,4706.56,9988,35
2026.05.08 07:30:00,4706.33,4713.38,4701.07,4707.79,8965,35
2026.05.08 08:00:00,4708.05,4722.37,4706.64,4716.99,8365,35
2026.05.08 08:30:00,4716.99,4723.4,4714.93,4715.69,7288,35
2026.05.08 09:00:00,4715.68,4722.76,4713.6,4717.97,7367,35
2026.05.08 09:30:00,4717.93,4718.6,4707.27,4711.86,7939,35
2026.05.08 10:00:00,4711.87,4723.8,4711.16,4720.34,6645,35
2026.05.08 10:30:00,4720.38,4727.86,4715.26,4719.71,7398,35
2026.05.08 11:00:00,4719.86,4727.28,4718.72,4723.92,7729,35
2026.05.08 11:30:00,4723.92,4725.8,4713.49,4717.75,7545,35
2026.05.08 12:00:00,4717.76,4719.76,4702.77,4710.04,9029,35
2026.05.08 12:30:00,4710.09,4731.85,4702.66,4724.25,11458,35
2026.05.08 13:00:00,4723.78,4728.91,4716.41,4727.3,10526,35
2026.05.08 13:30:00,4727.43,4747.78,4726.65,4747.78,11850,35
2026.05.08 14:00:00,4747.8,4749.53,4718.43,4719.35,11878,35
2026.05.08 14:30:00,4717.92,4725.5,4713.4,4715.85,11324,35
2026.05.08 15:00:00,4715.74,4720.66,4704.47,4712.99,11031,35
2026.05.08 15:30:00,4712.99,4714.88,4701.93,4706.96,10114,35
2026.05.08 16:00:00,4706.98,4717.5,4705.38,4717.48,8078,35
2026.05.08 16:30:00,4717.63,4720.14,4711.2,4712.31,7614,35
2026.05.08 17:00:00,4712.3,4721.9,4712.02,4720.6,6794,35
2026.05.08 17:30:00,4720.55,4722.62,4719.15,4720.77,5771,35
2026.05.08 18:00:00,4720.88,4728.92,4720.32,4725.59,6687,35
2026.05.08 18:30:00,4724.96,4726.36,4719.8,4721.77,5853,35
2026.05.08 19:00:00,4721.69,4725.7,4720.67,4723.6,4545,42
2026.05.08 19:30:00,4723.65,4726.73,4721.71,4723.88,5642,42
2026.05.08 20:00:00,4723.91,4724.17,4714.97,4717.3,3964,35
2026.05.08 20:30:00,4717.32,4719.15,4714.36,4715.71,3284,35
2026.05.10 22:00:00,4695.49,4701.22,4679.04,4694.47,7369,35
2026.05.10 22:30:00,4694.23,4694.53,4687.0,4691.89,5434,35
2026.05.10 23:00:00,4691.79,4697.09,4688.9,4694.49,5701,35
2026.05.10 23:30:00,4694.48,4698.47,4690.08,4691.43,5748,35
2026.05.11 00:00:00,4691.43,4691.43,4675.49,4683.47,9165,35
2026.05.11 00:30:00,4683.47,4693.2,4670.44,4683.53,8922,35
2026.05.11 01:00:00,4683.41,4705.19,4674.3,4698.89,11268,35
2026.05.11 01:30:00,4698.94,4701.59,4679.86,4685.6,9687,35
2026.05.11 02:00:00,4685.57,4692.8,4678.5,4688.31,8222,35
2026.05.11 02:30:00,4688.29,4700.12,4676.41,4681.57,9189,35
2026.05.11 03:00:00,4681.38,4690.19,4674.95,4689.35,8132,41
2026.05.11 03:30:00,4689.35,4690.25,4676.86,4678.6,6375,35
2026.05.11 04:00:00,4678.57,4679.7,4670.01,4671.75,6922,35
2026.05.11 04:30:00,4671.62,4675.87,4668.36,4672.0,6069,35
2026.05.11 05:00:00,4672.0,4676.01,4670.67,4670.67,5748,35
2026.05.11 05:30:00,4670.58,4680.61,4647.83,4652.25,9940,35
2026.05.11 06:00:00,4652.2,4670.69,4649.08,4667.26,9270,38
2026.05.11 06:30:00,4667.34,4680.25,4667.04,4678.25,8417,35
2026.05.11 07:00:00,4678.25,4680.25,4672.07,4675.63,7728,35
2026.05.11 07:30:00,4675.58,4678.04,4664.31,4667.64,7064,35
2026.05.11 08:00:00,4667.66,4678.61,4664.17,4671.53,8471,35
2026.05.11 08:30:00,4670.92,4675.26,4666.69,4667.44,7005,35
2026.05.11 09:00:00,4667.53,4669.86,4656.81,4657.52,6915,35
2026.05.11 09:30:00,4657.54,4664.64,4650.62,4656.62,8168,35
2026.05.11 10:00:00,4656.26,4665.58,4656.26,4663.21,6560,35
2026.05.11 10:30:00,4663.26,4667.3,4660.31,4663.87,7006,35
2026.05.11 11:00:00,4664.46,4672.23,4664.25,4671.78,7288,35
2026.05.11 11:30:00,4671.76,4677.48,4670.17,4674.38,7760,35
2026.05.11 12:00:00,4674.31,4695.38,4667.25,4690.61,9759,35
2026.05.11 12:30:00,4690.7,4700.97,4686.22,4699.96,10417,35
2026.05.11 13:00:00,4700.19,4735.68,4698.71,4728.4,12349,35
2026.05.11 13:30:00,4728.44,4748.62,4728.22,4736.18,12561,35
2026.05.11 14:00:00,4736.19,4738.52,4718.71,4724.99,11379,35
2026.05.11 14:30:00,4725.04,4733.85,4715.29,4725.46,11333,35
2026.05.11 15:00:00,4725.44,4738.19,4722.83,4732.8,9825,35
2026.05.11 15:30:00,4732.83,4734.77,4725.18,4732.2,8719,35
2026.05.11 16:00:00,4732.32,4733.35,4722.39,4723.89,7330,35
2026.05.11 16:30:00,4723.85,4726.13,4707.98,4716.29,9247,35
2026.05.11 17:00:00,4716.19,4721.62,4715.64,4718.07,7985,35
2026.05.11 17:30:00,4718.05,4724.43,4717.61,4723.56,6185,35
2026.05.11 18:00:00,4723.55,4727.44,4721.11,4726.85,7119,35
2026.05.11 18:30:00,4726.68,4729.28,4724.87,4724.99,5941,42
2026.05.11 19:00:00,4725.09,4728.5,4723.14,4724.22,6102,35
2026.05.11 19:30:00,4724.16,4736.0,4722.24,4733.24,6262,35
2026.05.11 20:00:00,4733.4,4737.69,4730.14,4735.19,4380,35
2026.05.11 20:30:00,4735.17,4738.37,4732.35,4734.79,2892,35
2026.05.11 22:00:00,4740.32,4743.46,4737.37,4739.79,4108,35
2026.05.11 22:30:00,4739.79,4754.89,4738.86,4750.94,4787,35
2026.05.11 23:00:00,4751.5,4754.7,4746.2,4752.82,5753,36
2026.05.11 23:30:00,4752.81,4769.66,4751.37,4767.22,6874,35
2026.05.12 00:00:00,4767.21,4773.71,4753.18,4762.12,8816,35
2026.05.12 00:30:00,4762.1,4763.72,4748.23,4749.03,7091,35
2026.05.12 01:00:00,4749.11,4755.47,4733.72,4735.07,10584,35
2026.05.12 01:30:00,4735.14,4738.75,4720.28,4726.95,10422,35
2026.05.12 02:00:00,4726.95,4733.85,4724.36,4726.88,8378,35
2026.05.12 02:30:00,4726.8,4733.3,4722.15,4730.02,9004,41
2026.05.12 03:00:00,4730.0,4733.03,4722.75,4723.76,7743,35
2026.05.12 03:30:00,4723.82,4727.92,4718.08,4720.09,6095,35
2026.05.12 04:00:00,4720.06,4730.44,4719.65,4722.42,6147,38
2026.05.12 04:30:00,4722.41,4726.34,4711.22,4714.2,6742,35
2026.05.12 05:00:00,4714.06,4718.55,4708.62,4715.2,7459,35
2026.05.12 05:30:00,4715.2,4721.95,4710.13,4714.29,8935,35
2026.05.12 06:00:00,4714.09,4714.32,4695.09,4695.91,9573,35
2026.05.12 06:30:00,4695.91,4704.85,4693.91,4696.87,9095,35
2026.05.12 07:00:00,4696.77,4699.59,4687.54,4697.84,9324,35
2026.05.12 07:30:00,4697.84,4703.66,4695.56,4699.84,8034,35
2026.05.12 08:00:00,4699.64,4706.66,4697.14,4702.91,7571,35
2026.05.12 08:30:00,4702.89,4706.55,4697.98,4703.35,7397,35
2026.05.12 09:00:00,4703.36,4703.36,4697.32,4699.53,7198,35
2026.05.12 09:30:00,4699.53,4705.11,4694.23,4699.42,8096,35
2026.05.12 10:00:00,4699.42,4708.36,4698.61,4700.14,7344,35
2026.05.12 10:30:00,4700.15,4700.21,4684.91,4694.28,8555,35
2026.05.12 11:00:00,4694.32,4700.38,4686.86,4700.12,9037,35
2026.05.12 11:30:00,4700.24,4709.31,4697.75,4706.58,8189,35
2026.05.12 12:00:00,4706.56,4708.29,4695.12,4697.5,9101,35
2026.05.12 12:30:00,4697.5,4711.52,4689.48,4705.51,11070,35
2026.05.12 13:00:00,4705.47,4709.04,4679.05,4690.67,11275,35
2026.05.12 13:30:00,4690.22,4701.71,4676.76,4679.49,12551,35
2026.05.12 14:00:00,4679.39,4694.9,4675.81,4683.23,11745,35
2026.05.12 14:30:00,4683.24,4687.87,4669.79,4672.8,11965,35
2026.05.12 15:00:00,4672.6,4676.21,4638.02,4655.75,12342,35
2026.05.12 15:30:00,4655.8,4670.12,4654.02,4666.15,11190,35
2026.05.12 16:00:00,4666.56,4674.95,4664.29,4668.23,9851,35
2026.05.12 16:30:00,4668.09,4674.26,4665.26,4671.21,8997,35
2026.05.12 17:00:00,4671.29,4682.37,4671.22,4679.17,9059,35
2026.05.12 17:30:00,4679.01,4680.51,4676.14,4678.6,7366,35
2026.05.12 18:00:00,4678.63,4687.65,4676.18,4685.13,8287,35
2026.05.12 18:30:00,4685.07,4698.03,4684.67,4695.99,8462,35
2026.05.12 19:00:00,4696.0,4704.51,4696.0,4703.47,7622,35
2026.05.12 19:30:00,4703.47,4715.82,4703.47,4715.69,7804,35
2026.05.12 20:00:00,4715.66,4719.08,4711.92,4713.03,5086,35
2026.05.12 20:30:00,4713.02,4715.68,4712.07,4715.12,3647,35
2026.05.12 22:00:00,4714.67,4720.83,4710.52,4717.0,2906,35
2026.05.12 22:30:00,4717.0,4722.35,4714.72,4716.8,3512,35
2026.05.12 23:00:00,4716.81,4724.08,4715.73,4720.34,5298,35
2026.05.12 23:30:00,4720.37,4723.33,4715.38,4716.92,6608,41
2026.05.13 00:00:00,4716.48,4726.9,4714.77,4722.47,8883,35
2026.05.13 00:30:00,4722.5,4725.17,4714.04,4714.51,7623,37
2026.05.13 01:00:00,4714.72,4717.06,4702.81,4704.44,9725,35
2026.05.13 01:30:00,4704.43,4710.85,4700.9,4702.29,8722,41
2026.05.13 02:00:00,4702.27,4707.53,4698.13,4700.18,7455,35
2026.05.13 02:30:00,4700.2,4700.3,4687.55,4691.59,8580,41
2026.05.13 03:00:00,4691.53,4700.66,4688.67,4700.62,7553,42
2026.05.13 03:30:00,4700.6,4705.7,4694.25,4695.88,6693,35
2026.05.13 04:00:00,4695.82,4703.26,4695.38,4701.27,5687,42
2026.05.13 04:30:00,4701.26,4703.41,4697.19,4699.49,5428,35
2026.05.13 05:00:00,4699.49,4707.28,4697.56,4698.03,6991,35
2026.05.13 05:30:00,4697.79,4705.32,4693.9,4703.93,8665,42
2026.05.13 06:00:00,4703.92,4715.3,4703.34,4708.62,8811,35
2026.05.13 06:30:00,4708.64,4713.6,4698.83,4701.63,8393,35
2026.05.13 07:00:00,4701.66,4708.66,4696.59,4707.55,8234,35
2026.05.13 07:30:00,4707.55,4707.82,4701.05,4702.74,7167,35
2026.05.13 08:00:00,4702.74,4704.19,4694.66,4697.11,7674,35
2026.05.13 08:30:00,4697.16,4702.92,4694.66,4700.58,6896,35
2026.05.13 09:00:00,4700.57,4701.74,4685.63,4688.96,8280,35
2026.05.13 09:30:00,4688.93,4700.94,4686.01,4700.82,7694,35
2026.05.13 10:00:00,4700.76,4710.46,4698.51,4699.51,8420,35
2026.05.13 10:30:00,4699.53,4699.89,4693.43,4693.96,7284,35
2026.05.13 11:00:00,4693.92,4700.47,4691.52,4698.39,7983,35
2026.05.13 11:30:00,4698.41,4705.31,4697.27,4697.27,7807,35
2026.05.13 12:00:00,4696.92,4701.42,4683.25,4684.85,9302,35
2026.05.13 12:30:00,4686.42,4687.06,4676.03,4683.62,11396,35
2026.05.13 13:00:00,4683.45,4694.65,4683.45,4688.67,10007,35
2026.05.13 13:30:00,4688.53,4690.69,4668.93,4679.35,12730,35
2026.05.13 14:00:00,4679.42,4685.26,4673.01,4684.06,11795,35
2026.05.13 14:30:00,4683.98,4690.91,4677.51,4679.72,11158,35
2026.05.13 15:00:00,4680.01,4691.91,4678.84,4691.19,9837,35
2026.05.13 15:30:00,4691.13,4700.07,4687.04,4695.48,9248,35
2026.05.13 16:00:00,4695.47,4709.89,4695.11,4706.68,9121,35
2026.05.13 16:30:00,4706.74,4707.69,4695.03,4695.71,8429,35
2026.05.13 17:00:00,4695.78,4701.26,4695.61,4698.19,7432,35
2026.05.13 17:30:00,4698.13,4698.33,4684.59,4685.57,8044,35
2026.05.13 18:00:00,4685.61,4694.01,4684.33,4691.86,6812,38
2026.05.13 18:30:00,4691.74,4692.64,4677.72,4684.85,7172,35
2026.05.13 19:00:00,4684.96,4690.36,4683.24,4687.03,5912,42
2026.05.13 19:30:00,4687.05,4689.26,4683.77,4688.06,6405,42
2026.05.13 20:00:00,4687.97,4693.35,4685.89,4691.19,3970,35
2026.05.13 20:30:00,4691.19,4692.79,4687.74,4688.82,3097,42
2026.05.13 22:00:00,4692.69,4697.16,4688.84,4696.95,3692,35
2026.05.13 22:30:00,4696.94,4700.47,4695.41,4699.94,3651,42
2026.05.13 23:00:00,4699.94,4702.01,4696.73,4697.17,3553,42
2026.05.13 23:30:00,4697.16,4697.43,4693.07,4696.54,4444,35
2026.05.14 00:00:00,4696.51,4705.17,4689.49,4700.96,8026,35
2026.05.14 00:30:00,4700.92,4706.61,4692.66,4704.89,7924,37
2026.05.14 01:00:00,4704.98,4706.87,4684.36,4692.63,10999,35
2026.05.14 01:30:00,4692.69,4694.66,4683.46,4688.53,10330,42
2026.05.14 02:00:00,4688.55,4693.97,4686.56,4693.38,8190,35
2026.05.14 02:30:00,4693.43,4699.51,4679.87,4686.26,9594,35
2026.05.14 03:00:00,4686.48,4693.17,4681.46,4691.02,9017,42
2026.05.14 03:30:00,4691.02,4691.2,4673.85,4674.83,7378,41
2026.05.14 04:00:00,4674.87,4707.24,4667.99,4702.13,8761,41
2026.05.14 04:30:00,4702.13,4712.53,4701.44,4702.32,7320,35
2026.05.14 05:00:00,4702.35,4704.02,4693.29,4693.6,7544,35
2026.05.14 05:30:00,4693.57,4703.15,4689.11,4689.89,9878,35
2026.05.14 06:00:00,4689.17,4694.47,4685.87,4691.29,9235,38
2026.05.14 06:30:00,4691.34,4702.25,4690.56,4700.16,9052,35
2026.05.14 07:00:00,4700.15,4706.72,4694.44,4705.61,8520,35
2026.05.14 07:30:00,4705.6,4718.69,4690.8,4693.06,9728,35
2026.05.14 08:00:00,4693.08,4704.74,4692.09,4702.95,8873,35
2026.05.14 08:30:00,4702.96,4706.5,4692.53,4693.15,8784,35
2026.05.14 09:00:00,4693.27,4697.97,4690.28,4690.83,7695,35
2026.05.14 09:30:00,4690.85,4702.29,4688.48,4699.63,8665,35
2026.05.14 10:00:00,4699.7,4705.34,4693.69,4697.44,8015,35
2026.05.14 10:30:00,4697.44,4697.93,4691.14,4696.92,7669,35
2026.05.14 11:00:00,4696.9,4698.88,4689.43,4691.93,7342,35
2026.05.14 11:30:00,4691.86,4704.75,4690.66,4694.45,8256,35
2026.05.14 12:00:00,4693.72,4707.7,4692.29,4702.62,8982,35
2026.05.14 12:30:00,4702.69,4709.89,4695.89,4704.64,9919,35
2026.05.14 13:00:00,4704.72,4707.41,4687.95,4688.25,10979,35
2026.05.14 13:30:00,4688.25,4691.08,4666.62,4679.49,13352,35
2026.05.14 14:00:00,4679.31,4700.75,4677.48,4691.47,12174,35
2026.05.14 14:30:00,4691.45,4692.38,4679.44,4679.62,11532,35
2026.05.14 15:00:00,4679.86,4689.27,4676.87,4685.8,10340,35
2026.05.14 15:30:00,4685.83,4688.94,4680.95,4685.66,8915,35
2026.05.14 16:00:00,4685.74,4686.99,4674.03,4677.2,8800,35
2026.05.14 16:30:00,4677.2,4678.92,4670.51,4678.44,8554,35
2026.05.14 17:00:00,4678.53,4682.9,4676.51,4677.22,8475,43
2026.05.14 17:30:00,4677.57,4681.69,4676.27,4678.11,6834,35
2026.05.14 18:00:00,4678.16,4678.31,4668.47,4673.36,7875,40
2026.05.14 18:30:00,4673.36,4674.87,4666.85,4671.55,5973,35
2026.05.14 19:00:00,4671.76,4671.76,4662.98,4663.1,5721,41
2026.05.14 19:30:00,4663.29,4665.14,4652.94,4654.1,8522,38
2026.05.14 20:00:00,4654.12,4657.1,4646.81,4648.03,5385,42
2026.05.14 20:30:00,4648.12,4652.52,4644.34,4652.24,4260,35
2026.05.14 22:00:00,4647.13,4659.23,4645.91,4658.79,4189,35
2026.05.14 22:30:00,4658.8,4662.7,4658.55,4662.26,3894,35
2026.05.14 23:00:00,4662.26,4664.27,4655.59,4663.89,4905,35
2026.05.14 23:30:00,4663.96,4665.25,4646.87,4652.16,7296,35
2026.05.15 00:00:00,4652.17,4657.98,4629.56,4629.78,9899,35
2026.05.15 00:30:00,4630.11,4630.48,4613.55,4630.09,10529,35
2026.05.15 01:00:00,4629.61,4631.35,4607.64,4608.79,12380,35
2026.05.15 01:30:00,4608.75,4624.29,4607.09,4613.81,11462,35
2026.05.15 02:00:00,4614.07,4619.11,4609.52,4612.4,10188,35
2026.05.15 02:30:00,4612.42,4623.11,4609.46,4617.95,10147,39
2026.05.15 03:00:00,4617.82,4622.1,4609.65,4612.71,8712,35
2026.05.15 03:30:00,4612.7,4617.2,4607.46,4615.31,7418,35
2026.05.15 04:00:00,4615.32,4621.42,4607.41,4610.8,7036,35
2026.05.15 04:30:00,4610.81,4614.79,4604.31,4605.79,7103,35
2026.05.15 05:00:00,4606.16,4606.39,4580.88,4588.69,10142,35
2026.05.15 05:30:00,4588.79,4589.6,4557.87,4558.49,12024,35
2026.05.15 06:00:00,4558.26,4578.37,4556.02,4574.97,11339,35
2026.05.15 06:30:00,4574.98,4580.39,4564.45,4569.78,10094,38
2026.05.15 07:00:00,4570.05,4588.38,4566.03,4581.77,10278,35
2026.05.15 07:30:00,4581.76,4582.37,4568.14,4570.68,8580,35
2026.05.15 08:00:00,4570.56,4571.88,4552.67,4558.23,10260,35
2026.05.15 08:30:00,4558.19,4563.44,4549.69,4554.28,9138,35
2026.05.15 09:00:00,4554.38,4563.45,4539.22,4553.42,10210,35
2026.05.15 09:30:00,4553.35,4555.49,4531.99,4545.71,10272,35
2026.05.15 10:00:00,4545.75,4563.16,4543.99,4551.74,9814,35
2026.05.15 10:30:00,4551.74,4572.76,4549.59,4565.99,9916,35
2026.05.15 11:00:00,4565.82,4570.12,4559.1,4562.34,8806,35
2026.05.15 11:30:00,4562.18,4562.55,4549.62,4551.89,8741,35
2026.05.15 12:00:00,4550.8,4558.68,4544.85,4554.91,9980,35
2026.05.15 12:30:00,4554.92,4555.65,4543.57,4545.85,9809,35
2026.05.15 13:00:00,4545.8,4557.38,4536.39,4548.88,11015,35
2026.05.15 13:30:00,4548.41,4551.29,4511.69,4533.4,13070,35
2026.05.15 14:00:00,4533.05,4562.69,4525.51,4555.54,12681,35
2026.05.15 14:30:00,4555.52,4566.45,4545.81,4562.65,12334,35
2026.05.15 15:00:00,4562.86,4563.67,4542.87,4547.05,11643,35
2026.05.15 15:30:00,4547.07,4550.37,4533.66,4539.54,11379,35
2026.05.15 16:00:00,4539.7,4542.46,4529.36,4540.83,9371,35
2026.05.15 16:30:00,4541.12,4548.08,4540.0,4544.29,9180,35
2026.05.15 17:00:00,4544.23,4564.31,4543.04,4557.67,9554,35
2026.05.15 17:30:00,4557.56,4563.57,4557.16,4559.35,8007,35
2026.05.15 18:00:00,4559.39,4563.02,4552.9,4557.96,8560,35
2026.05.15 18:30:00,4557.98,4562.71,4552.47,4559.19,7926,35
2026.05.15 19:00:00,4559.23,4560.15,4548.41,4549.93,7883,35
2026.05.15 19:30:00,4549.91,4555.17,4544.82,4545.72,7765,35
2026.05.15 20:00:00,4545.64,4546.42,4533.21,4539.12,6706,35
2026.05.15 20:30:00,4539.11,4543.83,4536.37,4539.91,4657,41
2026.05.17 22:00:00,4532.06,4554.97,4528.54,4540.97,5577,35
2026.05.17 22:30:00,4540.92,4554.41,4540.92,4546.11,6739,35
2026.05.17 23:00:00,4546.16,4547.99,4537.82,4537.96,6964,35
2026.05.17 23:30:00,4537.96,4544.03,4531.9,4537.05,8768,35
2026.05.18 00:00:00,4537.06,4542.37,4514.68,4515.66,11039,35
2026.05.18 00:30:00,4515.5,4518.63,4480.08,4515.89,11604,35
2026.05.18 01:00:00,4514.73,4515.87,4489.64,4503.9,12424,35
2026.05.18 01:30:00,4504.33,4535.46,4499.87,4525.3,11603,35
2026.05.18 02:00:00,4525.09,4540.74,4521.98,4533.44,9627,35
2026.05.18 02:30:00,4533.18,4542.78,4529.37,4533.59,9245,41
2026.05.18 03:00:00,4533.52,4538.2,4526.67,4535.7,8777,35
2026.05.18 03:30:00,4535.75,4547.8,4525.15,4541.19,9431,35
2026.05.18 04:00:00,4541.18,4549.8,4529.7,4532.67,8252,35
2026.05.18 04:30:00,4532.65,4545.6,4532.15,4540.55,7878,35
2026.05.18 05:00:00,4540.58,4550.56,4532.8,4548.66,8528,35
2026.05.18 05:30:00,4548.74,4551.93,4529.98,4530.75,9362,35
2026.05.18 06:00:00,4530.34,4547.96,4529.72,4537.54,9237,35
2026.05.18 06:30:00,4537.4,4547.47,4534.53,4546.59,8812,35
2026.05.18 07:00:00,4546.56,4551.31,4538.2,4550.37,8566,35
2026.05.18 07:30:00,4550.38,4559.77,4540.1,4546.13,9451,35
2026.05.18 08:00:00,4546.14,4551.44,4542.38,4547.9,8131,35
2026.05.18 08:30:00,4547.95,4556.9,4545.83,4550.02,8126,35
2026.05.18 09:00:00,4549.97,4551.91,4541.16,4544.95,7306,35
2026.05.18 09:30:00,4544.93,4546.33,4540.13,4542.85,7409,35
2026.05.18 10:00:00,4542.83,4544.79,4535.6,4539.62,7711,35
2026.05.18 10:30:00,4539.61,4547.71,4532.17,4540.12,8184,35
2026.05.18 11:00:00,4540.07,4541.65,4529.9,4536.21,8049,35
2026.05.18 11:30:00,4535.73,4566.97,4535.14,4550.64,11051,35
2026.05.18 12:00:00,4550.56,4556.62,4545.2,4550.61,9345,35
2026.05.18 12:30:00,4550.56,4574.82,4550.26,4570.99,11036,35
2026.05.18 13:00:00,4571.08,4576.77,4561.88,4572.0,10529,35
2026.05.18 13:30:00,4572.57,4583.99,4563.83,4575.73,12549,35
2026.05.18 14:00:00,4575.15,4575.5,4554.86,4561.63,12160,35
2026.05.18 14:30:00,4561.61,4563.0,4537.28,4546.34,12433,35
2026.05.18 15:00:00,4546.83,4547.85,4531.77,4534.66,11743,35
2026.05.18 15:30:00,4534.63,4546.73,4533.92,4543.6,10317,35
2026.05.18 16:00:00,4543.7,4550.43,4534.17,4537.0,9621,35
2026.05.18 16:30:00,4537.02,4554.49,4534.09,4550.25,9069,35
2026.05.18 17:00:00,4549.84,4558.08,4547.89,4553.87,8129,35
2026.05.18 17:30:00,4553.86,4554.3,4545.33,4546.88,7688,35
2026.05.18 18:00:00,4546.89,4547.73,4536.56,4541.87,8392,35
2026.05.18 18:30:00,4541.85,4543.95,4534.08,4535.82,7616,43
2026.05.18 19:00:00,4535.78,4564.57,4535.24,4551.48,10803,35
2026.05.18 19:30:00,4551.74,4562.79,4550.06,4558.37,8625,35
2026.05.18 20:00:00,4558.38,4566.54,4557.7,4563.11,4490,35
2026.05.18 20:30:00,4563.11,4566.51,4561.36,4565.98,3164,43
2026.05.18 22:00:00,4568.65,4574.73,4567.51,4572.79,4022,35
2026.05.18 22:30:00,4572.8,4578.17,4571.58,4573.79,4369,42
2026.05.18 23:00:00,4573.77,4588.78,4573.64,4585.69,5848,35
2026.05.18 23:30:00,4585.69,4587.83,4578.86,4581.71,5170,35
2026.05.19 00:00:00,4582.01,4588.95,4568.51,4573.43,9629,35
2026.05.19 00:30:00,4573.44,4576.01,4561.27,4563.06,8263,35
2026.05.19 01:00:00,4562.99,4569.14,4554.07,4559.19,9994,35
2026.05.19 01:30:00,4559.19,4572.32,4555.19,4563.73,9604,35
2026.05.19 02:00:00,4563.69,4563.69,4551.57,4559.62,8889,35
2026.05.19 02:30:00,4559.6,4559.7,4546.01,4547.13,8836,42
2026.05.19 03:00:00,4547.63,4552.83,4543.55,4549.06,8059,35
2026.05.19 03:30:00,4549.03,4555.01,4544.34,4544.74,6872,42
2026.05.19 04:00:00,4544.74,4545.6,4538.16,4540.21,5913,35
2026.05.19 04:30:00,4540.19,4543.69,4537.98,4542.33,4390,43
2026.05.19 05:00:00,4542.37,4546.48,4530.7,4538.4,4715,43
2026.05.19 05:30:00,4538.38,4544.06,4533.04,4540.79,5957,43
2026.05.19 06:00:00,4541.02,4553.81,4533.33,4547.79,5776,43
2026.05.19 06:30:00,4547.37,4552.71,4543.06,4548.05,5350,43
2026.05.19 07:00:00,4546.87,4555.21,4543.03,4548.22,4988,35
2026.05.19 07:30:00,4548.21,4559.2,4541.35,4557.14,5191,35
2026.05.19 08:00:00,4557.12,4559.07,4536.27,4538.24,5094,35
2026.05.19 08:30:00,4538.2,4548.56,4536.85,4542.68,4652,35
2026.05.19 09:00:00,4542.7,4546.73,4536.03,4540.62,4885,35
2026.05.19 09:30:00,4540.66,4544.65,4536.63,4541.77,5041,35
2026.05.19 10:00:00,4541.25,4542.19,4535.93,4539.93,4731,35
2026.05.19 10:30:00,4539.96,4544.62,4525.45,4544.62,5301,35
2026.05.19 11:00:00,4544.62,4547.89,4535.7,4539.24,5007,35
2026.05.19 11:30:00,4539.05,4543.07,4529.84,4530.64,5107,35
2026.05.19 12:00:00,4530.07,4546.6,4527.34,4543.46,5199,35
2026.05.19 12:30:00,4542.99,4547.08,4535.57,4537.04,5165,35
2026.05.19 13:00:00,4537.09,4537.37,4490.87,4492.01,6128,35
2026.05.19 13:30:00,4493.09,4510.95,4464.72,4503.73,6746,35
2026.05.19 14:00:00,4503.69,4514.17,4484.48,4490.07,6598,35
2026.05.19 14:30:00,4490.35,4498.65,4486.17,4494.03,6322,35
2026.05.19 15:00:00,4494.0,4504.97,4489.79,4498.76,5930,35
2026.05.19 15:30:00,4498.81,4509.13,4497.88,4508.36,5819,35
2026.05.19 16:00:00,4508.85,4511.94,4496.07,4508.48,5331,35
2026.05.19 16:30:00,4508.32,4512.35,4504.52,4507.63,5462,35
2026.05.19 17:00:00,4507.52,4510.95,4503.29,4506.87,5901,43
2026.05.19 17:30:00,4506.94,4508.22,4499.0,4500.7,5638,43
2026.05.19 18:00:00,4500.74,4503.68,4495.35,4495.92,5631,43
2026.05.19 18:30:00,4495.89,4500.76,4490.32,4493.51,5395,43
2026.05.19 19:00:00,4493.28,4497.49,4485.47,4486.82,5364,43
2026.05.19 19:30:00,4486.85,4489.8,4481.14,4483.34,5757,43
2026.05.19 20:00:00,4483.37,4488.06,4480.86,4486.08,3706,43
2026.05.19 20:30:00,4486.07,4486.16,4480.97,4481.2,2795,43
2026.05.19 22:00:00,4481.75,4485.69,4477.88,4479.24,2194,43
2026.05.19 22:30:00,4479.25,4485.7,4477.26,4484.19,4235,43
2026.05.19 23:00:00,4483.98,4488.7,4479.73,4486.1,3565,43
2026.05.19 23:30:00,4486.09,4496.29,4485.59,4489.17,4592,43
2026.05.20 00:00:00,4489.05,4501.99,4479.52,4501.91,5708,43
2026.05.20 00:30:00,4501.84,4508.72,4497.82,4500.89,5694,43
2026.05.20 01:00:00,4500.89,4505.74,4472.55,4473.41,6010,43
2026.05.20 01:30:00,4473.5,4488.4,4456.33,4481.17,6496,43
2026.05.20 02:00:00,4481.13,4486.96,4476.06,4481.47,6079,43
2026.05.20 02:30:00,4481.45,4483.47,4458.5,4465.24,6142,43
2026.05.20 03:00:00,4465.16,4467.14,4453.56,4460.93,6078,43
2026.05.20 03:30:00,4460.38,4465.97,4457.45,4463.6,5493,43
2026.05.20 04:00:00,4463.62,4470.56,4462.25,4465.1,5273,43
2026.05.20 04:30:00,4465.06,4465.83,4456.57,4461.97,5198,43
2026.05.20 05:00:00,4461.87,4475.12,4461.57,4468.2,5134,43
2026.05.20 05:30:00,4468.29,4479.16,4463.2,4472.61,6238,43
2026.05.20 06:00:00,4472.25,4478.18,4467.37,4471.87,5946,43
2026.05.20 06:30:00,4471.78,4478.37,4461.3,4474.41,6212,43
2026.05.20 07:00:00,4474.05,4485.18,4471.77,4482.59,5880,35
2026.05.20 07:30:00,4482.61,4485.87,4475.0,4478.51,5659,35
2026.05.20 08:00:00,4478.52,4486.48,4476.64,4485.98,5474,35
2026.05.20 08:30:00,4486.61,4490.19,4476.71,4484.06,5775,35
2026.05.20 09:00:00,4483.57,4486.06,4472.79,4474.11,5641,35
2026.05.20 09:30:00,4474.01,4490.87,4472.8,4484.93,5673,35
2026.05.20 10:00:00,4484.86,4492.43,4484.66,4488.92,4922,35
2026.05.20 10:30:00,4489.06,4497.08,4488.47,4494.57,5230,35
2026.05.20 11:00:00,4494.49,4501.05,4491.06,4499.95,5104,35
2026.05.20 11:30:00,4499.87,4500.37,4490.81,4499.09,5315,35
2026.05.20 12:00:00,4498.96,4501.12,4492.93,4499.44,5418,35
2026.05.20 12:30:00,4499.71,4505.28,4493.88,4496.09,5557,35
2026.05.20 13:00:00,4496.14,4506.08,4489.53,4489.53,6450,35
2026.05.20 13:30:00,4489.51,4492.96,4481.94,4482.99,6138,35
2026.05.20 14:00:00,4484.08,4511.16,4467.0,4506.92,6537,35
2026.05.20 14:30:00,4506.87,4537.12,4506.87,4531.24,6476,35
2026.05.20 15:00:00,4531.04,4552.82,4523.09,4529.31,6263,35
2026.05.20 15:30:00,4529.33,4539.28,4527.14,4528.99,5827,35
2026.05.20 16:00:00,4529.13,4535.24,4524.03,4525.79,5442,35
2026.05.20 16:30:00,4525.95,4535.43,4524.12,4534.44,5289,35
2026.05.20 17:00:00,4534.63,4538.12,4530.73,4532.26,5352,43
2026.05.20 17:30:00,4532.89,4536.36,4529.7,4531.08,5079,43
2026.05.20 18:00:00,4531.28,4536.48,4528.9,4534.89,5364,43
2026.05.20 18:30:00,4534.87,4544.92,4534.87,4542.23,5363,43
2026.05.20 19:00:00,4542.25,4545.92,4541.69,4544.92,5003,43
2026.05.20 19:30:00,4545.01,4550.2,4545.01,4545.6,5263,43
2026.05.20 20:00:00,4545.6,4550.3,4543.09,4545.56,4475,43
2026.05.20 20:30:00,4545.63,4546.18,4541.93,4543.17,3550,43
2026.05.20 22:00:00,4547.26,4547.26,4535.27,4538.85,3531,43
2026.05.20 22:30:00,4538.87,4544.58,4537.25,4539.73,3689,43
2026.05.20 23:00:00,4539.79,4543.04,4534.5,4538.37,3562,43
2026.05.20 23:30:00,4538.36,4546.92,4537.87,4546.44,3793,43
2026.05.21 00:00:00,4546.43,4553.18,4537.35,4543.83,5780,43
2026.05.21 00:30:00,4543.57,4548.65,4539.73,4545.17,5040,43
2026.05.21 01:00:00,4545.2,4567.52,4539.77,4567.05,6949,43
2026.05.21 01:30:00,4566.89,4570.79,4559.0,4560.88,6057,43
2026.05.21 02:00:00,4561.12,4564.78,4539.28,4540.06,5853,43
2026.05.21 02:30:00,4539.94,4542.07,4531.43,4533.12,6573,43
2026.05.21 03:00:00,4533.03,4540.17,4531.51,4535.65,5732,43
2026.05.21 03:30:00,4535.74,4537.17,4527.2,4528.15,4691,43
2026.05.21 04:00:00,4527.92,4540.01,4527.26,4539.71,4464,43
2026.05.21 04:30:00,4539.74,4540.18,4533.73,4538.31,3923,43
2026.05.21 05:00:00,4538.43,4540.15,4521.46,4522.72,5306,43
2026.05.21 05:30:00,4523.09,4529.84,4518.47,4527.85,6140,43
2026.05.21 06:00:00,4526.76,4539.87,4526.51,4532.94,5750,43
2026.05.21 06:30:00,4532.95,4534.99,4518.73,4521.48,5701,43
2026.05.21 07:00:00,4521.64,4524.44,4511.86,4512.78,5137,35
2026.05.21 07:30:00,4512.83,4523.27,4512.2,4519.59,4690,35
2026.05.21 08:00:00,4519.61,4536.69,4518.27,4535.72,5380,35
2026.05.21 08:30:00,4535.03,4535.55,4526.68,4532.45,5232,35
2026.05.21 09:00:00,4532.11,4542.46,4531.74,4536.87,5273,35
2026.05.21 09:30:00,4536.78,4542.8,4527.79,4530.59,5023,35
2026.05.21 10:00:00,4530.5,4535.22,4510.53,4518.0,5450,35
2026.05.21 10:30:00,4518.25,4518.25,4504.85,4511.4,5942,35
2026.05.21 11:00:00,4510.86,4521.1,4510.69,4514.01,5538,35
2026.05.21 11:30:00,4514.11,4517.23,4508.04,4514.01,5190,35
2026.05.21 12:00:00,4514.48,4519.17,4504.37,4506.87,5484,35
2026.05.21 12:30:00,4506.91,4518.07,4502.46,4504.0,5707,35
2026.05.21 13:00:00,4503.7,4512.62,4495.5,4500.34,6255,35
2026.05.21 13:30:00,4500.71,4521.08,4488.54,4513.13,6471,35
2026.05.21 14:00:00,4513.19,4515.31,4498.12,4507.3,6332,35
2026.05.21 14:30:00,4507.31,4511.18,4501.7,4508.78,5941,35
2026.05.21 15:00:00,4508.71,4515.38,4496.58,4503.27,6089,35
2026.05.21 15:30:00,4503.21,4512.66,4502.51,4511.88,5455,35
2026.05.21 16:00:00,4512.04,4520.6,4512.04,4516.43,5904,35
2026.05.21 16:30:00,4516.35,4520.18,4515.47,4519.4,5421,35
2026.05.21 17:00:00,4519.63,4546.16,4514.06,4541.62,6278,43
2026.05.21 17:30:00,4541.61,4559.14,4538.58,4551.39,5891,43
2026.05.21 18:00:00,4551.44,4556.03,4542.97,4548.31,5971,43
2026.05.21 18:30:00,4548.32,4549.37,4527.35,4531.84,5891,43
2026.05.21 19:00:00,4531.39,4542.02,4529.77,4538.77,5668,43
2026.05.21 19:30:00,4538.62,4543.71,4534.64,4542.98,5263,43
2026.05.21 20:00:00,4543.44,4544.65,4540.14,4541.21,3832,43
2026.05.21 20:30:00,4541.23,4542.6,4539.67,4542.54,2240,43
2026.05.21 22:00:00,4541.81,4545.84,4539.75,4541.1,2296,43
2026.05.21 22:30:00,4541.38,4543.66,4539.72,4543.3,2172,43
2026.05.21 23:00:00,4543.22,4545.06,4538.16,4540.45,2580,43
2026.05.21 23:30:00,4540.4,4540.43,4532.46,4535.35,3692,43
2026.05.22 00:00:00,4535.64,4537.26,4530.21,4536.2,5128,43
2026.05.22 00:30:00,4536.2,4540.96,4525.55,4526.69,4991,43
2026.05.22 01:00:00,4526.66,4536.22,4523.23,4528.95,6259,43
2026.05.22 01:30:00,4528.92,4531.82,4521.01,4526.21,6309,43
2026.05.22 02:00:00,4526.16,4529.28,4521.38,4524.51,5254,43
2026.05.22 02:30:00,4524.48,4526.93,4518.42,4522.97,5369,43
2026.05.22 03:00:00,4522.95,4525.02,4519.08,4521.64,4899,43
2026.05.22 03:30:00,4521.73,4529.82,4521.63,4529.39,3817,43
2026.05.22 04:00:00,4529.46,4532.83,4527.51,4532.04,3696,43
2026.05.22 04:30:00,4532.01,4532.65,4525.37,4527.18,3532,43
2026.05.22 05:00:00,4527.11,4529.55,4523.3,4526.01,3767,43
2026.05.22 05:30:00,4525.85,4534.2,4507.34,4511.01,6155,43
2026.05.22 06:00:00,4511.11,4525.95,4510.15,4525.18,6188,43
2026.05.22 06:30:00,4525.14,4528.78,4521.56,4526.78,5587,43
2026.05.22 07:00:00,4526.52,4527.33,4521.4,4525.8,5059,35
2026.05.22 07:30:00,4525.84,4525.85,4516.12,4521.88,4995,35
2026.05.22 08:00:00,4522.11,4531.08,4521.54,4526.83,5246,35
2026.05.22 08:30:00,4526.91,4527.12,4516.98,4521.8,7784,35
2026.05.22 09:00:00,4521.69,4525.47,4515.04,4517.74,4979,35
2026.05.22 09:30:00,4517.65,4536.1,4514.79,4532.14,4975,35
2026.05.22 10:00:00,4532.37,4536.76,4524.52,4524.77,4866,35
2026.05.22 10:30:00,4524.72,4525.39,4510.28,4514.47,5518,35
2026.05.22 11:00:00,4514.29,4517.22,4511.8,4511.99,4898,35
2026.05.22 11:30:00,4512.04,4525.12,4511.46,4520.6,5077,35
2026.05.22 12:00:00,4520.42,4535.74,4519.03,4521.69,5704,35
2026.05.22 12:30:00,4521.62,4528.24,4515.0,4528.16,5848,35
2026.05.22 13:00:00,4528.5,4534.18,4520.75,4521.94,5810,35
2026.05.22 13:30:00,4521.44,4527.05,4510.28,4513.68,6079,35
2026.05.22 14:00:00,4513.44,4513.44,4491.75,4498.97,6426,35
2026.05.22 14:30:00,4499.24,4507.22,4497.22,4500.51,5589,35
2026.05.22 15:00:00,4500.56,4519.3,4500.21,4519.3,5519,35
2026.05.22 15:30:00,4519.34,4522.29,4514.62,4520.05,5739,35
2026.05.22 16:00:00,4519.97,4524.17,4516.87,4523.66,5218,35
2026.05.22 16:30:00,4523.67,4526.74,4512.3,4514.86,5839,35
2026.05.22 17:00:00,4514.93,4525.79,4512.96,4525.26,5716,35
2026.05.22 17:30:00,4525.32,4527.81,4518.51,4519.15,5559,43
2026.05.22 18:00:00,4519.18,4519.35,4511.89,4515.27,5684,35
2026.05.22 18:30:00,4515.27,4520.09,4512.8,4515.05,6845,35
2026.05.22 19:00:00,4515.05,4515.75,4506.23,4507.03,7709,35
2026.05.22 19:30:00,4506.96,4510.68,4504.14,4508.19,6716,35
2026.05.22 20:00:00,4508.19,4510.34,4504.69,4510.14,3476,35
2026.05.22 20:30:00,4510.14,4510.39,4504.03,4509.2,4040,35
2026.05.24 22:00:00,4543.03,4557.8,4541.42,4551.94,9000,35
2026.05.24 22:30:00,4551.85,4565.39,4551.5,4564.88,7145,35
2026.05.24 23:00:00,4564.88,4578.26,4564.88,4574.88,7224,35
2026.05.24 23:30:00,4574.88,4579.62,4565.9,4567.05,7346,35
2026.05.25 00:00:00,4567.05,4575.86,4566.18,4572.2,9218,35
2026.05.25 00:30:00,4572.19,4579.53,4566.08,4569.22,8357,35
2026.05.25 01:00:00,4569.29,4576.12,4560.37,4573.36,12664,35
2026.05.25 01:30:00,4573.34,4574.71,4560.12,4562.71,9994,35
2026.05.25 02:00:00,4562.71,4568.17,4558.78,4562.8,8440,35
2026.05.25 02:30:00,4562.79,4570.08,4559.45,4561.27,8647,35
2026.05.25 03:00:00,4561.27,4564.38,4560.07,4560.55,6958,35
2026.05.25 03:30:00,4560.65,4564.04,4556.53,4559.61,5073,35
2026.05.25 04:00:00,4559.62,4565.68,4559.3,4565.07,3518,43
2026.05.25 04:30:00,4565.08,4565.61,4559.54,4564.74,3265,43
2026.05.25 05:00:00,4564.74,4565.87,4553.96,4554.09,3433,43
2026.05.25 05:30:00,4554.11,4560.84,4551.83,4553.25,5406,43
2026.05.25 06:00:00,4553.13,4557.13,4550.33,4554.09,5848,43
2026.05.25 06:30:00,4554.1,4563.12,4553.45,4562.35,5545,43
2026.05.25 07:00:00,4562.58,4564.71,4552.54,4554.41,5374,35
2026.05.25 07:30:00,4554.42,4565.05,4554.16,4564.72,4567,35
2026.05.25 08:00:00,4564.71,4564.93,4553.72,4554.87,4295,35
2026.05.25 08:30:00,4555.1,4557.96,4553.35,4556.07,3892,35
2026.05.25 09:00:00,4556.06,4558.9,4554.96,4558.8,3339,35
2026.05.25 09:30:00,4558.79,4569.05,4558.31,4567.56,4659,35
2026.05.25 10:00:00,4567.61,4573.66,4567.54,4570.89,4768,35
2026.05.25 10:30:00,4570.92,4573.1,4568.44,4568.57,3879,35
2026.05.25 11:00:00,4568.72,4575.17,4567.55,4571.58,3823,35
2026.05.25 11:30:00,4571.58,4576.9,4569.37,4569.46,4567,35
2026.05.25 12:00:00,4569.32,4569.49,4552.8,4560.31,5850,35
2026.05.25 12:30:00,4560.32,4570.1,4559.84,4567.62,5351,35
2026.05.25 13:00:00,4567.56,4571.13,4560.5,4561.78,6286,35
2026.05.25 13:30:00,4561.58,4565.5,4560.19,4563.08,5643,35
2026.05.25 14:00:00,4563.04,4570.46,4562.35,4567.81,5292,35
2026.05.25 14:30:00,4567.83,4568.89,4565.03,4566.75,5111,35
2026.05.25 15:00:00,4566.64,4574.67,4565.57,4573.27,5266,35
2026.05.25 15:30:00,4573.33,4573.36,4566.66,4570.82,3957,35
2026.05.25 16:00:00,4570.87,4570.95,4568.06,4568.16,3176,35
2026.05.25 16:30:00,4568.14,4574.57,4567.92,4573.52,3940,35
2026.05.25 17:00:00,4573.33,4577.72,4570.29,4571.33,3794,35
2026.05.25 17:30:00,4571.26,4571.39,4563.34,4565.0,2992,43
2026.05.25 18:00:00,4564.98,4571.31,4564.31,4570.49,2530,43
2026.05.25 22:00:00,4572.26,4575.37,4570.48,4573.06,2702,43
2026.05.25 22:30:00,4573.07,4576.52,4569.52,4574.77,3373,43
2026.05.25 23:00:00,4574.79,4580.53,4567.06,4568.0,3790,43
2026.05.25 23:30:00,4568.18,4568.42,4555.0,4559.5,5249,43
2026.05.26 00:00:00,4559.85,4559.85,4541.34,4549.16,6093,43
2026.05.26 00:30:00,4549.25,4552.88,4539.51,4549.49,5602,43
2026.05.26 01:00:00,4549.51,4549.8,4541.61,4543.62,5949,43
2026.05.26 01:30:00,4543.61,4544.06,4527.49,4536.88,6009,43
2026.05.26 02:00:00,4536.86,4539.45,4535.34,4536.7,4526,43
2026.05.26 02:30:00,4536.7,4538.42,4530.06,4532.05,5075,43
2026.05.26 03:00:00,4532.07,4543.59,4531.91,4542.1,4639,43
2026.05.26 03:30:00,4542.13,4545.3,4540.77,4542.23,3109,43
2026.05.26 04:00:00,4542.25,4543.11,4532.41,4532.46,3044,43
2026.05.26 04:30:00,4532.44,4533.1,4523.45,4525.31,4272,43
2026.05.26 05:00:00,4525.3,4531.33,4522.96,4531.16,4073,43
2026.05.26 05:30:00,4530.94,4535.02,4523.44,4527.17,6155,43
2026.05.26 06:00:00,4527.04,4536.06,4526.87,4530.37,5560,43
2026.05.26 06:30:00,4530.3,4533.93,4528.38,4530.88,5187,43
2026.05.26 07:00:00,4531.06,4533.82,4522.02,4529.54,5305,35
2026.05.26 07:30:00,4529.59,4538.84,4521.61,4538.14,5482,35
2026.05.26 08:00:00,4538.16,4538.57,4520.57,4522.39,5246,35
2026.05.26 08:30:00,4522.25,4527.33,4520.08,4523.64,5238,35
2026.05.26 09:00:00,4524.16,4526.38,4518.14,4524.8,5055,35
2026.05.26 09:30:00,4524.81,4525.26,4512.0,4522.63,5644,35
2026.05.26 10:00:00,4522.69,4535.33,4519.35,4533.42,5507,35
2026.05.26 10:30:00,4533.44,4540.42,4531.39,4534.44,5352,35
2026.05.26 11:00:00,4534.71,4536.12,4522.74,4523.7,5271,35
2026.05.26 11:30:00,4523.52,4523.71,4503.5,4507.09,6849,35
2026.05.26 12:00:00,4507.06,4515.95,4503.67,4506.08,6280,35
2026.05.26 12:30:00,4506.16,4523.58,4500.65,4520.35,6712,35
2026.05.26 13:00:00,4520.33,4527.51,4516.47,4522.39,6452,35
2026.05.26 13:30:00,4522.58,4531.03,4512.15,4513.87,6252,35
2026.05.26 14:00:00,4514.19,4520.26,4507.8,4517.56,5897,35
2026.05.26 14:30:00,4517.26,4524.87,4512.64,4515.14,5469,35
2026.05.26 15:00:00,4515.21,4515.43,4504.8,4505.85,5579,35
2026.05.26 15:30:00,4506.11,4510.72,4502.24,4506.4,5410,35
2026.05.26 16:00:00,4506.81,4508.8,4499.63,4507.89,5376,35
2026.05.26 16:30:00,4507.91,4511.18,4502.97,4504.82,5382,35
2026.05.26 17:00:00,4504.79,4507.43,4500.32,4501.27,5555,43
2026.05.26 17:30:00,4501.16,4501.45,4489.94,4490.78,5733,43
2026.05.26 18:00:00,4490.63,4496.11,4482.25,4495.16,5873,43
2026.05.26 18:30:00,4495.13,4499.56,4494.08,4499.26,4676,43
2026.05.26 19:00:00,4499.41,4504.52,4497.6,4502.01,4716,43
2026.05.26 19:30:00,4502.0,4509.86,4500.75,4508.89,5060,43
2026.05.26 20:00:00,4508.94,4510.36,4506.1,4506.48,2688,43
2026.05.26 20:30:00,4506.49,4510.13,4503.96,4506.73,2096,43
2026.05.26 22:00:00,4505.35,4510.72,4501.29,4504.28,3140,35
2026.05.26 22:30:00,4504.3,4512.37,4497.91,4510.86,3710,43
2026.05.26 23:00:00,4510.88,4513.55,4504.38,4512.11,3690,43
2026.05.26 23:30:00,4512.12,4527.96,4510.99,4519.65,4779,43
2026.05.27 00:00:00,4519.56,4525.67,4514.01,4517.85,5135,43
2026.05.27 00:30:00,4517.88,4522.11,4514.61,4515.04,4400,43
2026.05.27 01:00:00,4515.04,4521.04,4512.54,4516.05,5723,43
2026.05.27 01:30:00,4515.7,4517.02,4506.8,4507.79,4437,43
2026.05.27 02:00:00,4507.87,4509.47,4498.97,4505.44,4701,43
2026.05.27 02:30:00,4505.45,4506.91,4498.07,4505.65,4443,43
2026.05.27 03:00:00,4505.64,4511.82,4504.93,4506.99,4129,43
2026.05.27 03:30:00,4507.0,4507.14,4496.52,4497.02,3287,43
2026.05.27 04:00:00,4496.99,4503.24,4495.81,4499.43,3342,43
2026.05.27 04:30:00,4499.28,4517.19,4497.71,4510.05,4284,43
2026.05.27 05:00:00,4510.12,4513.83,4504.03,4507.15,4255,43
2026.05.27 05:30:00,4507.12,4508.69,4491.69,4497.42,7115,43
2026.05.27 06:00:00,4497.35,4499.11,4483.52,4486.28,6336,43
2026.05.27 06:30:00,4486.15,4490.12,4479.53,4485.12,5839,43
2026.05.27 07:00:00,4485.73,4489.09,4480.12,4486.18,5108,35
2026.05.27 07:30:00,4486.16,4488.48,4475.68,4481.93,5266,35
2026.05.27 08:00:00,4481.41,4492.54,4481.41,4489.04,5050,35
2026.05.27 08:30:00,4489.05,4498.64,4486.08,4497.78,4985,35
2026.05.27 09:00:00,4497.79,4497.79,4488.61,4489.99,4544,35
2026.05.27 09:30:00,4490.01,4493.17,4486.97,4490.13,3808,35
2026.05.27 10:00:00,4490.07,4490.53,4476.4,4476.97,4721,35
2026.05.27 10:30:00,4476.88,4477.04,4442.54,4445.71,7365,35
2026.05.27 11:00:00,4445.92,4453.17,4439.46,4440.85,6379,35
2026.05.27 11:30:00,4440.81,4444.67,4424.76,4428.25,6421,35
2026.05.27 12:00:00,4428.35,4466.33,4427.28,4454.62,6273,35
2026.05.27 12:30:00,4454.57,4460.21,4437.66,4438.54,9213,35
2026.05.27 13:00:00,4438.13,4438.73,4401.53,4405.17,11928,35
2026.05.27 13:30:00,4405.02,4433.95,4404.77,4427.43,11960,35
2026.05.27 14:00:00,4427.41,4455.4,4426.04,4445.53,11449,35
2026.05.27 14:30:00,4444.89,4449.13,4433.17,4434.01,10216,35
2026.05.27 15:00:00,4433.79,4438.27,4428.03,4435.61,9037,35
2026.05.27 15:30:00,4436.26,4441.45,4430.83,4436.39,8699,35
2026.05.27 16:00:00,4436.42,4447.47,4434.2,4446.71,7422,35
2026.05.27 16:30:00,4446.71,4453.3,4445.19,4450.73,7103,35
2026.05.27 17:00:00,4450.75,4451.51,4441.35,4449.61,7532,35
2026.05.27 17:30:00,4449.6,4454.37,4449.6,4450.21,6079,35
2026.05.27 18:00:00,4450.05,4458.49,4447.58,4455.47,5747,35
2026.05.27 18:30:00,4455.47,4456.6,4451.34,4454.22,4733,35
2026.05.27 19:00:00,4454.21,4454.67,4449.43,4450.87,4890,42
2026.05.27 19:30:00,4450.87,4454.62,4448.79,4450.83,4818,42
2026.05.27 20:00:00,4450.76,4458.81,4449.91,4454.96,3195,35
2026.05.27 20:30:00,4454.97,4456.26,4451.46,4456.25,2220,35
2026.05.27 22:00:00,4463.58,4464.75,4455.48,4459.8,3423,35
2026.05.27 22:30:00,4459.79,4462.34,4455.15,4457.24,3747,35
2026.05.27 23:00:00,4457.25,4457.61,4449.04,4450.63,4916,35
2026.05.27 23:30:00,4450.64,4454.05,4443.71,4446.98,5256,35
2026.05.28 00:00:00,4446.2,4453.87,4444.04,4446.13,7288,35
2026.05.28 00:30:00,4446.15,4457.75,4443.29,4456.96,6077,35
2026.05.28 01:00:00,4456.95,4458.32,4417.1,4419.34,9352,35
2026.05.28 01:30:00,4419.07,4426.33,4406.83,4409.85,9838,35
2026.05.28 02:00:00,4409.88,4412.48,4396.19,4406.07,8546,35
2026.05.28 02:30:00,4406.03,4410.24,4391.96,4394.2,8303,35
2026.05.28 03:00:00,4394.2,4397.79,4382.06,4387.42,8775,35
2026.05.28 03:30:00,4387.28,4387.68,4368.35,4374.75,9322,35
2026.05.28 04:00:00,4374.71,4381.84,4366.21,4368.27,8208,35
2026.05.28 04:30:00,4368.26,4375.3,4367.88,4372.9,7560,35
2026.05.28 05:00:00,4373.05,4379.8,4367.07,4378.49,7301,35
2026.05.28 05:30:00,4378.48,4395.7,4375.25,4387.8,9085,35
2026.05.28 06:00:00,4387.93,4390.68,4374.14,4380.3,8109,35
2026.05.28 06:30:00,4380.29,4385.34,4376.78,4383.4,7229,35
2026.05.28 07:00:00,4383.52,4396.19,4383.52,4392.61,8001,35
2026.05.28 07:30:00,4392.61,4393.72,4382.83,4387.38,7834,35
2026.05.28 08:00:00,4387.67,4394.9,4386.29,4389.72,8368,35
2026.05.28 08:30:00,4389.8,4394.9,4385.8,4386.8,7274,35
2026.05.28 09:00:00,4386.68,4399.21,4386.27,4396.41,7471,35
2026.05.28 09:30:00,4396.07,4396.9,4389.69,4393.5,7595,35
2026.05.28 10:00:00,4393.5,4404.23,4391.38,4401.04,7391,35
2026.05.28 10:30:00,4401.03,4402.49,4375.22,4382.94,8916,35
2026.05.28 11:00:00,4382.61,4390.56,4381.54,4384.76,7640,35
2026.05.28 11:30:00,4384.77,4390.25,4381.0,4387.88,8024,35
2026.05.28 12:00:00,4387.8,4392.84,4379.46,4385.45,7937,35
2026.05.28 12:30:00,4385.46,4433.42,4384.05,4432.14,10693,35
2026.05.28 13:00:00,4432.23,4438.75,4424.98,4428.8,10678,35
2026.05.28 13:30:00,4428.91,4434.25,4418.2,4430.45,11450,35
2026.05.28 14:00:00,4430.04,4473.43,4420.68,4460.88,12555,35
2026.05.28 14:30:00,4460.88,4480.21,4452.81,4469.28,12115,35
2026.05.28 15:00:00,4469.6,4482.4,4468.66,4476.67,10734,35
2026.05.28 15:30:00,4476.66,4485.14,4476.66,4482.04,9047,35
2026.05.28 16:00:00,4482.05,4502.7,4477.87,4500.44,9799,35
2026.05.28 16:30:00,4500.59,4510.95,4497.51,4510.83,9138,35
2026.05.28 17:00:00,4510.96,4514.48,4501.14,4501.93,8761,35
2026.05.28 17:30:00,4501.96,4509.86,4501.96,4508.91,6666,35
2026.05.28 18:00:00,4508.93,4516.3,4505.4,4506.18,8067,35
2026.05.28 18:30:00,4506.19,4506.35,4498.45,4500.87,6962,35
2026.05.28 19:00:00,4501.07,4503.58,4498.54,4499.74,5509,36
2026.05.28 19:30:00,4499.74,4501.8,4496.91,4497.91,5727,35
2026.05.28 20:00:00,4497.8,4500.48,4494.84,4499.26,4150,42
2026.05.28 20:30:00,4499.28,4500.73,4494.75,4495.53,2963,35
2026.05.28 22:00:00,4499.45,4499.45,4491.58,4495.85,2939,35
2026.05.28 22:30:00,4495.85,4496.53,4490.72,4491.06,3739,42
2026.05.28 23:00:00,4491.07,4496.98,4491.07,4492.12,3548,35
2026.05.28 23:30:00,4492.14,4496.17,4488.64,4495.02,4824,35
2026.05.29 00:00:00,4495.11,4500.37,4492.03,4499.95,6911,35
2026.05.29 00:30:00,4499.84,4500.22,4493.17,4496.02,5768,35
2026.05.29 01:00:00,4496.05,4520.73,4492.01,4505.3,9751,35
2026.05.29 01:30:00,4505.28,4508.35,4500.9,4506.38,7971,41
2026.05.29 02:00:00,4506.38,4511.07,4501.82,4502.97,6435,35
2026.05.29 02:30:00,4502.98,4508.13,4498.2,4501.67,6796,42
2026.05.29 03:00:00,4501.67,4502.02,4494.91,4496.69,7177,41
2026.05.29 03:30:00,4496.69,4501.52,4494.46,4501.2,5169,35
2026.05.29 04:00:00,4501.09,4511.63,4500.93,4509.01,5581,35
2026.05.29 04:30:00,4509.02,4514.49,4507.94,4514.06,4721,35
2026.05.29 05:00:00,4514.01,4515.43,4508.65,4509.86,4159,43
2026.05.29 05:30:00,4509.46,4515.73,4502.61,4514.7,7196,35
2026.05.29 06:00:00,4514.82,4522.23,4509.89,4516.75,8228,35
2026.05.29 06:30:00,4516.86,4524.08,4511.28,4523.53,7695,35
2026.05.29 07:00:00,4522.74,4523.91,4510.4,4514.04,8625,35
2026.05.29 07:30:00,4514.05,4526.14,4512.63,4524.58,7951,35
2026.05.29 08:00:00,4524.59,4524.77,4512.48,4516.99,8408,35
2026.05.29 08:30:00,4516.93,4518.26,4509.92,4514.86,6721,35
2026.05.29 09:00:00,4514.94,4532.32,4513.08,4528.78,8459,35
2026.05.29 09:30:00,4528.8,4539.4,4524.85,4531.26,8282,35
2026.05.29 10:00:00,4530.94,4531.05,4525.45,4530.35,7083,35
2026.05.29 10:30:00,4530.36,4543.03,4530.2,4538.44,7608,35
2026.05.29 11:00:00,4538.41,4540.33,4526.87,4527.95,7627,35
2026.05.29 11:30:00,4527.98,4539.07,4525.7,4538.25,7131,35
2026.05.29 12:00:00,4538.26,4538.48,4519.93,4522.27,8333,35
2026.05.29 12:30:00,4522.29,4523.92,4512.71,4522.85,9077,35
2026.05.29 13:00:00,4523.02,4529.19,4517.01,4527.9,9289,35
2026.05.29 13:30:00,4527.92,4540.64,4522.16,4536.67,10832,35
2026.05.29 14:00:00,4536.66,4552.56,4526.24,4529.85,11502,35
2026.05.29 14:30:00,4529.44,4570.33,4525.19,4564.21,11764,35
2026.05.29 15:00:00,4564.0,4595.02,4564.0,4578.17,11956,35
2026.05.29 15:30:00,4578.39,4583.27,4557.72,4570.99,10826,35
2026.05.29 16:00:00,4571.06,4572.18,4559.95,4563.02,8844,35
2026.05.29 16:30:00,4563.01,4573.34,4560.8,4566.81,9048,35
2026.05.29 17:00:00,4566.83,4568.43,4560.79,4561.82,7907,35
2026.05.29 17:30:00,4561.81,4562.04,4551.48,4553.44,8176,35
2026.05.29 18:00:00,4553.44,4560.36,4552.45,4559.32,7676,35
2026.05.29 18:30:00,4559.24,4561.71,4550.73,4553.4,7083,35
2026.05.29 19:00:00,4553.39,4560.06,4552.26,4555.2,5724,36
2026.05.29 19:30:00,4555.11,4556.34,4542.91,4545.4,6916,35
2026.05.29 20:00:00,4545.18,4549.27,4542.07,4542.56,4339,43
2026.05.29 20:30:00,4542.55,4543.98,4539.49,4540.4,3112,43
2026.05.31 22:00:00,4520.96,4536.56,4518.4,4533.06,5918,35
2026.05.31 22:30:00,4532.67,4540.3,4530.75,4535.19,5122,35
2026.05.31 23:00:00,4535.22,4544.88,4534.96,4544.77,4729,35
2026.05.31 23:30:00,4544.84,4545.58,4538.32,4539.55,5676,42
2026.06.01 00:00:00,4539.51,4545.78,4537.22,4542.91,6728,35
2026.06.01 00:30:00,4542.89,4544.83,4535.18,4540.64,6309,35
2026.06.01 01:00:00,4540.64,4540.94,4526.03,4528.71,8483,39
2026.06.01 01:30:00,4528.71,4533.7,4523.45,4525.31,7714,42
2026.06.01 02:00:00,4525.3,4534.59,4524.23,4530.23,6146,42
2026.06.01 02:30:00,4530.23,4530.84,4520.97,4521.32,7175,43
2026.06.01 03:00:00,4521.32,4525.24,4513.86,4520.32,6957,35
2026.06.01 03:30:00,4520.39,4523.96,4509.11,4516.31,5803,35
2026.06.01 04:00:00,4516.2,4519.58,4512.36,4515.74,4267,42
2026.06.01 04:30:00,4515.74,4517.15,4508.58,4514.37,4603,42
2026.06.01 05:00:00,4514.42,4523.47,4513.47,4520.51,5367,35
2026.06.01 05:30:00,4520.55,4525.06,4512.55,4518.11,7687,35
2026.06.01 06:00:00,4518.17,4518.68,4504.89,4513.8,7810,35
2026.06.01 06:30:00,4514.3,4514.66,4499.86,4501.59,7633,37
2026.06.01 07:00:00,4501.57,4509.92,4500.73,4503.86,7902,35
2026.06.01 07:30:00,4503.85,4507.84,4492.44,4502.85,8150,35
2026.06.01 08:00:00,4502.8,4504.29,4490.54,4495.85,7964,35
2026.06.01 08:30:00,4495.85,4502.28,4492.46,4498.01,7018,35
2026.06.01 09:00:00,4498.0,4506.33,4496.28,4496.28,7334,35
2026.06.01 09:30:00,4496.29,4499.24,4489.24,4495.84,7763,35
2026.06.01 10:00:00,4495.85,4503.41,4495.85,4500.73,6373,35
2026.06.01 10:30:00,4500.75,4510.87,4500.41,4503.93,7024,35
2026.06.01 11:00:00,4503.85,4512.77,4499.81,4510.58,7188,35
2026.06.01 11:30:00,4510.56,4512.29,4505.3,4505.64,6596,35
2026.06.01 12:00:00,4505.37,4509.59,4497.26,4505.44,8044,35
2026.06.01 12:30:00,4505.43,4510.33,4497.69,4502.14,8747,35
2026.06.01 13:00:00,4502.79,4503.84,4462.51,4465.04,11781,35
2026.06.01 13:30:00,4465.52,4478.4,4448.83,4450.08,12464,35
2026.06.01 14:00:00,4449.89,4465.07,4447.27,4456.23,11547,35
2026.06.01 14:30:00,4456.14,4461.31,4451.96,4458.63,10329,35
2026.06.01 15:00:00,4458.76,4470.15,4455.34,4468.3,9527,35
2026.06.01 15:30:00,4468.26,4479.66,4467.87,4474.06,9596,35
2026.06.01 16:00:00,4474.06,4478.37,4462.99,4467.88,8105,35
2026.06.01 16:30:00,4467.85,4482.16,4467.36,4480.05,8182,35
2026.06.01 17:00:00,4480.19,4482.63,4471.37,4482.54,7332,35
2026.06.01 17:30:00,4482.68,4495.47,4480.21,4487.42,8905,35
2026.06.01 18:00:00,4487.48,4490.09,4486.21,4486.57,5498,35
2026.06.01 18:30:00,4486.78,4488.51,4484.77,4486.58,4531,43
2026.06.01 19:00:00,4486.59,4488.13,4484.26,4484.64,4930,35
2026.06.01 19:30:00,4484.64,4485.69,4478.91,4481.32,6009,43
2026.06.01 20:00:00,4481.32,4484.24,4480.08,4483.04,2997,35
2026.06.01 20:30:00,4483.07,4485.83,4481.17,4484.66,2619,35
2026.06.01 22:00:00,4486.08,4486.18,4481.33,4481.49,2868,35
2026.06.01 22:30:00,4481.42,4486.54,4479.62,4485.52,2543,35
2026.06.01 23:00:00,4485.39,4488.17,4481.86,4487.17,2517,35
2026.06.01 23:30:00,4487.17,4487.43,4479.45,4484.27,4463,35
2026.06.02 00:00:00,4484.45,4493.7,4476.55,4493.69,7794,35
2026.06.02 00:30:00,4493.74,4497.0,4480.64,4481.48,7087,42
2026.06.02 01:00:00,4481.31,4492.3,4473.8,4486.31,10096,35
2026.06.02 01:30:00,4486.3,4489.35,4462.73,4474.04,9126,35
2026.06.02 02:00:00,4473.95,4484.67,4472.14,4481.8,7665,35
2026.06.02 02:30:00,4481.81,4486.3,4473.54,4485.84,6993,42
2026.06.02 03:00:00,4485.84,4497.25,4485.54,4494.96,7097,35
2026.06.02 03:30:00,4494.96,4499.35,4492.74,4499.2,5567,35
2026.06.02 04:00:00,4499.19,4510.0,4497.74,4504.52,5571,35
2026.06.02 04:30:00,4504.51,4518.07,4503.31,4517.25,5388,43
2026.06.02 05:00:00,4517.27,4521.84,4514.91,4519.63,5681,35
2026.06.02 05:30:00,4519.69,4528.05,4515.93,4516.91,8222,35
2026.06.02 06:00:00,4516.91,4533.92,4516.8,4532.95,8030,35
2026.06.02 06:30:00,4532.95,4538.4,4531.6,4535.63,5468,35
2026.06.02 07:00:00,4535.74,4541.35,4533.23,4533.98,4531,35
2026.06.02 07:30:00,4533.91,4535.43,4527.92,4535.02,4447,35
2026.06.02 08:00:00,4535.08,4539.04,4529.93,4531.09,4550,35
2026.06.02 08:30:00,4530.97,4533.29,4525.88,4526.6,4389,35
2026.06.02 09:00:00,4526.7,4535.67,4525.22,4526.73,4593,35
2026.06.02 09:30:00,4526.72,4531.45,4521.91,4529.91,4443,35
2026.06.02 10:00:00,4529.74,4531.64,4524.57,4528.33,3887,35
2026.06.02 10:30:00,4528.31,4533.91,4525.38,4533.1,3761,35
2026.06.02 11:00:00,4533.13,4534.59,4526.6,4529.96,4062,35
2026.06.02 11:30:00,4530.32,4530.69,4525.52,4527.43,4313,35
2026.06.02 12:00:00,4527.61,4533.85,4523.96,4529.22,4841,35
2026.06.02 12:30:00,4529.1,4533.56,4513.44,4514.2,5138,35
2026.06.02 13:00:00,4514.94,4524.71,4509.87,4510.73,5603,35
2026.06.02 13:30:00,4510.72,4514.36,4502.58,4502.58,5948,35
2026.06.02 14:00:00,4502.4,4506.97,4490.25,4495.53,5915,35
2026.06.02 14:30:00,4495.86,4506.3,4495.54,4504.01,5202,35
2026.06.02 15:00:00,4504.0,4508.06,4501.47,4505.34,5043,35
2026.06.02 15:30:00,4505.49,4508.47,4500.07,4502.02,4865,35
2026.06.02 16:00:00,4502.0,4502.84,4490.25,4490.25,5336,35
2026.06.02 16:30:00,4490.27,4491.9,4486.37,4491.82,5113,35
2026.06.02 17:00:00,4491.78,4492.9,4486.32,4491.0,5621,35
2026.06.02 17:30:00,4490.79,4491.62,4482.02,4484.52,5709,43
2026.06.02 18:00:00,4484.57,4490.85,4483.96,4488.25,5136,43
2026.06.02 18:30:00,4488.32,4490.39,4478.62,4487.27,5138,43
2026.06.02 19:00:00,4487.34,4489.53,4485.6,4489.47,4350,43
2026.06.02 19:30:00,4489.42,4490.24,4483.33,4487.97,4871,43
2026.06.02 20:00:00,4487.87,4490.96,4486.07,4489.66,2428,43
2026.06.02 20:30:00,4489.69,4490.83,4486.64,4487.25,2020,43
2026.06.02 22:00:00,4492.18,4493.03,4487.47,4489.92,2583,43
2026.06.02 22:30:00,4489.75,4492.11,4484.0,4484.69,3325,43
2026.06.02 23:00:00,4484.68,4488.62,4462.16,4467.39,5388,43
2026.06.02 23:30:00,4467.44,4475.13,4462.44,4474.29,5170,43
2026.06.03 00:00:00,4474.2,4483.16,4473.87,4482.99,4154,43
2026.06.03 00:30:00,4482.99,4496.68,4481.11,4486.04,4467,43
2026.06.03 01:00:00,4486.03,4487.31,4463.21,4467.06,6351,43
2026.06.03 01:30:00,4467.26,4477.04,4464.79,4475.63,5231,43
2026.06.03 02:00:00,4475.72,4481.31,4472.66,4478.74,4681,43
2026.06.03 02:30:00,4478.81,4485.03,4472.91,4481.88,5208,43
2026.06.03 03:00:00,4481.8,4487.47,4481.8,4483.32,4535,43
2026.06.03 03:30:00,4483.4,4486.12,4482.39,4484.26,2698,43
2026.06.03 04:00:00,4484.4,4488.09,4477.0,4477.0,2915,43
2026.06.03 04:30:00,4476.7,4477.23,4468.3,4469.25,3172,43
2026.06.03 05:00:00,4469.27,4474.11,4466.32,4468.45,4031,43
2026.06.03 05:30:00,4468.8,4468.8,4456.54,4456.84,5476,43
2026.06.03 06:00:00,4456.91,4470.77,4456.8,4462.32,5434,43
2026.06.03 06:30:00,4462.35,4464.88,4455.12,4462.85,5165,43
2026.06.03 07:00:00,4462.94,4472.12,4456.17,4456.17,5037,35
2026.06.03 07:30:00,4456.15,4463.86,4452.86,4453.22,4798,35
2026.06.03 08:00:00,4453.33,4458.97,4450.63,4457.42,4956,35
2026.06.03 08:30:00,4457.36,4458.96,4440.1,4443.93,4965,35
2026.06.03 09:00:00,4443.91,4458.92,4439.36,4439.81,5337,35
2026.06.03 09:30:00,4440.1,4448.3,4438.92,4442.95,4935,35
2026.06.03 10:00:00,4442.98,4466.63,4440.87,4459.91,5577,35
2026.06.03 10:30:00,4459.95,4462.45,4453.16,4458.9,4860,35
2026.06.03 11:00:00,4458.89,4467.97,4458.89,4464.46,5291,35
2026.06.03 11:30:00,4464.36,4467.12,4458.4,4462.33,4893,35
2026.06.03 12:00:00,4462.71,4464.46,4451.96,4452.67,5359,35
2026.06.03 12:30:00,4452.99,4467.15,4448.11,4460.26,5507,35
2026.06.03 13:00:00,4460.22,4465.65,4445.81,4448.49,5623,35
2026.06.03 13:30:00,4448.96,4453.12,4426.27,4445.73,6173,35
2026.06.03 14:00:00,4446.0,4458.12,4442.36,4451.99,6059,35
2026.06.03 14:30:00,4451.96,4459.52,4447.09,4457.16,5582,35
2026.06.03 15:00:00,4457.21,4458.31,4439.53,4445.09,5656,35
2026.06.03 15:30:00,4444.54,4445.42,4436.79,4442.17,5281,35
2026.06.03 16:00:00,4442.42,4443.61,4433.86,4437.52,5209,35
2026.06.03 16:30:00,4437.48,4442.78,4435.31,4441.76,5226,35
2026.06.03 17:00:00,4442.29,4448.23,4437.63,4438.85,5654,43
2026.06.03 17:30:00,4438.04,4442.13,4435.45,4438.91,5390,43
2026.06.03 18:00:00,4438.89,4440.58,4435.3,4440.07,5364,43
2026.06.03 18:30:00,4439.9,4442.74,4436.8,4441.93,5086,43
2026.06.03 19:00:00,4441.92,4452.12,4441.32,4447.9,5509,43
2026.06.03 19:30:00,4447.95,4449.53,4442.95,4443.78,4911,43
2026.06.03 20:00:00,4443.7,4445.28,4437.3,4438.95,3927,43
2026.06.03 20:30:00,4438.87,4439.42,4430.52,4433.76,3603,43
2026.06.03 22:00:00,4437.02,4439.97,4423.79,4433.87,4034,43
2026.06.03 22:30:00,4433.86,4452.55,4433.8,4448.81,4549,43
2026.06.03 23:00:00,4448.92,4451.3,4445.27,4450.73,4242,43
2026.06.03 23:30:00,4450.7,4464.54,4446.15,4457.18,5526,43
2026.06.04 00:00:00,4457.17,4464.83,4447.58,4450.59,5611,43
2026.06.04 00:30:00,4450.64,4452.81,4444.09,4448.31,5137,43
2026.06.04 01:00:00,4448.35,4473.37,4443.42,4465.95,5696,43
2026.06.04 01:30:00,4465.93,4470.09,4456.78,4465.68,5666,43
2026.06.04 02:00:00,4465.68,4467.2,4455.46,4460.61,4804,43
2026.06.04 02:30:00,4460.6,4476.34,4457.88,4474.92,5721,43
2026.06.04 03:00:00,4474.79,4477.17,4465.88,4469.31,5323,43
2026.06.04 03:30:00,4469.22,4470.76,4458.23,4463.71,4668,43
2026.06.04 04:00:00,4463.73,4476.17,4462.27,4474.6,4356,43
2026.06.04 04:30:00,4474.5,4483.89,4474.49,4480.93,4315,43
2026.06.04 05:00:00,4480.99,4482.29,4470.89,4473.21,4098,43
2026.06.04 05:30:00,4473.18,4475.7,4466.76,4469.09,5578,43
2026.06.04 06:00:00,4469.08,4477.06,4466.59,4472.04,5201,43
2026.06.04 06:30:00,4471.83,4476.8,4462.9,4467.52,5094,43
2026.06.04 07:00:00,4467.92,4470.69,4461.86,4465.14,4593,35
2026.06.04 07:30:00,4465.03,4467.9,4459.4,4461.6,4401,35
2026.06.04 08:00:00,4461.99,4467.98,4458.62,4463.23,4943,35
2026.06.04 08:30:00,4463.37,4469.32,4459.92,4463.28,4811,35
2026.06.04 09:00:00,4463.27,4469.3,4461.07,4464.69,4686,35
2026.06.04 09:30:00,4464.64,4475.61,4461.7,4470.34,4609,35
2026.06.04 10:00:00,4470.25,4472.04,4464.2,4467.46,4208,35
2026.06.04 10:30:00,4467.45,4473.71,4466.32,4473.5,4150,35
2026.06.04 11:00:00,4473.58,4491.49,4468.63,4489.48,4755,35
2026.06.04 11:30:00,4489.83,4514.66,4482.18,4511.68,5590,35
2026.06.04 12:00:00,4511.46,4513.83,4491.18,4498.49,5267,35
2026.06.04 12:30:00,4498.46,4510.81,4496.97,4504.08,4934,35
2026.06.04 13:00:00,4504.0,4509.92,4500.09,4504.54,5361,35
2026.06.04 13:30:00,4504.42,4515.28,4495.48,4495.82,6197,35
2026.06.04 14:00:00,4495.72,4499.85,4484.01,4486.15,5882,35
2026.06.04 14:30:00,4486.17,4486.73,4456.97,4465.75,5972,35
2026.06.04 15:00:00,4465.97,4474.56,4463.77,4470.89,5181,35
2026.06.04 15:30:00,4470.86,4479.03,4469.6,4477.38,4954,35
2026.06.04 16:00:00,4477.37,4485.03,4475.31,4483.53,5503,35
2026.06.04 16:30:00,4483.52,4483.99,4479.65,4482.77,5616,35
2026.06.04 17:00:00,4482.63,4482.63,4474.03,4476.7,5365,43
2026.06.04 17:30:00,4476.72,4481.48,4475.99,4478.06,5348,43
2026.06.04 18:00:00,4478.11,4480.92,4476.22,4478.06,4748,43
2026.06.04 18:30:00,4477.57,4479.4,4472.61,4477.99,4884,43
2026.06.04 19:00:00,4478.02,4483.34,4476.05,4480.0,4692,43
2026.06.04 19:30:00,4479.99,4482.28,4476.68,4480.67,4806,43
2026.06.04 20:00:00,4480.71,4481.56,4476.52,4477.6,2869,43
2026.06.04 20:30:00,4477.51,4477.51,4474.27,4474.56,2287,43
2026.06.04 22:00:00,4474.69,4480.74,4472.95,4478.82,2615,43
2026.06.04 22:30:00,4478.79,4481.44,4468.75,4469.45,3625,43
2026.06.04 23:00:00,4469.61,4473.97,4464.16,4469.15,4455,43
2026.06.04 23:30:00,4469.14,4469.53,4460.36,4461.47,4285,43
2026.06.05 00:00:00,4461.53,4464.91,4450.53,4457.44,5662,43
2026.06.05 00:30:00,4457.4,4466.82,4456.12,4459.28,5146,43
2026.06.05 01:00:00,4459.16,4469.95,4449.29,4458.58,6304,43
2026.06.05 01:30:00,4458.75,4459.64,4443.97,4446.67,5859,43
2026.06.05 02:00:00,4446.57,4454.82,4442.38,4451.05,5399,43
2026.06.05 02:30:00,4451.04,4451.68,4438.38,4440.44,6042,43
2026.06.05 03:00:00,4440.44,4443.76,4435.17,4436.56,5535,43
2026.06.05 03:30:00,4436.68,4443.22,4436.23,4442.24,4354,43
2026.06.05 04:00:00,4442.25,4444.57,4438.25,4439.51,4297,43
2026.06.05 04:30:00,4439.52,4446.23,4437.29,4444.85,4138,43
2026.06.05 05:00:00,4444.92,4449.81,4442.12,4444.6,4464,43
2026.06.05 05:30:00,4444.59,4448.1,4438.52,4439.87,5648,43
2026.06.05 06:00:00,4439.96,4446.25,4428.93,4442.38,5447,43
2026.06.05 06:30:00,4442.47,4456.12,4442.28,4452.82,5030,43
2026.06.05 07:00:00,4452.49,4467.5,4451.81,4467.33,4882,35
2026.06.05 07:30:00,4467.07,4467.22,4459.51,4460.8,4337,35
2026.06.05 08:00:00,4460.57,4466.67,4458.69,4466.67,4560,35
2026.06.05 08:30:00,4466.18,4468.1,4460.93,4462.71,4009,35
2026.06.05 09:00:00,4462.7,4469.13,4458.86,4462.89,4585,35
2026.06.05 09:30:00,4462.83,4469.16,4459.24,4464.79,4240,35
2026.06.05 10:00:00,4464.83,4467.98,4463.1,4465.98,3750,35
2026.06.05 10:30:00,4466.01,4467.79,4461.8,4466.83,3833,35
2026.06.05 11:00:00,4466.41,4466.87,4458.72,4465.99,4319,35
2026.06.05 11:30:00,4465.61,4475.12,4463.09,4470.15,4507,35
2026.06.05 12:00:00,4470.14,4475.69,4461.62,4464.82,4761,35
2026.06.05 12:30:00,4465.43,4465.74,4404.9,4406.42,6273,35
2026.06.05 13:00:00,4406.65,4420.83,4399.59,4404.58,6141,35
2026.06.05 13:30:00,4404.88,4409.49,4365.77,4366.0,6663,35
2026.06.05 14:00:00,4366.31,4379.08,4353.12,4360.99,6615,35
2026.06.05 14:30:00,4360.73,4370.09,4344.73,4369.52,6285,35
2026.06.05 15:00:00,4369.6,4372.5,4348.03,4352.12,6077,35
2026.06.05 15:30:00,4351.75,4354.81,4333.96,4335.43,5742,35
2026.06.05 16:00:00,4335.45,4338.82,4325.33,4329.61,5805,35
2026.06.05 16:30:00,4329.47,4344.82,4323.3,4344.49,5818,35
2026.06.05 17:00:00,4344.56,4346.8,4336.02,4342.28,5815,35
2026.06.05 17:30:00,4342.41,4347.46,4337.57,4341.66,5438,43
2026.06.05 18:00:00,4341.97,4342.05,4321.51,4325.69,5767,43
2026.06.05 18:30:00,4326.08,4326.96,4315.19,4322.32,5691,43
2026.06.05 19:00:00,4322.55,4324.21,4313.83,4323.76,7222,43
2026.06.05 19:30:00,4323.71,4325.03,4313.98,4318.6,10400,43
2026.06.05 20:00:00,4318.45,4326.21,4311.64,4322.51,7742,43
2026.06.05 20:30:00,4322.54,4331.13,4320.92,4328.01,6228,43
2026.06.07 22:00:00,4329.86,4330.51,4309.98,4316.63,9107,43
2026.06.07 22:30:00,4316.57,4328.87,4315.01,4317.17,8202,43
2026.06.07 23:00:00,4317.18,4334.43,4317.18,4333.91,7796,43
2026.06.07 23:30:00,4333.75,4346.85,4332.9,4343.91,8115,43
2026.06.08 00:00:00,4343.73,4353.45,4340.56,4351.4,9272,43
2026.06.08 00:30:00,4351.4,4352.36,4339.58,4342.17,9565,43
2026.06.08 01:00:00,4342.07,4345.63,4311.09,4314.42,13434,43
2026.06.08 01:30:00,4314.41,4329.63,4299.98,4325.57,13670,43
2026.06.08 02:00:00,4325.7,4330.58,4311.34,4314.84,11012,43
2026.06.08 02:30:00,4314.89,4320.71,4307.28,4310.52,11540,43
2026.06.08 03:00:00,4310.52,4314.13,4303.52,4307.19,9797,43
2026.06.08 03:30:00,4307.19,4317.03,4304.8,4316.79,7757,43
2026.06.08 04:00:00,4316.79,4321.65,4313.4,4319.8,8132,43
2026.06.08 04:30:00,4319.8,4320.21,4307.52,4312.55,6419,43
2026.06.08 05:00:00,4312.54,4316.0,4304.34,4311.66,4767,43
2026.06.08 05:30:00,4311.72,4312.59,4268.39,4291.9,6244,43
2026.06.08 06:00:00,4292.26,4311.31,4292.23,4305.78,5771,43
2026.06.08 06:30:00,4305.83,4306.31,4293.07,4299.72,5513,43
2026.06.08 07:00:00,4299.98,4317.02,4294.76,4306.06,5512,35
2026.06.08 07:30:00,4306.15,4311.35,4294.31,4294.33,5285,35
2026.06.08 08:00:00,4294.7,4296.98,4285.32,4288.18,5299,35
2026.06.08 08:30:00,4288.53,4293.83,4285.42,4288.76,5213,35
2026.06.08 09:00:00,4289.0,4292.09,4279.4,4279.7,4781,35
2026.06.08 09:30:00,4279.65,4301.65,4272.95,4294.26,5581,35
2026.06.08 10:00:00,4295.03,4297.48,4286.6,4293.63,5017,35
2026.06.08 10:30:00,4293.65,4305.52,4292.19,4301.95,5114,35
2026.06.08 11:00:00,4301.65,4330.88,4297.1,4325.21,5545,35
2026.06.08 11:30:00,4325.18,4333.2,4321.29,4331.07,5348,35
2026.06.08 12:00:00,4331.16,4334.68,4320.2,4329.77,5398,35
2026.06.08 12:30:00,4330.09,4339.32,4327.23,4333.04,5562,35
2026.06.08 13:00:00,4333.39,4335.98,4321.23,4331.18,5757,35
2026.06.08 13:30:00,4331.2,4346.43,4326.18,4326.63,6530,35
2026.06.08 14:00:00,4326.87,4330.7,4315.89,4320.04,6310,35
2026.06.08 14:30:00,4319.63,4331.32,4314.98,4330.71,6001,35
2026.06.08 15:00:00,4331.04,4336.33,4322.51,4330.81,5715,35
2026.06.08 15:30:00,4330.89,4345.56,4328.53,4341.6,5613,35
2026.06.08 16:00:00,4341.75,4343.89,4338.08,4340.88,5485,35
2026.06.08 16:30:00,4341.32,4346.37,4337.83,4340.64,5299,35
2026.06.08 17:00:00,4340.69,4342.38,4333.97,4339.1,5455,35
2026.06.08 17:30:00,4339.12,4339.52,4331.96,4339.13,5397,43
2026.06.08 18:00:00,4339.0,4345.79,4338.51,4342.49,5433,43
2026.06.08 18:30:00,4342.48,4344.74,4332.99,4334.53,5082,43
2026.06.08 19:00:00,4334.38,4338.09,4326.07,4327.63,5093,43
2026.06.08 19:30:00,4327.66,4330.4,4323.23,4326.5,5192,43
2026.06.08 20:00:00,4327.26,4329.81,4324.43,4326.41,3447,43
2026.06.08 20:30:00,4326.44,4329.85,4325.31,4329.12,2532,43
2026.06.08 22:00:00,4330.5,4330.7,4322.68,4325.09,2651,43
2026.06.08 22:30:00,4324.93,4328.86,4324.93,4327.81,2604,43
2026.06.08 23:00:00,4327.86,4328.81,4320.57,4320.81,2835,43
2026.06.08 23:30:00,4320.75,4322.33,4312.83,4317.68,4487,43
2026.06.09 00:00:00,4317.71,4323.65,4315.37,4316.7,5413,43
2026.06.09 00:30:00,4316.7,4322.86,4314.97,4319.78,4524,43
2026.06.09 01:00:00,4319.74,4338.07,4318.53,4335.21,5627,43
2026.06.09 01:30:00,4335.32,4338.66,4332.75,4336.38,5227,43
2026.06.09 02:00:00,4336.48,4336.72,4328.12,4335.38,5081,43
2026.06.09 02:30:00,4335.41,4340.87,4330.96,4335.92,5230,43
2026.06.09 03:00:00,4335.91,4342.09,4330.96,4336.62,4988,43
2026.06.09 03:30:00,4336.53,4341.83,4333.3,4336.54,3947,43
2026.06.09 04:00:00,4336.56,4339.29,4328.63,4330.37,3788,43
2026.06.09 04:30:00,4330.34,4332.75,4324.06,4332.2,3908,43
2026.06.09 05:00:00,4332.52,4337.04,4330.84,4332.49,4118,43
2026.06.09 05:30:00,4332.25,4351.31,4332.18,4343.33,5667,43
2026.06.09 06:00:00,4343.23,4348.62,4338.13,4338.99,5196,43
2026.06.09 06:30:00,4339.18,4340.14,4330.28,4330.54,5127,43
2026.06.09 07:00:00,4330.32,4334.72,4323.0,4331.02,5178,35
2026.06.09 07:30:00,4331.01,4331.17,4322.14,4326.49,4731,35
2026.06.09 08:00:00,4326.54,4336.12,4321.2,4334.34,5317,35
2026.06.09 08:30:00,4334.52,4336.63,4325.81,4326.49,4620,35
2026.06.09 09:00:00,4326.48,4336.01,4324.08,4326.8,4847,35
2026.06.09 09:30:00,4326.23,4333.52,4325.05,4332.12,4451,35
2026.06.09 10:00:00,4331.96,4336.75,4325.19,4333.62,4722,35
2026.06.09 10:30:00,4333.75,4340.57,4329.69,4339.06,4249,35
2026.06.09 11:00:00,4338.75,4340.36,4335.58,4338.56,4560,35
2026.06.09 11:30:00,4338.67,4343.63,4336.73,4339.79,4391,35
2026.06.09 12:00:00,4339.81,4343.98,4335.16,4335.9,4671,35
2026.06.09 12:30:00,4335.74,4344.14,4334.7,4341.27,5080,35
2026.06.09 13:00:00,4341.91,4345.38,4330.16,4330.77,5619,35
2026.06.09 13:30:00,4330.76,4363.45,4324.99,4328.82,6180,35
2026.06.09 14:00:00,4328.64,4335.83,4305.87,4318.27,6469,35
2026.06.09 14:30:00,4317.5,4320.66,4278.34,4300.5,6649,35
2026.06.09 15:00:00,4300.8,4301.96,4276.87,4278.63,6369,35
2026.06.09 15:30:00,4278.79,4285.61,4263.03,4272.18,6618,35
2026.06.09 16:00:00,4272.1,4280.89,4252.92,4263.33,6536,35
2026.06.09 16:30:00,4262.86,4267.62,4236.46,4252.28,6638,35
2026.06.09 17:00:00,4252.31,4267.65,4251.01,4263.06,6301,43
2026.06.09 17:30:00,4263.01,4268.0,4255.87,4262.98,5925,43
2026.06.09 18:00:00,4263.26,4274.09,4259.51,4270.79,5773,43
2026.06.09 18:30:00,4270.57,4273.9,4262.25,4269.77,5350,43
2026.06.09 19:00:00,4269.9,4271.56,4252.73,4257.25,5605,43
2026.06.09 19:30:00,4257.13,4260.03,4249.83,4258.56,5728,43
2026.06.09 20:00:00,4258.81,4261.0,4255.58,4258.95,3773,43
2026.06.09 20:30:00,4258.9,4261.97,4257.58,4258.82,2533,43
2026.06.09 22:00:00,4255.5,4256.66,4250.92,4256.54,2874,43
2026.06.09 22:30:00,4256.55,4257.18,4232.25,4237.16,5287,43
2026.06.09 23:00:00,4237.06,4247.13,4222.8,4224.1,5421,43
2026.06.09 23:30:00,4224.15,4229.79,4210.39,4221.84,6405,43
2026.06.10 00:00:00,4221.88,4228.23,4216.54,4218.02,5815,43
2026.06.10 00:30:00,4217.95,4220.58,4198.9,4218.04,5910,43
2026.06.10 01:00:00,4218.76,4218.76,4187.31,4201.81,6228,43
2026.06.10 01:30:00,4201.79,4206.56,4183.75,4188.58,6022,43
2026.06.10 02:00:00,4188.56,4191.58,4178.13,4187.91,5760,43
2026.06.10 02:30:00,4188.26,4192.52,4173.14,4174.02,6591,43
2026.06.10 03:00:00,4173.92,4181.08,4172.84,4177.1,5578,43
2026.06.10 03:30:00,4177.37,4186.39,4176.18,4184.78,5425,43
2026.06.10 04:00:00,4184.73,4187.08,4173.58,4174.34,5053,43
2026.06.10 04:30:00,4174.36,4175.83,4172.34,4174.72,4844,43
2026.06.10 05:00:00,4174.94,4187.15,4173.32,4187.01,5056,43
2026.06.10 05:30:00,4188.01,4208.93,4181.63,4205.1,6172,43
2026.06.10 06:00:00,4205.28,4221.74,4205.07,4211.78,5629,43
2026.06.10 06:30:00,4211.35,4213.3,4201.63,4203.73,5473,43
2026.06.10 07:00:00,4203.6,4207.57,4193.54,4194.8,5160,35
2026.06.10 07:30:00,4194.71,4197.19,4181.63,4186.39,5180,35
2026.06.10 08:00:00,4186.07,4187.38,4161.33,4172.14,5772,35
2026.06.10 08:30:00,4172.04,4179.17,4166.32,4168.53,5423,35
2026.06.10 09:00:00,4168.94,4174.93,4164.22,4166.11,5348,35
2026.06.10 09:30:00,4165.82,4179.6,4163.05,4168.67,5327,35
2026.06.10 10:00:00,4168.71,4171.08,4155.66,4164.92,5190,35
2026.06.10 10:30:00,4164.64,4178.52,4164.05,4174.36,5270,35
2026.06.10 11:00:00,4174.75,4176.03,4153.47,4166.47,6001,35
2026.06.10 11:30:00,4166.02,4167.84,4145.73,4147.43,5811,35
2026.06.10 12:00:00,4147.39,4152.44,4130.7,4140.74,5884,35
2026.06.10 12:30:00,4141.45,4173.67,4139.86,4146.8,6643,35
2026.06.10 13:00:00,4146.92,4157.88,4132.89,4149.68,6257,35
2026.06.10 13:30:00,4147.55,4186.1,4141.95,4179.49,6673,35
2026.06.10 14:00:00,4179.72,4180.84,4159.39,4161.16,6408,35
2026.06.10 14:30:00,4161.01,4163.25,4117.94,4124.83,6391,35
2026.06.10 15:00:00,4125.15,4136.85,4113.41,4127.76,6531,35
2026.06.10 15:30:00,4128.02,4131.09,4106.77,4128.77,6535,35
2026.06.10 16:00:00,4129.53,4134.57,4122.87,4127.5,6016,35
2026.06.10 16:30:00,4127.7,4132.08,4115.95,4121.87,5889,35
2026.06.10 17:00:00,4121.85,4134.87,4109.12,4110.91,5829,35
2026.06.10 17:30:00,4111.0,4113.42,4100.79,4111.58,5945,43
2026.06.10 18:00:00,4111.57,4120.36,4109.58,4112.25,5591,43
2026.06.10 18:30:00,4112.56,4112.56,4096.73,4101.45,5597,43
2026.06.10 19:00:00,4101.45,4101.91,4081.44,4084.75,5556,43
2026.06.10 19:30:00,4084.87,4092.15,4081.61,4082.59,5721,43
2026.06.10 20:00:00,4082.24,4082.9,4069.16,4078.28,5049,43
2026.06.10 20:30:00,4078.26,4078.26,4066.97,4070.52,3846,43
2026.06.10 22:00:00,4070.19,4071.49,4036.1,4044.57,5628,43
2026.06.10 22:30:00,4044.6,4068.84,4044.56,4046.17,6199,43
2026.06.10 23:00:00,4046.33,4064.61,4023.69,4061.49,6605,43
2026.06.10 23:30:00,4061.49,4064.27,4044.48,4047.05,6212,43
2026.06.11 00:00:00,4048.17,4072.57,4036.23,4067.58,6263,43
2026.06.11 00:30:00,4067.13,4077.94,4059.18,4075.66,5764,43
2026.06.11 01:00:00,4075.63,4108.62,4066.25,4104.46,6464,43
2026.06.11 01:30:00,4104.41,4117.85,4097.86,4101.95,6469,43
2026.06.11 02:00:00,4101.97,4102.68,4081.67,4082.45,6071,43
2026.06.11 02:30:00,4082.46,4085.11,4052.46,4067.84,6606,43
2026.06.11 03:00:00,4067.87,4078.47,4056.91,4063.13,6696,43
2026.06.11 03:30:00,4062.86,4075.53,4062.47,4072.71,5424,43
2026.06.11 04:00:00,4072.71,4085.25,4070.01,4077.52,5644,43
2026.06.11 04:30:00,4077.49,4085.72,4074.78,4082.51,5199,43
2026.06.11 05:00:00,4082.54,4082.93,4072.5,4074.95,5850,43
2026.06.11 05:30:00,4074.95,4106.17,4074.38,4094.19,6500,43
2026.06.11 06:00:00,4094.02,4094.63,4076.22,4086.62,5813,43
2026.06.11 06:30:00,4086.56,4097.46,4082.91,4094.74,5369,43
2026.06.11 07:00:00,4094.75,4110.14,4091.77,4107.46,5494,35
2026.06.11 07:30:00,4107.59,4110.51,4099.08,4104.85,5180,35
2026.06.11 08:00:00,4103.95,4112.54,4097.08,4097.51,5440,35
2026.06.11 08:30:00,4097.52,4099.39,4084.52,4084.52,5345,35
2026.06.11 09:00:00,4084.44,4088.77,4078.94,4079.38,5568,35
2026.06.11 09:30:00,4079.27,4096.24,4077.33,4091.52,5254,35
2026.06.11 10:00:00,4091.51,4094.45,4086.72,4087.86,5036,35
2026.06.11 10:30:00,4087.64,4092.9,4086.45,4089.78,4812,35
2026.06.11 11:00:00,4089.8,4093.09,4083.25,4090.19,5440,35
2026.06.11 11:30:00,4090.15,4095.85,4079.79,4080.25,5553,35
2026.06.11 12:00:00,4080.24,4087.11,4061.36,4068.95,5842,35
2026.06.11 12:30:00,4068.9,4085.04,4057.57,4081.78,6147,35
2026.06.11 13:00:00,4082.24,4086.11,4072.06,4075.29,6029,35
2026.06.11 13:30:00,4075.1,4092.48,4067.02,4083.15,6725,35
2026.06.11 14:00:00,4083.17,4085.26,4052.82,4074.75,6601,35
2026.06.11 14:30:00,4074.74,4083.47,4070.54,4073.35,6407,35
2026.06.11 15:00:00,4073.42,4089.21,4070.26,4081.58,6336,35
2026.06.11 15:30:00,4081.5,4095.28,4077.33,4088.9,5977,35
2026.06.11 16:00:00,4088.72,4107.47,4079.16,4079.29,5990,35
2026.06.11 16:30:00,4079.08,4087.76,4077.94,4080.15,5633,35
2026.06.11 17:00:00,4080.32,4102.28,4071.88,4101.12,5814,43
2026.06.11 17:30:00,4101.82,4169.86,4101.82,4151.66,6757,43
2026.06.11 18:00:00,4151.87,4162.79,4131.24,4152.81,5299,43
2026.06.11 18:30:00,4153.06,4171.6,4149.15,4161.75,5935,43
2026.06.11 19:00:00,4162.05,4198.26,4162.05,4195.46,6197,43
2026.06.11 19:30:00,4195.56,4219.77,4195.56,4208.81,6099,43
2026.06.11 20:00:00,4209.28,4218.41,4208.04,4213.96,4935,43
2026.06.11 20:30:00,4215.29,4216.16,4208.94,4210.27,4280,43
2026.06.11 22:00:00,4218.62,4218.62,4205.64,4214.93,3691,43
2026.06.11 22:30:00,4214.9,4246.18,4211.26,4243.16,6094,43
2026.06.11 23:00:00,4243.2,4245.69,4214.08,4215.93,5749,43
2026.06.11 23:30:00,4216.42,4224.38,4214.45,4219.88,5981,43
2026.06.12 00:00:00,4219.78,4230.42,4207.3,4220.31,6153,43
2026.06.12 00:30:00,4220.29,4228.47,4200.63,4208.24,6060,43
2026.06.12 01:00:00,4208.2,4210.54,4179.0,4181.01,6370,43
2026.06.12 01:30:00,4180.77,4191.31,4171.34,4188.49,6006,43
