time,open,high,low,close,volume,spread
2026.04.13 02:00:00,4721.22,4725.53,4718.86,4722.71,1419,42
2026.04.13 02:05:00,4722.77,4725.7,4719.17,4722.99,1339,42
2026.04.13 02:10:00,4722.99,4724.09,4720.71,4722.53,1392,41
2026.04.13 02:15:00,4722.5,4724.33,4719.59,4722.02,1019,42
2026.04.13 02:20:00,4722.02,4722.07,4719.3,4720.61,924,41
2026.04.13 02:25:00,4720.59,4724.71,4719.18,4719.89,1087,42
2026.04.13 02:30:00,4719.88,4727.82,4719.39,4725.32,1586,42
2026.04.13 02:35:00,4725.33,4725.33,4715.95,4715.95,1354,42
2026.04.13 02:40:00,4715.8,4719.46,4715.08,4715.34,1345,35
2026.04.13 02:45:00,4715.36,4718.03,4711.11,4712.42,1433,41
2026.04.13 02:50:00,4712.42,4718.93,4711.3,4718.81,1198,42
2026.04.13 02:55:00,4718.79,4721.48,4718.7,4720.34,1186,42
2026.04.13 03:00:00,4720.32,4721.64,4714.96,4715.51,1084,35
2026.04.13 03:05:00,4715.51,4715.51,4712.5,4714.53,1142,42
2026.04.13 03:10:00,4714.56,4715.34,4712.05,4713.86,1289,42
2026.04.13 03:15:00,4713.89,4717.22,4712.86,4715.1,1174,42
2026.04.13 03:20:00,4715.1,4717.74,4713.72,4716.96,1155,41
2026.04.13 03:25:00,4716.91,4720.93,4716.28,4718.87,1301,42
2026.04.13 03:30:00,4718.9,4721.79,4718.29,4721.08,985,42
2026.04.13 03:35:00,4721.07,4721.71,4717.37,4718.63,895,42
2026.04.13 03:40:00,4718.63,4724.11,4718.48,4722.08,1035,35
2026.04.13 03:45:00,4722.08,4722.44,4718.7,4720.67,974,42
2026.04.13 03:50:00,4720.58,4720.75,4717.79,4718.44,769,42
2026.04.13 03:55:00,4718.43,4720.23,4717.27,4718.07,603,42
2026.04.13 04:00:00,4718.07,4718.42,4713.04,4714.81,908,42
2026.04.13 04:05:00,4714.87,4715.4,4707.96,4712.52,845,42
2026.04.13 04:10:00,4712.53,4714.74,4710.84,4714.63,814,42
2026.04.13 04:15:00,4714.63,4715.86,4710.62,4712.17,837,42
2026.04.13 04:20:00,4712.18,4712.33,4709.63,4712.3,729,42
2026.04.13 04:25:00,4712.29,4715.45,4712.22,4712.63,702,42
2026.04.13 04:30:00,4712.63,4713.75,4708.91,4712.83,910,42
2026.04.13 04:35:00,4712.89,4712.93,4710.27,4712.11,815,42
2026.04.13 04:40:00,4712.12,4719.53,4712.12,4718.61,960,42
2026.04.13 04:45:00,4718.6,4719.17,4715.99,4718.78,716,42
2026.04.13 04:50:00,4718.72,4723.74,4717.98,4723.0,890,42
2026.04.13 04:55:00,4723.01,4724.92,4721.49,4723.01,1043,42
2026.04.13 05:00:00,4723.0,4726.11,4720.7,4721.22,1161,42
2026.04.13 05:05:00,4721.3,4723.37,4720.02,4720.81,794,42
2026.04.13 05:10:00,4721.02,4722.84,4718.34,4719.18,818,42
2026.04.13 05:15:00,4719.16,4721.21,4716.89,4716.9,971,42
2026.04.13 05:20:00,4716.89,4719.06,4716.25,4716.5,960,42
2026.04.13 05:25:00,4716.5,4721.43,4716.5,4720.46,762,42
2026.04.13 05:30:00,4720.02,4722.27,4717.9,4722.27,1163,42
2026.04.13 05:35:00,4722.21,4724.83,4719.8,4722.79,1345,35
2026.04.13 05:40:00,4722.79,4723.53,4720.1,4721.11,1310,42
2026.04.13 05:45:00,4721.09,4725.76,4720.7,4722.82,1346,42
2026.04.13 05:50:00,4722.83,4724.72,4720.52,4720.66,1143,42
2026.04.13 05:55:00,4720.66,4730.59,4720.45,4729.3,1383,42
2026.04.13 06:00:00,4729.32,4729.41,4723.53,4726.08,1425,35
2026.04.13 06:05:00,4726.08,4729.22,4724.41,4727.81,1351,42
2026.04.13 06:10:00,4727.87,4729.32,4724.34,4726.22,1355,42
2026.04.13 06:15:00,4726.23,4731.72,4726.18,4728.55,1470,42
2026.04.13 06:20:00,4728.52,4728.81,4725.3,4727.22,1246,35
2026.04.13 06:25:00,4727.19,4731.82,4725.66,4731.27,1276,42
2026.04.13 06:30:00,4731.46,4732.55,4728.6,4729.59,1281,35
2026.04.13 06:35:00,4729.61,4731.01,4725.42,4726.86,1203,42
2026.04.13 06:40:00,4726.88,4728.13,4725.32,4726.31,1184,42
2026.04.13 06:45:00,4726.25,4726.33,4721.06,4721.51,1309,37
2026.04.13 06:50:00,4721.55,4725.52,4721.0,4724.95,1239,42
2026.04.13 06:55:00,4724.93,4725.74,4722.94,4725.56,1073,42
2026.04.13 07:00:00,4725.75,4738.67,4725.68,4737.2,1517,35
2026.04.13 07:05:00,4737.19,4737.66,4726.7,4726.7,1421,35
2026.04.13 07:10:00,4726.64,4730.44,4724.85,4728.1,1282,35
2026.04.13 07:15:00,4728.1,4732.84,4726.46,4731.24,1297,35
2026.04.13 07:20:00,4731.23,4732.11,4729.18,4730.01,1061,35
2026.04.13 07:25:00,4730.17,4731.73,4727.09,4730.8,1236,35
2026.04.13 07:30:00,4730.96,4733.67,4730.29,4731.63,1200,35
2026.04.13 07:35:00,4731.63,4732.21,4727.42,4729.72,1192,35
2026.04.13 07:40:00,4729.72,4732.57,4728.43,4732.26,1137,35
2026.04.13 07:45:00,4732.14,4739.19,4732.03,4738.92,1297,35
2026.04.13 07:50:00,4738.87,4739.91,4734.32,4734.77,1370,35
2026.04.13 07:55:00,4734.77,4736.2,4728.32,4733.68,1411,35
2026.04.13 08:00:00,4733.61,4738.51,4733.37,4736.3,1488,35
2026.04.13 08:05:00,4736.28,4737.17,4732.18,4734.01,1331,35
2026.04.13 08:10:00,4734.14,4735.77,4732.46,4732.82,1235,35
2026.04.13 08:15:00,4732.82,4733.37,4729.94,4732.81,1144,35
2026.04.13 08:20:00,4732.81,4733.86,4730.06,4733.01,1104,35
2026.04.13 08:25:00,4733.06,4734.29,4731.85,4731.95,1026,35
2026.04.13 08:30:00,4731.96,4736.3,4730.64,4732.67,1205,35
2026.04.13 08:35:00,4732.68,4734.58,4729.07,4729.99,1036,35
2026.04.13 08:40:00,4729.95,4730.09,4720.85,4721.36,1324,35
2026.04.13 08:45:00,4721.33,4729.72,4720.18,4728.49,1270,35
2026.04.13 08:50:00,4728.39,4728.6,4723.79,4724.99,1114,35
2026.04.13 08:55:00,4724.99,4726.56,4723.15,4723.24,1080,35
2026.04.13 09:00:00,4723.24,4728.45,4722.8,4726.78,1223,35
2026.04.13 09:05:00,4726.89,4727.27,4717.49,4717.54,1233,35
2026.04.13 09:10:00,4717.54,4721.78,4715.92,4719.1,1304,35
2026.04.13 09:15:00,4719.0,4720.52,4716.26,4719.82,1172,35
2026.04.13 09:20:00,4719.77,4721.32,4716.69,4720.52,1063,35
2026.04.13 09:25:00,4720.63,4720.63,4713.94,4715.12,1068,35
2026.04.13 09:30:00,4715.18,4719.71,4714.06,4714.16,1212,35
2026.04.13 09:35:00,4714.16,4715.83,4710.93,4715.82,1285,35
2026.04.13 09:40:00,4715.82,4716.02,4710.41,4714.2,1093,35
2026.04.13 09:45:00,4714.04,4716.31,4710.98,4713.58,1170,35
2026.04.13 09:50:00,4713.56,4716.41,4711.97,4715.17,880,35
2026.04.13 09:55:00,4714.82,4716.52,4713.98,4714.56,915,35
2026.04.13 10:00:00,4714.59,4716.79,4714.52,4715.52,1010,35
2026.04.13 10:05:00,4715.54,4718.56,4713.51,4717.92,985,35
2026.04.13 10:10:00,4717.91,4718.91,4714.51,4717.81,997,35
2026.04.13 10:15:00,4717.87,4717.95,4712.42,4713.09,1060,35
2026.04.13 10:20:00,4713.08,4714.42,4711.21,4711.71,1025,35
2026.04.13 10:25:00,4711.69,4712.5,4708.33,4712.48,1139,35
2026.04.13 10:30:00,4712.57,4716.05,4711.67,4715.9,1049,35
2026.04.13 10:35:00,4715.9,4717.37,4715.02,4717.27,1048,35
2026.04.13 10:40:00,4717.27,4718.51,4714.62,4717.91,942,35
2026.04.13 10:45:00,4717.91,4721.93,4717.38,4721.55,1097,35
2026.04.13 10:50:00,4721.55,4723.83,4719.93,4720.1,1155,35
2026.04.13 10:55:00,4720.08,4722.14,4719.28,4721.98,1156,35
2026.04.13 11:00:00,4722.1,4726.33,4720.88,4725.28,1449,35
2026.04.13 11:05:00,4725.06,4729.11,4722.7,4722.74,1315,35
2026.04.13 11:10:00,4722.73,4723.57,4720.03,4721.43,1223,35
2026.04.13 11:15:00,4721.54,4722.84,4719.96,4720.07,1095,35
2026.04.13 11:20:00,4720.05,4723.56,4718.91,4720.13,1081,35
2026.04.13 11:25:00,4720.13,4721.21,4718.36,4720.95,1090,35
2026.04.13 11:30:00,4720.95,4722.31,4719.52,4719.76,1007,35
2026.04.13 11:35:00,4719.76,4719.81,4710.63,4712.14,1441,35
2026.04.13 11:40:00,4712.09,4712.69,4704.14,4707.25,1619,35
2026.04.13 11:45:00,4707.25,4711.27,4703.35,4708.56,1473,35
2026.04.13 11:50:00,4708.56,4712.01,4705.5,4707.68,1484,35
2026.04.13 11:55:00,4707.67,4710.94,4704.98,4706.92,1484,35
2026.04.13 12:00:00,4706.83,4712.59,4703.53,4709.06,1576,35
2026.04.13 12:05:00,4709.11,4715.03,4709.1,4714.0,1551,35
2026.04.13 12:10:00,4713.98,4720.04,4713.94,4717.25,1344,35
2026.04.13 12:15:00,4717.52,4717.72,4713.45,4713.86,1318,35
2026.04.13 12:20:00,4714.1,4714.58,4705.89,4707.27,1498,35
2026.04.13 12:25:00,4707.35,4711.21,4703.83,4710.55,1439,35
2026.04.13 12:30:00,4710.55,4715.72,4709.61,4713.76,1524,35
2026.04.13 12:35:00,4713.82,4715.94,4708.78,4711.38,1531,35
2026.04.13 12:40:00,4711.35,4716.41,4710.59,4715.63,1555,35
2026.04.13 12:45:00,4715.61,4722.46,4715.3,4721.17,1485,35
2026.04.13 12:50:00,4721.16,4724.69,4719.34,4723.5,1506,35
2026.04.13 12:55:00,4723.52,4725.07,4720.43,4723.52,1507,35
2026.04.13 13:00:00,4723.51,4729.38,4722.61,4726.96,1921,35
2026.04.13 13:05:00,4726.94,4730.82,4726.51,4728.31,1755,35
2026.04.13 13:10:00,4728.43,4736.08,4726.07,4734.3,1822,35
2026.04.13 13:15:00,4734.3,4737.66,4731.95,4735.22,1669,35
2026.04.13 13:20:00,4735.18,4735.72,4728.73,4730.83,1515,35
2026.04.13 13:25:00,4730.49,4734.14,4729.86,4733.27,1530,35
2026.04.13 13:30:00,4733.49,4737.25,4730.85,4733.65,1919,35
2026.04.13 13:35:00,4733.78,4734.7,4726.9,4727.49,1891,35
2026.04.13 13:40:00,4727.44,4730.32,4724.45,4726.83,1884,35
2026.04.13 13:45:00,4726.76,4741.17,4722.63,4738.36,1928,35
2026.04.13 13:50:00,4738.68,4745.39,4721.45,4726.48,2164,35
2026.04.13 13:55:00,4726.5,4731.84,4722.61,4730.7,2019,35
2026.04.13 14:00:00,4730.3,4731.26,4720.43,4724.2,1975,35
2026.04.13 14:05:00,4724.2,4727.6,4721.15,4725.07,1952,35
2026.04.13 14:10:00,4725.05,4728.7,4723.64,4727.33,1859,35
2026.04.13 14:15:00,4727.3,4728.06,4717.12,4718.32,1924,35
2026.04.13 14:20:00,4718.34,4721.23,4709.71,4717.25,2046,35
2026.04.13 14:25:00,4717.35,4717.72,4713.05,4715.33,2020,35
2026.04.13 14:30:00,4715.31,4720.09,4708.68,4719.73,1926,35
2026.04.13 14:35:00,4719.74,4720.51,4715.01,4719.04,1801,35
2026.04.13 14:40:00,4719.04,4722.52,4717.26,4721.63,1624,35
2026.04.13 14:45:00,4721.62,4723.3,4714.67,4715.18,1795,35
2026.04.13 14:50:00,4715.09,4715.53,4710.08,4714.16,1851,35
2026.04.13 14:55:00,4713.92,4720.22,4711.62,4719.01,1708,35
2026.04.13 15:00:00,4719.03,4719.83,4705.64,4707.62,1988,35
2026.04.13 15:05:00,4707.57,4708.75,4699.85,4705.24,1984,35
2026.04.13 15:10:00,4705.29,4710.1,4703.17,4707.55,1815,35
2026.04.13 15:15:00,4707.53,4711.4,4706.12,4706.42,1735,35
2026.04.13 15:20:00,4706.64,4710.09,4704.49,4704.69,1763,35
2026.04.13 15:25:00,4704.62,4705.94,4702.92,4703.65,1717,35
2026.04.13 15:30:00,4703.65,4709.29,4702.16,4708.87,1696,35
2026.04.13 15:35:00,4708.91,4717.99,4708.91,4715.94,1842,35
2026.04.13 15:40:00,4716.08,4716.45,4711.09,4712.49,1507,35
2026.04.13 15:45:00,4712.41,4715.5,4710.77,4715.1,1449,35
2026.04.13 15:50:00,4715.11,4715.8,4712.2,4712.3,1348,35
2026.04.13 15:55:00,4712.3,4714.86,4711.88,4714.47,1301,35
2026.04.13 16:00:00,4714.46,4716.03,4710.26,4711.57,1431,35
2026.04.13 16:05:00,4711.49,4719.41,4709.23,4716.78,1772,35
2026.04.13 16:10:00,4716.78,4721.09,4715.34,4719.79,1564,35
2026.04.13 16:15:00,4719.8,4729.44,4718.74,4725.94,1734,35
2026.04.13 16:20:00,4725.95,4731.25,4722.54,4726.33,1669,35
2026.04.13 16:25:00,4726.3,4734.03,4726.17,4730.18,1790,35
2026.04.13 16:30:00,4730.0,4736.55,4728.48,4733.88,1971,35
2026.04.13 16:35:00,4733.77,4737.21,4732.14,4735.74,1770,35
2026.04.13 16:40:00,4735.57,4740.29,4730.04,4740.0,2021,35
2026.04.13 16:45:00,4740.14,4746.44,4736.57,4737.64,1876,35
2026.04.13 16:50:00,4737.64,4743.41,4735.09,4737.14,1814,35
2026.04.13 16:55:00,4737.19,4738.13,4732.14,4732.94,1597,35
2026.04.13 17:00:00,4732.97,4738.49,4732.85,4738.49,1500,35
2026.04.13 17:05:00,4738.49,4738.49,4725.45,4728.84,1652,42
2026.04.13 17:10:00,4728.75,4731.77,4728.69,4730.74,1531,35
2026.04.13 17:15:00,4730.88,4744.58,4729.51,4744.17,1497,35
2026.04.13 17:20:00,4744.22,4748.11,4741.35,4744.7,1775,42
2026.04.13 17:25:00,4744.67,4749.8,4742.74,4743.05,1691,42
2026.04.13 17:30:00,4743.0,4747.34,4742.69,4743.38,1467,42
2026.04.13 17:35:00,4743.28,4746.84,4743.12,4746.0,1389,42
2026.04.13 17:40:00,4745.99,4746.71,4742.48,4743.88,1243,42
2026.04.13 17:45:00,4743.87,4744.12,4736.77,4738.41,1252,42
2026.04.13 17:50:00,4738.41,4740.16,4727.36,4730.18,1575,42
2026.04.13 17:55:00,4729.83,4731.55,4728.53,4729.9,1347,41
2026.04.13 18:00:00,4729.97,4732.85,4729.08,4731.83,1255,42
2026.04.13 18:05:00,4731.78,4732.4,4728.83,4729.3,1173,35
2026.04.13 18:10:00,4729.31,4732.11,4729.15,4729.98,1245,42
2026.04.13 18:15:00,4730.0,4731.02,4724.6,4724.71,1437,42
2026.04.13 18:20:00,4724.67,4730.11,4724.32,4728.78,1294,35
2026.04.13 18:25:00,4728.78,4728.79,4722.91,4727.19,1246,42
2026.04.13 18:30:00,4726.96,4733.95,4726.55,4733.17,1471,42
2026.04.13 18:35:00,4733.05,4735.18,4730.94,4731.63,1338,42
2026.04.13 18:40:00,4731.67,4733.4,4730.7,4733.39,1263,42
2026.04.13 18:45:00,4733.42,4736.41,4733.3,4735.37,1363,42
2026.04.13 18:50:00,4735.43,4740.24,4733.92,4739.27,1447,35
2026.04.13 18:55:00,4739.24,4740.59,4737.15,4738.28,1415,42
2026.04.13 19:00:00,4738.24,4739.49,4735.17,4735.45,1413,35
2026.04.13 19:05:00,4735.45,4735.76,4730.51,4734.3,1311,39
2026.04.13 19:10:00,4734.27,4735.02,4732.31,4734.68,1101,42
2026.04.13 19:15:00,4734.66,4738.03,4734.66,4737.17,1134,42
2026.04.13 19:20:00,4737.17,4741.33,4736.84,4741.22,964,35
2026.04.13 19:25:00,4741.19,4744.09,4741.06,4743.1,1118,38
2026.04.13 19:30:00,4743.07,4747.31,4742.54,4743.51,1294,35
2026.04.13 19:35:00,4743.46,4745.77,4741.49,4741.49,1177,35
2026.04.13 19:40:00,4741.47,4742.41,4738.87,4741.76,1238,42
2026.04.13 19:45:00,4741.6,4741.92,4739.27,4741.02,1037,42
2026.04.13 19:50:00,4741.2,4745.7,4741.2,4744.37,1415,37
2026.04.13 19:55:00,4744.6,4745.54,4739.56,4741.07,1340,36
2026.04.13 20:00:00,4741.07,4743.21,4739.65,4742.16,846,42
2026.04.13 20:05:00,4742.16,4743.61,4741.71,4742.5,534,42
2026.04.13 20:10:00,4742.58,4743.95,4741.88,4742.33,482,42
2026.04.13 20:15:00,4742.4,4742.68,4741.29,4741.76,367,42
2026.04.13 20:20:00,4741.74,4743.71,4740.27,4740.66,523,38
2026.04.13 20:25:00,4740.65,4740.76,4738.25,4739.21,557,42
2026.04.13 20:30:00,4739.21,4740.44,4738.4,4739.37,651,42
2026.04.13 20:35:00,4739.38,4740.03,4738.35,4738.43,503,42
2026.04.13 20:40:00,4738.37,4739.96,4738.37,4739.82,359,42
2026.04.13 20:45:00,4739.7,4740.96,4738.41,4738.98,620,42
2026.04.13 20:50:00,4738.97,4741.37,4738.1,4740.68,517,42
2026.04.13 20:55:00,4740.66,4741.83,4739.9,4740.11,397,42
2026.04.13 22:00:00,4752.0,4753.25,4746.72,4746.77,1113,35
2026.04.13 22:05:00,4746.71,4750.83,4746.43,4748.18,820,42
2026.04.13 22:10:00,4748.18,4751.91,4747.46,4748.34,656,42
2026.04.13 22:15:00,4748.35,4749.64,4746.51,4748.58,739,41
2026.04.13 22:20:00,4748.59,4748.88,4746.05,4747.17,399,41
2026.04.13 22:25:00,4747.07,4748.87,4745.53,4748.58,431,42
2026.04.13 22:30:00,4748.58,4749.53,4746.62,4747.41,757,42
2026.04.13 22:35:00,4747.34,4749.16,4746.27,4747.71,749,42
2026.04.13 22:40:00,4747.7,4750.28,4747.68,4750.28,836,35
2026.04.13 22:45:00,4750.88,4753.08,4749.01,4750.92,941,35
2026.04.13 22:50:00,4750.9,4755.76,4750.9,4755.3,1007,35
2026.04.13 22:55:00,4755.3,4759.61,4755.09,4757.89,1028,35
2026.04.13 23:00:00,4757.9,4765.08,4757.9,4764.24,1271,42
2026.04.13 23:05:00,4764.2,4765.52,4762.74,4765.02,1107,42
2026.04.13 23:10:00,4764.84,4765.7,4762.43,4762.88,971,42
2026.04.13 23:15:00,4762.91,4763.41,4759.69,4760.5,776,42
2026.04.13 23:20:00,4760.51,4760.54,4757.63,4758.53,881,35
2026.04.13 23:25:00,4758.53,4758.76,4754.43,4755.26,823,42
2026.04.13 23:30:00,4755.3,4757.78,4754.26,4755.12,880,42
2026.04.13 23:35:00,4755.14,4759.95,4754.49,4759.62,941,42
2026.04.13 23:40:00,4759.6,4761.66,4759.13,4759.45,977,42
2026.04.13 23:45:00,4759.41,4761.48,4758.3,4758.3,888,42
2026.04.13 23:50:00,4758.34,4760.47,4756.52,4758.66,821,42
2026.04.13 23:55:00,4758.7,4758.76,4756.82,4757.47,851,42
2026.04.14 00:00:00,4757.65,4757.9,4751.62,4754.72,1512,42
2026.04.14 00:05:00,4754.72,4757.73,4753.37,4755.95,1330,42
2026.04.14 00:10:00,4756.07,4760.53,4755.34,4759.55,1173,42
2026.04.14 00:15:00,4759.54,4764.48,4759.54,4763.66,1411,35
2026.04.14 00:20:00,4764.33,4765.11,4761.4,4762.85,1230,35
2026.04.14 00:25:00,4762.98,4767.57,4759.77,4762.27,1309,42
2026.04.14 00:30:00,4762.28,4768.26,4761.29,4766.07,1374,35
2026.04.14 00:35:00,4766.02,4771.58,4765.36,4771.41,1111,41
2026.04.14 00:40:00,4771.53,4775.88,4769.8,4770.36,1373,41
2026.04.14 00:45:00,4770.26,4771.77,4768.31,4770.75,1105,42
2026.04.14 00:50:00,4770.77,4771.7,4768.9,4770.11,1042,42
2026.04.14 00:55:00,4769.99,4771.75,4768.7,4769.8,1062,42
2026.04.14 01:00:00,4769.8,4770.74,4762.45,4767.71,2015,35
2026.04.14 01:05:00,4767.75,4776.57,4767.48,4775.24,1859,42
2026.04.14 01:10:00,4775.26,4776.84,4770.56,4775.86,1688,42
2026.04.14 01:15:00,4775.92,4776.26,4770.93,4771.64,1690,42
2026.04.14 01:20:00,4771.66,4773.65,4769.72,4770.44,1460,42
2026.04.14 01:25:00,4770.5,4774.63,4770.16,4770.32,1373,42
2026.04.14 01:30:00,4770.29,4770.94,4764.18,4765.93,1521,37
2026.04.14 01:35:00,4765.92,4769.76,4764.87,4768.16,1507,42
2026.04.14 01:40:00,4768.16,4773.01,4767.96,4772.75,1329,42
2026.04.14 01:45:00,4772.75,4773.55,4767.11,4767.88,1321,42
2026.04.14 01:50:00,4767.91,4768.69,4764.0,4764.94,1256,42
2026.04.14 01:55:00,4764.94,4766.86,4761.7,4764.66,1437,42
2026.04.14 02:00:00,4764.58,4766.62,4762.73,4765.55,1334,42
2026.04.14 02:05:00,4765.42,4771.04,4765.32,4769.05,1522,42
2026.04.14 02:10:00,4769.05,4770.28,4767.5,4767.92,1188,42
2026.04.14 02:15:00,4767.92,4772.38,4767.45,4771.12,982,41
2026.04.14 02:20:00,4771.13,4771.26,4768.2,4769.31,777,42
2026.04.14 02:25:00,4769.32,4769.79,4768.36,4768.75,653,42
2026.04.14 02:30:00,4768.74,4768.84,4762.03,4767.21,1558,42
2026.04.14 02:35:00,4767.22,4769.28,4765.75,4767.89,1102,42
2026.04.14 02:40:00,4767.91,4772.59,4766.68,4772.2,1348,42
2026.04.14 02:45:00,4772.21,4776.94,4772.02,4775.81,1326,42
2026.04.14 02:50:00,4775.87,4777.14,4774.44,4774.49,1075,42
2026.04.14 02:55:00,4774.49,4775.98,4773.13,4774.95,1160,42
2026.04.14 03:00:00,4774.96,4775.5,4771.56,4772.22,1151,41
2026.04.14 03:05:00,4772.21,4773.0,4768.82,4768.89,1093,42
2026.04.14 03:10:00,4768.88,4770.92,4768.58,4768.91,1138,42
2026.04.14 03:15:00,4768.9,4769.79,4766.43,4769.62,1306,42
2026.04.14 03:20:00,4769.68,4771.24,4768.35,4768.48,933,42
2026.04.14 03:25:00,4768.49,4768.77,4765.88,4768.34,1063,42
2026.04.14 03:30:00,4768.29,4769.54,4765.52,4767.5,903,42
2026.04.14 03:35:00,4767.51,4767.59,4766.27,4766.71,797,41
2026.04.14 03:40:00,4766.69,4768.56,4765.61,4767.65,836,42
2026.04.14 03:45:00,4767.64,4771.26,4767.43,4771.05,772,42
2026.04.14 03:50:00,4771.03,4771.85,4769.97,4771.4,883,42
2026.04.14 03:55:00,4771.41,4771.69,4767.46,4767.94,761,42
2026.04.14 04:00:00,4768.25,4770.46,4766.96,4768.15,769,42
2026.04.14 04:05:00,4768.1,4768.35,4767.56,4767.88,598,41
2026.04.14 04:10:00,4767.88,4768.89,4767.77,4768.71,489,42
2026.04.14 04:15:00,4768.64,4773.59,4768.46,4773.59,775,42
2026.04.14 04:20:00,4773.6,4775.14,4773.47,4774.3,938,35
2026.04.14 04:25:00,4774.29,4776.91,4774.15,4775.86,942,42
2026.04.14 04:30:00,4775.87,4776.12,4773.83,4774.1,815,42
2026.04.14 04:35:00,4774.03,4775.19,4771.36,4772.96,800,42
2026.04.14 04:40:00,4772.96,4773.6,4771.59,4773.6,650,42
2026.04.14 04:45:00,4773.54,4775.71,4772.51,4775.48,800,42
2026.04.14 04:50:00,4775.47,4775.94,4773.71,4774.49,744,42
2026.04.14 04:55:00,4774.48,4774.71,4773.6,4774.06,486,42
2026.04.14 05:00:00,4774.04,4774.14,4770.57,4772.56,906,42
2026.04.14 05:05:00,4772.56,4772.56,4767.05,4767.37,975,42
2026.04.14 05:10:00,4767.34,4768.22,4763.2,4765.34,1295,41
2026.04.14 05:15:00,4765.38,4767.29,4764.55,4766.49,1021,42
2026.04.14 05:20:00,4766.4,4767.96,4764.54,4764.57,806,42
2026.04.14 05:25:00,4764.57,4764.78,4761.71,4764.61,1194,35
2026.04.14 05:30:00,4764.63,4767.06,4760.07,4761.8,1683,35
2026.04.14 05:35:00,4761.77,4763.0,4758.11,4759.05,1497,42
2026.04.14 05:40:00,4759.05,4762.42,4757.95,4760.85,1464,42
2026.04.14 05:45:00,4760.85,4766.36,4759.18,4763.91,1430,42
2026.04.14 05:50:00,4763.65,4766.65,4761.4,4761.65,1427,42
2026.04.14 05:55:00,4761.65,4763.15,4759.86,4760.0,1309,42
2026.04.14 06:00:00,4760.15,4766.96,4760.03,4764.58,1589,40
2026.04.14 06:05:00,4764.58,4769.56,4764.14,4769.47,1433,42
2026.04.14 06:10:00,4769.47,4769.47,4764.76,4765.91,1329,42
2026.04.14 06:15:00,4765.87,4765.87,4763.23,4763.74,1106,42
2026.04.14 06:20:00,4763.76,4767.13,4763.76,4764.78,1128,42
2026.04.14 06:25:00,4764.73,4767.94,4764.2,4767.66,1302,42
2026.04.14 06:30:00,4767.62,4768.07,4764.57,4765.17,1037,42
2026.04.14 06:35:00,4765.19,4767.82,4764.26,4767.51,1107,42
2026.04.14 06:40:00,4767.49,4770.41,4767.25,4769.54,1156,41
2026.04.14 06:45:00,4769.51,4774.29,4768.76,4772.66,1488,38
2026.04.14 06:50:00,4772.58,4781.47,4770.93,4778.55,1642,35
2026.04.14 06:55:00,4778.54,4782.82,4778.35,4782.07,1735,37
2026.04.14 07:00:00,4782.04,4790.24,4780.87,4786.75,1861,35
2026.04.14 07:05:00,4786.76,4796.35,4786.76,4793.5,1935,35
2026.04.14 07:10:00,4793.48,4793.48,4786.01,4790.22,1765,35
2026.04.14 07:15:00,4790.19,4791.35,4784.62,4784.93,1511,35
2026.04.14 07:20:00,4784.95,4787.07,4772.19,4772.69,1751,35
2026.04.14 07:25:00,4772.67,4774.95,4767.98,4772.72,1762,35
2026.04.14 07:30:00,4772.67,4775.73,4772.37,4772.4,1421,35
2026.04.14 07:35:00,4772.4,4777.74,4771.75,4777.65,1352,35
2026.04.14 07:40:00,4777.66,4779.56,4773.96,4777.87,1434,35
2026.04.14 07:45:00,4777.88,4780.62,4777.1,4777.62,1514,35
2026.04.14 07:50:00,4777.5,4778.16,4773.95,4775.33,1584,35
2026.04.14 07:55:00,4775.31,4779.37,4773.81,4777.13,1249,35
2026.04.14 08:00:00,4776.97,4778.13,4774.19,4777.77,1450,35
2026.04.14 08:05:00,4777.73,4782.3,4777.63,4780.45,1456,35
2026.04.14 08:10:00,4780.47,4782.46,4777.86,4780.45,1432,35
2026.04.14 08:15:00,4780.45,4780.99,4777.83,4779.8,1348,35
2026.04.14 08:20:00,4779.73,4781.8,4775.48,4777.44,1454,35
2026.04.14 08:25:00,4777.41,4786.42,4777.35,4785.95,1488,35
2026.04.14 08:30:00,4785.95,4789.28,4784.98,4788.55,1492,35
2026.04.14 08:35:00,4788.67,4789.89,4785.87,4787.86,1437,35
2026.04.14 08:40:00,4787.83,4787.83,4782.55,4784.75,1370,35
2026.04.14 08:45:00,4784.93,4785.94,4783.46,4784.6,1309,35
2026.04.14 08:50:00,4784.59,4785.27,4781.83,4784.36,1197,35
2026.04.14 08:55:00,4784.33,4786.84,4781.37,4786.84,1161,35
2026.04.14 09:00:00,4786.91,4787.98,4784.1,4785.65,1214,35
2026.04.14 09:05:00,4785.62,4785.87,4780.19,4785.4,1384,35
2026.04.14 09:10:00,4785.41,4785.94,4783.65,4785.53,1214,35
2026.04.14 09:15:00,4785.54,4787.47,4784.72,4785.14,1061,35
2026.04.14 09:20:00,4785.15,4789.2,4783.36,4786.81,1237,35
2026.04.14 09:25:00,4786.79,4786.82,4778.62,4778.62,1298,35
2026.04.14 09:30:00,4778.66,4779.15,4771.76,4774.32,1660,35
2026.04.14 09:35:00,4773.92,4779.33,4773.72,4778.88,1272,35
2026.04.14 09:40:00,4778.86,4779.5,4775.69,4778.13,1039,35
2026.04.14 09:45:00,4778.13,4778.79,4772.92,4776.06,1312,35
2026.04.14 09:50:00,4776.08,4778.56,4775.8,4777.19,1226,35
2026.04.14 09:55:00,4777.19,4782.3,4777.17,4778.13,1409,35
2026.04.14 10:00:00,4778.18,4782.16,4778.18,4779.79,1214,35
2026.04.14 10:05:00,4779.79,4784.66,4779.78,4784.3,1197,35
2026.04.14 10:10:00,4784.46,4784.94,4780.12,4782.16,1208,35
2026.04.14 10:15:00,4782.15,4787.05,4781.19,4787.05,1205,35
2026.04.14 10:20:00,4787.05,4787.92,4783.14,4784.07,1270,35
2026.04.14 10:25:00,4784.08,4784.98,4780.43,4783.87,1035,35
2026.04.14 10:30:00,4783.81,4784.48,4781.95,4784.22,1094,35
2026.04.14 10:35:00,4784.21,4784.31,4752.29,4763.06,1654,35
2026.04.14 10:40:00,4763.07,4768.46,4756.84,4767.27,1755,35
2026.04.14 10:45:00,4767.32,4769.9,4767.01,4769.66,1324,35
2026.04.14 10:50:00,4769.68,4772.35,4768.71,4770.36,1352,35
2026.04.14 10:55:00,4770.36,4772.2,4768.27,4768.27,1213,35
2026.04.14 11:00:00,4768.33,4771.72,4766.81,4771.47,1480,35
2026.04.14 11:05:00,4771.11,4776.92,4770.35,4775.96,1472,35
2026.04.14 11:10:00,4776.01,4776.96,4775.22,4776.59,1204,35
2026.04.14 11:15:00,4776.59,4777.96,4775.2,4777.05,1166,35
2026.04.14 11:20:00,4777.06,4779.2,4776.65,4778.38,1105,35
2026.04.14 11:25:00,4778.39,4782.89,4777.05,4778.16,1355,35
2026.04.14 11:30:00,4778.48,4778.49,4773.4,4773.92,1472,35
2026.04.14 11:35:00,4773.97,4778.02,4773.28,4777.73,1299,35
2026.04.14 11:40:00,4777.74,4779.89,4776.72,4778.05,1309,35
2026.04.14 11:45:00,4777.98,4778.96,4775.12,4775.5,1174,35
2026.04.14 11:50:00,4775.4,4775.9,4770.38,4773.4,1367,35
2026.04.14 11:55:00,4773.38,4782.95,4770.58,4774.99,1477,35
2026.04.14 12:00:00,4774.97,4777.29,4773.8,4774.52,1641,35
2026.04.14 12:05:00,4774.5,4777.56,4774.24,4774.86,1333,35
2026.04.14 12:10:00,4774.99,4775.3,4768.7,4769.83,1516,35
2026.04.14 12:15:00,4769.76,4772.42,4765.93,4770.64,1526,35
2026.04.14 12:20:00,4770.7,4770.7,4762.57,4766.05,1688,35
2026.04.14 12:25:00,4765.96,4770.46,4765.19,4769.14,1607,35
2026.04.14 12:30:00,4769.12,4776.12,4768.71,4775.41,1826,35
2026.04.14 12:35:00,4775.37,4776.12,4769.31,4773.38,1643,35
2026.04.14 12:40:00,4773.38,4776.11,4768.34,4768.62,1643,35
2026.04.14 12:45:00,4768.72,4773.56,4765.91,4772.64,1557,35
2026.04.14 12:50:00,4772.58,4773.3,4762.17,4764.52,1823,35
2026.04.14 12:55:00,4764.52,4771.43,4764.19,4771.33,1594,35
2026.04.14 13:00:00,4771.33,4777.91,4771.0,4777.61,1903,35
2026.04.14 13:05:00,4777.71,4777.89,4773.61,4776.81,1782,35
2026.04.14 13:10:00,4776.89,4782.12,4776.86,4781.88,1689,35
2026.04.14 13:15:00,4781.93,4787.73,4780.79,4787.43,1834,35
2026.04.14 13:20:00,4787.46,4792.41,4786.36,4791.64,1888,35
2026.04.14 13:25:00,4791.63,4791.65,4781.92,4783.07,1889,35
2026.04.14 13:30:00,4783.09,4794.16,4780.22,4793.97,2186,35
2026.04.14 13:35:00,4794.05,4803.59,4788.41,4789.28,2187,35
2026.04.14 13:40:00,4789.28,4793.58,4786.68,4793.01,2098,35
2026.04.14 13:45:00,4792.55,4794.6,4790.39,4794.12,1970,35
2026.04.14 13:50:00,4794.13,4796.05,4788.94,4792.94,1797,35
2026.04.14 13:55:00,4792.97,4796.31,4790.21,4794.39,1806,35
2026.04.14 14:00:00,4794.97,4803.82,4794.97,4795.52,2148,35
2026.04.14 14:05:00,4795.55,4802.26,4792.86,4801.91,2007,35
2026.04.14 14:10:00,4801.85,4802.36,4794.06,4794.86,1972,35
2026.04.14 14:15:00,4794.87,4805.9,4794.87,4804.46,1960,35
2026.04.14 14:20:00,4804.54,4805.03,4798.65,4801.03,1870,35
2026.04.14 14:25:00,4800.98,4810.63,4799.83,4809.16,1879,35
2026.04.14 14:30:00,4809.19,4816.02,4806.59,4813.69,1900,35
2026.04.14 14:35:00,4813.71,4817.71,4801.71,4804.2,1928,35
2026.04.14 14:40:00,4804.26,4804.44,4798.54,4798.8,1923,35
2026.04.14 14:45:00,4798.91,4800.74,4795.33,4799.48,1830,35
2026.04.14 14:50:00,4799.49,4801.62,4796.43,4801.3,1696,35
2026.04.14 14:55:00,4801.49,4806.39,4801.03,4803.86,1725,35
2026.04.14 15:00:00,4803.87,4803.87,4795.73,4796.24,1924,35
2026.04.14 15:05:00,4796.14,4798.42,4791.6,4793.03,2034,35
2026.04.14 15:10:00,4793.04,4797.61,4791.3,4794.43,1690,35
2026.04.14 15:15:00,4794.44,4800.65,4792.97,4800.41,1696,35
2026.04.14 15:20:00,4800.42,4805.55,4799.15,4803.58,1880,35
2026.04.14 15:25:00,4803.63,4804.83,4800.83,4802.26,1725,35
2026.04.14 15:30:00,4802.34,4810.23,4802.34,4807.22,1775,35
2026.04.14 15:35:00,4807.32,4813.64,4807.32,4811.85,1604,35
2026.04.14 15:40:00,4811.75,4812.05,4807.18,4808.97,1651,35
2026.04.14 15:45:00,4809.21,4811.33,4807.42,4808.59,1660,35
2026.04.14 15:50:00,4808.59,4816.22,4807.94,4810.1,1725,35
2026.04.14 15:55:00,4810.11,4811.15,4806.67,4808.08,1510,35
2026.04.14 16:00:00,4808.17,4813.1,4805.0,4811.7,1658,35
2026.04.14 16:05:00,4811.76,4814.13,4808.79,4810.9,1505,35
2026.04.14 16:10:00,4810.75,4811.02,4807.22,4809.38,1354,35
2026.04.14 16:15:00,4809.41,4816.73,4807.24,4815.97,1407,35
2026.04.14 16:20:00,4815.96,4817.4,4810.13,4816.57,1653,35
2026.04.14 16:25:00,4816.81,4819.29,4815.24,4816.31,1515,35
2026.04.14 16:30:00,4816.33,4820.25,4814.97,4815.78,1623,35
2026.04.14 16:35:00,4815.7,4817.04,4813.52,4816.17,1416,35
2026.04.14 16:40:00,4816.23,4817.65,4814.24,4815.2,1078,35
2026.04.14 16:45:00,4815.37,4815.38,4810.91,4814.65,1348,35
2026.04.14 16:50:00,4814.86,4819.8,4812.73,4813.7,1400,35
2026.04.14 16:55:00,4813.69,4813.9,4809.14,4810.08,1395,35
2026.04.14 17:00:00,4810.06,4817.27,4809.35,4815.12,1554,35
2026.04.14 17:05:00,4815.11,4832.69,4815.09,4829.22,1886,35
2026.04.14 17:10:00,4829.26,4833.49,4827.0,4827.04,1550,36
2026.04.14 17:15:00,4827.06,4828.33,4825.09,4827.39,1320,42
2026.04.14 17:20:00,4827.43,4831.25,4826.14,4830.61,1438,42
2026.04.14 17:25:00,4830.62,4831.82,4824.64,4825.52,1508,42
2026.04.14 17:30:00,4825.47,4833.85,4825.15,4831.55,1439,42
2026.04.14 17:35:00,4831.55,4839.83,4830.45,4837.72,1440,35
2026.04.14 17:40:00,4837.71,4841.52,4836.65,4837.04,1394,35
2026.04.14 17:45:00,4837.0,4839.13,4836.07,4837.91,1254,35
2026.04.14 17:50:00,4837.92,4839.58,4835.94,4836.35,1306,42
2026.04.14 17:55:00,4836.39,4837.3,4834.32,4834.97,1269,35
2026.04.14 18:00:00,4834.97,4837.3,4834.34,4836.95,1232,42
2026.04.14 18:05:00,4836.95,4842.78,4836.01,4842.56,1332,42
2026.04.14 18:10:00,4842.5,4843.09,4835.7,4838.69,1434,42
2026.04.14 18:15:00,4838.7,4839.97,4834.95,4835.7,1384,42
2026.04.14 18:20:00,4835.72,4837.05,4833.16,4835.25,1756,42
2026.04.14 18:25:00,4835.3,4839.67,4834.32,4837.78,1632,42
2026.04.14 18:30:00,4837.62,4838.62,4836.1,4836.51,1435,42
2026.04.14 18:35:00,4836.51,4839.22,4836.3,4837.42,1322,42
2026.04.14 18:40:00,4837.42,4838.28,4833.62,4834.35,1333,42
2026.04.14 18:45:00,4834.38,4835.47,4832.83,4833.43,1269,42
2026.04.14 18:50:00,4833.42,4834.05,4830.74,4833.81,1286,35
2026.04.14 18:55:00,4833.84,4836.38,4833.84,4835.48,1064,35
2026.04.14 19:00:00,4835.61,4841.43,4835.61,4840.98,1300,37
2026.04.14 19:05:00,4840.98,4841.49,4839.43,4841.34,1099,35
2026.04.14 19:10:00,4841.35,4842.39,4840.45,4840.82,1043,42
2026.04.14 19:15:00,4840.95,4842.14,4838.48,4839.26,1089,35
2026.04.14 19:20:00,4839.14,4841.77,4839.14,4839.74,1047,42
2026.04.14 19:25:00,4839.74,4841.0,4838.31,4840.61,1001,42
2026.04.14 19:30:00,4839.91,4843.42,4839.22,4839.7,1122,35
2026.04.14 19:35:00,4839.54,4842.47,4838.46,4841.96,1139,42
2026.04.14 19:40:00,4841.93,4842.54,4840.0,4840.83,1036,42
2026.04.14 19:45:00,4840.84,4842.96,4839.78,4842.84,1019,42
2026.04.14 19:50:00,4842.99,4844.0,4840.84,4841.04,1247,42
2026.04.14 19:55:00,4841.31,4846.14,4840.73,4844.7,1514,42
2026.04.14 20:00:00,4844.9,4846.13,4842.45,4843.16,885,42
2026.04.14 20:05:00,4843.18,4844.43,4842.16,4843.58,695,35
2026.04.14 20:10:00,4843.59,4843.81,4841.83,4842.78,617,42
2026.04.14 20:15:00,4842.78,4843.43,4839.37,4840.82,517,42
2026.04.14 20:20:00,4840.87,4841.54,4839.62,4841.46,467,37
2026.04.14 20:25:00,4841.47,4841.47,4839.57,4840.42,431,42
2026.04.14 20:30:00,4840.41,4841.12,4839.96,4840.13,412,42
2026.04.14 20:35:00,4840.13,4841.08,4839.99,4839.99,399,35
2026.04.14 20:40:00,4839.98,4843.01,4839.7,4842.06,530,42
2026.04.14 20:45:00,4841.92,4843.13,4841.07,4841.55,618,42
2026.04.14 20:50:00,4841.54,4841.98,4840.31,4841.75,570,42
2026.04.14 20:55:00,4841.71,4841.95,4840.22,4841.73,463,42
2026.04.14 22:00:00,4839.85,4850.19,4838.14,4849.06,1011,35
2026.04.14 22:05:00,4849.11,4850.48,4846.01,4847.92,1019,35
2026.04.14 22:10:00,4847.93,4848.04,4843.23,4844.92,823,42
2026.04.14 22:15:00,4844.92,4847.02,4837.6,4837.71,917,42
2026.04.14 22:20:00,4837.32,4842.64,4836.31,4842.35,855,38
2026.04.14 22:25:00,4842.35,4842.99,4839.8,4840.08,649,42
2026.04.14 22:30:00,4840.07,4843.19,4837.59,4838.93,876,42
2026.04.14 22:35:00,4838.8,4841.4,4838.5,4839.94,628,41
2026.04.14 22:40:00,4839.91,4841.6,4838.95,4840.18,597,42
2026.04.14 22:45:00,4840.18,4840.32,4837.76,4837.76,592,42
2026.04.14 22:50:00,4837.76,4838.76,4834.97,4836.17,811,36
2026.04.14 22:55:00,4836.18,4836.48,4833.04,4834.92,957,42
2026.04.14 23:00:00,4834.93,4838.1,4833.65,4837.14,869,35
2026.04.14 23:05:00,4837.13,4843.8,4837.01,4839.41,1001,35
2026.04.14 23:10:00,4839.42,4840.02,4835.7,4837.15,895,42
2026.04.14 23:15:00,4837.15,4839.34,4835.13,4838.02,974,35
2026.04.14 23:20:00,4838.01,4839.04,4836.66,4838.22,879,42
2026.04.14 23:25:00,4838.22,4838.43,4835.14,4836.09,949,42
2026.04.14 23:30:00,4836.06,4841.5,4835.0,4840.83,861,35
2026.04.14 23:35:00,4841.06,4842.69,4838.59,4842.26,1394,35
2026.04.14 23:40:00,4842.26,4842.32,4837.74,4842.25,1308,41
2026.04.14 23:45:00,4842.25,4843.92,4841.08,4841.61,1043,41
2026.04.14 23:50:00,4841.61,4841.93,4837.77,4838.56,900,42
2026.04.14 23:55:00,4838.5,4839.55,4836.04,4837.01,950,42
2026.04.15 00:00:00,4837.1,4838.79,4832.74,4838.11,1407,42
2026.04.15 00:05:00,4838.11,4840.02,4833.92,4834.47,1152,42
2026.04.15 00:10:00,4834.47,4835.57,4831.5,4833.79,1127,42
2026.04.15 00:15:00,4833.79,4833.79,4828.75,4832.84,1271,41
2026.04.15 00:20:00,4832.77,4835.76,4832.39,4835.68,1029,42
2026.04.15 00:25:00,4835.67,4836.32,4828.78,4833.57,1178,35
2026.04.15 00:30:00,4833.54,4833.67,4828.27,4830.53,1076,42
2026.04.15 00:35:00,4830.57,4831.2,4827.1,4829.12,841,41
2026.04.15 00:40:00,4829.12,4830.3,4828.12,4829.96,877,41
2026.04.15 00:45:00,4829.96,4832.04,4829.16,4830.06,936,42
2026.04.15 00:50:00,4829.94,4831.68,4829.09,4830.83,1093,42
2026.04.15 00:55:00,4830.84,4837.5,4830.74,4835.26,1143,42
2026.04.15 01:00:00,4835.26,4837.75,4827.98,4834.12,1803,41
2026.04.15 01:05:00,4834.1,4840.64,4831.52,4840.53,1641,42
2026.04.15 01:10:00,4840.53,4852.48,4839.26,4850.1,1900,35
2026.04.15 01:15:00,4850.05,4871.25,4848.02,4864.05,1807,41
2026.04.15 01:20:00,4864.05,4865.46,4842.21,4843.33,1817,35
2026.04.15 01:25:00,4843.33,4854.03,4843.33,4850.76,1732,35
2026.04.15 01:30:00,4850.76,4850.8,4845.11,4848.02,1671,42
2026.04.15 01:35:00,4848.03,4849.22,4843.77,4845.57,1471,42
2026.04.15 01:40:00,4845.57,4851.36,4842.59,4843.37,1468,41
2026.04.15 01:45:00,4843.37,4846.21,4839.67,4844.19,1489,42
2026.04.15 01:50:00,4844.19,4847.82,4843.61,4844.6,1350,42
2026.04.15 01:55:00,4844.6,4848.87,4842.81,4846.98,1409,42
2026.04.15 02:00:00,4846.81,4849.07,4845.29,4848.19,1525,42
2026.04.15 02:05:00,4848.18,4853.31,4847.51,4850.92,1459,42
2026.04.15 02:10:00,4851.08,4851.27,4844.68,4845.16,1606,42
2026.04.15 02:15:00,4845.16,4845.93,4841.58,4842.55,1098,41
2026.04.15 02:20:00,4842.5,4843.37,4835.57,4837.0,1153,42
2026.04.15 02:25:00,4837.01,4837.26,4832.21,4834.61,1086,42
2026.04.15 02:30:00,4834.67,4835.41,4823.48,4827.32,1787,35
2026.04.15 02:35:00,4827.29,4829.94,4821.46,4829.32,1765,42
2026.04.15 02:40:00,4829.26,4830.77,4825.46,4828.27,1583,42
2026.04.15 02:45:00,4828.26,4830.28,4825.32,4827.44,1476,42
2026.04.15 02:50:00,4827.49,4829.88,4822.13,4824.02,1542,42
2026.04.15 02:55:00,4823.91,4825.93,4820.61,4823.85,1533,41
2026.04.15 03:00:00,4823.84,4825.02,4816.86,4817.37,1444,40
2026.04.15 03:05:00,4817.44,4820.88,4816.76,4819.18,1520,42
2026.04.15 03:10:00,4819.18,4823.16,4818.22,4820.81,1366,41
2026.04.15 03:15:00,4820.82,4826.28,4820.45,4825.81,1197,42
2026.04.15 03:20:00,4825.79,4825.96,4822.11,4822.6,1155,41
2026.04.15 03:25:00,4822.6,4827.85,4822.36,4826.52,1057,41
2026.04.15 03:30:00,4826.44,4828.29,4825.96,4826.08,887,42
2026.04.15 03:35:00,4826.08,4828.51,4825.89,4827.69,711,42
2026.04.15 03:40:00,4827.74,4828.67,4825.29,4828.38,690,42
2026.04.15 03:45:00,4828.36,4829.53,4826.15,4826.71,818,42
2026.04.15 03:50:00,4826.71,4828.65,4825.81,4826.53,850,41
2026.04.15 03:55:00,4826.52,4827.87,4823.69,4823.93,799,42
2026.04.15 04:00:00,4823.95,4823.95,4820.35,4821.18,1029,42
2026.04.15 04:05:00,4821.19,4823.7,4820.56,4823.29,866,42
2026.04.15 04:10:00,4823.21,4826.23,4823.21,4825.29,776,41
2026.04.15 04:15:00,4825.27,4826.67,4822.47,4822.88,813,42
2026.04.15 04:20:00,4822.82,4824.58,4821.11,4824.0,703,42
2026.04.15 04:25:00,4823.94,4825.4,4822.51,4824.49,562,42
2026.04.15 04:30:00,4824.51,4827.2,4824.27,4826.78,554,41
2026.04.15 04:35:00,4826.77,4827.64,4824.34,4825.48,728,42
2026.04.15 04:40:00,4825.33,4825.47,4823.17,4823.32,606,42
2026.04.15 04:45:00,4823.26,4825.68,4821.36,4825.68,748,35
2026.04.15 04:50:00,4825.66,4825.87,4823.97,4825.08,576,42
2026.04.15 04:55:00,4825.09,4826.18,4823.56,4824.83,663,42
2026.04.15 05:00:00,4824.83,4828.51,4823.94,4824.76,1203,35
2026.04.15 05:05:00,4824.77,4827.51,4822.58,4825.16,1153,42
2026.04.15 05:10:00,4825.16,4827.67,4824.57,4826.72,1110,42
2026.04.15 05:15:00,4826.72,4830.37,4826.08,4830.07,1094,35
2026.04.15 05:20:00,4830.05,4830.05,4824.3,4825.16,1198,42
2026.04.15 05:25:00,4824.81,4828.58,4824.42,4826.08,998,42
2026.04.15 05:30:00,4826.08,4827.86,4822.15,4826.76,1595,42
2026.04.15 05:35:00,4826.76,4826.88,4813.58,4820.03,1750,42
2026.04.15 05:40:00,4819.93,4821.05,4811.97,4816.48,1654,42
2026.04.15 05:45:00,4816.45,4819.71,4814.14,4817.23,1412,42
2026.04.15 05:50:00,4817.24,4821.91,4815.08,4821.34,1368,42
2026.04.15 05:55:00,4821.32,4823.61,4819.29,4819.6,1435,42
2026.04.15 06:00:00,4819.69,4824.99,4819.45,4821.07,1409,42
2026.04.15 06:05:00,4821.09,4821.42,4816.55,4817.53,1364,38
2026.04.15 06:10:00,4817.53,4820.77,4816.59,4818.86,1393,42
2026.04.15 06:15:00,4818.84,4819.53,4815.99,4816.49,1294,42
2026.04.15 06:20:00,4816.34,4817.35,4813.44,4814.79,1244,42
2026.04.15 06:25:00,4814.78,4816.95,4813.48,4814.59,1355,42
2026.04.15 06:30:00,4814.55,4817.21,4811.02,4813.85,1578,42
2026.04.15 06:35:00,4813.86,4817.7,4812.06,4815.86,1364,35
2026.04.15 06:40:00,4815.75,4816.25,4813.35,4815.88,1295,35
2026.04.15 06:45:00,4815.89,4822.16,4815.31,4820.26,1347,37
2026.04.15 06:50:00,4820.31,4820.43,4813.49,4814.59,1441,35
2026.04.15 06:55:00,4814.6,4814.84,4811.18,4811.49,1430,42
2026.04.15 07:00:00,4811.49,4813.62,4803.53,4808.77,1696,35
2026.04.15 07:05:00,4808.81,4811.99,4806.63,4809.13,1417,35
2026.04.15 07:10:00,4809.06,4816.85,4808.1,4815.52,1479,35
2026.04.15 07:15:00,4815.6,4816.07,4809.85,4812.19,1405,35
2026.04.15 07:20:00,4812.22,4814.14,4809.64,4809.86,1349,35
2026.04.15 07:25:00,4809.87,4812.67,4805.64,4812.67,1517,35
2026.04.15 07:30:00,4812.67,4814.51,4808.51,4811.48,1314,35
2026.04.15 07:35:00,4811.51,4815.6,4811.48,4813.14,1266,35
2026.04.15 07:40:00,4813.23,4814.18,4809.04,4810.2,1329,35
2026.04.15 07:45:00,4810.17,4810.21,4806.03,4808.14,1362,35
2026.04.15 07:50:00,4808.14,4810.64,4807.13,4809.97,1219,35
2026.04.15 07:55:00,4809.97,4812.76,4808.72,4810.97,1321,35
2026.04.15 08:00:00,4810.85,4811.51,4806.69,4811.49,1476,35
2026.04.15 08:05:00,4811.52,4812.47,4807.96,4808.56,1216,35
2026.04.15 08:10:00,4808.48,4811.55,4804.49,4811.35,1376,35
2026.04.15 08:15:00,4811.42,4813.04,4810.38,4811.85,1371,35
2026.04.15 08:20:00,4811.85,4812.08,4808.27,4810.2,1208,35
2026.04.15 08:25:00,4810.2,4814.16,4806.09,4809.89,1411,35
2026.04.15 08:30:00,4809.81,4811.86,4805.4,4809.62,1391,35
2026.04.15 08:35:00,4809.62,4811.38,4807.3,4809.72,1229,35
2026.04.15 08:40:00,4809.71,4812.82,4808.79,4810.5,1070,35
2026.04.15 08:45:00,4810.5,4811.94,4809.94,4811.36,1133,35
2026.04.15 08:50:00,4811.37,4815.2,4810.6,4814.49,1088,35
2026.04.15 08:55:00,4814.5,4821.08,4814.04,4818.26,1237,35
2026.04.15 09:00:00,4818.27,4819.48,4812.06,4815.07,1609,35
2026.04.15 09:05:00,4814.92,4815.11,4805.26,4806.15,1659,35
2026.04.15 09:10:00,4806.07,4808.59,4792.88,4805.01,1876,35
2026.04.15 09:15:00,4804.89,4806.47,4801.37,4806.25,1403,35
2026.04.15 09:20:00,4806.29,4807.25,4803.07,4804.27,1390,35
2026.04.15 09:25:00,4804.29,4804.42,4797.43,4797.97,1474,35
2026.04.15 09:30:00,4797.32,4803.73,4796.81,4798.63,1435,35
2026.04.15 09:35:00,4798.62,4800.8,4795.39,4796.35,1329,35
2026.04.15 09:40:00,4796.36,4800.24,4795.98,4796.21,1282,35
2026.04.15 09:45:00,4795.99,4796.63,4786.54,4795.07,1677,35
2026.04.15 09:50:00,4795.04,4798.63,4792.6,4798.43,1454,35
2026.04.15 09:55:00,4798.4,4800.19,4794.56,4797.84,1298,35
2026.04.15 10:00:00,4797.68,4798.79,4795.34,4795.54,1321,35
2026.04.15 10:05:00,4795.54,4802.48,4795.47,4801.57,1409,35
2026.04.15 10:10:00,4801.57,4803.07,4800.6,4801.2,1272,35
2026.04.15 10:15:00,4801.17,4801.38,4793.45,4794.9,1660,35
2026.04.15 10:20:00,4794.88,4798.15,4792.31,4794.12,1663,35
2026.04.15 10:25:00,4794.13,4795.25,4790.36,4794.87,1610,35
2026.04.15 10:30:00,4794.86,4798.6,4792.96,4794.3,1519,35
2026.04.15 10:35:00,4794.3,4796.6,4793.32,4796.07,1273,35
2026.04.15 10:40:00,4796.1,4800.52,4795.35,4800.08,1504,35
2026.04.15 10:45:00,4800.23,4805.16,4799.55,4800.9,1572,35
2026.04.15 10:50:00,4800.88,4804.43,4800.13,4803.3,1254,35
2026.04.15 10:55:00,4803.32,4804.22,4799.79,4799.97,1132,35
2026.04.15 11:00:00,4799.98,4799.99,4795.7,4798.26,1269,35
2026.04.15 11:05:00,4798.26,4800.6,4797.98,4798.97,1195,35
2026.04.15 11:10:00,4798.88,4804.27,4798.76,4802.3,1236,35
2026.04.15 11:15:00,4802.29,4804.54,4799.6,4804.1,1218,35
2026.04.15 11:20:00,4804.11,4806.58,4803.42,4806.07,1333,35
2026.04.15 11:25:00,4805.97,4806.93,4804.65,4804.84,1224,35
2026.04.15 11:30:00,4804.84,4808.53,4802.63,4803.12,1496,35
2026.04.15 11:35:00,4803.08,4806.35,4802.84,4804.05,1182,35
2026.04.15 11:40:00,4803.75,4806.04,4802.65,4805.82,984,35
2026.04.15 11:45:00,4805.79,4811.87,4804.07,4809.2,1552,35
2026.04.15 11:50:00,4809.14,4814.38,4808.65,4814.2,1592,35
2026.04.15 11:55:00,4814.1,4814.75,4810.56,4812.57,1431,35
2026.04.15 12:00:00,4812.56,4814.17,4807.84,4809.56,1555,35
2026.04.15 12:05:00,4809.54,4813.13,4807.04,4812.76,1469,35
2026.04.15 12:10:00,4813.1,4814.05,4810.61,4813.85,1257,35
2026.04.15 12:15:00,4814.04,4816.25,4812.53,4814.12,1277,35
2026.04.15 12:20:00,4813.87,4814.18,4810.05,4813.04,1479,35
2026.04.15 12:25:00,4813.16,4814.97,4810.55,4812.73,1283,35
2026.04.15 12:30:00,4812.38,4816.09,4811.15,4813.36,1384,35
2026.04.15 12:35:00,4813.58,4814.48,4810.43,4813.19,1342,35
2026.04.15 12:40:00,4813.18,4814.42,4810.29,4811.63,1210,35
2026.04.15 12:45:00,4811.62,4812.32,4808.35,4810.77,1271,35
2026.04.15 12:50:00,4810.78,4813.88,4809.96,4812.64,1253,35
2026.04.15 12:55:00,4812.65,4815.63,4811.11,4811.54,1344,35
2026.04.15 13:00:00,4811.51,4816.32,4808.65,4811.95,1913,35
2026.04.15 13:05:00,4811.96,4815.97,4809.9,4814.03,1662,35
2026.04.15 13:10:00,4814.04,4815.12,4811.2,4814.04,1627,35
2026.04.15 13:15:00,4814.04,4814.74,4810.13,4813.47,1460,35
2026.04.15 13:20:00,4813.47,4819.73,4812.75,4816.81,1568,35
2026.04.15 13:25:00,4816.87,4821.95,4816.87,4821.64,1605,35
2026.04.15 13:30:00,4821.68,4821.99,4816.44,4818.92,2045,35
2026.04.15 13:35:00,4818.93,4825.28,4815.79,4823.7,1984,35
2026.04.15 13:40:00,4823.72,4824.97,4817.78,4820.52,1935,35
2026.04.15 13:45:00,4820.52,4825.69,4819.87,4825.31,1899,35
2026.04.15 13:50:00,4825.42,4827.39,4821.9,4825.56,1885,35
2026.04.15 13:55:00,4825.56,4830.08,4824.26,4828.87,1760,35
2026.04.15 14:00:00,4828.93,4829.82,4820.66,4826.08,1822,35
2026.04.15 14:05:00,4826.08,4827.54,4824.17,4824.7,1746,35
2026.04.15 14:10:00,4824.72,4828.75,4824.1,4828.58,1748,35
2026.04.15 14:15:00,4828.58,4830.69,4824.54,4824.72,1693,35
2026.04.15 14:20:00,4824.72,4827.34,4822.86,4825.9,1689,35
2026.04.15 14:25:00,4825.86,4827.27,4822.32,4825.12,1755,35
2026.04.15 14:30:00,4825.35,4825.62,4817.23,4818.99,1832,35
2026.04.15 14:35:00,4819.0,4821.98,4815.37,4816.22,1770,35
2026.04.15 14:40:00,4816.23,4821.26,4816.23,4819.24,1609,35
2026.04.15 14:45:00,4819.22,4819.47,4815.23,4816.39,1574,35
2026.04.15 14:50:00,4816.52,4818.83,4813.32,4814.73,1697,35
2026.04.15 14:55:00,4814.72,4818.38,4814.42,4815.43,1512,35
2026.04.15 15:00:00,4815.43,4816.18,4809.37,4810.17,1731,35
2026.04.15 15:05:00,4810.14,4810.75,4799.93,4806.87,1893,35
2026.04.15 15:10:00,4806.79,4811.88,4804.55,4810.09,1771,35
2026.04.15 15:15:00,4810.02,4810.54,4803.63,4808.92,1703,35
2026.04.15 15:20:00,4808.98,4809.52,4802.65,4805.1,1602,35
2026.04.15 15:25:00,4805.07,4806.15,4797.49,4798.15,1658,35
2026.04.15 15:30:00,4798.13,4799.68,4786.56,4795.26,2009,35
2026.04.15 15:35:00,4795.35,4804.72,4795.06,4800.8,1874,35
2026.04.15 15:40:00,4800.82,4806.51,4800.82,4803.5,1747,35
2026.04.15 15:45:00,4803.3,4807.67,4802.07,4802.6,1602,35
2026.04.15 15:50:00,4802.58,4806.61,4802.58,4805.13,1442,35
2026.04.15 15:55:00,4805.13,4805.57,4799.22,4801.75,1524,35
2026.04.15 16:00:00,4801.7,4807.46,4800.17,4804.31,1457,35
2026.04.15 16:05:00,4804.32,4808.02,4803.31,4807.28,1524,35
2026.04.15 16:10:00,4807.23,4810.27,4806.05,4808.38,1208,35
2026.04.15 16:15:00,4808.15,4810.45,4805.13,4806.76,1352,35
2026.04.15 16:20:00,4806.95,4810.48,4806.74,4808.0,1396,35
2026.04.15 16:25:00,4808.0,4812.91,4807.16,4811.23,1299,35
2026.04.15 16:30:00,4811.3,4811.89,4807.57,4809.41,1531,35
2026.04.15 16:35:00,4809.36,4812.03,4806.4,4806.81,1210,35
2026.04.15 16:40:00,4806.8,4809.71,4802.56,4804.44,1683,35
2026.04.15 16:45:00,4804.36,4806.99,4802.97,4805.53,1500,35
2026.04.15 16:50:00,4805.53,4807.19,4799.87,4801.93,1615,35
2026.04.15 16:55:00,4801.86,4805.62,4801.34,4803.74,1464,35
2026.04.15 17:00:00,4803.76,4804.85,4800.57,4800.59,1532,35
2026.04.15 17:05:00,4800.74,4802.89,4799.47,4802.48,1365,35
2026.04.15 17:10:00,4802.42,4803.04,4797.56,4798.07,1356,41
2026.04.15 17:15:00,4798.06,4802.23,4798.06,4801.01,1130,42
2026.04.15 17:20:00,4801.0,4807.0,4800.93,4806.17,1347,42
2026.04.15 17:25:00,4806.15,4808.73,4800.27,4801.7,1475,41
2026.04.15 17:30:00,4801.62,4802.57,4797.32,4800.37,1247,39
2026.04.15 17:35:00,4800.39,4802.17,4797.12,4797.21,1408,38
2026.04.15 17:40:00,4797.08,4797.9,4792.1,4793.45,1581,42
2026.04.15 17:45:00,4793.46,4795.66,4793.44,4794.41,1235,42
2026.04.15 17:50:00,4794.4,4795.3,4790.83,4793.22,1333,42
2026.04.15 17:55:00,4793.23,4795.7,4791.39,4792.56,1101,42
2026.04.15 18:00:00,4792.57,4801.04,4790.02,4796.14,1814,42
2026.04.15 18:05:00,4796.08,4798.18,4792.09,4793.97,1654,42
2026.04.15 18:10:00,4793.97,4797.43,4792.26,4796.9,1317,42
2026.04.15 18:15:00,4796.9,4798.62,4794.54,4795.31,1406,35
2026.04.15 18:20:00,4795.37,4796.71,4793.87,4794.4,1249,42
2026.04.15 18:25:00,4794.36,4795.14,4792.61,4794.63,1269,35
2026.04.15 18:30:00,4794.63,4798.31,4794.63,4797.7,1153,35
2026.04.15 18:35:00,4797.7,4797.77,4794.82,4796.58,1078,42
2026.04.15 18:40:00,4796.59,4797.06,4794.48,4796.88,1126,42
2026.04.15 18:45:00,4796.89,4799.14,4796.86,4798.55,1000,42
2026.04.15 18:50:00,4798.56,4802.03,4796.69,4797.2,1184,35
2026.04.15 18:55:00,4797.2,4801.57,4796.9,4799.64,1104,35
2026.04.15 19:00:00,4799.53,4801.45,4797.94,4801.29,1164,42
2026.04.15 19:05:00,4801.29,4803.27,4799.59,4802.05,1204,42
2026.04.15 19:10:00,4801.97,4802.97,4798.53,4798.69,977,42
2026.04.15 19:15:00,4798.84,4801.29,4797.52,4801.19,989,42
2026.04.15 19:20:00,4801.32,4802.43,4799.87,4801.28,839,42
2026.04.15 19:25:00,4801.27,4803.22,4801.0,4802.79,898,42
2026.04.15 19:30:00,4802.74,4802.76,4800.69,4801.24,862,42
2026.04.15 19:35:00,4801.28,4801.59,4798.04,4798.14,1133,35
2026.04.15 19:40:00,4798.14,4798.72,4795.27,4797.02,1370,35
2026.04.15 19:45:00,4796.88,4799.36,4796.07,4798.83,1187,41
2026.04.15 19:50:00,4799.12,4801.58,4797.79,4798.75,1297,35
2026.04.15 19:55:00,4798.75,4799.72,4794.52,4795.67,1528,35
2026.04.15 20:00:00,4795.79,4796.73,4793.42,4793.91,959,35
2026.04.15 20:05:00,4793.93,4794.84,4792.6,4793.99,675,39
2026.04.15 20:10:00,4793.94,4795.07,4792.59,4793.62,615,42
2026.04.15 20:15:00,4793.59,4794.38,4793.17,4794.02,535,42
2026.04.15 20:20:00,4794.02,4795.8,4794.01,4794.13,590,42
2026.04.15 20:25:00,4794.13,4794.57,4793.48,4793.7,472,42
2026.04.15 20:30:00,4793.58,4793.58,4790.68,4792.21,511,42
2026.04.15 20:35:00,4792.21,4792.21,4790.07,4791.3,519,42
2026.04.15 20:40:00,4791.26,4791.52,4790.42,4790.65,544,42
2026.04.15 20:45:00,4790.68,4792.97,4788.05,4789.54,836,42
2026.04.15 20:50:00,4789.16,4790.28,4787.37,4788.2,713,42
2026.04.15 20:55:00,4788.15,4791.5,4787.79,4790.45,456,42
2026.04.15 22:00:00,4797.75,4799.27,4793.9,4798.24,682,42
2026.04.15 22:05:00,4798.12,4798.68,4794.8,4795.91,650,42
2026.04.15 22:10:00,4795.87,4795.88,4790.93,4791.87,849,42
2026.04.15 22:15:00,4791.87,4798.28,4791.86,4797.13,956,42
2026.04.15 22:20:00,4797.15,4802.1,4796.37,4800.54,894,42
2026.04.15 22:25:00,4800.52,4801.05,4798.24,4801.05,683,42
2026.04.15 22:30:00,4801.13,4803.38,4800.47,4800.84,755,42
2026.04.15 22:35:00,4800.8,4802.01,4798.92,4801.88,775,35
2026.04.15 22:40:00,4801.89,4802.07,4800.32,4801.24,533,42
2026.04.15 22:45:00,4801.24,4805.37,4801.07,4803.89,847,42
2026.04.15 22:50:00,4803.78,4810.6,4803.23,4810.46,939,42
2026.04.15 22:55:00,4810.46,4811.66,4807.35,4807.47,813,42
2026.04.15 23:00:00,4807.47,4809.97,4807.31,4809.44,812,42
2026.04.15 23:05:00,4809.47,4810.8,4808.34,4809.99,747,42
2026.04.15 23:10:00,4810.0,4813.31,4808.94,4812.65,770,35
2026.04.15 23:15:00,4812.65,4813.85,4812.12,4812.47,679,35
2026.04.15 23:20:00,4812.47,4815.55,4812.4,4815.26,679,35
2026.04.15 23:25:00,4815.27,4815.71,4814.03,4814.92,636,42
2026.04.15 23:30:00,4814.92,4821.04,4814.42,4820.22,1115,42
2026.04.15 23:35:00,4820.24,4822.71,4819.38,4821.39,1041,42
2026.04.15 23:40:00,4821.46,4824.21,4821.02,4823.13,942,41
2026.04.15 23:45:00,4823.09,4826.5,4822.97,4824.73,1012,35
2026.04.15 23:50:00,4824.75,4826.9,4823.16,4823.44,918,42
2026.04.15 23:55:00,4823.44,4824.03,4821.91,4823.26,764,42
2026.04.16 00:00:00,4823.29,4830.96,4823.29,4828.65,1400,35
2026.04.16 00:05:00,4828.73,4831.13,4828.69,4830.37,914,42
2026.04.16 00:10:00,4830.39,4831.08,4829.14,4829.76,924,42
2026.04.16 00:15:00,4829.79,4830.95,4828.28,4829.55,1105,35
2026.04.16 00:20:00,4829.52,4829.86,4824.63,4827.14,1219,42
2026.04.16 00:25:00,4827.1,4828.9,4822.45,4824.59,1060,35
2026.04.16 00:30:00,4824.64,4827.14,4820.57,4822.25,1015,35
2026.04.16 00:35:00,4822.25,4828.59,4820.87,4827.7,953,42
2026.04.16 00:40:00,4827.64,4837.61,4827.63,4832.54,1240,35
2026.04.16 00:45:00,4832.56,4835.96,4830.64,4835.61,1086,35
2026.04.16 00:50:00,4835.8,4837.29,4832.71,4833.26,1322,35
2026.04.16 00:55:00,4833.32,4834.64,4832.39,4833.01,1060,42
2026.04.16 01:00:00,4832.92,4836.06,4828.74,4829.34,1754,35
2026.04.16 01:05:00,4829.23,4831.73,4828.49,4830.67,1478,35
2026.04.16 01:10:00,4830.58,4832.38,4829.55,4829.74,1385,42
2026.04.16 01:15:00,4829.69,4830.34,4824.94,4826.09,1324,41
2026.04.16 01:20:00,4826.09,4829.01,4825.15,4825.15,1284,42
2026.04.16 01:25:00,4825.15,4826.26,4822.59,4823.55,1187,42
2026.04.16 01:30:00,4823.6,4825.57,4821.24,4821.68,1275,42
2026.04.16 01:35:00,4821.62,4821.78,4812.74,4812.88,1611,38
2026.04.16 01:40:00,4812.89,4818.3,4811.4,4815.85,1560,42
2026.04.16 01:45:00,4815.86,4820.37,4815.35,4819.98,1281,35
2026.04.16 01:50:00,4819.99,4821.99,4818.42,4820.45,1244,35
2026.04.16 01:55:00,4820.31,4820.33,4817.44,4817.9,1159,42
2026.04.16 02:00:00,4817.93,4821.93,4817.31,4820.93,1394,42
2026.04.16 02:05:00,4820.91,4823.21,4820.05,4822.37,1102,35
2026.04.16 02:10:00,4822.47,4824.94,4821.08,4821.29,1189,42
2026.04.16 02:15:00,4821.11,4822.69,4820.22,4822.41,990,42
2026.04.16 02:20:00,4822.48,4823.31,4820.92,4822.1,898,42
2026.04.16 02:25:00,4822.1,4822.13,4818.94,4819.02,745,42
2026.04.16 02:30:00,4819.02,4821.37,4813.77,4813.94,1369,37
2026.04.16 02:35:00,4813.94,4817.02,4812.4,4816.94,1433,35
2026.04.16 02:40:00,4817.06,4819.51,4816.39,4817.17,1253,42
2026.04.16 02:45:00,4817.18,4820.7,4815.43,4816.94,1345,42
2026.04.16 02:50:00,4816.94,4820.85,4816.75,4818.19,1161,42
2026.04.16 02:55:00,4818.34,4820.43,4818.33,4819.59,977,42
2026.04.16 03:00:00,4819.33,4823.32,4819.11,4822.17,1142,39
2026.04.16 03:05:00,4822.2,4826.3,4822.2,4825.77,1191,35
2026.04.16 03:10:00,4825.76,4826.99,4825.21,4826.43,1048,41
2026.04.16 03:15:00,4826.27,4826.63,4823.09,4823.74,986,42
2026.04.16 03:20:00,4823.73,4824.81,4822.44,4824.27,860,35
2026.04.16 03:25:00,4824.08,4824.72,4822.57,4823.71,935,42
2026.04.16 03:30:00,4823.74,4825.73,4822.58,4822.91,930,42
2026.04.16 03:35:00,4822.88,4823.14,4819.08,4819.33,811,42
2026.04.16 03:40:00,4819.36,4820.97,4819.03,4820.32,904,41
2026.04.16 03:45:00,4820.31,4825.22,4820.3,4824.56,938,42
2026.04.16 03:50:00,4824.55,4826.14,4823.7,4826.1,709,42
2026.04.16 03:55:00,4826.11,4826.55,4823.89,4823.9,650,42
2026.04.16 04:00:00,4823.81,4825.18,4823.31,4824.83,764,42
2026.04.16 04:05:00,4824.84,4826.07,4822.98,4824.14,838,42
2026.04.16 04:10:00,4824.15,4827.29,4822.75,4826.77,758,42
2026.04.16 04:15:00,4826.77,4829.97,4826.77,4827.16,934,41
2026.04.16 04:20:00,4827.15,4827.7,4826.1,4826.49,681,41
2026.04.16 04:25:00,4826.49,4827.8,4825.74,4826.39,656,42
2026.04.16 04:30:00,4826.37,4827.68,4824.79,4827.44,618,42
2026.04.16 04:35:00,4827.44,4831.1,4827.31,4829.33,856,42
2026.04.16 04:40:00,4829.33,4830.8,4829.12,4830.43,725,42
2026.04.16 04:45:00,4830.43,4831.02,4829.66,4830.34,558,42
2026.04.16 04:50:00,4830.39,4830.88,4829.46,4830.61,605,42
2026.04.16 04:55:00,4830.63,4833.4,4830.55,4833.0,769,42
2026.04.16 05:00:00,4833.03,4836.51,4832.64,4836.38,1062,42
2026.04.16 05:05:00,4836.16,4838.28,4833.93,4835.4,1225,41
2026.04.16 05:10:00,4835.39,4836.52,4833.75,4834.37,823,42
2026.04.16 05:15:00,4834.02,4836.18,4834.02,4835.59,758,42
2026.04.16 05:20:00,4835.42,4835.48,4832.59,4832.69,783,42
2026.04.16 05:25:00,4832.67,4834.17,4831.55,4833.22,997,35
2026.04.16 05:30:00,4833.2,4833.86,4826.35,4826.54,1551,42
2026.04.16 05:35:00,4826.55,4828.27,4825.19,4827.74,1379,41
2026.04.16 05:40:00,4827.74,4829.39,4824.41,4825.14,1162,42
2026.04.16 05:45:00,4825.04,4828.51,4824.78,4827.48,1279,42
2026.04.16 05:50:00,4827.47,4829.29,4824.47,4826.25,1405,41
2026.04.16 05:55:00,4826.23,4826.23,4820.91,4821.11,1302,35
2026.04.16 06:00:00,4821.11,4827.55,4821.11,4823.67,1387,42
2026.04.16 06:05:00,4823.68,4825.68,4822.22,4823.99,1214,42
2026.04.16 06:10:00,4823.88,4826.53,4821.96,4822.58,1263,42
2026.04.16 06:15:00,4822.58,4825.12,4820.57,4824.06,1183,42
2026.04.16 06:20:00,4824.16,4824.49,4817.4,4819.84,1448,35
2026.04.16 06:25:00,4819.84,4822.77,4814.45,4816.02,1492,35
2026.04.16 06:30:00,4815.99,4819.94,4814.71,4816.58,1450,42
2026.04.16 06:35:00,4816.83,4820.05,4816.51,4819.81,1106,35
2026.04.16 06:40:00,4819.8,4824.97,4818.16,4823.93,1778,35
2026.04.16 06:45:00,4823.93,4829.42,4822.26,4828.48,1355,42
2026.04.16 06:50:00,4828.57,4830.15,4824.76,4828.07,1567,42
2026.04.16 06:55:00,4828.1,4829.77,4825.85,4825.89,1535,42
2026.04.16 07:00:00,4826.36,4829.58,4822.96,4828.66,1573,35
2026.04.16 07:05:00,4828.67,4830.23,4825.0,4830.02,1434,35
2026.04.16 07:10:00,4830.03,4830.74,4823.29,4824.91,1448,35
2026.04.16 07:15:00,4824.95,4829.55,4820.55,4821.33,1597,35
2026.04.16 07:20:00,4821.33,4824.69,4816.86,4824.18,1392,35
2026.04.16 07:25:00,4824.21,4828.99,4824.12,4827.95,1302,35
2026.04.16 07:30:00,4828.07,4828.58,4824.68,4827.42,1236,35
2026.04.16 07:35:00,4827.46,4830.07,4826.82,4829.09,1048,35
2026.04.16 07:40:00,4829.09,4830.1,4826.23,4827.48,1034,35
2026.04.16 07:45:00,4827.51,4828.09,4823.1,4824.13,1155,35
2026.04.16 07:50:00,4824.13,4826.14,4822.92,4824.16,1084,35
2026.04.16 07:55:00,4824.14,4824.14,4819.33,4821.02,1240,35
2026.04.16 08:00:00,4821.09,4822.46,4813.35,4814.31,1566,35
2026.04.16 08:05:00,4814.17,4814.18,4807.26,4810.96,1702,35
2026.04.16 08:10:00,4811.04,4814.43,4809.4,4811.62,1359,35
2026.04.16 08:15:00,4811.69,4814.76,4811.38,4811.64,1372,35
2026.04.16 08:20:00,4811.58,4813.91,4810.73,4811.13,1190,35
2026.04.16 08:25:00,4811.15,4812.8,4809.48,4811.53,1262,35
2026.04.16 08:30:00,4811.48,4811.55,4806.7,4808.0,1382,35
2026.04.16 08:35:00,4808.0,4811.05,4807.28,4810.22,1252,35
2026.04.16 08:40:00,4810.22,4813.79,4807.98,4812.05,1213,35
2026.04.16 08:45:00,4812.04,4813.79,4810.19,4810.98,1189,35
2026.04.16 08:50:00,4810.98,4811.53,4808.28,4811.42,1224,35
2026.04.16 08:55:00,4811.43,4814.67,4809.35,4813.9,1128,35
2026.04.16 09:00:00,4813.9,4815.59,4811.84,4815.17,1128,35
2026.04.16 09:05:00,4815.17,4818.13,4815.02,4818.13,1068,35
2026.04.16 09:10:00,4818.06,4818.25,4815.05,4816.2,927,35
2026.04.16 09:15:00,4816.28,4816.3,4813.47,4815.73,981,35
2026.04.16 09:20:00,4816.44,4817.16,4815.34,4815.55,882,35
2026.04.16 09:25:00,4815.56,4816.49,4811.39,4813.07,1116,35
2026.04.16 09:30:00,4812.73,4813.1,4806.74,4811.15,1511,35
2026.04.16 09:35:00,4811.17,4813.06,4809.29,4812.2,1176,35
2026.04.16 09:40:00,4812.21,4814.85,4810.73,4814.63,1208,35
2026.04.16 09:45:00,4814.68,4815.29,4812.3,4813.69,1231,35
2026.04.16 09:50:00,4813.67,4814.36,4810.13,4812.07,1353,35
2026.04.16 09:55:00,4812.29,4813.24,4810.19,4812.87,1196,35
2026.04.16 10:00:00,4812.88,4815.46,4810.26,4812.39,1337,35
2026.04.16 10:05:00,4812.42,4814.2,4811.22,4811.83,947,35
2026.04.16 10:10:00,4811.84,4811.94,4806.99,4807.05,1161,35
2026.04.16 10:15:00,4807.04,4808.33,4805.15,4807.8,1136,35
2026.04.16 10:20:00,4807.81,4809.5,4807.67,4808.39,946,35
2026.04.16 10:25:00,4808.47,4810.06,4806.74,4806.98,1115,35
2026.04.16 10:30:00,4806.98,4808.27,4805.0,4808.0,1128,35
2026.04.16 10:35:00,4807.96,4810.24,4807.59,4809.95,1055,35
2026.04.16 10:40:00,4809.97,4812.12,4807.98,4808.3,1197,35
2026.04.16 10:45:00,4808.31,4809.96,4806.53,4809.34,1255,35
2026.04.16 10:50:00,4809.32,4811.17,4808.63,4811.12,1015,35
2026.04.16 10:55:00,4811.12,4817.12,4811.12,4817.04,1360,35
2026.04.16 11:00:00,4817.15,4820.15,4816.34,4819.81,1295,35
2026.04.16 11:05:00,4819.82,4820.55,4816.45,4818.09,1302,35
2026.04.16 11:10:00,4818.09,4819.65,4816.92,4817.47,1053,35
2026.04.16 11:15:00,4817.47,4820.06,4816.88,4817.66,1038,35
2026.04.16 11:20:00,4817.67,4819.25,4816.61,4817.54,1112,35
2026.04.16 11:25:00,4817.53,4817.66,4815.53,4816.03,1059,35
2026.04.16 11:30:00,4816.1,4819.86,4816.1,4818.85,1177,35
2026.04.16 11:35:00,4818.86,4819.96,4817.33,4818.36,1131,35
2026.04.16 11:40:00,4818.36,4818.36,4815.86,4817.75,1091,35
2026.04.16 11:45:00,4817.72,4819.04,4816.05,4816.42,1066,35
2026.04.16 11:50:00,4816.51,4819.73,4816.46,4818.19,1017,35
2026.04.16 11:55:00,4818.21,4822.56,4817.09,4822.12,1188,35
2026.04.16 12:00:00,4822.12,4823.16,4819.01,4819.45,1319,35
2026.04.16 12:05:00,4819.46,4821.15,4815.61,4816.36,1218,35
2026.04.16 12:10:00,4816.36,4817.4,4811.29,4817.2,1604,35
2026.04.16 12:15:00,4817.04,4818.46,4815.71,4817.9,1302,35
2026.04.16 12:20:00,4818.25,4818.54,4814.08,4816.49,1256,35
2026.04.16 12:25:00,4816.5,4818.03,4813.82,4814.96,1037,35
2026.04.16 12:30:00,4814.97,4820.16,4811.79,4819.34,1443,35
2026.04.16 12:35:00,4819.32,4820.8,4813.22,4815.11,1604,35
2026.04.16 12:40:00,4815.1,4817.12,4813.5,4817.04,1321,35
2026.04.16 12:45:00,4817.03,4817.82,4813.83,4814.71,1203,35
2026.04.16 12:50:00,4814.76,4817.33,4814.68,4816.32,1201,35
2026.04.16 12:55:00,4816.33,4818.96,4816.13,4816.19,1192,35
2026.04.16 13:00:00,4816.55,4823.07,4816.32,4819.53,1747,35
2026.04.16 13:05:00,4819.53,4821.94,4814.64,4815.77,1564,35
2026.04.16 13:10:00,4815.79,4818.93,4814.1,4817.24,1351,35
2026.04.16 13:15:00,4817.24,4819.92,4816.63,4818.13,1265,35
2026.04.16 13:20:00,4818.13,4821.16,4815.9,4816.57,1444,35
2026.04.16 13:25:00,4816.81,4818.97,4814.98,4815.47,1387,35
2026.04.16 13:30:00,4815.58,4822.1,4812.66,4821.65,1995,35
2026.04.16 13:35:00,4821.7,4823.87,4817.31,4821.7,2031,35
2026.04.16 13:40:00,4821.69,4823.62,4813.47,4816.23,1937,35
2026.04.16 13:45:00,4816.21,4819.46,4809.54,4814.02,1978,35
2026.04.16 13:50:00,4813.95,4815.44,4790.2,4794.35,2127,35
2026.04.16 13:55:00,4794.14,4798.32,4784.45,4794.69,2206,35
2026.04.16 14:00:00,4794.36,4798.24,4788.31,4792.18,2141,35
2026.04.16 14:05:00,4792.15,4800.1,4785.13,4799.48,2215,35
2026.04.16 14:10:00,4799.47,4805.12,4798.77,4800.75,1981,35
2026.04.16 14:15:00,4800.73,4802.97,4793.85,4794.57,1924,35
2026.04.16 14:20:00,4794.51,4797.35,4790.83,4795.71,1935,35
2026.04.16 14:25:00,4795.7,4799.27,4793.57,4799.01,1867,35
2026.04.16 14:30:00,4799.17,4800.67,4793.7,4796.57,1903,35
2026.04.16 14:35:00,4796.38,4797.27,4789.97,4789.99,1884,35
2026.04.16 14:40:00,4789.89,4790.45,4772.7,4787.52,2097,35
2026.04.16 14:45:00,4787.29,4791.82,4785.27,4790.9,2020,35
2026.04.16 14:50:00,4790.62,4793.44,4786.96,4791.45,1955,35
2026.04.16 14:55:00,4791.26,4791.48,4785.43,4788.68,1973,35
2026.04.16 15:00:00,4788.64,4801.9,4788.26,4800.61,1995,35
2026.04.16 15:05:00,4800.63,4811.62,4799.03,4808.09,1957,35
2026.04.16 15:10:00,4808.09,4812.77,4805.73,4806.73,1854,35
2026.04.16 15:15:00,4806.8,4809.63,4802.76,4803.48,1743,35
2026.04.16 15:20:00,4803.6,4806.72,4802.9,4804.38,1616,35
2026.04.16 15:25:00,4804.39,4807.23,4801.64,4801.81,1644,35
2026.04.16 15:30:00,4801.37,4805.58,4799.87,4801.11,1716,35
2026.04.16 15:35:00,4801.12,4811.1,4798.06,4806.49,1926,35
2026.04.16 15:40:00,4806.57,4807.47,4800.25,4802.75,1849,35
2026.04.16 15:45:00,4802.76,4806.91,4800.72,4803.32,1655,35
2026.04.16 15:50:00,4803.4,4807.13,4803.25,4804.96,1522,35
2026.04.16 15:55:00,4804.98,4808.31,4803.73,4806.88,1522,35
2026.04.16 16:00:00,4806.9,4809.79,4805.87,4808.34,1559,35
2026.04.16 16:05:00,4808.33,4808.73,4805.82,4805.88,1221,35
2026.04.16 16:10:00,4805.93,4807.38,4803.29,4804.91,1462,35
2026.04.16 16:15:00,4804.91,4805.74,4802.35,4804.16,1296,35
2026.04.16 16:20:00,4804.13,4804.42,4797.54,4798.43,1489,35
2026.04.16 16:25:00,4798.42,4800.63,4796.67,4799.29,1473,35
2026.04.16 16:30:00,4799.28,4799.86,4786.6,4792.06,1681,35
2026.04.16 16:35:00,4792.12,4797.14,4791.42,4796.12,1876,35
2026.04.16 16:40:00,4796.21,4796.32,4788.14,4790.16,1812,35
2026.04.16 16:45:00,4790.14,4790.82,4785.02,4787.68,1801,35
2026.04.16 16:50:00,4787.65,4793.27,4787.07,4789.88,1650,35
2026.04.16 16:55:00,4789.91,4793.55,4789.75,4791.9,1305,35
2026.04.16 17:00:00,4791.96,4795.08,4789.76,4792.09,1631,35
2026.04.16 17:05:00,4792.06,4794.88,4790.72,4794.42,1502,41
2026.04.16 17:10:00,4794.45,4795.34,4789.99,4791.28,1605,42
2026.04.16 17:15:00,4791.28,4792.11,4788.63,4790.58,1655,42
2026.04.16 17:20:00,4790.69,4793.32,4789.55,4792.75,1479,41
2026.04.16 17:25:00,4792.8,4793.89,4784.74,4785.13,1615,42
2026.04.16 17:30:00,4785.23,4789.26,4783.39,4783.8,1549,35
2026.04.16 17:35:00,4783.94,4786.47,4781.19,4782.22,1593,35
2026.04.16 17:40:00,4782.22,4787.31,4781.76,4786.9,1388,42
2026.04.16 17:45:00,4786.9,4788.9,4784.61,4788.6,1310,42
2026.04.16 17:50:00,4788.6,4788.96,4786.3,4786.91,1206,42
2026.04.16 17:55:00,4786.97,4790.82,4782.46,4789.07,1786,42
2026.04.16 18:00:00,4789.04,4794.09,4785.62,4790.23,1908,35
2026.04.16 18:05:00,4790.39,4793.57,4789.07,4789.69,1775,42
2026.04.16 18:10:00,4789.64,4790.33,4787.46,4789.97,1579,42
2026.04.16 18:15:00,4790.0,4791.13,4788.43,4789.96,1498,42
2026.04.16 18:20:00,4789.99,4792.95,4789.34,4790.14,1434,42
2026.04.16 18:25:00,4790.15,4791.32,4786.55,4786.95,1606,42
2026.04.16 18:30:00,4786.93,4790.04,4786.5,4788.74,1425,42
2026.04.16 18:35:00,4788.74,4789.97,4787.65,4789.39,1265,35
2026.04.16 18:40:00,4789.41,4791.2,4788.36,4790.29,1204,42
2026.04.16 18:45:00,4790.29,4791.34,4788.88,4789.97,1222,42
2026.04.16 18:50:00,4789.98,4792.58,4788.57,4790.22,1350,42
2026.04.16 18:55:00,4790.21,4790.72,4788.1,4789.39,1383,42
2026.04.16 19:00:00,4789.59,4794.8,4789.52,4792.58,1320,42
2026.04.16 19:05:00,4792.54,4794.19,4791.49,4793.35,1287,42
2026.04.16 19:10:00,4793.35,4793.65,4789.47,4790.01,1219,35
2026.04.16 19:15:00,4790.02,4793.56,4789.94,4792.97,1326,42
2026.04.16 19:20:00,4792.93,4793.84,4791.27,4792.64,1151,42
2026.04.16 19:25:00,4792.47,4792.71,4790.47,4790.86,1193,42
2026.04.16 19:30:00,4790.99,4793.61,4790.99,4791.74,1234,42
2026.04.16 19:35:00,4791.76,4793.47,4790.52,4793.27,1143,42
2026.04.16 19:40:00,4793.28,4797.82,4793.14,4797.58,1276,35
2026.04.16 19:45:00,4797.64,4798.49,4793.71,4794.06,1199,41
2026.04.16 19:50:00,4794.12,4795.13,4792.35,4794.54,1184,42
2026.04.16 19:55:00,4795.08,4795.77,4792.56,4793.58,1345,42
2026.04.16 20:00:00,4793.4,4793.77,4791.8,4792.36,843,42
2026.04.16 20:05:00,4792.32,4792.32,4789.61,4790.78,827,42
2026.04.16 20:10:00,4790.71,4791.35,4789.97,4790.33,514,41
2026.04.16 20:15:00,4790.2,4791.53,4790.05,4791.23,424,42
2026.04.16 20:20:00,4791.3,4791.3,4788.38,4788.56,646,42
2026.04.16 20:25:00,4788.46,4789.38,4788.23,4788.85,588,35
2026.04.16 20:30:00,4788.84,4789.54,4786.15,4786.67,481,42
2026.04.16 20:35:00,4786.67,4790.37,4786.64,4789.46,520,35
2026.04.16 20:40:00,4789.46,4789.46,4788.02,4788.53,376,42
2026.04.16 20:45:00,4788.53,4790.62,4788.53,4790.17,546,42
2026.04.16 20:50:00,4790.07,4790.1,4787.63,4789.25,534,42
2026.04.16 20:55:00,4789.29,4790.61,4788.69,4790.57,249,42
2026.04.16 22:00:00,4794.48,4796.23,4790.62,4794.92,790,35
2026.04.16 22:05:00,4795.36,4798.03,4794.01,4796.31,721,42
2026.04.16 22:10:00,4796.31,4796.94,4794.86,4795.33,607,42
2026.04.16 22:15:00,4795.41,4796.07,4792.6,4792.68,834,35
2026.04.16 22:20:00,4792.69,4793.73,4792.41,4793.55,497,42
2026.04.16 22:25:00,4793.41,4795.4,4793.41,4793.88,574,42
2026.04.16 22:30:00,4793.91,4795.06,4790.93,4794.65,848,42
2026.04.16 22:35:00,4794.82,4795.95,4793.62,4793.69,749,42
2026.04.16 22:40:00,4793.64,4795.83,4793.22,4795.16,595,42
2026.04.16 22:45:00,4795.16,4796.73,4794.46,4795.27,589,42
2026.04.16 22:50:00,4795.29,4796.57,4794.74,4795.93,636,42
2026.04.16 22:55:00,4795.93,4796.58,4795.09,4795.16,572,42
2026.04.16 23:00:00,4794.74,4794.82,4792.56,4793.69,812,41
2026.04.16 23:05:00,4793.69,4795.35,4793.18,4793.63,796,42
2026.04.16 23:10:00,4793.63,4794.23,4792.04,4792.82,618,42
2026.04.16 23:15:00,4792.82,4796.42,4792.23,4796.26,764,42
2026.04.16 23:20:00,4796.27,4797.67,4795.36,4796.23,823,42
2026.04.16 23:25:00,4796.27,4796.77,4793.96,4794.36,685,42
2026.04.16 23:30:00,4794.35,4795.81,4792.24,4794.76,772,41
2026.04.16 23:35:00,4794.74,4795.9,4794.55,4794.9,527,39
2026.04.16 23:40:00,4795.08,4796.14,4794.6,4795.65,530,42
2026.04.16 23:45:00,4795.6,4796.66,4793.02,4794.02,957,35
2026.04.16 23:50:00,4794.01,4795.7,4793.31,4793.93,817,41
2026.04.16 23:55:00,4793.78,4794.27,4791.59,4791.67,932,42
2026.04.17 00:00:00,4791.59,4791.59,4787.72,4788.22,1085,42
2026.04.17 00:05:00,4788.23,4790.86,4785.67,4790.34,1239,41
2026.04.17 00:10:00,4790.37,4791.74,4787.69,4790.06,1119,41
2026.04.17 00:15:00,4790.06,4792.31,4787.47,4791.24,944,35
2026.04.17 00:20:00,4791.24,4791.88,4789.56,4789.64,1004,42
2026.04.17 00:25:00,4789.47,4792.9,4789.41,4792.82,833,42
2026.04.17 00:30:00,4792.82,4798.27,4792.43,4796.27,1082,42
2026.04.17 00:35:00,4796.28,4797.21,4794.94,4796.2,967,42
2026.04.17 00:40:00,4796.15,4798.48,4794.72,4798.48,809,42
2026.04.17 00:45:00,4798.43,4801.19,4797.77,4799.23,920,35
2026.04.17 00:50:00,4799.21,4799.25,4794.55,4795.07,860,42
2026.04.17 00:55:00,4795.07,4795.9,4793.79,4794.75,1022,42
2026.04.17 01:00:00,4794.66,4795.36,4786.8,4789.33,1705,42
2026.04.17 01:05:00,4789.02,4790.8,4782.93,4783.26,1493,42
2026.04.17 01:10:00,4783.27,4784.58,4767.72,4778.95,1868,35
2026.04.17 01:15:00,4778.66,4784.95,4778.38,4782.47,1509,42
2026.04.17 01:20:00,4782.47,4783.42,4771.57,4774.23,1590,42
2026.04.17 01:25:00,4774.31,4776.89,4767.54,4768.4,1586,42
2026.04.17 01:30:00,4768.39,4776.1,4767.52,4774.01,1600,42
2026.04.17 01:35:00,4774.07,4777.55,4773.56,4773.7,1436,42
2026.04.17 01:40:00,4773.7,4777.67,4772.07,4777.67,1426,42
2026.04.17 01:45:00,4777.67,4779.26,4775.16,4778.51,1237,35
2026.04.17 01:50:00,4778.51,4786.92,4777.86,4786.42,1567,35
2026.04.17 01:55:00,4786.41,4791.3,4786.12,4789.38,1405,35
2026.04.17 02:00:00,4789.38,4792.54,4788.37,4792.01,1297,42
2026.04.17 02:05:00,4792.01,4794.36,4789.45,4789.82,1297,42
2026.04.17 02:10:00,4789.83,4791.48,4788.18,4791.32,1072,41
2026.04.17 02:15:00,4791.31,4791.86,4788.35,4789.31,655,35
2026.04.17 02:20:00,4789.31,4791.79,4788.37,4789.66,785,42
2026.04.17 02:25:00,4789.78,4791.3,4788.83,4788.9,749,42
2026.04.17 02:30:00,4789.03,4793.17,4788.54,4791.54,1140,42
2026.04.17 02:35:00,4791.49,4794.68,4790.53,4793.05,1129,42
2026.04.17 02:40:00,4793.05,4794.64,4791.31,4791.45,978,42
2026.04.17 02:45:00,4791.46,4793.44,4789.61,4789.65,945,42
2026.04.17 02:50:00,4789.58,4789.85,4788.07,4788.07,772,42
2026.04.17 02:55:00,4788.08,4788.85,4784.38,4784.42,1210,42
2026.04.17 03:00:00,4784.44,4791.87,4784.44,4791.75,1339,35
2026.04.17 03:05:00,4791.79,4797.72,4791.75,4795.54,1353,42
2026.04.17 03:10:00,4795.55,4796.53,4792.67,4795.88,1022,42
2026.04.17 03:15:00,4795.88,4797.89,4794.25,4797.06,1140,42
2026.04.17 03:20:00,4797.08,4797.47,4794.66,4795.75,1023,35
2026.04.17 03:25:00,4795.75,4795.98,4792.87,4794.05,1031,42
2026.04.17 03:30:00,4794.02,4795.03,4792.81,4794.09,638,42
2026.04.17 03:35:00,4794.13,4794.32,4791.85,4792.77,662,42
2026.04.17 03:40:00,4792.77,4794.92,4792.08,4794.15,708,42
2026.04.17 03:45:00,4794.15,4796.32,4794.03,4796.14,667,42
2026.04.17 03:50:00,4796.15,4796.76,4793.76,4794.04,635,42
2026.04.17 03:55:00,4794.04,4794.21,4792.76,4793.18,507,42
2026.04.17 04:00:00,4793.09,4794.36,4792.52,4794.17,652,42
2026.04.17 04:05:00,4794.18,4795.34,4793.29,4794.14,766,41
2026.04.17 04:10:00,4794.14,4796.08,4793.66,4795.27,542,42
2026.04.17 04:15:00,4795.29,4796.11,4793.69,4795.61,657,42
2026.04.17 04:20:00,4795.57,4795.83,4793.75,4795.18,538,42
2026.04.17 04:25:00,4795.19,4796.11,4794.21,4795.9,456,41
2026.04.17 04:30:00,4795.91,4797.37,4795.25,4797.06,577,42
2026.04.17 04:35:00,4797.06,4799.38,4796.45,4799.38,731,42
2026.04.17 04:40:00,4799.38,4801.68,4798.76,4800.9,756,35
2026.04.17 04:45:00,4800.91,4801.16,4798.29,4798.73,686,42
2026.04.17 04:50:00,4798.83,4800.89,4798.51,4799.21,756,42
2026.04.17 04:55:00,4799.49,4804.41,4798.7,4802.88,810,42
2026.04.17 05:00:00,4802.84,4805.59,4800.27,4801.07,1154,42
2026.04.17 05:05:00,4801.05,4805.31,4799.51,4804.37,1106,42
2026.04.17 05:10:00,4804.29,4806.06,4804.01,4804.9,861,42
2026.04.17 05:15:00,4804.93,4804.93,4801.42,4803.42,768,42
2026.04.17 05:20:00,4803.43,4805.23,4802.4,4804.48,805,42
2026.04.17 05:25:00,4804.46,4805.06,4802.85,4803.47,678,42
2026.04.17 05:30:00,4803.4,4805.3,4797.96,4798.4,1492,42
2026.04.17 05:35:00,4798.38,4802.96,4798.17,4799.47,1234,42
2026.04.17 05:40:00,4799.41,4801.12,4795.58,4796.47,1294,42
2026.04.17 05:45:00,4796.42,4798.14,4794.62,4797.62,1305,35
2026.04.17 05:50:00,4797.63,4800.46,4796.27,4796.98,1305,35
2026.04.17 05:55:00,4797.0,4798.24,4793.54,4794.07,1298,35
2026.04.17 06:00:00,4794.07,4794.43,4789.73,4793.18,1599,42
2026.04.17 06:05:00,4793.2,4795.04,4789.86,4790.25,1344,42
2026.04.17 06:10:00,4790.04,4791.08,4786.71,4787.59,1495,42
2026.04.17 06:15:00,4787.56,4789.69,4785.04,4785.52,1295,41
2026.04.17 06:20:00,4785.59,4788.13,4784.51,4787.4,1264,35
2026.04.17 06:25:00,4787.39,4788.56,4783.11,4783.73,1175,42
2026.04.17 06:30:00,4783.7,4785.84,4781.34,4782.64,1334,42
2026.04.17 06:35:00,4782.7,4786.09,4779.02,4785.55,1547,42
2026.04.17 06:40:00,4785.55,4786.93,4784.34,4785.31,1124,35
2026.04.17 06:45:00,4785.28,4786.51,4783.86,4785.5,931,42
2026.04.17 06:50:00,4785.51,4787.09,4783.68,4784.64,1042,42
2026.04.17 06:55:00,4784.64,4786.9,4784.09,4784.9,1085,42
2026.04.17 07:00:00,4784.86,4789.02,4784.22,4788.87,1188,35
2026.04.17 07:05:00,4789.01,4790.86,4787.33,4789.64,1319,35
2026.04.17 07:10:00,4789.62,4789.79,4786.53,4787.11,1082,35
2026.04.17 07:15:00,4787.19,4789.59,4784.56,4789.05,1053,35
2026.04.17 07:20:00,4789.08,4789.98,4785.06,4788.8,1110,35
2026.04.17 07:25:00,4788.78,4792.63,4788.75,4791.55,1107,35
2026.04.17 07:30:00,4791.55,4794.89,4790.23,4794.33,1197,35
2026.04.17 07:35:00,4794.33,4794.33,4785.69,4786.68,1327,35
2026.04.17 07:40:00,4786.67,4787.74,4782.4,4785.92,1232,35
2026.04.17 07:45:00,4785.87,4786.18,4780.17,4780.17,1311,35
2026.04.17 07:50:00,4780.23,4785.59,4778.57,4785.15,1417,35
2026.04.17 07:55:00,4785.15,4785.37,4783.16,4784.28,1177,35
2026.04.17 08:00:00,4784.25,4790.32,4784.25,4790.21,1360,35
2026.04.17 08:05:00,4790.22,4790.86,4783.22,4784.29,1178,35
2026.04.17 08:10:00,4784.31,4785.23,4780.96,4783.49,1191,35
2026.04.17 08:15:00,4783.2,4785.39,4782.5,4785.28,1019,35
2026.04.17 08:20:00,4785.25,4787.02,4782.98,4783.94,1132,35
2026.04.17 08:25:00,4784.01,4785.72,4783.06,4784.32,861,35
2026.04.17 08:30:00,4784.32,4788.22,4784.2,4786.17,848,35
2026.04.17 08:35:00,4786.29,4789.52,4785.58,4789.3,909,35
2026.04.17 08:40:00,4789.3,4796.73,4788.11,4796.73,1302,35
2026.04.17 08:45:00,4796.8,4796.94,4791.45,4793.56,1268,35
2026.04.17 08:50:00,4793.48,4794.76,4790.88,4793.31,1193,35
2026.04.17 08:55:00,4793.3,4796.37,4791.91,4795.85,1099,35
2026.04.17 09:00:00,4795.84,4800.98,4795.7,4799.09,1280,35
2026.04.17 09:05:00,4799.08,4799.08,4794.62,4795.99,1267,35
2026.04.17 09:10:00,4795.95,4796.05,4792.41,4792.99,1009,35
2026.04.17 09:15:00,4793.03,4795.48,4791.99,4795.4,1112,35
2026.04.17 09:20:00,4795.41,4798.18,4794.4,4794.44,1227,35
2026.04.17 09:25:00,4794.44,4798.37,4794.44,4795.79,1093,35
2026.04.17 09:30:00,4795.78,4797.02,4794.26,4796.94,1186,35
2026.04.17 09:35:00,4796.93,4798.99,4794.72,4795.35,1079,35
2026.04.17 09:40:00,4795.37,4796.4,4793.9,4794.48,942,35
2026.04.17 09:45:00,4794.61,4795.04,4790.49,4791.95,1110,35
2026.04.17 09:50:00,4791.95,4793.04,4790.73,4791.66,999,35
2026.04.17 09:55:00,4791.72,4792.43,4789.84,4790.23,977,35
2026.04.17 10:00:00,4790.36,4791.99,4788.84,4790.98,1142,35
2026.04.17 10:05:00,4790.99,4791.49,4788.62,4788.95,1000,35
2026.04.17 10:10:00,4788.95,4791.87,4787.02,4791.43,1086,35
2026.04.17 10:15:00,4791.44,4794.18,4790.51,4791.36,1138,35
2026.04.17 10:20:00,4791.37,4793.58,4790.95,4792.51,1061,35
2026.04.17 10:25:00,4792.5,4792.65,4788.56,4789.4,937,35
2026.04.17 10:30:00,4789.4,4789.73,4786.2,4787.96,1033,35
2026.04.17 10:35:00,4788.03,4789.07,4785.42,4785.68,993,35
2026.04.17 10:40:00,4785.53,4785.67,4782.36,4784.81,1172,35
2026.04.17 10:45:00,4784.77,4787.76,4783.94,4787.73,1026,35
2026.04.17 10:50:00,4787.69,4788.2,4782.43,4785.97,1188,35
2026.04.17 10:55:00,4786.04,4787.63,4784.0,4787.18,950,35
2026.04.17 11:00:00,4787.47,4789.54,4783.44,4785.1,1236,35
2026.04.17 11:05:00,4785.11,4787.14,4783.7,4787.1,880,35
2026.04.17 11:10:00,4787.09,4788.17,4785.4,4786.32,743,35
2026.04.17 11:15:00,4786.33,4786.97,4784.53,4785.43,728,35
2026.04.17 11:20:00,4785.43,4790.88,4784.91,4790.59,917,35
2026.04.17 11:25:00,4790.61,4793.28,4790.04,4792.8,1010,35
2026.04.17 11:30:00,4792.76,4793.68,4789.54,4793.17,1047,35
2026.04.17 11:35:00,4793.18,4794.31,4790.55,4792.5,976,35
2026.04.17 11:40:00,4792.42,4798.46,4792.15,4798.36,1051,35
2026.04.17 11:45:00,4798.55,4812.01,4798.55,4805.64,1732,35
2026.04.17 11:50:00,4805.61,4806.84,4801.24,4801.35,1370,35
2026.04.17 11:55:00,4801.35,4801.59,4798.65,4799.13,1383,35
2026.04.17 12:00:00,4799.22,4805.37,4797.39,4803.84,1400,35
2026.04.17 12:05:00,4803.85,4805.43,4802.14,4803.98,1141,35
2026.04.17 12:10:00,4804.0,4804.53,4800.74,4803.64,1145,35
2026.04.17 12:15:00,4803.61,4805.85,4802.97,4805.72,1096,35
2026.04.17 12:20:00,4806.06,4812.08,4804.35,4811.91,1392,35
2026.04.17 12:25:00,4811.99,4819.64,4811.57,4816.81,1887,35
2026.04.17 12:30:00,4816.8,4822.02,4815.42,4817.6,1712,35
2026.04.17 12:35:00,4817.58,4823.69,4817.34,4822.56,1730,35
2026.04.17 12:40:00,4822.48,4825.08,4821.34,4823.23,1552,35
2026.04.17 12:45:00,4823.23,4843.07,4821.52,4836.34,1831,35
2026.04.17 12:50:00,4836.39,4845.12,4833.48,4842.76,1882,35
2026.04.17 12:55:00,4842.79,4847.63,4839.53,4846.26,2000,35
2026.04.17 13:00:00,4846.48,4847.37,4835.1,4844.3,2065,35
2026.04.17 13:05:00,4844.3,4863.7,4840.69,4862.9,2109,35
2026.04.17 13:10:00,4862.81,4889.19,4861.92,4883.18,2218,35
2026.04.17 13:15:00,4883.15,4883.78,4862.67,4864.21,2202,35
2026.04.17 13:20:00,4864.17,4864.41,4851.36,4861.22,2134,35
2026.04.17 13:25:00,4861.16,4864.04,4850.33,4851.68,2032,35
2026.04.17 13:30:00,4851.66,4856.94,4848.62,4855.57,2146,35
2026.04.17 13:35:00,4855.58,4869.05,4855.06,4867.36,2185,35
2026.04.17 13:40:00,4867.46,4873.4,4863.0,4864.49,2169,35
2026.04.17 13:45:00,4864.57,4867.73,4852.06,4865.28,2046,35
2026.04.17 13:50:00,4865.12,4878.95,4862.5,4877.18,2068,35
2026.04.17 13:55:00,4877.18,4881.85,4874.75,4880.16,2022,35
2026.04.17 14:00:00,4880.24,4885.38,4874.84,4875.58,2054,35
2026.04.17 14:05:00,4875.58,4877.61,4868.87,4871.97,1999,35
2026.04.17 14:10:00,4872.09,4872.4,4860.84,4866.87,2064,35
2026.04.17 14:15:00,4866.87,4874.02,4866.87,4870.49,1933,35
2026.04.17 14:20:00,4870.49,4879.34,4866.8,4878.44,1986,35
2026.04.17 14:25:00,4878.53,4880.44,4871.13,4871.35,1941,35
2026.04.17 14:30:00,4871.5,4877.79,4869.32,4877.39,1800,35
2026.04.17 14:35:00,4877.45,4880.26,4871.08,4875.48,1779,35
2026.04.17 14:40:00,4875.47,4883.18,4874.6,4877.3,1948,35
2026.04.17 14:45:00,4877.3,4881.25,4873.75,4880.08,1837,35
2026.04.17 14:50:00,4879.6,4879.75,4869.82,4876.19,1889,35
2026.04.17 14:55:00,4876.31,4877.65,4872.48,4873.0,1715,35
2026.04.17 15:00:00,4873.16,4873.49,4862.79,4868.17,1934,35
2026.04.17 15:05:00,4868.17,4880.56,4867.99,4872.69,1948,35
2026.04.17 15:10:00,4872.66,4873.27,4865.7,4867.79,1803,35
2026.04.17 15:15:00,4867.81,4874.43,4863.6,4864.94,1934,35
2026.04.17 15:20:00,4864.93,4873.25,4862.99,4870.06,1790,35
2026.04.17 15:25:00,4870.02,4871.19,4865.18,4865.68,1909,35
2026.04.17 15:30:00,4865.99,4873.96,4864.64,4873.83,1850,35
2026.04.17 15:35:00,4873.83,4873.83,4868.26,4869.75,1711,35
2026.04.17 15:40:00,4869.76,4870.26,4854.69,4858.6,1831,35
2026.04.17 15:45:00,4858.77,4864.32,4858.12,4863.46,1684,35
2026.04.17 15:50:00,4863.33,4870.07,4863.14,4869.06,1693,35
2026.04.17 15:55:00,4869.03,4871.72,4866.58,4867.36,1585,35
2026.04.17 16:00:00,4867.36,4870.63,4863.45,4866.98,1703,35
2026.04.17 16:05:00,4866.84,4873.17,4865.6,4871.28,1663,35
2026.04.17 16:10:00,4871.3,4873.21,4870.3,4871.38,1486,35
2026.04.17 16:15:00,4871.38,4873.36,4869.88,4870.81,1521,35
2026.04.17 16:20:00,4870.84,4872.99,4869.78,4870.36,1298,35
2026.04.17 16:25:00,4870.37,4871.43,4867.59,4867.73,1386,35
2026.04.17 16:30:00,4867.75,4871.81,4867.61,4871.34,1459,35
2026.04.17 16:35:00,4871.45,4872.82,4869.95,4871.4,1350,35
2026.04.17 16:40:00,4871.43,4872.43,4867.49,4868.26,1212,35
2026.04.17 16:45:00,4868.26,4868.96,4865.25,4866.06,1336,35
2026.04.17 16:50:00,4866.08,4867.51,4864.86,4866.3,1160,35
2026.04.17 16:55:00,4866.27,4867.47,4865.24,4866.89,1048,35
2026.04.17 17:00:00,4866.86,4869.49,4864.85,4866.58,1394,35
2026.04.17 17:05:00,4866.54,4868.3,4858.08,4861.49,1482,42
2026.04.17 17:10:00,4861.51,4864.02,4857.66,4862.44,1758,41
2026.04.17 17:15:00,4862.59,4864.84,4862.26,4863.01,1318,42
2026.04.17 17:20:00,4863.1,4863.62,4853.7,4854.01,1546,42
2026.04.17 17:25:00,4854.02,4859.03,4853.75,4858.35,1880,35
2026.04.17 17:30:00,4858.03,4862.88,4857.02,4861.6,1573,42
2026.04.17 17:35:00,4861.6,4862.15,4855.6,4857.48,1458,42
2026.04.17 17:40:00,4857.53,4858.5,4853.95,4854.93,1221,42
2026.04.17 17:45:00,4854.75,4861.04,4854.75,4860.18,1390,42
2026.04.17 17:50:00,4860.32,4862.56,4859.7,4861.56,1145,42
2026.04.17 17:55:00,4861.57,4863.34,4860.93,4862.5,1205,42
2026.04.17 18:00:00,4862.51,4864.71,4861.61,4862.22,1326,42
2026.04.17 18:05:00,4862.22,4866.32,4861.88,4863.27,1359,42
2026.04.17 18:10:00,4863.27,4863.68,4860.15,4860.95,1460,42
2026.04.17 18:15:00,4860.96,4864.43,4860.83,4861.58,1328,42
2026.04.17 18:20:00,4861.53,4866.09,4858.86,4865.0,1451,41
2026.04.17 18:25:00,4865.05,4868.17,4860.58,4860.58,1631,42
2026.04.17 18:30:00,4860.51,4866.61,4860.28,4865.64,1332,42
2026.04.17 18:35:00,4865.72,4865.91,4861.88,4863.01,1171,41
2026.04.17 18:40:00,4862.75,4863.48,4860.27,4862.17,1289,42
2026.04.17 18:45:00,4862.19,4863.0,4859.98,4860.61,1302,42
2026.04.17 18:50:00,4860.61,4861.14,4855.83,4856.7,1504,42
2026.04.17 18:55:00,4856.66,4859.7,4856.05,4858.13,1260,42
2026.04.17 19:00:00,4858.11,4858.77,4855.62,4858.13,1287,42
2026.04.17 19:05:00,4858.15,4858.19,4854.25,4854.79,1217,35
2026.04.17 19:10:00,4854.8,4857.16,4853.71,4856.39,1167,42
2026.04.17 19:15:00,4856.27,4858.14,4855.5,4855.72,1177,42
2026.04.17 19:20:00,4855.72,4857.6,4854.05,4855.13,1217,42
2026.04.17 19:25:00,4855.13,4857.16,4854.45,4857.05,1101,35
2026.04.17 19:30:00,4857.02,4858.64,4855.98,4857.55,1131,42
2026.04.17 19:35:00,4857.56,4860.67,4855.79,4859.74,1438,42
2026.04.17 19:40:00,4859.74,4861.28,4858.04,4860.15,1141,42
2026.04.17 19:45:00,4860.06,4860.07,4857.51,4858.48,1225,42
2026.04.17 19:50:00,4858.88,4859.22,4854.41,4855.01,1397,42
2026.04.17 19:55:00,4855.09,4855.37,4852.45,4854.33,1555,42
2026.04.17 20:00:00,4854.43,4855.29,4849.82,4850.08,1161,42
2026.04.17 20:05:00,4850.09,4850.85,4845.66,4847.16,1126,42
2026.04.17 20:10:00,4847.24,4847.6,4844.27,4845.84,1023,35
2026.04.17 20:15:00,4845.84,4851.87,4844.9,4851.35,905,42
2026.04.17 20:20:00,4851.4,4851.5,4848.17,4848.43,909,42
2026.04.17 20:25:00,4848.46,4848.46,4844.52,4845.73,877,42
2026.04.17 20:30:00,4845.74,4846.92,4844.43,4846.38,812,35
2026.04.17 20:35:00,4846.19,4846.31,4840.43,4841.89,1102,35
2026.04.17 20:40:00,4841.86,4842.19,4833.93,4835.62,1206,42
2026.04.17 20:45:00,4835.64,4837.38,4832.8,4833.44,1026,42
2026.04.17 20:50:00,4833.37,4835.65,4831.37,4834.72,1073,35
2026.04.17 20:55:00,4834.74,4834.75,4830.21,4831.75,838,35
2026.04.19 22:00:00,4765.68,4791.34,4757.94,4774.17,1734,35
2026.04.19 22:05:00,4774.27,4789.92,4770.98,4789.92,2035,42
2026.04.19 22:10:00,4793.84,4794.92,4782.42,4790.25,1742,41
2026.04.19 22:15:00,4790.25,4795.07,4788.79,4791.97,1279,42
2026.04.19 22:20:00,4791.94,4793.91,4784.07,4784.66,1511,35
2026.04.19 22:25:00,4784.66,4789.05,4783.93,4785.28,1258,42
2026.04.19 22:30:00,4785.32,4790.85,4784.49,4785.58,1409,42
2026.04.19 22:35:00,4785.69,4787.22,4782.54,4784.29,1330,42
2026.04.19 22:40:00,4784.29,4784.68,4779.38,4780.55,1235,42
2026.04.19 22:45:00,4780.56,4785.86,4780.35,4785.25,1120,42
2026.04.19 22:50:00,4785.26,4786.79,4782.21,4782.32,1140,42
2026.04.19 22:55:00,4782.31,4783.35,4777.79,4779.22,1037,42
2026.04.19 23:00:00,4779.25,4779.36,4772.64,4775.96,1481,42
2026.04.19 23:05:00,4775.96,4777.01,4771.93,4775.63,1256,42
2026.04.19 23:10:00,4775.65,4778.89,4772.15,4772.43,1210,42
2026.04.19 23:15:00,4772.45,4775.77,4770.7,4772.86,1196,42
2026.04.19 23:20:00,4772.81,4772.98,4768.61,4770.57,1206,42
2026.04.19 23:25:00,4770.67,4771.86,4768.01,4768.94,1112,42
2026.04.19 23:30:00,4768.97,4773.3,4767.9,4771.25,1289,41
2026.04.19 23:35:00,4771.26,4771.42,4758.93,4763.89,1599,35
2026.04.19 23:40:00,4763.66,4764.03,4743.82,4751.48,1788,39
2026.04.19 23:45:00,4751.74,4751.74,4736.97,4743.76,2099,35
2026.04.19 23:50:00,4743.75,4752.7,4743.51,4752.55,1645,42
2026.04.19 23:55:00,4752.55,4755.47,4749.85,4755.13,1316,35
2026.04.20 00:00:00,4755.16,4755.16,4745.18,4749.44,1964,37
2026.04.20 00:05:00,4749.62,4754.33,4746.77,4752.26,1750,42
2026.04.20 00:10:00,4752.31,4755.21,4749.39,4752.18,1681,42
2026.04.20 00:15:00,4752.18,4759.01,4751.82,4758.17,1700,35
2026.04.20 00:20:00,4758.16,4762.9,4756.64,4762.65,1530,35
2026.04.20 00:25:00,4762.65,4765.77,4761.88,4765.2,1266,35
2026.04.20 00:30:00,4765.23,4768.21,4761.77,4765.75,1342,42
2026.04.20 00:35:00,4765.74,4766.12,4760.96,4764.77,1445,42
2026.04.20 00:40:00,4764.77,4765.95,4763.5,4764.19,1184,42
2026.04.20 00:45:00,4764.2,4767.89,4762.61,4764.19,1250,42
2026.04.20 00:50:00,4764.19,4764.97,4759.53,4763.5,1403,42
2026.04.20 00:55:00,4763.49,4774.31,4761.5,4772.32,1488,42
2026.04.20 01:00:00,4772.34,4788.45,4771.08,4787.53,2366,35
2026.04.20 01:05:00,4787.56,4789.01,4781.26,4787.95,1897,42
2026.04.20 01:10:00,4787.92,4794.25,4786.11,4793.59,1998,42
2026.04.20 01:15:00,4793.58,4794.6,4788.58,4792.49,1758,42
2026.04.20 01:20:00,4792.46,4798.3,4791.79,4797.18,1689,42
2026.04.20 01:25:00,4797.18,4803.74,4795.87,4802.73,1642,42
2026.04.20 01:30:00,4802.78,4812.04,4801.36,4807.72,1913,35
2026.04.20 01:35:00,4807.85,4809.81,4803.18,4808.1,1669,42
2026.04.20 01:40:00,4808.1,4810.33,4805.88,4806.71,1539,42
2026.04.20 01:45:00,4806.52,4813.22,4805.83,4810.35,1447,42
2026.04.20 01:50:00,4810.32,4814.29,4808.31,4812.95,1272,42
2026.04.20 01:55:00,4813.03,4813.47,4807.44,4807.56,1537,35
2026.04.20 02:00:00,4807.55,4809.11,4803.98,4804.31,1613,42
2026.04.20 02:05:00,4804.3,4805.73,4802.84,4802.92,1455,41
2026.04.20 02:10:00,4802.94,4804.63,4800.63,4800.88,1453,41
2026.04.20 02:15:00,4800.88,4802.33,4799.57,4800.81,1044,41
2026.04.20 02:20:00,4800.81,4803.96,4798.47,4803.35,1200,42
2026.04.20 02:25:00,4803.29,4803.35,4798.7,4800.29,1026,42
2026.04.20 02:30:00,4800.29,4801.87,4798.34,4801.26,1381,42
2026.04.20 02:35:00,4801.46,4801.86,4795.56,4796.73,1441,42
2026.04.20 02:40:00,4796.72,4797.92,4794.59,4796.13,1347,42
2026.04.20 02:45:00,4796.16,4797.61,4793.05,4795.24,1421,42
2026.04.20 02:50:00,4795.25,4797.38,4793.3,4795.65,1146,42
2026.04.20 02:55:00,4795.63,4797.48,4793.12,4797.25,1275,42
2026.04.20 03:00:00,4797.17,4798.28,4794.2,4794.9,1385,42
2026.04.20 03:05:00,4794.91,4797.76,4793.9,4793.9,1421,42
2026.04.20 03:10:00,4793.9,4793.9,4790.36,4791.54,1383,42
2026.04.20 03:15:00,4791.57,4792.84,4788.88,4791.61,1236,42
2026.04.20 03:20:00,4791.6,4795.11,4791.6,4794.91,1167,37
2026.04.20 03:25:00,4794.92,4795.84,4793.19,4795.06,1113,42
2026.04.20 03:30:00,4795.1,4796.63,4789.93,4792.22,1092,42
2026.04.20 03:35:00,4792.2,4794.45,4790.67,4794.06,884,42
2026.04.20 03:40:00,4794.04,4795.14,4792.02,4793.41,711,42
2026.04.20 03:45:00,4793.37,4793.56,4791.43,4792.12,724,42
2026.04.20 03:50:00,4792.12,4794.66,4790.76,4791.3,757,42
2026.04.20 03:55:00,4791.26,4791.99,4789.01,4791.09,871,42
2026.04.20 04:00:00,4791.12,4793.68,4790.9,4793.35,768,42
2026.04.20 04:05:00,4793.44,4795.85,4792.38,4794.26,962,41
2026.04.20 04:10:00,4794.33,4795.02,4792.07,4792.68,747,42
2026.04.20 04:15:00,4792.39,4794.57,4791.7,4793.12,807,42
2026.04.20 04:20:00,4793.11,4793.99,4791.56,4793.79,674,42
2026.04.20 04:25:00,4793.82,4795.52,4792.76,4794.53,670,42
2026.04.20 04:30:00,4794.62,4794.65,4788.18,4788.99,992,42
2026.04.20 04:35:00,4788.99,4791.01,4788.17,4790.39,873,42
2026.04.20 04:40:00,4790.41,4791.35,4787.09,4787.43,831,42
2026.04.20 04:45:00,4787.43,4793.11,4787.43,4792.8,1040,42
2026.04.20 04:50:00,4792.6,4792.97,4788.5,4788.7,990,42
2026.04.20 04:55:00,4788.68,4789.7,4787.49,4788.83,712,42
2026.04.20 05:00:00,4788.72,4792.83,4787.3,4789.97,1119,42
2026.04.20 05:05:00,4789.98,4791.16,4786.19,4786.94,1046,42
2026.04.20 05:10:00,4786.93,4788.69,4784.31,4786.39,1194,42
2026.04.20 05:15:00,4786.38,4789.43,4786.36,4787.61,902,42
2026.04.20 05:20:00,4787.62,4788.64,4786.14,4787.24,885,42
2026.04.20 05:25:00,4787.25,4788.79,4785.21,4787.86,1188,42
2026.04.20 05:30:00,4787.77,4796.03,4787.47,4794.47,1993,42
2026.04.20 05:35:00,4794.51,4795.69,4792.13,4792.73,1519,35
2026.04.20 05:40:00,4792.76,4794.27,4779.29,4780.65,1831,39
2026.04.20 05:45:00,4780.67,4785.84,4780.66,4785.44,1774,42
2026.04.20 05:50:00,4785.51,4791.6,4782.68,4790.55,1818,42
2026.04.20 05:55:00,4790.54,4792.99,4789.26,4790.71,1492,41
2026.04.20 06:00:00,4790.6,4793.71,4785.51,4790.56,1818,42
2026.04.20 06:05:00,4790.4,4791.84,4788.42,4791.48,1546,42
2026.04.20 06:10:00,4791.48,4793.69,4789.37,4790.24,1597,42
2026.04.20 06:15:00,4790.24,4790.37,4786.99,4787.35,1344,41
2026.04.20 06:20:00,4787.35,4788.24,4783.72,4787.06,1574,42
2026.04.20 06:25:00,4787.05,4788.0,4783.84,4786.0,1352,41
2026.04.20 06:30:00,4786.0,4791.63,4785.46,4787.18,1478,38
2026.04.20 06:35:00,4787.2,4790.36,4786.18,4790.25,1238,42
2026.04.20 06:40:00,4790.25,4791.04,4787.14,4790.05,1262,38
2026.04.20 06:45:00,4790.04,4790.05,4785.2,4787.39,1326,42
2026.04.20 06:50:00,4787.48,4788.87,4785.27,4786.92,1372,35
2026.04.20 06:55:00,4786.91,4795.35,4786.36,4795.32,1702,35
2026.04.20 07:00:00,4795.31,4801.46,4794.87,4797.89,1718,35
2026.04.20 07:05:00,4797.91,4798.73,4794.13,4795.85,1589,35
2026.04.20 07:10:00,4795.98,4797.63,4793.84,4797.38,1344,35
2026.04.20 07:15:00,4797.38,4803.9,4794.12,4802.63,1630,35
2026.04.20 07:20:00,4802.64,4805.72,4801.36,4801.75,1654,35
2026.04.20 07:25:00,4801.75,4801.95,4796.62,4797.77,1532,35
2026.04.20 07:30:00,4797.77,4798.59,4790.51,4794.35,1673,35
2026.04.20 07:35:00,4794.33,4796.33,4790.13,4796.21,1485,35
2026.04.20 07:40:00,4796.21,4798.63,4794.59,4797.47,1335,35
2026.04.20 07:45:00,4797.45,4797.47,4792.43,4792.63,1411,35
2026.04.20 07:50:00,4792.65,4793.88,4788.14,4788.32,1538,35
2026.04.20 07:55:00,4788.3,4791.0,4786.82,4789.69,1457,35
2026.04.20 08:00:00,4789.68,4790.88,4785.86,4788.6,1479,35
2026.04.20 08:05:00,4788.6,4791.23,4786.74,4788.24,1574,35
2026.04.20 08:10:00,4788.24,4791.72,4787.67,4788.97,1427,35
2026.04.20 08:15:00,4788.97,4789.3,4786.37,4788.57,1359,35
2026.04.20 08:20:00,4788.57,4791.24,4787.17,4788.74,1308,35
2026.04.20 08:25:00,4788.64,4792.45,4788.38,4791.93,1133,35
2026.04.20 08:30:00,4791.93,4792.51,4788.69,4790.09,1312,35
2026.04.20 08:35:00,4790.09,4790.84,4788.52,4789.5,1042,35
2026.04.20 08:40:00,4789.5,4792.43,4788.83,4792.27,977,35
2026.04.20 08:45:00,4792.26,4794.96,4792.21,4794.36,1157,35
2026.04.20 08:50:00,4794.36,4796.11,4792.91,4793.71,1057,35
2026.04.20 08:55:00,4793.73,4796.16,4792.62,4796.13,1356,35
2026.04.20 09:00:00,4796.05,4797.5,4793.42,4795.46,1407,35
2026.04.20 09:05:00,4795.36,4797.77,4793.4,4794.95,1325,35
2026.04.20 09:10:00,4794.95,4797.31,4794.01,4795.75,1060,35
2026.04.20 09:15:00,4795.75,4795.78,4791.91,4794.35,1134,35
2026.04.20 09:20:00,4794.37,4795.72,4793.32,4793.53,1122,35
2026.04.20 09:25:00,4793.39,4793.93,4791.68,4792.26,983,35
2026.04.20 09:30:00,4792.32,4794.17,4783.51,4785.77,1659,35
2026.04.20 09:35:00,4785.77,4789.22,4784.65,4788.36,1396,35
2026.04.20 09:40:00,4788.41,4792.39,4787.7,4791.78,1081,35
2026.04.20 09:45:00,4791.76,4795.95,4791.19,4795.17,1200,35
2026.04.20 09:50:00,4795.14,4797.0,4791.52,4791.96,1270,35
2026.04.20 09:55:00,4791.93,4793.97,4789.1,4791.61,1447,35
2026.04.20 10:00:00,4791.59,4793.55,4789.87,4791.28,1385,35
2026.04.20 10:05:00,4791.28,4799.22,4790.93,4797.75,1414,35
2026.04.20 10:10:00,4797.77,4799.23,4795.05,4795.75,1248,35
2026.04.20 10:15:00,4795.92,4800.38,4795.09,4800.07,1236,35
2026.04.20 10:20:00,4799.93,4800.89,4797.58,4797.92,1095,35
2026.04.20 10:25:00,4797.92,4798.99,4796.72,4798.11,1064,35
2026.04.20 10:30:00,4798.13,4799.87,4796.85,4796.96,1036,35
2026.04.20 10:35:00,4796.98,4797.6,4795.9,4796.47,883,35
2026.04.20 10:40:00,4796.34,4797.27,4794.76,4794.93,940,35
2026.04.20 10:45:00,4794.94,4796.69,4794.68,4796.32,1008,35
2026.04.20 10:50:00,4796.33,4796.44,4794.36,4795.97,1102,35
2026.04.20 10:55:00,4795.99,4797.11,4795.12,4795.78,1100,35
2026.04.20 11:00:00,4795.76,4796.22,4790.23,4790.78,1500,35
2026.04.20 11:05:00,4790.73,4793.9,4790.47,4792.49,1322,35
2026.04.20 11:10:00,4792.42,4793.0,4786.97,4789.58,1503,35
2026.04.20 11:15:00,4789.52,4790.9,4786.66,4787.82,1318,35
2026.04.20 11:20:00,4787.82,4789.39,4786.38,4789.16,1226,35
2026.04.20 11:25:00,4789.29,4790.34,4787.67,4788.52,1158,35
2026.04.20 11:30:00,4788.48,4791.64,4787.67,4790.15,1348,35
2026.04.20 11:35:00,4790.14,4791.87,4788.96,4791.06,1148,35
2026.04.20 11:40:00,4791.39,4794.54,4789.85,4794.54,1207,35
2026.04.20 11:45:00,4794.74,4802.18,4794.6,4801.96,1660,35
2026.04.20 11:50:00,4801.96,4809.18,4801.41,4806.33,1784,35
2026.04.20 11:55:00,4806.32,4810.88,4806.26,4810.48,1524,35
2026.04.20 12:00:00,4810.51,4811.71,4805.97,4809.4,1707,35
2026.04.20 12:05:00,4809.41,4812.45,4803.14,4807.52,1782,35
2026.04.20 12:10:00,4807.52,4813.04,4807.51,4810.99,1620,35
2026.04.20 12:15:00,4811.18,4815.93,4807.67,4814.71,2015,35
2026.04.20 12:20:00,4814.83,4822.03,4813.81,4813.84,1971,35
2026.04.20 12:25:00,4813.84,4814.26,4804.03,4805.76,1776,35
2026.04.20 12:30:00,4805.76,4809.5,4804.2,4806.11,1531,35
2026.04.20 12:35:00,4806.11,4806.21,4798.94,4803.72,1744,35
2026.04.20 12:40:00,4803.74,4807.58,4802.94,4805.89,1301,35
2026.04.20 12:45:00,4805.89,4808.38,4803.85,4806.27,1364,35
2026.04.20 12:50:00,4806.21,4807.59,4801.46,4803.37,1375,35
2026.04.20 12:55:00,4803.39,4804.27,4800.99,4803.33,1324,35
2026.04.20 13:00:00,4803.32,4804.95,4799.51,4803.36,1962,35
2026.04.20 13:05:00,4803.33,4814.4,4802.58,4811.21,1859,35
2026.04.20 13:10:00,4810.84,4816.79,4809.86,4815.4,2056,35
2026.04.20 13:15:00,4815.4,4817.23,4812.01,4816.13,1760,35
2026.04.20 13:20:00,4816.19,4819.87,4815.1,4816.47,1644,35
2026.04.20 13:25:00,4816.43,4825.51,4814.85,4824.23,1854,35
2026.04.20 13:30:00,4824.36,4826.26,4815.97,4821.53,2362,35
2026.04.20 13:35:00,4821.5,4825.35,4816.02,4818.27,2287,35
2026.04.20 13:40:00,4818.41,4823.88,4816.55,4822.39,2124,35
2026.04.20 13:45:00,4822.41,4824.49,4818.81,4820.23,2044,35
2026.04.20 13:50:00,4820.46,4822.31,4817.31,4821.47,2019,35
2026.04.20 13:55:00,4821.47,4822.89,4816.84,4817.77,1985,35
2026.04.20 14:00:00,4817.77,4818.54,4811.06,4817.47,2188,35
2026.04.20 14:05:00,4817.49,4817.97,4811.66,4812.67,2070,35
2026.04.20 14:10:00,4812.66,4816.92,4806.8,4816.03,2175,35
2026.04.20 14:15:00,4815.96,4818.21,4814.38,4815.81,2188,35
2026.04.20 14:20:00,4816.08,4825.77,4815.75,4825.53,2103,35
2026.04.20 14:25:00,4825.49,4826.79,4821.61,4823.33,1896,35
2026.04.20 14:30:00,4823.43,4827.76,4817.13,4818.28,2012,35
2026.04.20 14:35:00,4818.31,4818.78,4813.29,4814.2,2040,35
2026.04.20 14:40:00,4814.24,4815.17,4810.31,4814.12,2043,35
2026.04.20 14:45:00,4814.14,4814.86,4810.15,4813.31,1870,35
2026.04.20 14:50:00,4813.3,4814.06,4793.14,4808.88,1410,35
2026.04.20 14:55:00,4808.85,4809.09,4799.5,4805.16,2311,35
2026.04.20 15:00:00,4805.09,4807.4,4796.48,4797.97,2251,35
2026.04.20 15:05:00,4797.7,4801.1,4795.15,4797.49,2129,35
2026.04.20 15:10:00,4797.49,4802.64,4792.76,4798.08,2078,35
2026.04.20 15:15:00,4798.08,4800.09,4794.06,4798.04,2034,35
2026.04.20 15:20:00,4798.05,4804.62,4796.0,4803.76,1987,35
2026.04.20 15:25:00,4803.76,4809.34,4802.73,4808.07,1997,35
2026.04.20 15:30:00,4807.95,4809.23,4803.39,4804.37,1847,35
2026.04.20 15:35:00,4804.24,4804.7,4800.54,4802.15,1918,35
2026.04.20 15:40:00,4802.17,4804.44,4799.45,4800.25,1647,35
2026.04.20 15:45:00,4800.13,4801.63,4797.55,4799.8,1619,35
2026.04.20 15:50:00,4799.8,4800.11,4795.33,4795.35,1700,35
2026.04.20 15:55:00,4795.15,4800.98,4795.15,4799.63,1568,35
2026.04.20 16:00:00,4799.63,4801.61,4794.16,4794.81,2073,35
2026.04.20 16:05:00,4794.84,4798.22,4794.16,4797.87,2122,35
2026.04.20 16:10:00,4797.86,4799.67,4797.7,4798.4,1129,35
2026.04.20 16:15:00,4798.43,4799.77,4792.67,4796.79,1578,35
2026.04.20 16:20:00,4796.78,4799.48,4796.62,4797.93,1413,35
2026.04.20 16:25:00,4797.83,4801.83,4797.43,4801.09,1347,35
2026.04.20 16:30:00,4801.23,4804.25,4800.02,4800.25,1596,35
2026.04.20 16:35:00,4800.25,4800.78,4798.81,4799.98,1328,35
2026.04.20 16:40:00,4800.01,4804.17,4798.79,4801.88,1374,35
2026.04.20 16:45:00,4801.83,4804.65,4801.57,4803.57,1297,35
2026.04.20 16:50:00,4803.56,4806.5,4803.24,4804.99,1374,35
2026.04.20 16:55:00,4804.96,4805.72,4803.62,4805.44,1144,35
2026.04.20 17:00:00,4805.59,4808.5,4803.6,4807.29,1588,35
2026.04.20 17:05:00,4807.3,4809.59,4806.72,4809.12,1324,42
2026.04.20 17:10:00,4809.12,4810.38,4808.26,4808.67,1202,42
2026.04.20 17:15:00,4808.77,4810.29,4807.54,4808.94,1124,42
2026.04.20 17:20:00,4808.95,4811.11,4806.95,4807.63,1260,42
2026.04.20 17:25:00,4807.89,4810.05,4806.15,4809.76,1316,42
2026.04.20 17:30:00,4809.77,4812.16,4805.02,4805.1,1340,42
2026.04.20 17:35:00,4805.09,4810.6,4804.99,4809.69,1546,42
2026.04.20 17:40:00,4809.72,4811.99,4808.03,4809.34,1350,42
2026.04.20 17:45:00,4809.3,4809.47,4807.56,4808.84,1055,42
2026.04.20 17:50:00,4808.85,4809.68,4807.38,4809.29,902,42
2026.04.20 17:55:00,4809.3,4809.46,4805.55,4806.66,1034,39
2026.04.20 18:00:00,4806.66,4811.81,4806.66,4811.23,1370,42
2026.04.20 18:05:00,4811.23,4815.09,4810.77,4813.92,1355,42
2026.04.20 18:10:00,4813.9,4816.01,4810.6,4815.7,1342,42
2026.04.20 18:15:00,4815.7,4815.7,4812.62,4813.53,1241,42
2026.04.20 18:20:00,4813.56,4815.3,4812.45,4813.4,1334,42
2026.04.20 18:25:00,4813.31,4814.53,4811.78,4813.33,1250,42
2026.04.20 18:30:00,4813.31,4815.4,4811.7,4814.74,1142,42
2026.04.20 18:35:00,4814.76,4815.25,4810.92,4812.09,1170,42
2026.04.20 18:40:00,4812.07,4815.46,4812.07,4814.45,1004,42
2026.04.20 18:45:00,4814.44,4816.04,4813.91,4814.9,968,42
2026.04.20 18:50:00,4814.87,4816.63,4814.52,4814.99,953,35
2026.04.20 18:55:00,4815.01,4816.29,4812.96,4813.97,1084,42
2026.04.20 19:00:00,4813.96,4818.77,4813.82,4817.53,1178,42
2026.04.20 19:05:00,4817.57,4820.01,4817.34,4819.9,860,42
2026.04.20 19:10:00,4819.94,4821.33,4818.59,4820.44,952,42
2026.04.20 19:15:00,4820.44,4820.59,4817.91,4818.56,880,42
2026.04.20 19:20:00,4818.67,4819.19,4816.92,4818.42,825,35
2026.04.20 19:25:00,4818.45,4818.61,4816.05,4816.82,909,35
2026.04.20 19:30:00,4816.82,4817.15,4813.66,4814.53,987,42
2026.04.20 19:35:00,4814.54,4814.98,4810.36,4810.99,1255,35
2026.04.20 19:40:00,4810.73,4812.8,4810.31,4811.42,933,42
2026.04.20 19:45:00,4811.46,4813.13,4811.32,4812.49,908,42
2026.04.20 19:50:00,4812.15,4813.31,4811.19,4811.19,1010,42
2026.04.20 19:55:00,4811.37,4814.26,4810.93,4814.17,1259,42
2026.04.20 20:00:00,4814.16,4816.75,4813.89,4815.13,788,42
2026.04.20 20:05:00,4815.09,4815.91,4814.1,4814.21,564,42
2026.04.20 20:10:00,4814.22,4814.69,4812.72,4813.26,406,41
2026.04.20 20:15:00,4813.5,4814.35,4812.06,4813.11,426,41
2026.04.20 20:20:00,4813.11,4815.59,4812.73,4815.47,417,42
2026.04.20 20:25:00,4815.43,4816.94,4814.75,4815.8,426,41
2026.04.20 20:30:00,4815.76,4816.88,4813.11,4813.93,739,41
2026.04.20 20:35:00,4813.85,4815.79,4812.84,4815.36,649,42
2026.04.20 20:40:00,4815.27,4817.33,4814.76,4816.61,498,42
2026.04.20 20:45:00,4816.46,4817.61,4816.24,4817.16,574,42
2026.04.20 20:50:00,4817.17,4820.93,4817.17,4819.87,737,42
2026.04.20 20:55:00,4819.8,4821.81,4819.69,4820.62,471,42
2026.04.20 22:00:00,4824.39,4831.43,4820.89,4824.98,1276,35
2026.04.20 22:05:00,4824.99,4831.46,4823.86,4829.85,1197,35
2026.04.20 22:10:00,4829.86,4832.26,4827.75,4828.97,1040,35
2026.04.20 22:15:00,4828.97,4832.86,4828.88,4831.58,871,42
2026.04.20 22:20:00,4831.55,4832.98,4829.99,4831.12,739,42
2026.04.20 22:25:00,4831.12,4832.36,4828.45,4828.81,722,42
2026.04.20 22:30:00,4828.82,4828.93,4825.14,4827.75,839,42
2026.04.20 22:35:00,4827.75,4830.55,4827.7,4828.85,640,42
2026.04.20 22:40:00,4828.83,4830.91,4828.83,4830.56,907,42
2026.04.20 22:45:00,4830.51,4831.68,4829.09,4829.52,701,42
2026.04.20 22:50:00,4829.53,4829.74,4826.78,4827.31,668,42
2026.04.20 22:55:00,4827.38,4828.01,4825.19,4827.55,842,35
2026.04.20 23:00:00,4827.51,4831.48,4825.4,4826.12,1052,35
2026.04.20 23:05:00,4826.47,4827.24,4823.74,4824.53,777,36
2026.04.20 23:10:00,4824.53,4826.48,4824.51,4825.5,721,42
2026.04.20 23:15:00,4825.5,4825.66,4823.49,4824.5,588,42
2026.04.20 23:20:00,4824.52,4826.17,4824.34,4825.7,608,42
2026.04.20 23:25:00,4825.69,4826.69,4824.78,4825.48,653,42
2026.04.20 23:30:00,4825.46,4825.46,4822.73,4823.68,744,42
2026.04.20 23:35:00,4823.67,4824.96,4822.62,4824.86,645,35
2026.04.20 23:40:00,4824.86,4824.86,4823.01,4823.88,565,42
2026.04.20 23:45:00,4823.87,4824.6,4820.07,4821.12,815,42
2026.04.20 23:50:00,4821.12,4821.74,4819.79,4820.53,666,42
2026.04.20 23:55:00,4820.53,4821.78,4819.49,4821.66,640,42
2026.04.21 00:00:00,4822.16,4825.52,4820.18,4824.18,1262,42
2026.04.21 00:05:00,4824.18,4828.33,4823.97,4828.25,1099,42
2026.04.21 00:10:00,4828.25,4830.5,4827.64,4828.47,1102,42
2026.04.21 00:15:00,4828.15,4829.1,4826.14,4827.86,955,42
2026.04.21 00:20:00,4827.84,4828.53,4825.06,4825.32,967,42
2026.04.21 00:25:00,4825.32,4825.46,4819.15,4819.75,1353,42
2026.04.21 00:30:00,4819.81,4820.73,4816.98,4817.93,1320,35
2026.04.21 00:35:00,4817.86,4820.17,4816.81,4819.54,966,42
2026.04.21 00:40:00,4819.54,4824.69,4819.34,4822.52,1068,42
2026.04.21 00:45:00,4822.54,4825.89,4821.41,4825.07,1300,42
2026.04.21 00:50:00,4825.06,4825.35,4822.54,4824.11,1189,42
2026.04.21 00:55:00,4824.0,4826.14,4823.26,4823.87,1092,42
2026.04.21 01:00:00,4823.83,4824.38,4816.44,4818.22,1835,41
2026.04.21 01:05:00,4818.13,4820.31,4816.64,4818.36,1376,35
2026.04.21 01:10:00,4818.37,4818.54,4813.01,4814.69,1446,42
2026.04.21 01:15:00,4814.74,4817.78,4814.4,4817.47,1241,35
2026.04.21 01:20:00,4817.48,4817.99,4815.03,4816.9,1341,42
2026.04.21 01:25:00,4816.89,4818.52,4814.76,4818.41,1113,35
2026.04.21 01:30:00,4818.42,4818.75,4815.85,4817.82,1400,42
2026.04.21 01:35:00,4817.8,4818.93,4812.73,4813.25,1181,42
2026.04.21 01:40:00,4813.25,4813.6,4809.23,4813.23,1456,42
2026.04.21 01:45:00,4813.23,4814.05,4810.08,4812.3,1294,35
2026.04.21 01:50:00,4812.3,4812.99,4808.67,4809.49,1274,35
2026.04.21 01:55:00,4809.53,4810.42,4806.14,4810.06,1212,35
2026.04.21 02:00:00,4810.05,4810.3,4806.83,4806.98,1140,35
2026.04.21 02:05:00,4806.9,4810.22,4806.62,4808.22,1130,42
2026.04.21 02:10:00,4808.19,4809.44,4805.85,4807.32,1194,35
2026.04.21 02:15:00,4807.32,4808.55,4806.27,4806.9,766,41
2026.04.21 02:20:00,4806.91,4807.2,4803.46,4805.88,1010,35
2026.04.21 02:25:00,4805.69,4808.44,4805.31,4807.48,842,42
2026.04.21 02:30:00,4807.51,4807.62,4802.34,4803.64,1451,42
2026.04.21 02:35:00,4803.71,4806.14,4802.64,4805.99,1183,42
2026.04.21 02:40:00,4806.02,4807.01,4805.14,4806.4,1045,42
2026.04.21 02:45:00,4806.39,4807.11,4802.32,4803.85,1132,42
2026.04.21 02:50:00,4803.87,4807.03,4803.48,4806.47,1120,42
2026.04.21 02:55:00,4806.45,4808.09,4806.12,4806.75,1018,42
2026.04.21 03:00:00,4806.79,4807.65,4804.99,4807.35,1184,42
2026.04.21 03:05:00,4807.34,4807.59,4802.11,4803.4,1149,42
2026.04.21 03:10:00,4803.4,4804.14,4800.33,4800.47,1440,35
2026.04.21 03:15:00,4800.52,4802.21,4796.57,4797.55,1200,35
2026.04.21 03:20:00,4797.54,4799.41,4794.29,4794.4,1371,42
2026.04.21 03:25:00,4794.39,4799.0,4793.74,4798.65,1255,35
2026.04.21 03:30:00,4798.69,4799.86,4797.6,4798.53,963,42
2026.04.21 03:35:00,4798.62,4798.92,4793.96,4794.67,1052,42
2026.04.21 03:40:00,4794.69,4795.02,4792.69,4794.84,937,35
2026.04.21 03:45:00,4794.85,4795.53,4793.69,4795.24,728,42
2026.04.21 03:50:00,4795.25,4797.07,4794.51,4795.14,785,35
2026.04.21 03:55:00,4795.13,4797.6,4794.64,4796.92,753,42
2026.04.21 04:00:00,4796.92,4797.75,4796.37,4797.43,642,39
2026.04.21 04:05:00,4797.3,4797.75,4793.96,4794.3,939,39
2026.04.21 04:10:00,4794.31,4795.52,4793.52,4793.98,701,42
2026.04.21 04:15:00,4794.01,4796.54,4792.63,4793.05,1060,42
2026.04.21 04:20:00,4793.05,4795.08,4791.06,4792.3,782,42
2026.04.21 04:25:00,4792.29,4795.2,4791.64,4792.08,961,41
2026.04.21 04:30:00,4792.08,4792.89,4789.17,4791.83,979,35
2026.04.21 04:35:00,4791.85,4793.41,4791.83,4793.02,625,42
2026.04.21 04:40:00,4793.02,4794.16,4791.06,4791.5,790,42
2026.04.21 04:45:00,4791.51,4793.34,4789.51,4789.69,728,42
2026.04.21 04:50:00,4789.67,4790.9,4789.02,4789.77,763,42
2026.04.21 04:55:00,4789.54,4791.71,4787.81,4789.01,884,42
2026.04.21 05:00:00,4789.17,4790.74,4785.74,4790.74,1424,42
2026.04.21 05:05:00,4790.76,4793.01,4789.6,4789.88,1081,38
2026.04.21 05:10:00,4789.86,4790.42,4787.43,4789.44,776,42
2026.04.21 05:15:00,4789.47,4791.28,4788.68,4789.02,766,42
2026.04.21 05:20:00,4789.05,4790.02,4786.51,4789.48,882,42
2026.04.21 05:25:00,4789.46,4790.64,4785.88,4787.43,958,42
2026.04.21 05:30:00,4787.42,4792.97,4786.65,4791.93,1636,41
2026.04.21 05:35:00,4791.94,4796.36,4791.04,4795.85,1375,42
2026.04.21 05:40:00,4795.86,4796.9,4794.89,4796.3,1117,42
2026.04.21 05:45:00,4796.29,4796.56,4790.53,4790.69,1318,35
2026.04.21 05:50:00,4790.69,4790.78,4783.02,4787.87,1677,35
2026.04.21 05:55:00,4787.85,4788.36,4783.65,4784.1,1486,35
2026.04.21 06:00:00,4784.1,4785.35,4775.5,4782.45,1981,35
2026.04.21 06:05:00,4782.44,4787.5,4779.39,4787.35,1585,37
2026.04.21 06:10:00,4787.42,4790.49,4784.07,4784.91,1575,37
2026.04.21 06:15:00,4784.91,4785.79,4779.32,4780.38,1542,41
2026.04.21 06:20:00,4780.39,4783.5,4777.07,4781.34,1601,35
2026.04.21 06:25:00,4781.34,4781.34,4775.25,4778.67,1422,42
2026.04.21 06:30:00,4779.1,4782.19,4777.02,4778.58,1473,41
2026.04.21 06:35:00,4778.61,4780.05,4775.9,4778.21,1305,42
2026.04.21 06:40:00,4778.21,4781.0,4776.91,4780.29,1129,35
2026.04.21 06:45:00,4780.31,4783.16,4776.5,4777.68,1289,35
2026.04.21 06:50:00,4777.38,4778.73,4774.37,4776.42,1458,42
2026.04.21 06:55:00,4776.44,4779.67,4776.06,4778.69,1258,42
2026.04.21 07:00:00,4778.06,4779.74,4772.63,4774.57,1564,35
2026.04.21 07:05:00,4774.52,4781.37,4774.52,4781.06,1333,35
2026.04.21 07:10:00,4781.03,4785.62,4780.56,4782.74,1546,35
2026.04.21 07:15:00,4782.97,4787.54,4782.95,4784.23,1354,35
2026.04.21 07:20:00,4784.22,4784.4,4780.4,4783.67,1230,35
2026.04.21 07:25:00,4783.68,4785.54,4782.31,4783.3,1203,35
2026.04.21 07:30:00,4783.3,4784.7,4781.24,4781.62,1171,35
2026.04.21 07:35:00,4781.62,4784.43,4781.42,4781.88,995,35
2026.04.21 07:40:00,4781.91,4787.22,4780.85,4786.66,1131,35
2026.04.21 07:45:00,4786.46,4790.64,4786.04,4790.32,1316,35
2026.04.21 07:50:00,4790.32,4792.55,4787.98,4788.64,1448,35
2026.04.21 07:55:00,4788.65,4789.7,4784.5,4786.09,1439,35
2026.04.21 08:00:00,4786.13,4787.46,4784.34,4785.53,1337,35
2026.04.21 08:05:00,4785.65,4786.01,4778.14,4780.33,1697,35
2026.04.21 08:10:00,4780.38,4781.42,4774.7,4775.86,1638,35
2026.04.21 08:15:00,4775.85,4783.58,4775.14,4783.04,1525,35
2026.04.21 08:20:00,4783.09,4789.05,4782.68,4786.78,1482,35
2026.04.21 08:25:00,4787.01,4788.37,4784.51,4787.28,1271,35
2026.04.21 08:30:00,4787.26,4789.06,4784.75,4788.13,1341,35
2026.04.21 08:35:00,4788.3,4788.68,4786.12,4788.39,1143,35
2026.04.21 08:40:00,4788.35,4792.51,4786.93,4791.55,1279,35
2026.04.21 08:45:00,4791.55,4792.84,4789.56,4789.64,1216,35
2026.04.21 08:50:00,4789.64,4789.99,4786.21,4788.38,1122,35
2026.04.21 08:55:00,4788.43,4788.58,4785.54,4785.54,933,35
2026.04.21 09:00:00,4785.88,4786.63,4781.52,4785.23,1492,35
2026.04.21 09:05:00,4785.22,4786.82,4783.89,4785.98,1166,35
2026.04.21 09:10:00,4785.97,4786.9,4783.98,4784.26,1100,35
2026.04.21 09:15:00,4784.26,4787.4,4783.46,4786.97,1098,35
2026.04.21 09:20:00,4786.99,4787.79,4784.64,4785.44,1069,35
2026.04.21 09:25:00,4785.42,4786.3,4781.15,4782.23,1184,35
2026.04.21 09:30:00,4782.23,4785.09,4782.0,4784.8,1183,35
2026.04.21 09:35:00,4784.82,4785.76,4782.13,4783.42,1194,35
2026.04.21 09:40:00,4783.42,4787.44,4782.93,4787.14,1173,35
2026.04.21 09:45:00,4787.14,4787.84,4783.1,4785.1,1230,35
2026.04.21 09:50:00,4785.09,4788.42,4784.49,4787.32,1065,35
2026.04.21 09:55:00,4787.37,4789.39,4783.06,4783.63,1505,35
2026.04.21 10:00:00,4783.73,4785.68,4782.45,4783.14,1182,35
2026.04.21 10:05:00,4783.34,4785.9,4783.09,4785.31,821,35
2026.04.21 10:10:00,4785.3,4785.49,4781.95,4782.9,1094,35
2026.04.21 10:15:00,4782.97,4783.97,4780.8,4783.0,1077,35
2026.04.21 10:20:00,4783.0,4784.87,4782.19,4782.66,1006,35
2026.04.21 10:25:00,4782.65,4784.4,4781.83,4782.89,780,35
2026.04.21 10:30:00,4782.89,4785.91,4782.62,4784.6,975,35
2026.04.21 10:35:00,4784.49,4787.88,4783.93,4786.98,974,35
2026.04.21 10:40:00,4786.98,4787.25,4785.4,4786.17,910,35
2026.04.21 10:45:00,4786.17,4787.81,4786.04,4786.57,1035,35
2026.04.21 10:50:00,4786.59,4790.15,4786.57,4790.03,964,35
2026.04.21 10:55:00,4790.03,4790.33,4788.61,4789.58,907,35
2026.04.21 11:00:00,4789.57,4790.07,4786.78,4787.23,1159,35
2026.04.21 11:05:00,4787.23,4788.88,4775.27,4780.25,1176,35
2026.04.21 11:10:00,4780.24,4782.76,4779.28,4781.75,1748,35
2026.04.21 11:15:00,4781.75,4782.98,4780.72,4781.67,1227,35
2026.04.21 11:20:00,4781.84,4784.31,4781.35,4781.54,1165,35
2026.04.21 11:25:00,4781.54,4783.9,4779.25,4783.64,1160,35
2026.04.21 11:30:00,4783.61,4790.22,4783.19,4787.22,1436,35
2026.04.21 11:35:00,4787.29,4790.49,4787.29,4789.77,1123,35
2026.04.21 11:40:00,4789.73,4794.89,4789.27,4793.04,1295,35
2026.04.21 11:45:00,4793.05,4797.76,4791.57,4795.64,1258,35
2026.04.21 11:50:00,4795.65,4796.85,4792.7,4793.79,1266,35
2026.04.21 11:55:00,4793.75,4796.2,4793.34,4794.56,1316,35
2026.04.21 12:00:00,4794.59,4796.92,4793.28,4793.28,1399,35
2026.04.21 12:05:00,4793.29,4795.91,4791.32,4795.35,1412,35
2026.04.21 12:10:00,4795.37,4795.67,4790.94,4791.13,1479,35
2026.04.21 12:15:00,4791.05,4791.65,4783.55,4783.72,1772,35
2026.04.21 12:20:00,4783.88,4785.31,4779.2,4782.52,1920,35
2026.04.21 12:25:00,4782.57,4784.37,4779.91,4780.78,1423,35
2026.04.21 12:30:00,4780.9,4787.54,4766.46,4786.86,2138,35
2026.04.21 12:35:00,4786.86,4790.52,4780.15,4780.59,1994,35
2026.04.21 12:40:00,4780.48,4782.96,4776.12,4779.03,1928,35
2026.04.21 12:45:00,4778.82,4782.9,4777.63,4777.78,1662,35
2026.04.21 12:50:00,4777.92,4781.52,4777.13,4780.07,1742,35
2026.04.21 12:55:00,4779.99,4782.61,4776.39,4778.61,1673,35
2026.04.21 13:00:00,4778.6,4783.67,4778.24,4779.48,1955,35
2026.04.21 13:05:00,4779.34,4779.59,4767.43,4767.96,2276,35
2026.04.21 13:10:00,4767.94,4770.9,4764.61,4765.27,2074,35
2026.04.21 13:15:00,4765.17,4772.12,4760.8,4768.43,2052,35
2026.04.21 13:20:00,4768.4,4772.28,4767.13,4769.84,1840,35
2026.04.21 13:25:00,4769.99,4775.28,4769.17,4774.86,1850,35
2026.04.21 13:30:00,4774.8,4781.17,4773.91,4775.9,2318,35
2026.04.21 13:35:00,4775.88,4785.93,4770.05,4784.29,2330,35
2026.04.21 13:40:00,4784.3,4792.35,4784.14,4788.92,2225,35
2026.04.21 13:45:00,4788.95,4794.12,4785.81,4788.89,1929,35
2026.04.21 13:50:00,4788.77,4793.44,4786.75,4789.16,1888,35
2026.04.21 13:55:00,4789.24,4789.49,4777.25,4779.28,1994,35
2026.04.21 14:00:00,4779.26,4781.12,4772.96,4780.32,2078,35
2026.04.21 14:05:00,4780.31,4782.39,4778.99,4780.58,1941,35
2026.04.21 14:10:00,4780.28,4780.66,4775.95,4778.43,1818,35
2026.04.21 14:15:00,4778.43,4780.52,4776.94,4777.57,1843,35
2026.04.21 14:20:00,4777.67,4778.19,4771.81,4772.56,1989,35
2026.04.21 14:25:00,4772.54,4774.92,4769.95,4774.03,1855,35
2026.04.21 14:30:00,4774.02,4775.16,4762.1,4768.03,2235,35
2026.04.21 14:35:00,4768.06,4769.51,4760.59,4761.15,2117,35
2026.04.21 14:40:00,4761.11,4763.21,4743.7,4744.71,2365,35
2026.04.21 14:45:00,4745.01,4745.69,4723.64,4727.75,2596,35
2026.04.21 14:50:00,4727.65,4739.31,4723.62,4738.62,2518,35
2026.04.21 14:55:00,4738.62,4742.16,4733.57,4738.87,2406,35
2026.04.21 15:00:00,4738.87,4740.99,4730.72,4734.42,2486,35
2026.04.21 15:05:00,4734.33,4740.52,4727.76,4740.46,2450,35
2026.04.21 15:10:00,4740.44,4750.56,4739.69,4748.2,2258,35
2026.04.21 15:15:00,4748.16,4756.59,4745.17,4755.74,2295,35
2026.04.21 15:20:00,4755.21,4757.61,4748.55,4750.2,2177,35
2026.04.21 15:25:00,4749.95,4750.07,4741.87,4742.79,2315,35
2026.04.21 15:30:00,4742.88,4745.56,4741.25,4744.12,2076,35
2026.04.21 15:35:00,4743.91,4744.73,4736.49,4742.88,2179,35
2026.04.21 15:40:00,4742.99,4747.73,4738.93,4745.76,1974,35
2026.04.21 15:45:00,4745.63,4750.22,4743.99,4746.25,2024,35
2026.04.21 15:50:00,4746.17,4746.41,4739.65,4741.02,1877,35
2026.04.21 15:55:00,4740.96,4741.75,4738.76,4741.52,1786,35
2026.04.21 16:00:00,4741.64,4746.52,4740.0,4740.29,1898,35
2026.04.21 16:05:00,4740.26,4741.33,4734.43,4735.13,1695,35
2026.04.21 16:10:00,4735.01,4735.17,4726.69,4730.3,1918,35
2026.04.21 16:15:00,4730.3,4733.99,4728.34,4732.29,1725,35
2026.04.21 16:20:00,4732.07,4732.28,4727.81,4730.42,1694,35
2026.04.21 16:25:00,4730.32,4730.52,4719.51,4720.79,1832,35
2026.04.21 16:30:00,4720.57,4725.93,4719.66,4724.09,1897,35
2026.04.21 16:35:00,4724.12,4727.39,4720.08,4723.54,1855,35
2026.04.21 16:40:00,4723.53,4725.39,4720.57,4721.05,1679,35
2026.04.21 16:45:00,4721.05,4722.71,4718.32,4721.43,1768,35
2026.04.21 16:50:00,4721.26,4721.52,4708.12,4709.23,2000,35
2026.04.21 16:55:00,4709.26,4712.73,4708.63,4710.96,1805,35
2026.04.21 17:00:00,4710.99,4718.04,4710.31,4712.39,1762,35
2026.04.21 17:05:00,4712.41,4712.41,4707.39,4710.12,2099,35
2026.04.21 17:10:00,4710.15,4711.34,4700.85,4706.07,2232,41
2026.04.21 17:15:00,4706.14,4708.23,4699.35,4700.75,2088,42
2026.04.21 17:20:00,4700.76,4705.52,4699.92,4703.26,1874,42
2026.04.21 17:25:00,4703.25,4705.17,4697.56,4699.73,1919,39
2026.04.21 17:30:00,4699.55,4705.98,4696.9,4705.14,1859,42
2026.04.21 17:35:00,4705.11,4710.18,4703.66,4708.9,1746,35
2026.04.21 17:40:00,4709.02,4721.95,4706.7,4717.79,2165,39
2026.04.21 17:45:00,4717.76,4718.54,4711.32,4711.72,1864,35
2026.04.21 17:50:00,4711.64,4712.35,4706.58,4706.75,1624,35
2026.04.21 17:55:00,4706.87,4711.03,4705.73,4710.54,1624,42
2026.04.21 18:00:00,4710.54,4714.41,4710.02,4710.47,1638,35
2026.04.21 18:05:00,4710.42,4712.95,4708.01,4708.09,1589,42
2026.04.21 18:10:00,4708.09,4708.27,4703.47,4704.41,1612,42
2026.04.21 18:15:00,4704.37,4704.72,4694.42,4695.87,1907,42
2026.04.21 18:20:00,4695.86,4697.51,4692.57,4694.92,1721,42
2026.04.21 18:25:00,4694.92,4696.17,4692.28,4696.17,1614,38
2026.04.21 18:30:00,4696.24,4702.66,4696.24,4701.79,1613,42
2026.04.21 18:35:00,4701.88,4703.2,4699.81,4701.29,1452,42
2026.04.21 18:40:00,4701.29,4703.27,4699.15,4702.61,1246,42
2026.04.21 18:45:00,4702.53,4703.88,4700.89,4701.77,1342,42
2026.04.21 18:50:00,4701.76,4710.28,4698.56,4709.08,1270,41
2026.04.21 18:55:00,4708.98,4713.4,4704.14,4709.08,2052,42
2026.04.21 19:00:00,4709.09,4712.04,4707.18,4709.43,1906,41
2026.04.21 19:05:00,4709.43,4711.09,4707.7,4709.59,1642,42
2026.04.21 19:10:00,4709.59,4712.66,4704.4,4707.14,1577,39
2026.04.21 19:15:00,4707.3,4710.19,4704.95,4706.54,1671,42
2026.04.21 19:20:00,4706.54,4714.37,4705.54,4714.37,1663,42
2026.04.21 19:25:00,4714.19,4714.99,4709.94,4713.77,1526,42
2026.04.21 19:30:00,4713.77,4714.64,4709.94,4710.33,1484,42
2026.04.21 19:35:00,4710.27,4710.27,4698.88,4701.1,1945,35
2026.04.21 19:40:00,4701.1,4701.27,4668.52,4671.52,2094,42
2026.04.21 19:45:00,4671.83,4684.59,4670.99,4682.01,2360,42
2026.04.21 19:50:00,4681.75,4685.52,4676.53,4680.12,2176,37
2026.04.21 19:55:00,4680.17,4684.22,4676.68,4679.34,2077,35
2026.04.21 20:00:00,4679.16,4679.47,4674.24,4676.55,1494,35
2026.04.21 20:05:00,4676.55,4681.51,4668.78,4678.16,1275,42
2026.04.21 20:10:00,4678.21,4702.04,4678.1,4696.86,2120,42
2026.04.21 20:15:00,4697.44,4709.75,4694.55,4703.01,2050,35
2026.04.21 20:20:00,4703.06,4711.02,4702.05,4709.72,1710,35
2026.04.21 20:25:00,4709.75,4710.46,4705.11,4705.64,1361,42
2026.04.21 20:30:00,4705.64,4710.35,4705.15,4710.1,1155,35
2026.04.21 20:35:00,4710.04,4713.64,4709.47,4712.44,1119,37
2026.04.21 20:40:00,4712.44,4712.73,4710.24,4711.28,929,39
2026.04.21 20:45:00,4711.26,4714.01,4709.29,4713.24,1026,42
2026.04.21 20:50:00,4713.34,4718.97,4711.66,4717.02,1044,42
2026.04.21 20:55:00,4717.0,4720.07,4716.44,4720.06,696,42
2026.04.21 22:00:00,4720.49,4729.39,4719.84,4725.45,1072,35
2026.04.21 22:05:00,4725.45,4726.06,4718.25,4720.68,1050,35
2026.04.21 22:10:00,4720.7,4723.41,4718.36,4721.62,938,42
2026.04.21 22:15:00,4721.63,4721.69,4719.29,4720.57,834,38
2026.04.21 22:20:00,4720.52,4720.72,4716.36,4718.21,750,42
2026.04.21 22:25:00,4718.2,4720.14,4716.72,4719.0,546,42
2026.04.21 22:30:00,4718.96,4719.28,4716.57,4717.42,672,42
2026.04.21 22:35:00,4717.47,4719.62,4717.33,4718.5,613,42
2026.04.21 22:40:00,4718.51,4718.88,4716.09,4716.83,654,42
2026.04.21 22:45:00,4716.78,4718.95,4716.16,4716.8,586,42
2026.04.21 22:50:00,4716.81,4719.41,4715.48,4718.65,695,35
2026.04.21 22:55:00,4718.64,4720.03,4717.38,4719.53,620,42
2026.04.21 23:00:00,4719.4,4722.62,4718.03,4721.86,839,42
2026.04.21 23:05:00,4721.85,4725.86,4721.61,4725.0,848,41
2026.04.21 23:10:00,4724.95,4729.68,4724.68,4727.24,803,35
2026.04.21 23:15:00,4727.22,4733.11,4726.23,4731.51,996,35
2026.04.21 23:20:00,4731.51,4732.97,4730.46,4732.65,838,35
2026.04.21 23:25:00,4732.65,4733.07,4729.89,4729.89,665,35
2026.04.21 23:30:00,4729.9,4733.36,4729.36,4732.45,712,42
2026.04.21 23:35:00,4732.38,4733.72,4728.8,4730.41,778,42
2026.04.21 23:40:00,4730.55,4732.78,4729.26,4731.65,780,42
2026.04.21 23:45:00,4731.58,4738.22,4731.38,4738.13,950,41
2026.04.21 23:50:00,4738.11,4740.42,4736.67,4739.03,1010,38
2026.04.21 23:55:00,4739.01,4739.47,4737.15,4738.06,980,42
2026.04.22 00:00:00,4738.07,4745.23,4738.07,4743.04,1384,35
2026.04.22 00:05:00,4743.12,4747.18,4740.74,4744.25,1183,42
2026.04.22 00:10:00,4744.23,4746.35,4742.71,4742.79,1154,42
2026.04.22 00:15:00,4742.83,4745.44,4741.25,4743.38,1211,42
2026.04.22 00:20:00,4743.39,4745.66,4741.39,4741.73,930,42
2026.04.22 00:25:00,4741.72,4744.8,4740.68,4742.39,1117,39
2026.04.22 00:30:00,4742.38,4747.04,4742.17,4745.05,1085,35
2026.04.22 00:35:00,4745.03,4745.37,4743.22,4744.77,861,42
2026.04.22 00:40:00,4744.75,4745.15,4741.17,4742.16,926,42
2026.04.22 00:45:00,4742.2,4746.68,4741.44,4743.61,1090,42
2026.04.22 00:50:00,4743.61,4744.26,4739.58,4739.98,1142,42
2026.04.22 00:55:00,4739.91,4741.81,4738.38,4739.63,1075,42
2026.04.22 01:00:00,4739.55,4745.19,4737.02,4740.44,1644,35
2026.04.22 01:05:00,4740.64,4741.63,4735.84,4739.03,1562,35
2026.04.22 01:10:00,4739.08,4740.23,4736.08,4738.3,1237,42
2026.04.22 01:15:00,4738.26,4743.43,4737.74,4740.32,1211,42
2026.04.22 01:20:00,4740.31,4749.04,4740.31,4746.15,1258,42
2026.04.22 01:25:00,4745.94,4747.62,4743.68,4746.24,1189,41
2026.04.22 01:30:00,4746.24,4750.21,4746.17,4748.05,1294,35
2026.04.22 01:35:00,4748.02,4752.96,4747.66,4751.47,1432,42
2026.04.22 01:40:00,4751.43,4753.74,4748.74,4749.34,1383,35
2026.04.22 01:45:00,4749.35,4754.12,4747.78,4752.73,1300,42
2026.04.22 01:50:00,4752.71,4754.55,4750.92,4753.85,1174,42
2026.04.22 01:55:00,4753.84,4754.51,4751.83,4752.12,1195,42
2026.04.22 02:00:00,4752.13,4753.21,4749.96,4752.52,1185,42
2026.04.22 02:05:00,4752.48,4753.74,4751.25,4753.28,1123,42
2026.04.22 02:10:00,4753.29,4756.35,4753.19,4755.61,1119,35
2026.04.22 02:15:00,4755.59,4757.58,4753.51,4757.51,976,35
2026.04.22 02:20:00,4757.54,4758.06,4755.3,4755.37,665,35
2026.04.22 02:25:00,4755.37,4756.25,4754.78,4755.57,646,42
2026.04.22 02:30:00,4755.54,4758.84,4755.46,4756.51,1084,42
2026.04.22 02:35:00,4756.5,4756.88,4753.19,4753.23,1144,35
2026.04.22 02:40:00,4753.21,4753.4,4751.12,4751.36,967,42
2026.04.22 02:45:00,4751.37,4754.45,4751.0,4751.61,941,42
2026.04.22 02:50:00,4751.52,4755.42,4751.44,4755.32,882,42
2026.04.22 02:55:00,4755.33,4757.15,4753.41,4755.63,1038,42
2026.04.22 03:00:00,4755.62,4759.09,4753.04,4758.91,1052,42
2026.04.22 03:05:00,4758.91,4760.75,4758.25,4759.37,1116,35
2026.04.22 03:10:00,4759.39,4759.92,4756.8,4757.46,1068,42
2026.04.22 03:15:00,4757.45,4759.71,4757.0,4758.54,872,42
2026.04.22 03:20:00,4758.52,4760.58,4756.66,4759.5,975,42
2026.04.22 03:25:00,4759.5,4763.48,4759.1,4763.04,931,42
2026.04.22 03:30:00,4763.05,4764.9,4760.81,4761.14,994,35
2026.04.22 03:35:00,4761.15,4761.5,4756.91,4758.21,834,35
2026.04.22 03:40:00,4758.22,4759.76,4757.12,4759.21,762,42
2026.04.22 03:45:00,4759.17,4760.32,4758.33,4758.83,595,42
2026.04.22 03:50:00,4758.75,4760.7,4757.75,4757.86,750,42
2026.04.22 03:55:00,4757.85,4759.82,4757.23,4758.21,820,42
2026.04.22 04:00:00,4758.26,4759.58,4757.48,4759.09,588,42
2026.04.22 04:05:00,4759.1,4759.47,4758.31,4758.31,575,42
2026.04.22 04:10:00,4758.32,4758.93,4756.8,4757.61,798,42
2026.04.22 04:15:00,4757.61,4758.0,4755.33,4756.35,860,35
2026.04.22 04:20:00,4756.35,4757.1,4755.81,4756.03,617,42
2026.04.22 04:25:00,4756.04,4756.49,4754.36,4755.89,750,42
2026.04.22 04:30:00,4755.86,4757.24,4754.95,4754.95,658,42
2026.04.22 04:35:00,4754.94,4755.7,4753.3,4753.66,611,42
2026.04.22 04:40:00,4753.79,4756.81,4752.74,4756.37,783,42
2026.04.22 04:45:00,4756.38,4759.46,4755.98,4758.06,869,42
2026.04.22 04:50:00,4758.01,4758.03,4753.64,4754.92,1147,42
2026.04.22 04:55:00,4754.92,4755.28,4752.14,4754.49,833,42
2026.04.22 05:00:00,4754.51,4754.94,4752.04,4753.08,784,42
2026.04.22 05:05:00,4753.14,4756.12,4752.56,4755.71,690,35
2026.04.22 05:10:00,4755.81,4757.09,4754.29,4756.84,826,42
2026.04.22 05:15:00,4756.85,4769.17,4756.18,4768.44,1517,41
2026.04.22 05:20:00,4768.51,4771.48,4768.46,4768.72,1464,35
2026.04.22 05:25:00,4768.72,4770.99,4764.86,4766.02,1287,35
2026.04.22 05:30:00,4766.05,4767.02,4763.7,4765.57,1467,35
2026.04.22 05:35:00,4765.56,4768.35,4765.27,4766.51,1254,35
2026.04.22 05:40:00,4766.56,4769.21,4764.64,4767.1,1260,42
2026.04.22 05:45:00,4767.09,4770.75,4765.98,4769.03,1240,35
2026.04.22 05:50:00,4769.03,4771.82,4767.45,4767.83,1255,42
2026.04.22 05:55:00,4767.83,4768.91,4764.22,4767.37,1214,42
2026.04.22 06:00:00,4767.39,4767.52,4759.24,4759.31,1533,35
2026.04.22 06:05:00,4759.31,4763.2,4758.76,4760.52,1262,42
2026.04.22 06:10:00,4760.52,4763.04,4760.43,4762.62,1006,42
2026.04.22 06:15:00,4762.57,4763.76,4760.38,4763.38,1144,39
2026.04.22 06:20:00,4763.44,4765.03,4762.6,4763.29,1027,42
2026.04.22 06:25:00,4763.29,4767.12,4762.48,4766.85,1010,42
2026.04.22 06:30:00,4766.56,4767.88,4764.83,4765.75,1154,35
2026.04.22 06:35:00,4765.75,4766.15,4764.16,4764.79,988,42
2026.04.22 06:40:00,4764.79,4766.16,4763.72,4763.72,950,42
2026.04.22 06:45:00,4763.72,4766.41,4763.18,4765.86,1122,42
2026.04.22 06:50:00,4765.88,4767.59,4765.54,4766.43,1011,42
2026.04.22 06:55:00,4766.43,4767.75,4765.99,4767.57,945,42
2026.04.22 07:00:00,4767.59,4770.2,4766.62,4768.68,1379,35
2026.04.22 07:05:00,4768.68,4772.35,4767.1,4769.98,1359,35
2026.04.22 07:10:00,4769.95,4769.95,4765.22,4765.58,1232,35
2026.04.22 07:15:00,4765.61,4765.69,4762.49,4763.71,1237,35
2026.04.22 07:20:00,4763.71,4767.85,4763.53,4766.27,1306,35
2026.04.22 07:25:00,4766.28,4767.8,4763.37,4765.83,1193,35
2026.04.22 07:30:00,4765.85,4766.53,4763.81,4764.34,1042,35
2026.04.22 07:35:00,4764.36,4766.61,4764.15,4764.87,968,35
2026.04.22 07:40:00,4764.77,4764.78,4761.98,4763.75,1279,35
2026.04.22 07:45:00,4763.75,4764.42,4760.95,4761.34,1209,35
2026.04.22 07:50:00,4761.28,4762.45,4759.45,4760.25,1194,35
2026.04.22 07:55:00,4760.26,4763.48,4760.2,4760.51,1134,35
2026.04.22 08:00:00,4760.57,4761.61,4758.67,4759.4,1273,35
2026.04.22 08:05:00,4759.5,4761.68,4758.83,4759.98,1205,35
2026.04.22 08:10:00,4759.96,4762.21,4757.75,4758.05,1223,35
2026.04.22 08:15:00,4758.06,4759.87,4756.18,4758.7,1310,35
2026.04.22 08:20:00,4758.7,4758.97,4754.23,4754.68,1295,35
2026.04.22 08:25:00,4754.68,4756.29,4754.16,4754.27,1284,35
2026.04.22 08:30:00,4754.31,4756.94,4752.38,4752.91,1365,35
2026.04.22 08:35:00,4752.95,4754.27,4751.79,4753.33,1232,35
2026.04.22 08:40:00,4753.19,4756.35,4751.87,4756.15,1096,35
2026.04.22 08:45:00,4756.05,4756.65,4753.88,4755.25,1036,35
2026.04.22 08:50:00,4755.31,4757.43,4753.51,4757.25,962,35
2026.04.22 08:55:00,4757.26,4758.21,4756.47,4756.99,1141,35
2026.04.22 09:00:00,4757.0,4760.85,4756.58,4759.72,1355,35
2026.04.22 09:05:00,4759.71,4761.71,4759.12,4760.69,1219,35
2026.04.22 09:10:00,4760.66,4760.97,4759.34,4760.77,1039,35
2026.04.22 09:15:00,4760.73,4761.67,4759.98,4760.11,1108,35
2026.04.22 09:20:00,4760.11,4761.99,4759.3,4760.74,1043,35
2026.04.22 09:25:00,4760.74,4760.91,4756.29,4756.33,1111,35
2026.04.22 09:30:00,4756.32,4757.15,4755.07,4756.15,1167,35
2026.04.22 09:35:00,4756.13,4758.7,4755.85,4758.7,1008,35
2026.04.22 09:40:00,4758.51,4762.49,4757.78,4758.36,1117,35
2026.04.22 09:45:00,4758.35,4759.06,4755.85,4757.53,1007,35
2026.04.22 09:50:00,4757.53,4758.01,4753.87,4754.61,1151,35
2026.04.22 09:55:00,4754.59,4756.69,4752.49,4755.09,1250,35
2026.04.22 10:00:00,4755.09,4757.37,4747.71,4748.95,1485,35
2026.04.22 10:05:00,4748.95,4752.24,4747.55,4748.54,1395,35
2026.04.22 10:10:00,4748.54,4749.6,4745.91,4748.42,1397,35
2026.04.22 10:15:00,4748.25,4754.04,4748.25,4753.46,1199,35
2026.04.22 10:20:00,4753.47,4755.98,4749.81,4750.49,1235,35
2026.04.22 10:25:00,4750.42,4754.77,4750.03,4754.59,1276,35
2026.04.22 10:30:00,4754.6,4758.27,4753.59,4757.99,1169,35
2026.04.22 10:35:00,4758.0,4759.36,4756.13,4757.32,1168,35
2026.04.22 10:40:00,4757.34,4757.34,4754.19,4756.35,1049,35
2026.04.22 10:45:00,4756.35,4757.81,4754.94,4757.14,926,35
2026.04.22 10:50:00,4757.13,4758.28,4756.3,4757.36,897,35
2026.04.22 10:55:00,4757.32,4759.9,4756.07,4759.22,1033,35
2026.04.22 11:00:00,4759.22,4760.28,4756.36,4757.69,1187,35
2026.04.22 11:05:00,4757.62,4759.01,4756.4,4756.51,1147,35
2026.04.22 11:10:00,4756.47,4758.76,4756.44,4757.14,967,35
2026.04.22 11:15:00,4757.1,4761.04,4756.99,4759.71,1199,35
2026.04.22 11:20:00,4759.64,4760.66,4757.03,4757.07,1001,35
2026.04.22 11:25:00,4757.15,4758.83,4756.3,4757.23,977,35
2026.04.22 11:30:00,4757.23,4759.9,4756.56,4757.27,1057,35
2026.04.22 11:35:00,4757.26,4758.4,4754.72,4754.72,1070,35
2026.04.22 11:40:00,4754.69,4755.22,4748.45,4748.71,1451,35
2026.04.22 11:45:00,4748.7,4753.24,4747.81,4752.01,1439,35
2026.04.22 11:50:00,4751.98,4753.14,4750.14,4750.92,1122,35
2026.04.22 11:55:00,4750.86,4751.29,4749.22,4750.28,1187,35
2026.04.22 12:00:00,4750.43,4757.58,4750.43,4756.5,1340,35
2026.04.22 12:05:00,4756.55,4757.01,4751.27,4752.78,1324,35
2026.04.22 12:10:00,4752.78,4752.78,4749.5,4752.15,1236,35
2026.04.22 12:15:00,4752.12,4752.63,4747.57,4747.79,1290,35
2026.04.22 12:20:00,4747.47,4752.58,4747.16,4751.46,1302,35
2026.04.22 12:25:00,4751.45,4759.57,4751.45,4753.13,1588,35
2026.04.22 12:30:00,4753.13,4754.29,4748.9,4753.08,1653,35
2026.04.22 12:35:00,4752.96,4752.96,4747.11,4750.42,1414,35
2026.04.22 12:40:00,4750.41,4750.41,4745.6,4746.75,1441,35
2026.04.22 12:45:00,4746.75,4748.3,4742.68,4744.04,1519,35
2026.04.22 12:50:00,4744.06,4747.0,4742.86,4746.45,1445,35
2026.04.22 12:55:00,4746.45,4746.62,4743.47,4744.16,1305,35
2026.04.22 13:00:00,4744.29,4747.29,4740.2,4741.38,1809,35
2026.04.22 13:05:00,4741.37,4750.24,4739.06,4745.01,1619,35
2026.04.22 13:10:00,4744.96,4744.96,4740.62,4742.25,1684,35
2026.04.22 13:15:00,4742.26,4743.7,4736.31,4743.01,1764,35
2026.04.22 13:20:00,4743.49,4748.84,4740.47,4747.1,1849,35
2026.04.22 13:25:00,4747.42,4749.75,4745.37,4749.68,1647,35
2026.04.22 13:30:00,4750.2,4750.87,4742.1,4744.88,2126,35
2026.04.22 13:35:00,4744.55,4752.63,4743.09,4748.44,2021,35
2026.04.22 13:40:00,4748.39,4756.51,4747.0,4755.21,1984,35
2026.04.22 13:45:00,4755.39,4760.68,4755.09,4756.55,2005,35
2026.04.22 13:50:00,4756.54,4758.0,4750.89,4755.04,1900,35
2026.04.22 13:55:00,4755.04,4755.13,4751.46,4752.9,1694,35
2026.04.22 14:00:00,4752.48,4757.47,4745.2,4745.43,1990,35
2026.04.22 14:05:00,4745.42,4747.28,4742.39,4745.85,1922,35
2026.04.22 14:10:00,4746.32,4747.82,4742.53,4745.32,1795,35
2026.04.22 14:15:00,4745.48,4749.27,4745.21,4746.74,1867,35
2026.04.22 14:20:00,4746.88,4750.42,4743.16,4745.42,1854,35
2026.04.22 14:25:00,4745.39,4748.4,4742.88,4743.92,1813,35
2026.04.22 14:30:00,4743.88,4744.74,4733.59,4736.23,2001,35
2026.04.22 14:35:00,4735.96,4738.06,4729.76,4736.89,2064,35
2026.04.22 14:40:00,4737.0,4740.51,4732.27,4733.11,1910,35
2026.04.22 14:45:00,4732.95,4739.48,4732.5,4737.73,1750,35
2026.04.22 14:50:00,4737.73,4738.09,4732.39,4737.84,1808,35
2026.04.22 14:55:00,4737.73,4738.14,4733.22,4735.97,1701,35
2026.04.22 15:00:00,4735.95,4738.17,4734.2,4735.42,1794,35
2026.04.22 15:05:00,4735.42,4739.38,4734.97,4736.08,1803,35
2026.04.22 15:10:00,4736.07,4739.88,4735.97,4737.57,1736,35
2026.04.22 15:15:00,4737.58,4737.58,4729.7,4733.52,1789,35
2026.04.22 15:20:00,4733.16,4734.37,4730.88,4733.92,1768,35
2026.04.22 15:25:00,4733.91,4736.08,4730.87,4735.26,1674,35
2026.04.22 15:30:00,4735.31,4735.44,4731.24,4732.76,1723,35
2026.04.22 15:35:00,4732.92,4733.33,4726.86,4728.06,1718,35
2026.04.22 15:40:00,4728.06,4730.52,4726.04,4727.14,1588,35
2026.04.22 15:45:00,4727.05,4730.11,4726.67,4728.28,1478,35
2026.04.22 15:50:00,4728.09,4728.72,4724.77,4727.42,1459,35
2026.04.22 15:55:00,4727.47,4731.41,4727.15,4727.55,1486,35
2026.04.22 16:00:00,4727.88,4731.05,4725.82,4730.57,1611,35
2026.04.22 16:05:00,4730.56,4734.63,4730.35,4733.45,1533,35
2026.04.22 16:10:00,4733.37,4733.56,4729.42,4730.08,1336,35
2026.04.22 16:15:00,4730.11,4730.26,4724.82,4725.0,1294,35
2026.04.22 16:20:00,4725.0,4727.93,4724.38,4725.11,1518,35
2026.04.22 16:25:00,4725.11,4727.93,4724.15,4726.91,1316,35
2026.04.22 16:30:00,4726.93,4729.04,4723.86,4728.19,1321,35
2026.04.22 16:35:00,4728.36,4731.32,4728.05,4730.81,1404,35
2026.04.22 16:40:00,4730.82,4732.12,4728.07,4728.07,1429,35
2026.04.22 16:45:00,4727.94,4730.28,4726.19,4730.01,1368,35
2026.04.22 16:50:00,4729.95,4730.8,4727.15,4730.0,1313,35
2026.04.22 16:55:00,4730.04,4730.11,4726.69,4728.66,1386,35
2026.04.22 17:00:00,4728.66,4735.88,4728.45,4735.2,1681,35
2026.04.22 17:05:00,4735.2,4736.64,4733.73,4736.47,1407,35
2026.04.22 17:10:00,4736.6,4739.19,4734.94,4735.29,1508,42
2026.04.22 17:15:00,4735.32,4737.0,4732.91,4733.56,1241,42
2026.04.22 17:20:00,4733.63,4737.46,4733.18,4735.47,1295,42
2026.04.22 17:25:00,4735.55,4736.62,4732.73,4734.97,1143,42
2026.04.22 17:30:00,4734.96,4737.89,4734.84,4736.87,1036,42
2026.04.22 17:35:00,4736.85,4738.01,4734.89,4734.89,1063,35
2026.04.22 17:40:00,4734.96,4736.71,4734.17,4736.05,1141,35
2026.04.22 17:45:00,4736.37,4738.12,4733.22,4736.61,1377,42
2026.04.22 17:50:00,4736.59,4738.16,4735.05,4736.72,1249,42
2026.04.22 17:55:00,4736.72,4737.98,4735.81,4737.11,1159,35
2026.04.22 18:00:00,4737.18,4737.53,4734.73,4736.74,1143,42
2026.04.22 18:05:00,4736.73,4738.6,4736.46,4737.26,1078,42
2026.04.22 18:10:00,4737.24,4737.26,4735.44,4735.45,1007,42
2026.04.22 18:15:00,4735.39,4735.82,4731.88,4732.67,1295,42
2026.04.22 18:20:00,4732.66,4732.66,4729.72,4732.47,1456,42
2026.04.22 18:25:00,4732.43,4733.47,4730.02,4730.25,1228,37
2026.04.22 18:30:00,4730.09,4734.76,4729.99,4733.11,1036,42
2026.04.22 18:35:00,4733.07,4738.13,4732.28,4737.95,1128,42
2026.04.22 18:40:00,4737.95,4739.85,4735.36,4739.52,1121,35
2026.04.22 18:45:00,4739.52,4749.47,4738.44,4746.67,1443,42
2026.04.22 18:50:00,4746.55,4747.35,4741.97,4742.05,1308,42
2026.04.22 18:55:00,4742.0,4742.35,4739.61,4741.59,1285,35
2026.04.22 19:00:00,4741.65,4743.48,4739.08,4741.66,1587,42
2026.04.22 19:05:00,4741.66,4743.22,4739.45,4740.07,1362,39
2026.04.22 19:10:00,4740.06,4740.17,4736.68,4738.48,1094,35
2026.04.22 19:15:00,4738.49,4741.81,4737.99,4741.08,989,42
2026.04.22 19:20:00,4741.07,4742.55,4740.28,4741.63,1184,41
2026.04.22 19:25:00,4741.6,4745.2,4741.59,4744.27,1079,42
2026.04.22 19:30:00,4744.48,4744.57,4740.6,4741.74,1065,42
2026.04.22 19:35:00,4741.83,4741.83,4739.08,4739.37,1019,42
2026.04.22 19:40:00,4739.42,4740.74,4738.37,4739.14,982,42
2026.04.22 19:45:00,4739.13,4740.02,4737.06,4738.43,1085,42
2026.04.22 19:50:00,4739.07,4741.53,4736.75,4740.32,1345,42
2026.04.22 19:55:00,4740.69,4741.73,4739.25,4740.0,1440,42
2026.04.22 20:00:00,4740.1,4740.29,4737.27,4738.61,1003,42
2026.04.22 20:05:00,4738.67,4740.07,4737.6,4737.92,704,42
2026.04.22 20:10:00,4737.94,4737.94,4734.6,4735.9,829,42
2026.04.22 20:15:00,4735.85,4737.6,4735.84,4736.58,705,42
2026.04.22 20:20:00,4736.57,4736.99,4734.72,4735.46,626,42
2026.04.22 20:25:00,4735.47,4737.14,4734.47,4736.71,563,42
2026.04.22 20:30:00,4736.69,4739.31,4736.69,4738.62,560,42
2026.04.22 20:35:00,4738.65,4738.65,4736.47,4737.59,629,42
2026.04.22 20:40:00,4737.55,4737.92,4736.16,4737.34,503,35
2026.04.22 20:45:00,4737.31,4739.65,4737.03,4738.6,469,42
2026.04.22 20:50:00,4738.6,4739.44,4737.84,4738.64,416,42
2026.04.22 20:55:00,4738.63,4740.72,4738.27,4739.84,427,42
2026.04.22 22:00:00,4745.3,4745.68,4739.3,4741.57,779,35
2026.04.22 22:05:00,4741.58,4742.0,4736.28,4738.63,787,42
2026.04.22 22:10:00,4738.58,4738.93,4735.96,4736.28,616,42
2026.04.22 22:15:00,4736.24,4738.19,4735.0,4736.13,676,42
2026.04.22 22:20:00,4736.14,4737.6,4735.01,4735.05,701,35
2026.04.22 22:25:00,4735.05,4735.99,4732.43,4732.86,788,42
2026.04.22 22:30:00,4732.99,4735.09,4732.36,4734.18,671,42
2026.04.22 22:35:00,4734.17,4734.17,4730.09,4730.77,715,42
2026.04.22 22:40:00,4730.8,4731.58,4729.52,4729.61,707,42
2026.04.22 22:45:00,4729.58,4731.66,4728.26,4729.84,816,35
2026.04.22 22:50:00,4729.85,4731.79,4729.75,4730.78,571,42
2026.04.22 22:55:00,4730.86,4730.87,4725.61,4725.91,940,35
2026.04.22 23:00:00,4725.97,4726.7,4723.11,4724.35,1033,42
2026.04.22 23:05:00,4724.34,4726.18,4723.71,4726.09,708,41
2026.04.22 23:10:00,4726.12,4728.14,4725.44,4725.89,826,42
2026.04.22 23:15:00,4725.89,4728.98,4725.89,4728.83,620,41
2026.04.22 23:20:00,4728.82,4729.92,4726.16,4726.5,681,42
2026.04.22 23:25:00,4726.49,4728.27,4725.25,4728.26,638,42
2026.04.22 23:30:00,4728.25,4728.28,4726.02,4727.34,521,42
2026.04.22 23:35:00,4727.35,4727.72,4724.47,4724.83,578,42
2026.04.22 23:40:00,4724.88,4725.52,4723.64,4724.34,643,35
2026.04.22 23:45:00,4724.34,4728.38,4724.28,4727.76,714,42
2026.04.22 23:50:00,4727.76,4727.81,4725.42,4727.34,739,42
2026.04.22 23:55:00,4727.33,4729.15,4726.5,4727.78,821,42
2026.04.23 00:00:00,4727.79,4728.1,4720.3,4721.54,1510,35
2026.04.23 00:05:00,4721.36,4722.3,4714.34,4715.3,1479,35
2026.04.23 00:10:00,4715.4,4715.73,4698.56,4699.14,2232,35
2026.04.23 00:15:00,4699.15,4723.58,4693.96,4722.44,2095,35
2026.04.23 00:20:00,4722.64,4733.66,4722.14,4727.12,2199,35
2026.04.23 00:25:00,4727.13,4742.41,4727.01,4741.41,2055,35
2026.04.23 00:30:00,4741.46,4751.94,4741.08,4746.86,2063,35
2026.04.23 00:35:00,4746.94,4748.22,4742.92,4745.87,1787,42
2026.04.23 00:40:00,4745.62,4747.44,4742.29,4744.61,1614,42
2026.04.23 00:45:00,4744.62,4749.98,4743.39,4747.29,1719,42
2026.04.23 00:50:00,4747.27,4753.8,4747.11,4748.13,1628,42
2026.04.23 00:55:00,4748.19,4748.33,4744.73,4747.98,1407,42
2026.04.23 01:00:00,4747.62,4749.82,4742.96,4744.24,1902,35
2026.04.23 01:05:00,4744.2,4746.13,4742.2,4743.89,1670,42
2026.04.23 01:10:00,4743.99,4743.99,4735.98,4736.84,1823,35
2026.04.23 01:15:00,4736.81,4738.54,4733.01,4734.01,1737,42
2026.04.23 01:20:00,4733.96,4735.03,4728.53,4733.64,1674,35
2026.04.23 01:25:00,4733.6,4735.22,4727.06,4728.16,1628,35
2026.04.23 01:30:00,4728.26,4733.02,4725.78,4728.96,1857,42
2026.04.23 01:35:00,4728.99,4732.6,4728.94,4732.49,1472,35
2026.04.23 01:40:00,4732.49,4735.5,4731.59,4733.7,1434,42
2026.04.23 01:45:00,4733.71,4736.77,4733.28,4733.94,1553,42
2026.04.23 01:50:00,4733.92,4736.24,4723.92,4724.5,1771,35
2026.04.23 01:55:00,4724.37,4727.97,4722.36,4723.17,1772,35
2026.04.23 02:00:00,4723.18,4724.59,4720.05,4720.63,1839,41
2026.04.23 02:05:00,4720.6,4722.24,4712.09,4714.44,1896,40
2026.04.23 02:10:00,4714.45,4714.78,4706.01,4707.25,2003,42
2026.04.23 02:15:00,4707.15,4711.46,4704.79,4710.36,1920,42
2026.04.23 02:20:00,4710.35,4717.94,4710.35,4715.42,1744,42
2026.04.23 02:25:00,4715.42,4717.71,4713.51,4713.72,1452,42
2026.04.23 02:30:00,4713.74,4714.92,4708.29,4712.54,1885,41
2026.04.23 02:35:00,4712.55,4715.71,4707.08,4711.66,1961,42
2026.04.23 02:40:00,4711.66,4713.08,4700.43,4701.19,1840,35
2026.04.23 02:45:00,4701.18,4706.45,4698.87,4706.39,1866,42
2026.04.23 02:50:00,4706.44,4707.23,4702.38,4703.26,1692,42
2026.04.23 02:55:00,4702.91,4703.72,4698.22,4698.86,1742,42
2026.04.23 03:00:00,4698.87,4708.33,4698.87,4708.32,1783,42
2026.04.23 03:05:00,4708.32,4708.61,4701.57,4703.72,1661,42
2026.04.23 03:10:00,4703.7,4703.7,4698.13,4701.9,1841,42
2026.04.23 03:15:00,4701.91,4704.73,4697.84,4700.44,1779,42
2026.04.23 03:20:00,4700.45,4705.52,4699.04,4704.09,1570,42
2026.04.23 03:25:00,4704.09,4705.82,4701.4,4703.15,1469,41
2026.04.23 03:30:00,4703.11,4705.19,4701.21,4703.13,1329,42
2026.04.23 03:35:00,4702.94,4704.34,4701.66,4702.55,1123,42
2026.04.23 03:40:00,4702.6,4706.9,4700.98,4704.77,1332,42
2026.04.23 03:45:00,4704.78,4707.28,4703.61,4706.47,1153,42
2026.04.23 03:50:00,4706.47,4707.38,4704.71,4705.48,1047,42
2026.04.23 03:55:00,4705.49,4705.97,4702.53,4703.85,1007,42
2026.04.23 04:00:00,4703.85,4704.09,4701.2,4702.65,932,42
2026.04.23 04:05:00,4702.65,4706.14,4700.72,4703.96,1024,42
2026.04.23 04:10:00,4703.97,4706.26,4703.93,4706.12,1121,42
2026.04.23 04:15:00,4706.13,4706.23,4703.8,4704.54,1005,42
2026.04.23 04:20:00,4704.41,4707.05,4703.78,4704.09,1036,42
2026.04.23 04:25:00,4704.07,4706.12,4702.74,4705.42,919,42
2026.04.23 04:30:00,4705.45,4706.77,4704.57,4705.96,805,35
2026.04.23 04:35:00,4705.91,4706.89,4702.16,4703.19,884,42
2026.04.23 04:40:00,4703.19,4703.67,4701.49,4701.64,855,42
2026.04.23 04:45:00,4701.63,4702.82,4698.65,4702.19,1043,42
2026.04.23 04:50:00,4702.12,4703.72,4701.87,4702.4,997,42
2026.04.23 04:55:00,4702.4,4704.47,4701.16,4704.1,980,42
2026.04.23 05:00:00,4704.1,4708.42,4703.25,4707.16,1256,42
2026.04.23 05:05:00,4707.16,4709.85,4706.18,4709.77,1022,42
2026.04.23 05:10:00,4709.77,4710.16,4707.5,4707.74,1035,42
2026.04.23 05:15:00,4707.75,4708.04,4705.83,4706.93,1310,36
2026.04.23 05:20:00,4706.91,4709.29,4706.01,4706.34,1124,42
2026.04.23 05:25:00,4706.33,4707.51,4704.61,4705.8,1095,42
2026.04.23 05:30:00,4705.82,4707.01,4691.81,4705.99,1964,42
2026.04.23 05:35:00,4705.99,4706.34,4701.98,4702.85,1517,42
2026.04.23 05:40:00,4702.8,4703.82,4700.93,4701.48,1435,42
2026.04.23 05:45:00,4701.44,4710.57,4701.32,4710.57,1582,42
2026.04.23 05:50:00,4710.61,4714.92,4710.39,4711.95,1654,42
2026.04.23 05:55:00,4711.96,4715.0,4711.11,4713.61,1560,42
2026.04.23 06:00:00,4713.64,4718.07,4713.28,4714.64,1675,40
2026.04.23 06:05:00,4714.71,4717.04,4711.38,4713.2,1626,35
2026.04.23 06:10:00,4713.19,4715.56,4710.56,4711.88,1397,42
2026.04.23 06:15:00,4711.88,4712.44,4709.36,4710.24,1285,42
2026.04.23 06:20:00,4710.24,4712.55,4708.56,4712.38,1432,35
2026.04.23 06:25:00,4712.45,4714.28,4710.87,4712.12,1292,42
2026.04.23 06:30:00,4711.92,4713.47,4710.5,4712.1,1063,42
2026.04.23 06:35:00,4712.09,4714.4,4709.17,4713.19,1421,42
2026.04.23 06:40:00,4713.09,4717.05,4712.93,4714.96,1384,37
2026.04.23 06:45:00,4714.99,4720.11,4713.46,4716.2,1670,35
2026.04.23 06:50:00,4716.22,4721.07,4714.26,4714.33,1512,42
2026.04.23 06:55:00,4714.36,4716.82,4712.04,4712.98,1538,35
2026.04.23 07:00:00,4712.85,4713.33,4707.54,4712.36,1853,35
2026.04.23 07:05:00,4712.32,4715.25,4709.37,4710.15,1624,35
2026.04.23 07:10:00,4710.26,4716.42,4709.13,4712.24,1578,35
2026.04.23 07:15:00,4712.39,4713.71,4708.85,4712.3,1647,35
2026.04.23 07:20:00,4712.37,4713.03,4703.1,4705.29,1902,35
2026.04.23 07:25:00,4705.27,4709.96,4704.54,4706.05,1502,35
2026.04.23 07:30:00,4706.04,4711.35,4703.51,4710.62,1464,35
2026.04.23 07:35:00,4710.59,4713.04,4709.11,4709.36,1418,35
2026.04.23 07:40:00,4709.36,4713.74,4708.36,4713.66,1221,35
2026.04.23 07:45:00,4713.65,4720.17,4713.24,4719.97,1635,35
2026.04.23 07:50:00,4720.04,4720.49,4715.56,4716.0,1487,35
2026.04.23 07:55:00,4716.0,4720.08,4715.91,4718.85,1305,35
2026.04.23 08:00:00,4718.59,4724.78,4718.59,4721.31,1572,35
2026.04.23 08:05:00,4721.29,4723.06,4718.06,4718.71,1357,35
2026.04.23 08:10:00,4718.79,4720.66,4717.44,4718.07,1304,35
2026.04.23 08:15:00,4718.36,4721.08,4717.41,4720.28,1235,35
2026.04.23 08:20:00,4720.44,4721.76,4716.73,4718.24,1319,35
2026.04.23 08:25:00,4718.26,4720.92,4714.92,4715.48,1305,35
2026.04.23 08:30:00,4715.49,4716.14,4708.62,4709.78,1671,35
2026.04.23 08:35:00,4709.77,4710.86,4704.91,4707.74,1631,35
2026.04.23 08:40:00,4707.74,4708.93,4703.29,4703.81,1483,35
2026.04.23 08:45:00,4703.81,4706.26,4701.76,4705.87,1519,35
2026.04.23 08:50:00,4705.89,4707.39,4703.93,4704.56,1312,35
2026.04.23 08:55:00,4704.72,4706.35,4703.02,4703.28,1166,35
2026.04.23 09:00:00,4703.25,4703.64,4695.05,4696.74,1794,35
2026.04.23 09:05:00,4696.81,4700.31,4694.58,4695.37,1720,35
2026.04.23 09:10:00,4695.37,4700.69,4695.1,4696.96,1546,35
2026.04.23 09:15:00,4696.92,4702.44,4695.36,4699.87,1650,35
2026.04.23 09:20:00,4699.85,4702.55,4698.99,4701.98,1376,35
2026.04.23 09:25:00,4701.9,4702.94,4699.51,4700.79,1330,35
2026.04.23 09:30:00,4700.63,4702.88,4700.43,4701.25,1392,35
2026.04.23 09:35:00,4701.25,4703.2,4699.25,4700.63,1392,35
2026.04.23 09:40:00,4700.63,4701.58,4698.73,4700.79,1329,35
2026.04.23 09:45:00,4700.77,4701.98,4698.42,4698.84,1214,35
2026.04.23 09:50:00,4698.89,4701.1,4694.68,4697.09,1500,35
2026.04.23 09:55:00,4697.08,4699.77,4695.51,4697.44,1198,35
2026.04.23 10:00:00,4697.46,4701.16,4696.6,4700.61,1500,35
2026.04.23 10:05:00,4700.55,4701.49,4691.15,4691.25,1357,35
2026.04.23 10:10:00,4691.24,4692.9,4684.92,4688.91,1810,35
2026.04.23 10:15:00,4688.84,4692.72,4688.03,4688.03,1586,35
2026.04.23 10:20:00,4688.3,4690.28,4684.41,4687.2,1723,35
2026.04.23 10:25:00,4687.19,4692.07,4686.27,4686.55,1389,35
2026.04.23 10:30:00,4686.56,4693.04,4684.09,4692.24,1599,35
2026.04.23 10:35:00,4692.47,4693.91,4689.7,4693.77,1451,35
2026.04.23 10:40:00,4693.78,4696.7,4689.91,4690.65,1630,35
2026.04.23 10:45:00,4690.64,4693.65,4689.39,4690.12,1372,35
2026.04.23 10:50:00,4690.12,4691.89,4689.79,4691.2,1283,35
2026.04.23 10:55:00,4691.2,4697.15,4690.99,4696.41,1500,35
2026.04.23 11:00:00,4696.44,4699.71,4695.72,4698.39,1823,35
2026.04.23 11:05:00,4698.38,4700.04,4695.48,4697.68,1357,35
2026.04.23 11:10:00,4697.69,4700.13,4696.54,4697.79,1289,35
2026.04.23 11:15:00,4697.66,4702.52,4696.25,4702.2,1367,35
2026.04.23 11:20:00,4702.19,4703.33,4700.25,4701.23,1260,35
2026.04.23 11:25:00,4701.24,4702.17,4697.3,4699.25,1186,35
2026.04.23 11:30:00,4699.25,4701.33,4696.58,4697.63,1525,35
2026.04.23 11:35:00,4697.64,4703.36,4697.24,4702.32,1502,35
2026.04.23 11:40:00,4702.32,4705.86,4701.88,4705.41,1576,35
2026.04.23 11:45:00,4705.4,4710.97,4704.34,4706.22,1846,35
2026.04.23 11:50:00,4706.33,4715.22,4705.12,4714.61,1818,35
2026.04.23 11:55:00,4714.48,4720.87,4713.67,4720.49,1843,35
2026.04.23 12:00:00,4720.53,4732.44,4719.72,4730.62,2123,35
2026.04.23 12:05:00,4730.62,4737.88,4729.26,4729.63,2113,35
2026.04.23 12:10:00,4729.72,4735.57,4727.79,4729.09,2044,35
2026.04.23 12:15:00,4728.27,4734.59,4725.98,4731.56,1867,35
2026.04.23 12:20:00,4731.67,4733.82,4728.23,4732.61,1839,35
2026.04.23 12:25:00,4732.61,4734.83,4730.72,4733.34,1462,35
2026.04.23 12:30:00,4733.08,4741.34,4733.08,4738.55,1940,35
2026.04.23 12:35:00,4738.52,4739.67,4735.51,4736.65,1731,35
2026.04.23 12:40:00,4736.59,4742.65,4736.3,4739.38,1733,35
2026.04.23 12:45:00,4739.57,4742.1,4731.53,4735.2,1896,35
2026.04.23 12:50:00,4735.51,4738.64,4733.69,4737.29,1805,35
2026.04.23 12:55:00,4737.34,4742.88,4736.49,4739.98,1949,35
2026.04.23 13:00:00,4739.99,4740.7,4729.98,4733.54,2126,35
2026.04.23 13:05:00,4733.54,4734.07,4726.89,4727.01,1767,35
2026.04.23 13:10:00,4726.94,4729.29,4724.45,4725.99,1542,35
2026.04.23 13:15:00,4726.07,4730.32,4725.46,4726.41,1682,35
2026.04.23 13:20:00,4726.4,4730.56,4726.15,4729.39,1679,35
2026.04.23 13:25:00,4729.28,4729.7,4726.08,4727.16,1638,35
2026.04.23 13:30:00,4726.6,4732.43,4724.5,4724.85,2255,35
2026.04.23 13:35:00,4724.95,4730.89,4724.95,4730.68,2062,35
2026.04.23 13:40:00,4730.52,4735.51,4729.65,4734.41,1991,35
2026.04.23 13:45:00,4734.39,4738.15,4730.44,4737.24,2036,35
2026.04.23 13:50:00,4737.24,4741.09,4734.08,4735.59,2147,35
2026.04.23 13:55:00,4735.8,4735.8,4724.32,4724.42,2222,35
2026.04.23 14:00:00,4724.49,4725.61,4717.17,4723.63,2449,35
2026.04.23 14:05:00,4723.53,4728.56,4719.32,4721.2,2371,35
2026.04.23 14:10:00,4721.4,4724.58,4719.2,4724.18,2058,35
2026.04.23 14:15:00,4724.15,4728.07,4723.58,4724.22,2034,35
2026.04.23 14:20:00,4724.18,4731.04,4723.63,4730.46,2068,35
2026.04.23 14:25:00,4730.43,4735.77,4729.5,4731.38,2009,35
2026.04.23 14:30:00,4731.31,4734.12,4729.23,4729.38,2104,35
2026.04.23 14:35:00,4729.38,4734.43,4725.96,4728.25,2080,35
2026.04.23 14:40:00,4728.14,4731.65,4727.16,4730.96,1992,35
2026.04.23 14:45:00,4730.95,4733.58,4727.95,4730.79,1961,35
2026.04.23 14:50:00,4730.79,4735.87,4728.33,4735.16,1964,35
2026.04.23 14:55:00,4735.14,4736.58,4733.15,4733.54,1817,35
2026.04.23 15:00:00,4733.52,4734.75,4731.32,4733.23,1854,35
2026.04.23 15:05:00,4733.23,4733.6,4726.66,4728.73,1832,35
2026.04.23 15:10:00,4729.09,4733.06,4728.92,4730.65,1641,35
2026.04.23 15:15:00,4730.67,4741.26,4729.76,4738.21,2038,35
2026.04.23 15:20:00,4738.19,4739.8,4736.06,4736.85,1857,35
2026.04.23 15:25:00,4736.94,4737.88,4733.0,4733.6,1688,35
2026.04.23 15:30:00,4733.55,4734.81,4730.0,4733.0,1854,35
2026.04.23 15:35:00,4733.01,4733.27,4730.45,4731.33,1442,35
2026.04.23 15:40:00,4731.13,4733.69,4728.16,4728.24,1435,35
2026.04.23 15:45:00,4728.21,4728.66,4720.08,4724.79,2184,35
2026.04.23 15:50:00,4724.79,4725.04,4717.1,4717.29,1899,35
2026.04.23 15:55:00,4717.29,4722.34,4716.64,4720.29,1938,35
2026.04.23 16:00:00,4720.31,4721.73,4717.14,4717.56,1813,35
2026.04.23 16:05:00,4717.56,4720.25,4715.54,4720.25,1823,35
2026.04.23 16:10:00,4720.24,4722.5,4717.57,4719.26,1639,35
2026.04.23 16:15:00,4718.84,4722.88,4718.84,4722.74,1509,35
2026.04.23 16:20:00,4722.74,4724.47,4720.69,4722.88,1503,35
2026.04.23 16:25:00,4722.88,4724.92,4722.12,4723.13,1459,35
2026.04.23 16:30:00,4723.16,4728.66,4722.57,4728.1,1437,35
2026.04.23 16:35:00,4728.12,4729.92,4726.45,4727.87,1344,35
2026.04.23 16:40:00,4727.87,4734.53,4727.4,4734.0,1451,35
2026.04.23 16:45:00,4733.93,4736.06,4732.87,4734.81,1572,35
2026.04.23 16:50:00,4734.81,4737.04,4733.54,4733.67,1450,35
2026.04.23 16:55:00,4733.67,4735.64,4730.7,4732.93,1526,35
2026.04.23 17:00:00,4732.99,4734.46,4722.86,4725.56,2007,35
2026.04.23 17:05:00,4725.56,4725.7,4709.14,4710.63,2415,42
2026.04.23 17:10:00,4710.7,4716.52,4706.04,4715.75,2447,42
2026.04.23 17:15:00,4715.72,4717.64,4704.45,4708.81,2373,42
2026.04.23 17:20:00,4708.81,4712.4,4704.57,4707.55,2428,42
2026.04.23 17:25:00,4707.55,4717.84,4705.23,4706.37,2361,35
2026.04.23 17:30:00,4706.28,4712.27,4702.55,4711.41,2256,35
2026.04.23 17:35:00,4711.4,4713.76,4698.0,4698.62,2220,35
2026.04.23 17:40:00,4698.49,4699.04,4673.35,4677.32,2479,35
2026.04.23 17:45:00,4677.62,4685.56,4664.05,4683.21,2450,35
2026.04.23 17:50:00,4682.95,4709.48,4678.4,4695.69,2297,35
2026.04.23 17:55:00,4696.07,4710.77,4694.16,4709.08,2491,42
2026.04.23 18:00:00,4709.52,4721.26,4707.67,4714.27,2130,35
2026.04.23 18:05:00,4714.33,4717.57,4709.86,4710.37,2260,35
2026.04.23 18:10:00,4710.55,4719.45,4709.83,4713.9,2197,41
2026.04.23 18:15:00,4713.89,4716.52,4711.35,4713.63,1986,42
2026.04.23 18:20:00,4713.64,4716.22,4711.01,4712.89,1979,42
2026.04.23 18:25:00,4713.03,4716.66,4711.53,4716.5,1838,42
2026.04.23 18:30:00,4716.43,4719.89,4715.98,4718.63,1830,42
2026.04.23 18:35:00,4718.64,4720.34,4713.62,4714.08,1888,42
2026.04.23 18:40:00,4714.14,4714.92,4707.28,4711.22,1831,42
2026.04.23 18:45:00,4711.23,4712.18,4705.93,4706.56,1749,35
2026.04.23 18:50:00,4706.55,4711.75,4705.4,4709.66,1808,42
2026.04.23 18:55:00,4709.58,4709.75,4699.31,4700.98,1778,40
2026.04.23 19:00:00,4700.99,4704.28,4693.52,4695.54,2185,42
2026.04.23 19:05:00,4695.5,4699.49,4695.5,4695.97,1813,42
2026.04.23 19:10:00,4696.08,4697.37,4692.77,4696.1,1786,42
2026.04.23 19:15:00,4696.1,4699.26,4695.27,4698.95,1560,42
2026.04.23 19:20:00,4698.95,4702.16,4696.98,4701.29,1635,42
2026.04.23 19:25:00,4701.31,4702.51,4697.74,4700.1,1512,42
2026.04.23 19:30:00,4700.18,4701.13,4693.42,4694.17,1662,42
2026.04.23 19:35:00,4694.17,4695.86,4689.55,4692.73,1924,42
2026.04.23 19:40:00,4692.8,4695.62,4691.21,4692.26,1537,42
2026.04.23 19:45:00,4692.34,4697.29,4692.06,4696.59,1514,42
2026.04.23 19:50:00,4695.76,4699.99,4693.93,4699.06,1770,42
2026.04.23 19:55:00,4699.14,4699.94,4695.44,4696.02,1706,35
2026.04.23 20:00:00,4695.92,4697.37,4693.87,4697.29,1273,35
2026.04.23 20:05:00,4697.25,4698.07,4694.83,4696.45,1070,39
2026.04.23 20:10:00,4696.47,4696.95,4690.38,4690.54,962,42
2026.04.23 20:15:00,4690.38,4691.98,4686.26,4691.07,1261,42
2026.04.23 20:20:00,4691.3,4692.51,4689.76,4692.29,752,42
2026.04.23 20:25:00,4692.23,4692.43,4688.69,4689.17,698,42
2026.04.23 20:30:00,4689.22,4691.02,4689.01,4689.77,617,42
2026.04.23 20:35:00,4689.43,4690.34,4688.04,4690.07,515,42
2026.04.23 20:40:00,4690.08,4691.44,4688.91,4691.12,538,42
2026.04.23 20:45:00,4691.15,4691.95,4690.44,4690.57,528,35
2026.04.23 20:50:00,4690.58,4690.89,4688.24,4690.32,663,42
2026.04.23 20:55:00,4690.32,4694.41,4690.32,4694.41,718,42
2026.04.23 22:00:00,4699.96,4699.96,4694.78,4695.04,712,35
2026.04.23 22:05:00,4695.0,4699.0,4694.78,4697.17,714,42
2026.04.23 22:10:00,4697.19,4698.97,4695.08,4697.07,694,42
2026.04.23 22:15:00,4697.06,4697.1,4693.03,4693.78,527,42
2026.04.23 22:20:00,4693.78,4696.06,4691.82,4694.05,770,42
2026.04.23 22:25:00,4694.05,4695.06,4692.52,4692.52,539,42
2026.04.23 22:30:00,4692.52,4695.06,4692.47,4693.37,635,42
2026.04.23 22:35:00,4693.36,4696.66,4691.61,4691.72,779,42
2026.04.23 22:40:00,4691.72,4693.73,4690.66,4693.43,820,42
2026.04.23 22:45:00,4693.42,4694.41,4691.87,4692.13,688,42
2026.04.23 22:50:00,4692.13,4692.91,4689.91,4690.59,750,39
2026.04.23 22:55:00,4690.56,4693.15,4690.22,4693.15,663,35
2026.04.23 23:00:00,4693.1,4695.44,4691.75,4693.78,937,42
2026.04.23 23:05:00,4693.79,4694.32,4690.17,4690.25,748,41
2026.04.23 23:10:00,4690.25,4692.37,4689.54,4689.57,716,42
2026.04.23 23:15:00,4689.48,4690.19,4686.72,4688.35,1081,36
2026.04.23 23:20:00,4688.36,4691.73,4688.32,4688.89,857,35
2026.04.23 23:25:00,4688.9,4694.5,4688.72,4694.38,877,41
2026.04.23 23:30:00,4694.68,4699.21,4693.49,4699.0,1001,41
2026.04.23 23:35:00,4699.02,4700.7,4696.74,4696.74,990,41
2026.04.23 23:40:00,4696.74,4698.41,4696.62,4697.37,688,42
2026.04.23 23:45:00,4697.36,4699.48,4696.09,4696.78,1195,42
2026.04.23 23:50:00,4696.8,4697.51,4695.33,4697.34,1061,42
2026.04.23 23:55:00,4697.3,4697.64,4692.18,4695.25,1034,42
2026.04.24 00:00:00,4695.68,4700.07,4690.89,4691.62,1716,35
2026.04.24 00:05:00,4691.64,4697.75,4691.64,4696.18,1587,41
2026.04.24 00:10:00,4696.33,4698.51,4693.63,4697.94,1512,41
2026.04.24 00:15:00,4697.94,4700.32,4696.9,4697.02,1417,35
2026.04.24 00:20:00,4697.01,4700.81,4696.27,4700.52,1394,35
2026.04.24 00:25:00,4700.55,4705.42,4699.23,4705.33,1310,42
2026.04.24 00:30:00,4705.35,4707.7,4702.58,4704.18,1431,42
2026.04.24 00:35:00,4704.15,4707.35,4703.33,4704.0,1171,35
2026.04.24 00:40:00,4704.0,4704.25,4701.16,4701.28,1367,35
2026.04.24 00:45:00,4701.21,4703.15,4697.23,4699.18,1548,35
2026.04.24 00:50:00,4699.35,4702.99,4697.64,4702.93,1435,42
2026.04.24 00:55:00,4703.01,4705.92,4700.44,4704.47,1159,42
2026.04.24 01:00:00,4704.46,4707.96,4697.45,4698.77,1862,42
2026.04.24 01:05:00,4698.73,4704.21,4695.78,4703.88,1822,42
2026.04.24 01:10:00,4703.8,4709.93,4703.03,4709.25,1639,35
2026.04.24 01:15:00,4709.25,4710.95,4704.74,4705.28,1471,42
2026.04.24 01:20:00,4705.28,4705.39,4701.52,4703.91,1429,36
2026.04.24 01:25:00,4703.9,4703.93,4698.31,4698.36,1372,42
2026.04.24 01:30:00,4698.33,4702.18,4690.82,4693.5,1781,42
2026.04.24 01:35:00,4693.43,4697.55,4692.69,4695.83,1699,42
2026.04.24 01:40:00,4695.8,4697.66,4690.36,4690.89,1560,42
2026.04.24 01:45:00,4690.67,4696.98,4690.23,4696.92,1700,42
2026.04.24 01:50:00,4696.89,4696.92,4693.16,4695.42,1462,42
2026.04.24 01:55:00,4695.41,4700.61,4693.73,4699.3,1584,41
2026.04.24 02:00:00,4699.25,4700.34,4694.95,4696.95,1628,35
2026.04.24 02:05:00,4696.88,4698.92,4694.86,4694.86,1360,35
2026.04.24 02:10:00,4694.86,4694.86,4689.91,4692.96,1791,35
2026.04.24 02:15:00,4693.21,4696.02,4690.13,4691.71,1314,35
2026.04.24 02:20:00,4691.7,4692.19,4684.51,4684.84,1524,42
2026.04.24 02:25:00,4684.82,4686.72,4681.9,4683.55,1425,42
2026.04.24 02:30:00,4683.89,4690.79,4683.65,4688.93,1715,42
2026.04.24 02:35:00,4688.84,4689.23,4682.83,4683.39,1572,42
2026.04.24 02:40:00,4683.56,4683.58,4679.95,4683.32,1393,42
2026.04.24 02:45:00,4683.32,4683.95,4675.14,4675.88,1605,35
2026.04.24 02:50:00,4675.96,4678.7,4675.01,4678.22,1587,42
2026.04.24 02:55:00,4678.21,4678.87,4672.84,4676.62,1565,42
2026.04.24 03:00:00,4676.62,4678.22,4671.28,4672.51,1762,42
2026.04.24 03:05:00,4672.71,4674.49,4669.59,4670.3,1587,42
2026.04.24 03:10:00,4670.3,4671.74,4668.66,4670.16,1348,42
2026.04.24 03:15:00,4670.36,4674.14,4670.01,4673.38,1312,42
2026.04.24 03:20:00,4673.38,4677.08,4673.31,4674.56,1375,42
2026.04.24 03:25:00,4674.56,4677.95,4673.27,4674.36,1467,41
2026.04.24 03:30:00,4674.32,4676.96,4672.53,4676.41,1373,42
2026.04.24 03:35:00,4676.56,4677.52,4674.27,4676.69,1137,42
2026.04.24 03:40:00,4676.73,4678.04,4674.89,4675.14,898,42
2026.04.24 03:45:00,4675.11,4676.73,4673.81,4675.22,964,42
2026.04.24 03:50:00,4675.18,4675.89,4673.73,4673.83,862,42
2026.04.24 03:55:00,4673.66,4673.82,4671.38,4672.12,1075,42
2026.04.24 04:00:00,4671.93,4671.93,4667.16,4670.62,1367,42
2026.04.24 04:05:00,4670.67,4674.37,4669.23,4673.86,1146,42
2026.04.24 04:10:00,4673.69,4674.44,4669.78,4669.82,1010,41
2026.04.24 04:15:00,4669.87,4670.69,4668.04,4669.09,1169,42
2026.04.24 04:20:00,4668.92,4668.95,4661.26,4661.36,1446,39
2026.04.24 04:25:00,4661.35,4662.73,4658.66,4659.21,1363,35
2026.04.24 04:30:00,4659.21,4661.73,4657.62,4661.59,1366,35
2026.04.24 04:35:00,4661.61,4665.98,4660.61,4665.79,1201,35
2026.04.24 04:40:00,4665.84,4668.37,4664.43,4667.96,1129,42
2026.04.24 04:45:00,4667.96,4676.75,4667.93,4675.92,1382,35
2026.04.24 04:50:00,4675.84,4675.97,4673.37,4674.12,1003,42
2026.04.24 04:55:00,4674.12,4675.64,4673.41,4674.38,924,35
2026.04.24 05:00:00,4674.38,4676.79,4673.34,4673.55,1146,42
2026.04.24 05:05:00,4673.55,4674.32,4670.27,4670.6,1105,42
2026.04.24 05:10:00,4670.57,4673.86,4669.58,4673.79,1118,42
2026.04.24 05:15:00,4673.78,4675.8,4671.91,4674.7,1265,35
2026.04.24 05:20:00,4674.68,4676.5,4673.14,4676.1,1137,42
2026.04.24 05:25:00,4676.1,4678.32,4675.93,4676.35,1233,42
2026.04.24 05:30:00,4676.32,4684.85,4676.32,4684.21,1694,42
2026.04.24 05:35:00,4684.23,4685.1,4681.89,4684.42,1496,42
2026.04.24 05:40:00,4684.41,4687.56,4681.09,4682.62,1530,41
2026.04.24 05:45:00,4682.64,4684.18,4680.08,4680.83,1642,42
2026.04.24 05:50:00,4680.8,4684.43,4680.25,4684.03,1403,42
2026.04.24 05:55:00,4683.94,4686.97,4682.66,4686.46,1431,41
2026.04.24 06:00:00,4686.46,4688.02,4683.16,4683.23,1541,42
2026.04.24 06:05:00,4683.32,4685.03,4682.05,4683.09,1427,42
2026.04.24 06:10:00,4683.08,4683.95,4680.67,4681.75,1465,42
2026.04.24 06:15:00,4681.76,4681.87,4676.01,4677.71,1478,42
2026.04.24 06:20:00,4677.71,4677.89,4673.41,4673.7,1425,42
2026.04.24 06:25:00,4673.71,4674.27,4670.03,4671.49,1475,42
2026.04.24 06:30:00,4671.48,4675.39,4671.48,4672.03,1329,42
2026.04.24 06:35:00,4672.07,4675.07,4671.78,4674.85,1327,42
2026.04.24 06:40:00,4674.75,4676.03,4669.93,4673.59,1299,42
2026.04.24 06:45:00,4673.59,4673.77,4668.67,4669.54,1439,42
2026.04.24 06:50:00,4669.59,4674.94,4666.39,4674.82,1445,42
2026.04.24 06:55:00,4674.86,4676.48,4671.51,4671.88,1367,42
2026.04.24 07:00:00,4671.85,4676.48,4670.95,4674.45,1320,35
2026.04.24 07:05:00,4674.38,4678.49,4674.04,4677.48,1226,35
2026.04.24 07:10:00,4677.39,4681.27,4676.71,4680.47,1091,35
2026.04.24 07:15:00,4680.47,4682.26,4678.25,4681.38,1150,35
2026.04.24 07:20:00,4681.38,4684.16,4679.98,4681.63,1367,35
2026.04.24 07:25:00,4681.63,4684.7,4681.63,4684.37,1145,35
2026.04.24 07:30:00,4684.22,4684.29,4682.22,4684.04,1242,35
2026.04.24 07:35:00,4684.04,4685.69,4683.21,4683.39,1186,35
2026.04.24 07:40:00,4683.38,4686.15,4682.7,4685.47,1178,35
2026.04.24 07:45:00,4685.45,4691.79,4684.51,4690.72,1567,35
2026.04.24 07:50:00,4690.72,4692.6,4690.26,4690.69,1390,35
2026.04.24 07:55:00,4690.69,4695.38,4689.96,4694.44,1311,35
2026.04.24 08:00:00,4694.37,4694.78,4686.53,4688.46,1677,35
2026.04.24 08:05:00,4688.53,4690.05,4686.45,4687.97,1491,35
2026.04.24 08:10:00,4687.91,4690.0,4686.65,4687.32,1280,35
2026.04.24 08:15:00,4687.51,4694.08,4687.43,4693.12,1641,35
2026.04.24 08:20:00,4693.09,4697.46,4691.67,4692.26,1463,35
2026.04.24 08:25:00,4692.36,4692.41,4686.74,4687.9,1546,35
2026.04.24 08:30:00,4687.83,4688.57,4685.85,4686.1,1329,35
2026.04.24 08:35:00,4686.1,4689.05,4685.02,4688.14,1367,35
2026.04.24 08:40:00,4688.14,4690.1,4687.28,4687.86,1177,35
2026.04.24 08:45:00,4687.83,4692.92,4687.53,4691.81,1312,35
2026.04.24 08:50:00,4691.86,4691.86,4689.37,4690.26,1164,35
2026.04.24 08:55:00,4690.26,4691.2,4688.65,4690.88,1075,35
2026.04.24 09:00:00,4690.9,4692.97,4689.65,4691.73,1537,35
2026.04.24 09:05:00,4691.76,4694.06,4690.43,4691.28,1307,35
2026.04.24 09:10:00,4691.28,4695.38,4690.97,4695.23,1265,35
2026.04.24 09:15:00,4695.18,4696.65,4692.85,4694.77,1293,35
2026.04.24 09:20:00,4694.83,4695.01,4686.34,4686.61,1519,35
2026.04.24 09:25:00,4686.56,4687.78,4682.25,4683.28,1690,35
2026.04.24 09:30:00,4683.18,4684.51,4679.38,4682.68,1584,35
2026.04.24 09:35:00,4682.68,4684.06,4680.56,4682.84,1248,35
2026.04.24 09:40:00,4682.73,4688.65,4682.18,4686.05,1473,35
2026.04.24 09:45:00,4686.11,4686.65,4684.22,4685.07,985,35
2026.04.24 09:50:00,4685.07,4685.18,4679.29,4682.11,1400,35
2026.04.24 09:55:00,4682.12,4684.3,4679.93,4682.02,1371,35
2026.04.24 10:00:00,4682.02,4684.68,4681.47,4683.75,1379,35
2026.04.24 10:05:00,4683.51,4684.52,4680.73,4683.36,1134,35
2026.04.24 10:10:00,4683.39,4683.47,4680.89,4682.11,947,35
2026.04.24 10:15:00,4682.11,4683.59,4681.25,4682.85,1084,35
2026.04.24 10:20:00,4682.84,4684.32,4680.1,4683.46,1205,35
2026.04.24 10:25:00,4683.44,4686.07,4682.11,4682.11,1226,35
2026.04.24 10:30:00,4682.1,4682.44,4675.03,4675.28,1540,35
2026.04.24 10:35:00,4675.23,4678.76,4674.64,4677.14,1255,35
2026.04.24 10:40:00,4677.13,4680.92,4676.71,4678.83,1188,35
2026.04.24 10:45:00,4678.81,4679.65,4677.47,4679.53,1011,35
2026.04.24 10:50:00,4679.53,4680.57,4676.59,4677.13,965,35
2026.04.24 10:55:00,4677.1,4680.21,4676.78,4677.7,1128,35
2026.04.24 11:00:00,4677.66,4690.61,4677.66,4689.17,1530,35
2026.04.24 11:05:00,4689.4,4703.42,4687.2,4696.27,2101,35
2026.04.24 11:10:00,4696.36,4701.66,4695.43,4696.96,1963,35
2026.04.24 11:15:00,4696.95,4700.36,4692.4,4695.06,1904,35
2026.04.24 11:20:00,4695.13,4712.01,4692.65,4709.06,1958,35
2026.04.24 11:25:00,4709.19,4716.81,4706.41,4715.07,2087,35
2026.04.24 11:30:00,4715.03,4717.34,4710.17,4713.28,1973,35
2026.04.24 11:35:00,4712.99,4713.32,4706.01,4707.03,1779,35
2026.04.24 11:40:00,4707.03,4709.58,4704.99,4705.52,1471,35
2026.04.24 11:45:00,4705.45,4705.79,4702.95,4704.49,1616,35
2026.04.24 11:50:00,4704.49,4707.23,4703.09,4706.35,1422,35
2026.04.24 11:55:00,4706.34,4708.16,4704.96,4706.89,1501,35
2026.04.24 12:00:00,4706.89,4709.79,4705.17,4707.25,1736,35
2026.04.24 12:05:00,4707.13,4707.73,4703.2,4705.31,1594,35
2026.04.24 12:10:00,4705.41,4710.11,4705.26,4708.53,1528,35
2026.04.24 12:15:00,4708.51,4711.67,4701.62,4706.04,1578,35
2026.04.24 12:20:00,4706.1,4711.45,4703.66,4708.84,1733,35
2026.04.24 12:25:00,4708.7,4710.59,4707.24,4710.24,1421,35
2026.04.24 12:30:00,4710.04,4711.49,4705.75,4705.89,1548,35
2026.04.24 12:35:00,4705.97,4707.38,4703.52,4705.8,1717,35
2026.04.24 12:40:00,4705.8,4706.82,4698.72,4698.91,1625,35
2026.04.24 12:45:00,4698.93,4699.32,4690.48,4692.44,1776,35
2026.04.24 12:50:00,4692.47,4695.23,4690.45,4693.52,1743,35
2026.04.24 12:55:00,4693.56,4700.86,4693.39,4700.51,1989,35
2026.04.24 13:00:00,4701.31,4703.01,4696.08,4697.64,2468,35
2026.04.24 13:05:00,4697.32,4702.77,4695.9,4700.31,1826,35
2026.04.24 13:10:00,4700.31,4705.47,4699.18,4702.87,1704,35
2026.04.24 13:15:00,4702.9,4705.15,4699.47,4702.17,1625,35
2026.04.24 13:20:00,4702.18,4704.23,4695.36,4696.22,1826,35
2026.04.24 13:25:00,4696.19,4697.3,4693.49,4696.98,1845,35
2026.04.24 13:30:00,4696.94,4699.53,4689.82,4692.19,2348,35
2026.04.24 13:35:00,4692.16,4704.8,4691.58,4704.14,2107,35
2026.04.24 13:40:00,4704.07,4709.6,4702.43,4708.05,2175,35
2026.04.24 13:45:00,4708.3,4717.53,4706.14,4712.13,2273,35
2026.04.24 13:50:00,4712.15,4712.56,4704.93,4706.17,2113,35
2026.04.24 13:55:00,4706.16,4712.85,4704.69,4711.56,1927,35
2026.04.24 14:00:00,4711.55,4715.21,4706.74,4712.94,2155,35
2026.04.24 14:05:00,4712.94,4730.82,4712.74,4728.0,2374,35
2026.04.24 14:10:00,4727.88,4740.02,4725.64,4731.54,2347,35
2026.04.24 14:15:00,4731.23,4733.72,4727.0,4731.16,2233,35
2026.04.24 14:20:00,4730.95,4733.8,4726.67,4728.12,2220,35
2026.04.24 14:25:00,4728.1,4728.47,4721.44,4725.4,2232,35
2026.04.24 14:30:00,4725.48,4731.4,4723.53,4728.68,2123,35
2026.04.24 14:35:00,4728.72,4731.78,4725.81,4729.77,2140,35
2026.04.24 14:40:00,4729.75,4732.77,4727.69,4730.27,2044,35
2026.04.24 14:45:00,4730.41,4731.24,4725.3,4727.75,1936,35
2026.04.24 14:50:00,4727.9,4729.29,4724.81,4725.66,1920,35
2026.04.24 14:55:00,4725.78,4727.24,4723.93,4726.35,1653,35
2026.04.24 15:00:00,4726.42,4726.89,4721.71,4722.14,1825,35
2026.04.24 15:05:00,4722.12,4724.35,4718.72,4723.91,2058,35
2026.04.24 15:10:00,4723.9,4724.93,4719.96,4722.0,1772,35
2026.04.24 15:15:00,4721.99,4723.18,4719.82,4721.49,1680,35
2026.04.24 15:20:00,4721.69,4726.13,4720.69,4721.52,1746,35
2026.04.24 15:25:00,4721.55,4722.74,4718.34,4721.89,1809,35
2026.04.24 15:30:00,4721.98,4724.64,4718.15,4718.24,1846,35
2026.04.24 15:35:00,4718.22,4720.18,4717.49,4718.65,1935,35
2026.04.24 15:40:00,4718.69,4729.11,4715.23,4727.63,1678,35
2026.04.24 15:45:00,4727.56,4733.28,4724.11,4724.18,2261,35
2026.04.24 15:50:00,4724.22,4730.92,4724.05,4729.09,2339,35
2026.04.24 15:55:00,4729.19,4729.7,4725.23,4726.97,2133,35
2026.04.24 16:00:00,4726.56,4729.42,4723.88,4725.73,1976,35
2026.04.24 16:05:00,4725.69,4726.55,4720.56,4721.69,1933,35
2026.04.24 16:10:00,4721.65,4723.64,4720.11,4720.36,1722,35
2026.04.24 16:15:00,4720.34,4720.83,4718.97,4720.39,1667,35
2026.04.24 16:20:00,4720.37,4724.42,4720.36,4723.93,1524,35
2026.04.24 16:25:00,4723.87,4725.7,4722.18,4723.06,1491,35
2026.04.24 16:30:00,4723.06,4726.94,4723.06,4725.63,1706,35
2026.04.24 16:35:00,4725.63,4725.75,4723.48,4724.05,1375,35
2026.04.24 16:40:00,4724.0,4724.3,4719.13,4722.34,1725,35
2026.04.24 16:45:00,4722.36,4724.44,4720.24,4721.6,1517,35
2026.04.24 16:50:00,4721.66,4724.68,4721.66,4724.22,1503,35
2026.04.24 16:55:00,4724.22,4727.65,4723.43,4726.57,1516,35
2026.04.24 17:00:00,4726.59,4729.83,4726.59,4728.16,1780,35
2026.04.24 17:05:00,4728.15,4728.86,4725.55,4727.61,1677,42
2026.04.24 17:10:00,4727.62,4728.02,4725.99,4727.57,1523,42
2026.04.24 17:15:00,4727.51,4729.1,4725.87,4728.63,1395,42
2026.04.24 17:20:00,4728.65,4728.91,4723.0,4726.53,1634,42
2026.04.24 17:25:00,4726.53,4727.79,4722.2,4722.75,1536,42
2026.04.24 17:30:00,4722.52,4723.46,4718.77,4720.68,1813,42
2026.04.24 17:35:00,4720.69,4725.26,4720.51,4721.75,1560,42
2026.04.24 17:40:00,4721.75,4723.13,4721.45,4722.46,1212,42
2026.04.24 17:45:00,4722.46,4723.12,4721.25,4721.98,983,42
2026.04.24 17:50:00,4721.98,4727.5,4720.43,4724.8,1165,42
2026.04.24 17:55:00,4724.85,4726.22,4723.08,4723.35,1393,42
2026.04.24 18:00:00,4723.39,4724.67,4722.28,4722.43,1381,42
2026.04.24 18:05:00,4722.44,4722.49,4719.83,4722.27,1384,42
2026.04.24 18:10:00,4722.32,4724.67,4722.19,4723.59,1097,42
2026.04.24 18:15:00,4723.55,4724.12,4720.52,4721.23,1181,42
2026.04.24 18:20:00,4721.21,4722.38,4719.54,4720.95,1285,42
2026.04.24 18:25:00,4720.95,4720.99,4716.86,4716.98,1355,42
2026.04.24 18:30:00,4716.99,4720.24,4716.7,4719.55,1272,42
2026.04.24 18:35:00,4719.52,4720.37,4718.17,4719.79,1083,42
2026.04.24 18:40:00,4719.77,4720.47,4717.78,4718.78,1017,42
2026.04.24 18:45:00,4718.76,4719.63,4717.61,4718.47,1100,42
2026.04.24 18:50:00,4718.43,4720.96,4718.03,4719.97,1202,42
2026.04.24 18:55:00,4719.97,4723.17,4719.45,4722.59,1227,42
2026.04.24 19:00:00,4722.57,4725.91,4721.36,4723.31,1298,39
2026.04.24 19:05:00,4723.32,4724.04,4721.91,4721.96,1204,42
2026.04.24 19:10:00,4721.98,4722.71,4720.71,4722.27,1292,42
2026.04.24 19:15:00,4722.15,4723.12,4720.02,4721.05,1207,42
2026.04.24 19:20:00,4721.04,4721.04,4717.23,4717.71,1139,42
2026.04.24 19:25:00,4717.66,4719.03,4717.37,4718.84,1168,42
2026.04.24 19:30:00,4718.79,4720.44,4718.14,4718.26,1210,42
2026.04.24 19:35:00,4718.24,4718.44,4715.82,4717.21,1237,42
2026.04.24 19:40:00,4717.21,4717.7,4715.89,4716.63,1246,42
2026.04.24 19:45:00,4716.39,4718.48,4715.45,4716.17,1229,42
2026.04.24 19:50:00,4716.17,4717.58,4715.61,4716.65,1301,42
2026.04.24 19:55:00,4716.64,4717.57,4713.62,4716.27,1649,35
2026.04.24 20:00:00,4716.09,4717.28,4710.79,4711.18,1206,42
2026.04.24 20:05:00,4711.18,4712.26,4708.54,4709.06,999,42
2026.04.24 20:10:00,4709.06,4710.34,4705.28,4706.59,909,42
2026.04.24 20:15:00,4706.57,4707.53,4705.16,4705.83,677,42
2026.04.24 20:20:00,4705.83,4707.91,4705.01,4707.14,836,42
2026.04.24 20:25:00,4707.01,4709.65,4706.09,4707.99,809,42
2026.04.24 20:30:00,4707.99,4708.4,4705.2,4705.26,638,42
2026.04.24 20:35:00,4705.25,4708.71,4705.04,4707.27,575,42
2026.04.24 20:40:00,4707.18,4707.51,4705.34,4707.32,651,42
2026.04.24 20:45:00,4707.32,4708.73,4706.73,4707.01,613,42
2026.04.24 20:50:00,4706.65,4709.36,4706.58,4708.17,781,42
2026.04.24 20:55:00,4708.09,4710.41,4706.74,4710.28,519,42
2026.04.26 22:00:00,4691.5,4700.14,4691.19,4696.85,1280,42
2026.04.26 22:05:00,4696.84,4696.85,4681.23,4681.41,1684,42
2026.04.26 22:10:00,4681.47,4685.55,4679.92,4685.22,1332,42
2026.04.26 22:15:00,4685.66,4688.49,4683.87,4688.49,1120,40
2026.04.26 22:20:00,4688.48,4688.49,4682.98,4684.67,1081,42
2026.04.26 22:25:00,4684.66,4687.34,4682.97,4686.72,850,42
2026.04.26 22:30:00,4686.4,4686.74,4682.1,4683.43,1035,35
2026.04.26 22:35:00,4683.41,4686.27,4683.21,4686.08,784,41
2026.04.26 22:40:00,4686.09,4686.19,4683.9,4684.58,739,42
2026.04.26 22:45:00,4684.58,4685.61,4683.5,4684.9,620,42
2026.04.26 22:50:00,4684.9,4685.52,4681.92,4684.38,751,42
2026.04.26 22:55:00,4684.4,4685.95,4683.78,4684.6,731,35
2026.04.26 23:00:00,4684.56,4684.56,4677.49,4681.27,1345,42
2026.04.26 23:05:00,4681.27,4684.47,4681.27,4683.26,955,42
2026.04.26 23:10:00,4683.26,4684.84,4682.91,4683.63,766,42
2026.04.26 23:15:00,4683.62,4684.48,4683.32,4683.55,666,42
2026.04.26 23:20:00,4683.48,4683.7,4681.05,4682.48,756,42
2026.04.26 23:25:00,4682.49,4682.62,4677.15,4677.33,896,42
2026.04.26 23:30:00,4677.3,4679.76,4676.42,4678.9,1037,36
2026.04.26 23:35:00,4678.9,4679.92,4675.44,4676.59,837,42
2026.04.26 23:40:00,4676.6,4678.1,4674.76,4676.76,1056,42
2026.04.26 23:45:00,4676.75,4682.14,4676.66,4680.63,1192,42
2026.04.26 23:50:00,4680.63,4681.72,4678.88,4681.07,832,42
2026.04.26 23:55:00,4681.29,4681.84,4679.68,4680.15,845,42
2026.04.27 00:00:00,4680.14,4681.07,4675.23,4678.97,1481,42
2026.04.27 00:05:00,4678.97,4679.57,4672.06,4675.66,1629,42
2026.04.27 00:10:00,4675.82,4679.8,4675.49,4679.73,1206,42
2026.04.27 00:15:00,4679.74,4681.35,4677.7,4678.71,1376,41
2026.04.27 00:20:00,4678.72,4680.22,4677.62,4678.86,1156,42
2026.04.27 00:25:00,4678.86,4682.11,4677.74,4680.72,1056,35
2026.04.27 00:30:00,4680.69,4681.45,4677.01,4678.07,1142,41
2026.04.27 00:35:00,4678.06,4679.2,4676.6,4679.13,1020,42
2026.04.27 00:40:00,4679.14,4680.81,4677.97,4680.37,827,42
2026.04.27 00:45:00,4680.37,4682.95,4680.35,4682.34,1063,37
2026.04.27 00:50:00,4682.35,4688.75,4682.3,4688.39,1136,42
2026.04.27 00:55:00,4688.6,4698.06,4688.56,4697.58,1583,41
2026.04.27 01:00:00,4697.59,4709.51,4694.52,4707.84,2185,36
2026.04.27 01:05:00,4707.79,4708.75,4696.9,4698.15,2111,41
2026.04.27 01:10:00,4698.21,4702.36,4692.28,4692.84,1710,36
2026.04.27 01:15:00,4692.84,4696.39,4690.65,4695.81,1830,42
2026.04.27 01:20:00,4695.81,4698.5,4694.25,4696.91,1549,35
2026.04.27 01:25:00,4696.89,4697.95,4692.64,4697.94,1605,42
2026.04.27 01:30:00,4697.94,4700.72,4695.68,4697.42,1762,35
2026.04.27 01:35:00,4697.41,4699.76,4696.1,4699.72,1617,42
2026.04.27 01:40:00,4699.71,4700.33,4696.64,4697.82,1571,42
2026.04.27 01:45:00,4697.84,4701.68,4697.63,4701.52,1496,42
2026.04.27 01:50:00,4701.97,4706.38,4701.17,4702.83,1595,35
2026.04.27 01:55:00,4702.8,4704.24,4699.78,4702.6,1552,35
2026.04.27 02:00:00,4702.62,4706.66,4700.88,4702.11,1665,42
2026.04.27 02:05:00,4702.11,4702.2,4696.37,4698.53,1626,42
2026.04.27 02:10:00,4698.46,4700.15,4696.22,4699.5,1339,35
2026.04.27 02:15:00,4699.5,4708.0,4698.84,4705.0,1406,35
2026.04.27 02:20:00,4705.01,4707.12,4704.09,4705.05,1242,42
2026.04.27 02:25:00,4705.05,4706.7,4704.74,4705.64,958,42
2026.04.27 02:30:00,4705.67,4707.59,4704.25,4705.51,1423,42
2026.04.27 02:35:00,4705.48,4714.57,4705.48,4712.14,1545,35
2026.04.27 02:40:00,4712.14,4713.98,4710.58,4713.43,1522,42
2026.04.27 02:45:00,4713.42,4719.28,4711.98,4718.47,1615,35
2026.04.27 02:50:00,4718.45,4722.95,4717.53,4721.27,1450,42
2026.04.27 02:55:00,4721.27,4723.32,4718.18,4718.18,1360,42
2026.04.27 03:00:00,4718.13,4722.27,4718.1,4720.41,1375,42
2026.04.27 03:05:00,4720.42,4721.06,4718.78,4720.34,1059,42
2026.04.27 03:10:00,4720.34,4721.77,4716.3,4717.8,1279,42
2026.04.27 03:15:00,4717.78,4718.49,4716.48,4716.73,958,42
2026.04.27 03:20:00,4716.72,4718.44,4716.1,4716.28,984,42
2026.04.27 03:25:00,4716.4,4716.56,4714.37,4715.6,1084,42
2026.04.27 03:30:00,4715.86,4722.13,4715.36,4721.81,1241,40
2026.04.27 03:35:00,4721.78,4725.61,4720.95,4723.65,1156,42
2026.04.27 03:40:00,4723.64,4729.31,4723.28,4728.29,1257,42
2026.04.27 03:45:00,4728.29,4728.43,4723.1,4724.23,1252,42
2026.04.27 03:50:00,4724.42,4726.29,4722.46,4725.23,1117,42
2026.04.27 03:55:00,4725.24,4726.22,4723.95,4724.06,831,42
2026.04.27 04:00:00,4723.93,4726.76,4723.67,4726.21,1034,42
2026.04.27 04:05:00,4726.21,4727.47,4726.1,4726.99,841,42
2026.04.27 04:10:00,4726.97,4727.92,4725.8,4727.4,759,42
2026.04.27 04:15:00,4727.39,4727.78,4724.77,4726.4,822,42
2026.04.27 04:20:00,4726.39,4727.57,4725.99,4726.35,745,42
2026.04.27 04:25:00,4726.37,4727.01,4725.03,4726.85,610,42
2026.04.27 04:30:00,4726.85,4730.08,4726.76,4727.13,869,42
2026.04.27 04:35:00,4727.09,4728.2,4725.33,4727.93,828,42
2026.04.27 04:40:00,4728.09,4728.16,4725.96,4726.18,692,42
2026.04.27 04:45:00,4726.18,4726.56,4723.93,4724.25,692,42
2026.04.27 04:50:00,4724.25,4724.84,4723.16,4724.47,827,42
2026.04.27 04:55:00,4724.45,4726.26,4722.51,4724.84,924,42
2026.04.27 05:00:00,4724.88,4725.34,4720.74,4721.16,1003,42
2026.04.27 05:05:00,4721.13,4722.04,4719.53,4719.54,1031,42
2026.04.27 05:10:00,4719.62,4720.35,4718.14,4718.25,867,42
2026.04.27 05:15:00,4718.28,4718.72,4716.04,4717.93,1182,42
2026.04.27 05:20:00,4717.95,4719.16,4717.72,4719.05,842,41
2026.04.27 05:25:00,4719.0,4719.79,4717.69,4718.03,900,42
2026.04.27 05:30:00,4718.04,4718.26,4711.51,4712.83,1696,35
2026.04.27 05:35:00,4712.79,4712.79,4709.52,4710.51,1631,39
2026.04.27 05:40:00,4710.5,4712.08,4708.86,4711.45,1409,35
2026.04.27 05:45:00,4711.45,4713.49,4711.16,4711.3,1061,42
2026.04.27 05:50:00,4711.31,4711.74,4708.64,4711.16,1400,35
2026.04.27 05:55:00,4710.8,4712.88,4709.61,4710.08,1203,42
2026.04.27 06:00:00,4710.07,4713.05,4709.02,4710.81,1455,38
2026.04.27 06:05:00,4710.76,4713.29,4709.17,4713.12,1585,42
2026.04.27 06:10:00,4713.14,4715.48,4712.97,4714.35,1352,35
2026.04.27 06:15:00,4714.35,4714.35,4711.39,4711.83,1230,42
2026.04.27 06:20:00,4711.79,4715.15,4711.11,4714.56,1124,42
2026.04.27 06:25:00,4714.56,4715.52,4712.27,4714.28,1164,42
2026.04.27 06:30:00,4714.25,4714.38,4709.32,4710.09,1495,39
2026.04.27 06:35:00,4710.09,4713.93,4709.3,4711.72,1205,42
2026.04.27 06:40:00,4711.73,4712.94,4710.11,4710.55,1159,42
2026.04.27 06:45:00,4710.53,4714.31,4709.74,4713.86,1112,42
2026.04.27 06:50:00,4713.86,4715.6,4713.2,4713.45,1362,42
2026.04.27 06:55:00,4713.4,4714.53,4712.0,4712.78,1334,42
2026.04.27 07:00:00,4712.8,4717.84,4710.91,4717.49,1622,35
2026.04.27 07:05:00,4716.75,4718.16,4714.81,4717.23,1557,35
2026.04.27 07:10:00,4717.23,4717.65,4714.18,4717.06,1276,35
2026.04.27 07:15:00,4717.01,4717.32,4712.44,4714.91,1354,35
2026.04.27 07:20:00,4714.91,4718.13,4713.57,4717.65,1375,35
2026.04.27 07:25:00,4717.65,4718.22,4714.2,4715.88,1234,35
2026.04.27 07:30:00,4715.88,4717.32,4713.64,4716.52,1236,35
2026.04.27 07:35:00,4716.53,4716.58,4713.48,4715.84,1259,35
2026.04.27 07:40:00,4715.84,4716.84,4714.38,4714.84,1211,35
2026.04.27 07:45:00,4714.82,4716.85,4713.05,4714.27,1129,35
2026.04.27 07:50:00,4714.27,4714.79,4709.94,4712.08,1449,35
2026.04.27 07:55:00,4712.07,4714.25,4711.6,4713.24,1337,35
2026.04.27 08:00:00,4713.28,4714.2,4710.3,4712.05,1609,35
2026.04.27 08:05:00,4712.11,4713.47,4710.27,4711.73,1305,35
2026.04.27 08:10:00,4711.73,4713.67,4710.21,4710.84,1398,35
2026.04.27 08:15:00,4710.84,4714.05,4710.42,4710.47,1397,35
2026.04.27 08:20:00,4710.47,4712.47,4709.49,4711.08,1282,35
2026.04.27 08:25:00,4711.13,4711.95,4708.98,4710.34,1570,35
2026.04.27 08:30:00,4710.36,4710.36,4707.16,4709.49,1444,35
2026.04.27 08:35:00,4709.48,4709.82,4706.63,4707.41,1105,35
2026.04.27 08:40:00,4707.33,4711.84,4705.26,4711.81,1621,35
2026.04.27 08:45:00,4711.8,4714.72,4711.27,4712.07,1403,35
2026.04.27 08:50:00,4712.07,4712.35,4706.83,4706.93,1332,35
2026.04.27 08:55:00,4706.93,4708.6,4705.03,4706.63,1328,35
2026.04.27 09:00:00,4706.68,4707.88,4705.43,4706.41,1244,35
2026.04.27 09:05:00,4706.44,4708.22,4704.23,4704.42,1245,35
2026.04.27 09:10:00,4704.41,4706.02,4702.51,4705.06,1326,35
2026.04.27 09:15:00,4705.04,4706.01,4703.33,4705.36,1277,35
2026.04.27 09:20:00,4705.34,4706.04,4704.71,4705.74,1026,35
2026.04.27 09:25:00,4705.74,4706.64,4701.62,4702.24,1242,35
2026.04.27 09:30:00,4702.19,4703.86,4699.21,4702.95,1313,35
2026.04.27 09:35:00,4702.98,4704.29,4700.66,4704.27,1201,35
2026.04.27 09:40:00,4704.2,4705.3,4703.21,4704.55,1073,35
2026.04.27 09:45:00,4704.51,4704.53,4700.07,4700.44,1167,35
2026.04.27 09:50:00,4700.43,4702.64,4699.6,4700.43,1232,35
2026.04.27 09:55:00,4700.44,4704.29,4700.32,4703.46,1280,35
2026.04.27 10:00:00,4703.59,4706.0,4702.62,4705.12,1055,35
2026.04.27 10:05:00,4705.16,4706.86,4703.4,4703.8,1161,35
2026.04.27 10:10:00,4703.79,4704.26,4701.54,4701.95,1122,35
2026.04.27 10:15:00,4701.96,4703.12,4699.56,4702.1,1048,35
2026.04.27 10:20:00,4702.13,4705.68,4702.12,4704.16,1004,35
2026.04.27 10:25:00,4704.17,4705.44,4703.26,4704.76,946,35
2026.04.27 10:30:00,4704.81,4708.13,4704.5,4707.29,1170,35
2026.04.27 10:35:00,4707.26,4709.37,4705.33,4708.22,1153,35
2026.04.27 10:40:00,4708.39,4710.49,4708.3,4708.86,1138,35
2026.04.27 10:45:00,4709.02,4710.61,4707.64,4708.3,1189,35
2026.04.27 10:50:00,4708.34,4710.21,4707.01,4709.13,1123,35
2026.04.27 10:55:00,4709.13,4711.01,4708.17,4708.79,1044,35
2026.04.27 11:00:00,4708.79,4709.1,4705.23,4705.74,1424,35
2026.04.27 11:05:00,4705.75,4707.77,4705.29,4706.87,1027,35
2026.04.27 11:10:00,4706.87,4706.91,4703.94,4704.14,1252,35
2026.04.27 11:15:00,4704.15,4704.84,4700.51,4703.99,1344,35
2026.04.27 11:20:00,4704.03,4704.79,4700.2,4703.99,1452,35
2026.04.27 11:25:00,4703.98,4707.01,4703.0,4705.03,1243,35
2026.04.27 11:30:00,4705.04,4708.4,4704.31,4705.45,1326,35
2026.04.27 11:35:00,4705.45,4705.7,4699.75,4701.98,1377,35
2026.04.27 11:40:00,4701.96,4704.07,4700.07,4702.69,1169,35
2026.04.27 11:45:00,4702.67,4705.15,4702.63,4702.81,1020,35
2026.04.27 11:50:00,4702.8,4703.34,4700.97,4703.24,1101,35
2026.04.27 11:55:00,4703.29,4705.09,4700.97,4704.73,1133,35
2026.04.27 12:00:00,4704.76,4706.07,4702.48,4704.91,1339,35
2026.04.27 12:05:00,4704.95,4706.11,4702.54,4705.99,1305,35
2026.04.27 12:10:00,4705.9,4709.17,4704.01,4708.82,1426,35
2026.04.27 12:15:00,4708.8,4711.46,4706.97,4710.78,1589,35
2026.04.27 12:20:00,4710.78,4712.51,4707.84,4709.15,1478,35
2026.04.27 12:25:00,4709.15,4709.74,4701.97,4706.77,1744,35
2026.04.27 12:30:00,4706.68,4707.54,4704.11,4704.44,1435,35
2026.04.27 12:35:00,4704.52,4705.32,4701.07,4701.56,1507,35
2026.04.27 12:40:00,4701.54,4702.46,4696.97,4698.84,1758,35
2026.04.27 12:45:00,4698.84,4703.43,4697.61,4703.21,1602,35
2026.04.27 12:50:00,4703.13,4704.24,4701.51,4702.83,1451,35
2026.04.27 12:55:00,4702.86,4702.95,4696.88,4699.23,1628,35
2026.04.27 13:00:00,4699.21,4700.45,4693.1,4696.22,1970,35
2026.04.27 13:05:00,4696.21,4696.77,4693.32,4696.14,1804,35
2026.04.27 13:10:00,4696.24,4699.59,4693.95,4695.94,1793,35
2026.04.27 13:15:00,4695.94,4703.19,4695.49,4700.51,1764,35
2026.04.27 13:20:00,4700.51,4702.97,4698.93,4699.42,1487,35
2026.04.27 13:25:00,4699.25,4700.09,4697.5,4699.89,1527,35
2026.04.27 13:30:00,4699.81,4702.56,4693.61,4694.64,2104,35
2026.04.27 13:35:00,4694.56,4695.58,4688.96,4692.26,2117,35
2026.04.27 13:40:00,4692.18,4694.49,4691.03,4693.18,2013,35
2026.04.27 13:45:00,4693.32,4695.53,4689.58,4689.8,2003,35
2026.04.27 13:50:00,4689.75,4695.73,4689.3,4694.65,1993,35
2026.04.27 13:55:00,4694.65,4697.3,4692.67,4696.06,1866,35
2026.04.27 14:00:00,4696.09,4696.09,4691.84,4693.96,2159,35
2026.04.27 14:05:00,4693.92,4696.19,4688.59,4689.03,2189,35
2026.04.27 14:10:00,4689.05,4692.98,4687.66,4692.41,2104,35
2026.04.27 14:15:00,4692.32,4696.34,4690.65,4695.16,2024,35
2026.04.27 14:20:00,4695.13,4696.15,4691.76,4693.14,1838,35
2026.04.27 14:25:00,4693.14,4694.19,4686.19,4688.99,2029,35
2026.04.27 14:30:00,4689.0,4689.08,4683.43,4685.75,2203,35
2026.04.27 14:35:00,4685.82,4696.46,4685.43,4693.2,2024,35
2026.04.27 14:40:00,4693.21,4694.72,4689.99,4693.34,1903,35
2026.04.27 14:45:00,4693.42,4693.95,4690.26,4690.82,1698,35
2026.04.27 14:50:00,4690.84,4691.89,4679.93,4680.75,2015,35
2026.04.27 14:55:00,4680.71,4681.24,4676.56,4678.02,2026,35
2026.04.27 15:00:00,4678.09,4679.35,4667.76,4668.73,2243,35
2026.04.27 15:05:00,4668.86,4673.28,4667.17,4670.28,2138,35
2026.04.27 15:10:00,4670.38,4676.9,4670.3,4674.53,2199,35
2026.04.27 15:15:00,4674.45,4677.85,4672.83,4677.64,1853,35
2026.04.27 15:20:00,4677.6,4678.55,4672.09,4673.78,1975,35
2026.04.27 15:25:00,4673.81,4680.92,4671.86,4680.89,1828,35
2026.04.27 15:30:00,4681.01,4682.28,4676.85,4678.5,1922,35
2026.04.27 15:35:00,4678.5,4679.5,4677.01,4679.15,1624,35
2026.04.27 15:40:00,4679.14,4681.25,4677.09,4677.53,1698,35
2026.04.27 15:45:00,4677.43,4678.15,4674.29,4674.29,1722,35
2026.04.27 15:50:00,4674.34,4676.3,4670.49,4671.71,1883,35
2026.04.27 15:55:00,4671.6,4672.95,4668.05,4669.96,1930,35
2026.04.27 16:00:00,4669.96,4670.91,4667.32,4670.61,1763,35
2026.04.27 16:05:00,4670.61,4674.34,4670.34,4672.68,1627,35
2026.04.27 16:10:00,4672.66,4674.85,4672.39,4674.4,1418,35
2026.04.27 16:15:00,4674.4,4677.6,4673.88,4676.56,1398,35
2026.04.27 16:20:00,4676.63,4677.1,4674.68,4675.63,1424,35
2026.04.27 16:25:00,4675.61,4676.26,4673.53,4676.07,1383,35
2026.04.27 16:30:00,4676.05,4678.84,4675.84,4677.91,1368,35
2026.04.27 16:35:00,4677.93,4679.37,4677.01,4677.52,1395,35
2026.04.27 16:40:00,4677.5,4677.51,4674.35,4674.79,1182,35
2026.04.27 16:45:00,4674.79,4677.94,4674.67,4675.81,1203,35
2026.04.27 16:50:00,4675.81,4677.61,4674.91,4676.4,1173,35
2026.04.27 16:55:00,4676.4,4677.36,4675.73,4676.61,1081,35
2026.04.27 17:00:00,4676.61,4678.37,4673.86,4674.16,1308,35
2026.04.27 17:05:00,4674.12,4675.36,4672.84,4673.34,1357,42
2026.04.27 17:10:00,4673.38,4674.65,4671.38,4673.59,1376,42
2026.04.27 17:15:00,4673.6,4674.39,4667.93,4671.23,1583,42
2026.04.27 17:20:00,4671.07,4676.48,4669.88,4674.31,1539,42
2026.04.27 17:25:00,4674.34,4679.79,4674.32,4679.56,1603,35
2026.04.27 17:30:00,4679.68,4685.59,4679.2,4684.96,1732,35
2026.04.27 17:35:00,4684.98,4685.93,4679.82,4680.37,1651,35
2026.04.27 17:40:00,4680.61,4683.13,4680.27,4682.98,1412,42
2026.04.27 17:45:00,4682.98,4684.32,4680.88,4682.06,1453,42
2026.04.27 17:50:00,4682.09,4683.28,4681.33,4681.83,1268,42
2026.04.27 17:55:00,4681.82,4683.64,4681.82,4682.08,1222,42
2026.04.27 18:00:00,4682.09,4682.17,4679.95,4680.23,1340,42
2026.04.27 18:05:00,4680.22,4682.04,4678.86,4681.79,1346,42
2026.04.27 18:10:00,4681.71,4682.72,4680.64,4681.28,1100,35
2026.04.27 18:15:00,4681.25,4682.48,4680.51,4681.63,1279,42
2026.04.27 18:20:00,4681.63,4684.49,4681.56,4684.03,1329,42
2026.04.27 18:25:00,4684.01,4685.34,4683.08,4683.96,1318,42
2026.04.27 18:30:00,4683.98,4684.12,4682.96,4683.18,1034,42
2026.04.27 18:35:00,4683.11,4684.09,4682.42,4683.15,928,42
2026.04.27 18:40:00,4683.1,4685.17,4682.57,4682.71,1096,42
2026.04.27 18:45:00,4682.69,4684.08,4681.55,4683.56,1077,42
2026.04.27 18:50:00,4683.55,4684.9,4683.18,4683.53,1008,42
2026.04.27 18:55:00,4683.47,4683.66,4680.61,4680.61,1154,42
2026.04.27 19:00:00,4680.68,4681.36,4678.35,4678.95,1322,35
2026.04.27 19:05:00,4678.97,4680.27,4678.72,4679.37,965,42
2026.04.27 19:10:00,4679.24,4680.85,4678.86,4680.14,928,35
2026.04.27 19:15:00,4680.13,4681.86,4679.69,4681.64,1124,37
2026.04.27 19:20:00,4681.61,4682.62,4680.98,4682.37,947,42
2026.04.27 19:25:00,4682.37,4682.53,4680.79,4682.11,888,42
2026.04.27 19:30:00,4682.19,4682.19,4678.21,4678.71,1089,42
2026.04.27 19:35:00,4678.75,4678.99,4676.53,4677.44,1095,42
2026.04.27 19:40:00,4677.45,4680.01,4677.31,4679.75,1008,42
2026.04.27 19:45:00,4679.64,4681.25,4678.26,4680.87,1167,42
2026.04.27 19:50:00,4681.04,4681.04,4679.02,4679.8,1224,42
2026.04.27 19:55:00,4679.69,4681.05,4678.93,4680.57,1292,42
2026.04.27 20:00:00,4680.66,4681.3,4678.3,4678.9,723,42
2026.04.27 20:05:00,4678.93,4679.08,4677.26,4678.92,561,42
2026.04.27 20:10:00,4679.17,4679.32,4678.55,4679.0,378,42
2026.04.27 20:15:00,4679.01,4679.61,4678.95,4679.2,439,41
2026.04.27 20:20:00,4679.23,4679.56,4678.42,4678.99,385,41
2026.04.27 20:25:00,4678.95,4680.59,4678.78,4679.62,420,42
2026.04.27 20:30:00,4679.62,4680.39,4678.65,4679.19,388,42
2026.04.27 20:35:00,4679.19,4680.16,4679.04,4679.52,333,42
2026.04.27 20:40:00,4679.52,4680.05,4679.04,4680.05,398,35
2026.04.27 20:45:00,4680.04,4680.31,4679.17,4679.83,392,42
2026.04.27 20:50:00,4679.79,4679.94,4678.2,4679.04,373,42
2026.04.27 20:55:00,4678.96,4681.7,4678.77,4681.66,395,41
2026.04.27 22:00:00,4684.0,4685.01,4682.39,4682.49,503,42
2026.04.27 22:05:00,4682.49,4689.35,4682.12,4688.79,942,37
2026.04.27 22:10:00,4688.83,4691.03,4688.36,4689.18,724,35
2026.04.27 22:15:00,4689.2,4689.74,4687.27,4688.22,694,35
2026.04.27 22:20:00,4688.21,4688.35,4686.85,4687.47,615,42
2026.04.27 22:25:00,4687.47,4689.29,4687.42,4688.96,450,42
2026.04.27 22:30:00,4688.95,4689.68,4688.46,4688.79,628,42
2026.04.27 22:35:00,4688.78,4688.86,4686.88,4688.01,575,35
2026.04.27 22:40:00,4688.03,4688.91,4686.43,4687.27,486,42
2026.04.27 22:45:00,4687.28,4687.54,4686.05,4686.95,492,35
2026.04.27 22:50:00,4686.95,4687.59,4686.22,4687.25,519,41
2026.04.27 22:55:00,4687.25,4688.05,4686.85,4687.84,500,42
2026.04.27 23:00:00,4687.79,4689.39,4687.14,4688.49,558,42
2026.04.27 23:05:00,4688.52,4688.52,4687.17,4688.06,480,42
2026.04.27 23:10:00,4688.05,4689.83,4687.28,4689.75,512,42
2026.04.27 23:15:00,4689.73,4691.21,4689.31,4690.84,632,42
2026.04.27 23:20:00,4690.87,4691.19,4689.89,4690.74,575,42
2026.04.27 23:25:00,4690.77,4691.56,4689.98,4690.49,528,42
2026.04.27 23:30:00,4690.48,4692.08,4690.35,4691.85,575,41
2026.04.27 23:35:00,4691.86,4694.31,4691.85,4693.24,704,42
2026.04.27 23:40:00,4693.25,4694.23,4691.7,4694.1,707,42
2026.04.27 23:45:00,4694.1,4694.92,4693.25,4694.46,807,42
2026.04.27 23:50:00,4694.43,4694.75,4693.65,4694.53,568,42
2026.04.27 23:55:00,4694.52,4694.56,4691.64,4691.67,642,42
2026.04.28 00:00:00,4691.75,4697.3,4691.54,4696.87,1231,42
2026.04.28 00:05:00,4696.88,4701.12,4696.57,4699.91,1217,35
2026.04.28 00:10:00,4700.02,4701.06,4697.56,4697.78,1123,42
2026.04.28 00:15:00,4697.8,4699.34,4696.39,4697.0,1099,42
2026.04.28 00:20:00,4697.04,4697.63,4695.33,4696.8,1127,35
2026.04.28 00:25:00,4696.8,4697.65,4692.25,4694.79,1264,42
2026.04.28 00:30:00,4694.81,4695.1,4692.36,4693.02,1024,41
2026.04.28 00:35:00,4693.05,4694.61,4691.79,4691.8,861,35
2026.04.28 00:40:00,4691.9,4694.54,4691.72,4693.48,903,35
2026.04.28 00:45:00,4693.5,4694.53,4692.31,4693.67,807,42
2026.04.28 00:50:00,4693.64,4694.04,4692.3,4692.9,840,42
2026.04.28 00:55:00,4692.9,4693.43,4690.37,4690.44,873,42
2026.04.28 01:00:00,4690.44,4690.64,4684.42,4689.16,1703,42
2026.04.28 01:05:00,4689.18,4690.47,4686.35,4688.75,1311,42
2026.04.28 01:10:00,4688.78,4690.76,4687.13,4687.89,1236,42
2026.04.28 01:15:00,4687.5,4689.36,4685.67,4689.18,1148,42
2026.04.28 01:20:00,4689.1,4690.55,4686.42,4689.46,1208,42
2026.04.28 01:25:00,4689.42,4689.72,4687.07,4687.44,1046,42
2026.04.28 01:30:00,4687.43,4687.72,4683.53,4684.06,1268,42
2026.04.28 01:35:00,4684.08,4690.28,4684.08,4690.26,1219,35
2026.04.28 01:40:00,4690.36,4691.3,4687.0,4687.11,1199,42
2026.04.28 01:45:00,4687.13,4687.62,4684.86,4684.96,1277,42
2026.04.28 01:50:00,4684.95,4685.46,4680.4,4680.66,1482,35
2026.04.28 01:55:00,4680.72,4680.77,4669.58,4670.63,1744,35
2026.04.28 02:00:00,4670.71,4673.38,4665.71,4672.57,1730,35
2026.04.28 02:05:00,4672.66,4676.41,4672.1,4675.07,1427,42
2026.04.28 02:10:00,4675.19,4678.04,4674.08,4677.15,1168,42
2026.04.28 02:15:00,4677.16,4679.7,4676.98,4678.03,1032,42
2026.04.28 02:20:00,4678.07,4679.45,4675.29,4675.36,961,42
2026.04.28 02:25:00,4675.53,4677.44,4674.36,4675.41,985,42
2026.04.28 02:30:00,4675.43,4675.51,4671.49,4673.49,1444,35
2026.04.28 02:35:00,4673.5,4673.98,4670.79,4671.08,1205,41
2026.04.28 02:40:00,4671.07,4673.11,4670.39,4670.88,1205,42
2026.04.28 02:45:00,4670.88,4671.24,4668.45,4670.02,1238,42
2026.04.28 02:50:00,4669.94,4670.74,4668.22,4670.41,1224,42
2026.04.28 02:55:00,4670.39,4670.52,4666.23,4669.0,1328,42
2026.04.28 03:00:00,4669.0,4671.61,4668.37,4670.97,1175,42
2026.04.28 03:05:00,4670.99,4673.21,4670.46,4672.63,1234,42
2026.04.28 03:10:00,4672.61,4674.1,4672.22,4672.86,1167,42
2026.04.28 03:15:00,4672.84,4673.64,4671.31,4673.26,1014,42
2026.04.28 03:20:00,4673.26,4674.98,4672.1,4672.69,1070,42
2026.04.28 03:25:00,4672.69,4675.85,4671.38,4674.79,1015,42
2026.04.28 03:30:00,4674.79,4675.31,4671.64,4672.46,965,42
2026.04.28 03:35:00,4672.45,4674.05,4671.82,4673.13,927,42
2026.04.28 03:40:00,4673.12,4673.69,4671.61,4671.88,718,42
2026.04.28 03:45:00,4671.74,4672.53,4671.19,4671.37,776,42
2026.04.28 03:50:00,4671.38,4671.64,4669.4,4669.55,702,42
2026.04.28 03:55:00,4669.56,4671.56,4669.0,4670.79,750,42
2026.04.28 04:00:00,4670.76,4671.14,4666.69,4667.88,960,42
2026.04.28 04:05:00,4667.58,4669.01,4667.13,4667.83,807,42
2026.04.28 04:10:00,4667.91,4669.74,4667.36,4669.63,855,42
2026.04.28 04:15:00,4669.62,4669.66,4668.21,4668.44,642,42
2026.04.28 04:20:00,4668.25,4668.29,4666.35,4666.85,822,41
2026.04.28 04:25:00,4666.91,4667.64,4666.62,4667.32,675,42
2026.04.28 04:30:00,4667.31,4668.96,4666.68,4668.55,830,41
2026.04.28 04:35:00,4668.59,4669.05,4667.25,4668.85,683,42
2026.04.28 04:40:00,4668.84,4669.82,4667.39,4669.71,755,42
2026.04.28 04:45:00,4669.65,4669.85,4667.4,4667.58,681,42
2026.04.28 04:50:00,4667.51,4669.67,4667.1,4667.83,719,42
2026.04.28 04:55:00,4667.77,4668.48,4667.22,4667.51,669,42
2026.04.28 05:00:00,4667.52,4668.09,4661.77,4663.15,1333,35
2026.04.28 05:05:00,4663.14,4663.42,4647.71,4653.7,1541,37
2026.04.28 05:10:00,4653.71,4654.79,4648.96,4652.31,1509,42
2026.04.28 05:15:00,4652.21,4655.21,4650.97,4654.89,1200,42
2026.04.28 05:20:00,4654.78,4659.46,4654.78,4658.82,1245,42
2026.04.28 05:25:00,4658.83,4659.11,4656.76,4658.2,1062,42
2026.04.28 05:30:00,4658.18,4658.21,4642.72,4644.17,1937,35
2026.04.28 05:35:00,4644.18,4644.23,4637.2,4638.02,1989,42
2026.04.28 05:40:00,4637.84,4637.84,4624.34,4624.71,1948,35
2026.04.28 05:45:00,4624.78,4630.33,4623.88,4627.64,1853,42
2026.04.28 05:50:00,4627.66,4631.71,4626.5,4631.58,1814,35
2026.04.28 05:55:00,4631.58,4634.1,4631.33,4632.01,1689,35
2026.04.28 06:00:00,4631.74,4633.88,4625.89,4633.88,1884,35
2026.04.28 06:05:00,4633.93,4642.58,4633.86,4639.91,1571,42
2026.04.28 06:10:00,4639.9,4641.87,4637.73,4640.49,1469,42
2026.04.28 06:15:00,4640.49,4641.08,4632.9,4633.92,1442,42
2026.04.28 06:20:00,4633.91,4633.91,4623.3,4625.96,1697,41
2026.04.28 06:25:00,4625.92,4632.32,4623.58,4631.47,1501,37
2026.04.28 06:30:00,4631.59,4634.25,4628.88,4629.61,1341,35
2026.04.28 06:35:00,4629.64,4631.58,4625.01,4631.55,1468,35
2026.04.28 06:40:00,4631.57,4634.52,4628.32,4629.62,1455,35
2026.04.28 06:45:00,4629.63,4631.56,4623.59,4625.51,1546,35
2026.04.28 06:50:00,4625.52,4631.35,4623.13,4626.26,1442,35
2026.04.28 06:55:00,4626.35,4631.59,4625.17,4628.92,1391,42
2026.04.28 07:00:00,4628.78,4639.06,4627.33,4638.85,1627,35
2026.04.28 07:05:00,4638.87,4639.19,4632.33,4633.78,1362,35
2026.04.28 07:10:00,4633.75,4636.27,4632.0,4634.04,1407,35
2026.04.28 07:15:00,4633.98,4634.74,4630.45,4632.56,1379,35
2026.04.28 07:20:00,4633.0,4633.78,4628.18,4629.78,1347,35
2026.04.28 07:25:00,4629.77,4630.96,4627.27,4629.57,1393,35
2026.04.28 07:30:00,4629.53,4635.23,4626.16,4626.84,1502,35
2026.04.28 07:35:00,4626.84,4630.33,4626.08,4627.72,1465,35
2026.04.28 07:40:00,4627.68,4633.34,4626.93,4629.3,1329,35
2026.04.28 07:45:00,4629.29,4629.41,4626.17,4628.14,1383,35
2026.04.28 07:50:00,4627.98,4628.39,4623.04,4626.45,1377,35
2026.04.28 07:55:00,4626.15,4633.66,4620.45,4633.05,1656,35
2026.04.28 08:00:00,4632.93,4633.59,4617.47,4620.25,1886,35
2026.04.28 08:05:00,4620.33,4624.5,4616.01,4621.78,1748,35
2026.04.28 08:10:00,4621.7,4623.08,4614.74,4620.14,1677,35
2026.04.28 08:15:00,4620.14,4623.68,4618.86,4621.74,1552,35
2026.04.28 08:20:00,4621.74,4623.17,4619.17,4621.31,1456,35
2026.04.28 08:25:00,4621.36,4626.96,4620.28,4626.54,1349,35
2026.04.28 08:30:00,4626.69,4635.16,4626.36,4632.43,1684,35
2026.04.28 08:35:00,4632.44,4632.53,4628.79,4629.01,1357,35
2026.04.28 08:40:00,4629.03,4630.46,4626.71,4628.03,1404,35
2026.04.28 08:45:00,4627.77,4629.28,4624.88,4625.89,1266,35
2026.04.28 08:50:00,4625.89,4629.21,4625.48,4627.76,1213,35
2026.04.28 08:55:00,4627.62,4630.59,4626.71,4629.7,1230,35
2026.04.28 09:00:00,4629.69,4630.0,4621.68,4622.61,1525,35
2026.04.28 09:05:00,4622.63,4627.42,4621.41,4627.05,1348,35
2026.04.28 09:10:00,4627.09,4628.01,4624.14,4625.32,1307,35
2026.04.28 09:15:00,4625.32,4625.6,4621.72,4622.13,1445,35
2026.04.28 09:20:00,4622.09,4622.27,4613.32,4616.04,1603,35
2026.04.28 09:25:00,4615.95,4618.64,4612.58,4618.13,1496,35
2026.04.28 09:30:00,4618.19,4618.82,4610.87,4611.91,1599,35
2026.04.28 09:35:00,4611.87,4614.15,4609.57,4610.74,1655,35
2026.04.28 09:40:00,4610.81,4613.46,4607.97,4613.46,1624,35
2026.04.28 09:45:00,4613.34,4615.21,4608.5,4610.37,1569,35
2026.04.28 09:50:00,4610.16,4612.85,4609.63,4611.17,1351,35
2026.04.28 09:55:00,4611.16,4611.77,4604.53,4604.96,1594,35
2026.04.28 10:00:00,4604.96,4612.22,4604.65,4607.61,1614,35
2026.04.28 10:05:00,4607.69,4611.34,4605.99,4609.83,1419,35
2026.04.28 10:10:00,4609.84,4613.48,4608.85,4612.61,1279,35
2026.04.28 10:15:00,4612.62,4615.25,4610.78,4614.37,1321,35
2026.04.28 10:20:00,4614.36,4616.25,4611.67,4612.66,1437,35
2026.04.28 10:25:00,4612.66,4613.39,4610.78,4611.69,1204,35
2026.04.28 10:30:00,4611.45,4614.67,4610.85,4612.3,1270,35
2026.04.28 10:35:00,4612.3,4615.05,4611.89,4614.59,1236,35
2026.04.28 10:40:00,4614.6,4615.71,4612.71,4613.12,1194,35
2026.04.28 10:45:00,4613.12,4615.17,4611.27,4613.4,1409,35
2026.04.28 10:50:00,4613.35,4614.16,4608.28,4609.48,1344,35
2026.04.28 10:55:00,4609.48,4610.04,4603.02,4603.16,1529,35
2026.04.28 11:00:00,4602.32,4608.6,4601.73,4605.43,1705,35
2026.04.28 11:05:00,4605.27,4606.17,4600.49,4601.91,1589,35
2026.04.28 11:10:00,4601.91,4602.47,4597.59,4598.51,1566,35
2026.04.28 11:15:00,4598.28,4600.69,4595.67,4597.31,1574,35
2026.04.28 11:20:00,4597.31,4603.93,4594.0,4601.7,1706,35
2026.04.28 11:25:00,4601.7,4603.16,4598.19,4599.35,1418,35
2026.04.28 11:30:00,4599.22,4599.8,4588.91,4590.78,1749,35
2026.04.28 11:35:00,4590.78,4591.78,4569.16,4570.08,2018,35
2026.04.28 11:40:00,4570.07,4574.93,4568.07,4572.01,1941,35
2026.04.28 11:45:00,4571.91,4574.06,4558.07,4559.03,2005,35
2026.04.28 11:50:00,4558.97,4563.33,4555.15,4559.02,1935,35
2026.04.28 11:55:00,4559.21,4564.21,4557.93,4562.59,1793,35
2026.04.28 12:00:00,4562.46,4569.77,4554.89,4569.11,1943,35
2026.04.28 12:05:00,4568.96,4573.44,4567.19,4569.93,1789,35
2026.04.28 12:10:00,4569.84,4581.6,4569.51,4581.44,1872,35
2026.04.28 12:15:00,4581.63,4586.74,4577.64,4579.33,1741,35
2026.04.28 12:20:00,4579.04,4597.88,4576.48,4577.82,1729,35
2026.04.28 12:25:00,4577.87,4581.42,4573.7,4579.96,1720,35
2026.04.28 12:30:00,4579.95,4581.9,4570.66,4578.98,1776,35
2026.04.28 12:35:00,4578.98,4585.45,4578.91,4583.61,1739,35
2026.04.28 12:40:00,4583.63,4588.75,4582.51,4586.94,1690,35
2026.04.28 12:45:00,4586.92,4599.39,4584.32,4598.83,1779,35
2026.04.28 12:50:00,4598.87,4599.97,4593.13,4594.51,1843,35
2026.04.28 12:55:00,4594.96,4599.97,4591.86,4593.63,1616,35
2026.04.28 13:00:00,4593.61,4594.53,4584.08,4584.09,1948,35
2026.04.28 13:05:00,4583.7,4584.49,4571.27,4573.12,1838,35
2026.04.28 13:10:00,4573.02,4581.55,4571.02,4576.2,1920,35
2026.04.28 13:15:00,4576.1,4579.57,4573.27,4577.87,1689,35
2026.04.28 13:20:00,4577.8,4580.82,4575.16,4575.93,1625,35
2026.04.28 13:25:00,4575.61,4583.98,4572.22,4581.67,1713,35
2026.04.28 13:30:00,4581.66,4581.66,4570.9,4577.84,1933,35
2026.04.28 13:35:00,4577.86,4582.92,4575.58,4579.7,1950,35
2026.04.28 13:40:00,4579.42,4591.65,4573.53,4581.74,1966,35
2026.04.28 13:45:00,4581.71,4592.24,4580.32,4586.47,1952,35
2026.04.28 13:50:00,4586.48,4590.51,4579.62,4581.06,1916,35
2026.04.28 13:55:00,4581.08,4582.35,4574.65,4580.29,1902,35
2026.04.28 14:00:00,4580.39,4580.65,4565.39,4566.01,2040,35
2026.04.28 14:05:00,4566.19,4574.63,4565.28,4569.32,2042,35
2026.04.28 14:10:00,4569.32,4572.31,4566.13,4568.27,2011,35
2026.04.28 14:15:00,4568.31,4577.81,4564.83,4571.36,2090,35
2026.04.28 14:20:00,4571.45,4574.29,4565.18,4567.98,1998,35
2026.04.28 14:25:00,4568.01,4573.12,4567.62,4571.51,1999,35
2026.04.28 14:30:00,4571.5,4577.76,4569.08,4569.9,1913,35
2026.04.28 14:35:00,4569.92,4570.42,4559.98,4560.33,2074,35
2026.04.28 14:40:00,4560.39,4565.82,4557.46,4564.03,2013,35
2026.04.28 14:45:00,4564.03,4567.27,4560.6,4562.87,1961,35
2026.04.28 14:50:00,4562.47,4565.17,4557.27,4563.63,2031,35
2026.04.28 14:55:00,4563.6,4574.54,4560.16,4574.03,1895,35
2026.04.28 15:00:00,4574.07,4581.44,4573.97,4576.1,1988,35
2026.04.28 15:05:00,4576.09,4579.88,4570.58,4572.7,1937,35
2026.04.28 15:10:00,4572.69,4574.93,4570.46,4572.71,1974,35
2026.04.28 15:15:00,4572.64,4576.0,4569.81,4572.58,1842,35
2026.04.28 15:20:00,4572.57,4573.18,4566.73,4571.73,1900,35
2026.04.28 15:25:00,4571.74,4577.42,4570.34,4576.98,1858,35
2026.04.28 15:30:00,4577.0,4577.6,4571.1,4571.64,1860,35
2026.04.28 15:35:00,4571.65,4581.19,4571.11,4578.83,1850,35
2026.04.28 15:40:00,4578.75,4580.88,4576.66,4577.77,1686,35
2026.04.28 15:45:00,4577.77,4582.96,4576.58,4581.68,1721,35
2026.04.28 15:50:00,4581.68,4586.21,4581.5,4583.74,1775,35
2026.04.28 15:55:00,4583.78,4586.54,4581.72,4586.54,1668,35
2026.04.28 16:00:00,4586.39,4586.72,4582.27,4583.82,1703,35
2026.04.28 16:05:00,4583.76,4586.2,4582.87,4585.09,1596,35
2026.04.28 16:10:00,4585.05,4585.89,4582.71,4585.34,1437,35
2026.04.28 16:15:00,4585.33,4585.78,4577.92,4580.68,1609,35
2026.04.28 16:20:00,4580.66,4583.24,4580.58,4581.91,1444,35
2026.04.28 16:25:00,4581.92,4585.33,4581.84,4582.92,1468,35
2026.04.28 16:30:00,4582.72,4585.16,4580.88,4581.04,1437,35
2026.04.28 16:35:00,4580.88,4586.84,4580.66,4584.67,1619,35
2026.04.28 16:40:00,4584.71,4585.58,4582.72,4584.91,1347,35
2026.04.28 16:45:00,4584.91,4588.24,4583.8,4586.47,1468,35
2026.04.28 16:50:00,4586.51,4594.45,4586.51,4593.37,1677,35
2026.04.28 16:55:00,4593.38,4594.88,4591.38,4591.94,1504,35
2026.04.28 17:00:00,4591.97,4593.83,4589.62,4589.82,1447,35
2026.04.28 17:05:00,4589.76,4591.65,4588.35,4591.28,1508,42
2026.04.28 17:10:00,4591.26,4594.91,4590.07,4593.61,1344,42
2026.04.28 17:15:00,4593.63,4594.11,4587.3,4588.48,1411,42
2026.04.28 17:20:00,4588.47,4595.34,4587.11,4595.02,1514,42
2026.04.28 17:25:00,4595.17,4597.08,4592.35,4593.15,1524,42
2026.04.28 17:30:00,4593.32,4597.1,4593.32,4595.49,1339,35
2026.04.28 17:35:00,4595.5,4599.1,4595.5,4598.27,1361,35
2026.04.28 17:40:00,4598.3,4601.63,4598.28,4598.9,1356,35
2026.04.28 17:45:00,4598.9,4600.38,4597.53,4598.0,1333,36
2026.04.28 17:50:00,4598.12,4598.27,4596.35,4597.17,1236,42
2026.04.28 17:55:00,4597.12,4597.8,4593.92,4594.58,1188,41
2026.04.28 18:00:00,4594.68,4598.43,4592.03,4593.68,1384,41
2026.04.28 18:05:00,4593.7,4597.38,4593.42,4596.16,1233,35
2026.04.28 18:10:00,4596.21,4596.69,4594.67,4595.97,1172,42
2026.04.28 18:15:00,4595.99,4599.16,4595.99,4597.74,1229,42
2026.04.28 18:20:00,4597.73,4599.94,4596.81,4598.99,1396,42
2026.04.28 18:25:00,4599.08,4600.32,4597.88,4598.83,1313,35
2026.04.28 18:30:00,4598.83,4599.4,4594.6,4594.96,1278,35
2026.04.28 18:35:00,4594.94,4596.69,4593.43,4596.27,1172,42
2026.04.28 18:40:00,4596.26,4598.04,4595.98,4597.69,1135,42
2026.04.28 18:45:00,4597.7,4598.75,4596.91,4597.9,1056,42
2026.04.28 18:50:00,4597.89,4598.59,4594.94,4595.27,930,42
2026.04.28 18:55:00,4595.3,4595.56,4593.0,4594.19,1120,42
2026.04.28 19:00:00,4594.28,4597.39,4593.78,4595.64,1060,42
2026.04.28 19:05:00,4595.7,4598.55,4595.61,4596.62,960,42
2026.04.28 19:10:00,4596.62,4597.41,4595.47,4595.54,1013,42
2026.04.28 19:15:00,4595.54,4595.67,4594.06,4594.78,1216,42
2026.04.28 19:20:00,4594.78,4596.21,4593.61,4595.81,1142,42
2026.04.28 19:25:00,4595.8,4597.09,4595.23,4596.16,1008,42
2026.04.28 19:30:00,4596.16,4596.53,4594.46,4596.28,1173,42
2026.04.28 19:35:00,4596.26,4598.55,4596.25,4598.36,1081,42
2026.04.28 19:40:00,4598.35,4600.01,4597.65,4598.44,1127,42
2026.04.28 19:45:00,4598.64,4599.36,4596.42,4597.78,1171,42
2026.04.28 19:50:00,4597.82,4598.27,4593.18,4595.03,1455,42
2026.04.28 19:55:00,4595.13,4596.44,4594.22,4595.54,1314,42
2026.04.28 20:00:00,4595.52,4596.75,4594.74,4596.72,830,42
2026.04.28 20:05:00,4596.82,4598.22,4595.85,4597.88,759,42
2026.04.28 20:10:00,4597.84,4598.62,4596.91,4597.2,728,42
2026.04.28 20:15:00,4597.22,4598.05,4594.08,4594.12,758,41
2026.04.28 20:20:00,4594.13,4594.25,4591.58,4592.66,792,35
2026.04.28 20:25:00,4592.39,4593.74,4591.03,4592.66,638,35
2026.04.28 20:30:00,4592.7,4595.24,4592.58,4593.9,504,42
2026.04.28 20:35:00,4593.93,4595.08,4592.91,4594.31,544,42
2026.04.28 20:40:00,4594.27,4594.58,4592.41,4593.28,503,35
2026.04.28 20:45:00,4593.26,4593.61,4592.77,4593.13,427,42
2026.04.28 20:50:00,4593.11,4595.71,4592.61,4595.51,487,42
2026.04.28 20:55:00,4595.52,4597.16,4595.08,4596.8,443,41
2026.04.28 22:00:00,4598.76,4599.42,4595.66,4598.31,690,42
2026.04.28 22:05:00,4598.31,4598.67,4594.32,4595.38,818,42
2026.04.28 22:10:00,4595.45,4597.05,4595.09,4596.43,588,42
2026.04.28 22:15:00,4596.42,4597.05,4595.02,4596.57,515,42
2026.04.28 22:20:00,4596.43,4597.07,4596.04,4596.59,412,42
2026.04.28 22:25:00,4596.26,4596.89,4595.1,4595.69,312,42
2026.04.28 22:30:00,4595.69,4596.99,4595.69,4596.9,319,42
2026.04.28 22:35:00,4596.9,4597.23,4593.85,4594.1,385,35
2026.04.28 22:40:00,4594.12,4595.17,4592.88,4593.54,527,42
2026.04.28 22:45:00,4593.53,4595.18,4592.76,4593.88,472,42
2026.04.28 22:50:00,4593.81,4595.12,4592.32,4594.91,439,42
2026.04.28 22:55:00,4594.9,4594.96,4592.32,4593.99,458,41
2026.04.28 23:00:00,4594.06,4594.4,4592.27,4593.32,565,42
2026.04.28 23:05:00,4593.33,4593.55,4590.69,4590.85,720,41
2026.04.28 23:10:00,4590.83,4591.28,4588.81,4590.84,739,42
2026.04.28 23:15:00,4590.83,4592.73,4590.13,4592.0,627,42
2026.04.28 23:20:00,4591.98,4592.36,4591.24,4592.01,399,42
2026.04.28 23:25:00,4592.0,4592.33,4590.22,4592.09,486,42
2026.04.28 23:30:00,4592.1,4593.36,4590.55,4591.24,813,41
2026.04.28 23:35:00,4591.3,4591.3,4587.81,4588.31,664,41
2026.04.28 23:40:00,4588.25,4590.54,4587.89,4589.76,565,42
2026.04.28 23:45:00,4589.75,4592.82,4588.83,4589.09,846,42
2026.04.28 23:50:00,4589.08,4592.41,4589.08,4592.27,684,42
2026.04.28 23:55:00,4592.27,4595.94,4592.27,4595.56,840,42
2026.04.29 00:00:00,4595.57,4607.01,4594.87,4606.52,1896,35
2026.04.29 00:05:00,4606.61,4608.28,4605.07,4608.14,1562,42
2026.04.29 00:10:00,4608.16,4610.44,4606.67,4607.19,1396,35
2026.04.29 00:15:00,4607.22,4607.81,4600.71,4600.77,1415,37
2026.04.29 00:20:00,4600.69,4603.11,4599.46,4602.38,1351,42
2026.04.29 00:25:00,4602.42,4604.5,4598.56,4599.97,1182,42
2026.04.29 00:30:00,4599.96,4602.29,4599.59,4601.54,1018,42
2026.04.29 00:35:00,4601.75,4602.83,4599.18,4602.81,893,42
2026.04.29 00:40:00,4602.81,4604.69,4602.4,4603.55,941,42
2026.04.29 00:45:00,4603.59,4603.93,4599.31,4599.9,1102,42
2026.04.29 00:50:00,4599.89,4599.89,4595.98,4598.05,1251,42
2026.04.29 00:55:00,4598.07,4601.83,4597.79,4600.04,928,42
2026.04.29 01:00:00,4600.05,4600.31,4579.56,4582.54,2234,42
2026.04.29 01:05:00,4582.54,4586.39,4576.19,4581.11,2098,42
2026.04.29 01:10:00,4581.14,4585.47,4581.07,4582.56,1749,41
2026.04.29 01:15:00,4582.27,4586.1,4578.94,4585.52,1635,41
2026.04.29 01:20:00,4585.54,4586.42,4582.07,4585.02,1589,42
2026.04.29 01:25:00,4585.04,4585.67,4580.18,4580.39,1623,35
2026.04.29 01:30:00,4580.39,4586.45,4578.9,4586.08,1874,42
2026.04.29 01:35:00,4586.11,4589.11,4583.92,4584.78,1708,42
2026.04.29 01:40:00,4584.78,4591.52,4582.38,4590.22,1651,35
2026.04.29 01:45:00,4590.25,4591.41,4582.19,4583.76,1766,35
2026.04.29 01:50:00,4583.65,4584.14,4580.26,4581.78,1646,42
2026.04.29 01:55:00,4581.76,4585.18,4580.77,4584.69,1515,42
2026.04.29 02:00:00,4584.74,4595.37,4584.71,4592.37,1782,35
2026.04.29 02:05:00,4592.32,4601.26,4591.73,4598.97,1634,42
2026.04.29 02:10:00,4598.97,4602.5,4598.87,4601.1,1666,42
2026.04.29 02:15:00,4601.09,4604.12,4599.95,4601.28,1215,42
2026.04.29 02:20:00,4601.27,4601.57,4598.51,4598.55,1093,42
2026.04.29 02:25:00,4598.55,4603.06,4598.08,4599.14,1225,35
2026.04.29 02:30:00,4599.14,4601.84,4598.41,4599.56,1380,42
2026.04.29 02:35:00,4599.63,4599.63,4595.16,4595.77,1439,35
2026.04.29 02:40:00,4595.76,4598.56,4595.49,4596.72,1205,42
2026.04.29 02:45:00,4596.75,4601.14,4596.24,4599.16,1247,42
2026.04.29 02:50:00,4599.19,4600.43,4592.75,4592.92,1748,42
2026.04.29 02:55:00,4592.92,4594.54,4592.07,4593.27,1412,35
2026.04.29 03:00:00,4593.31,4597.74,4592.76,4596.4,1375,42
2026.04.29 03:05:00,4596.92,4600.33,4596.19,4599.61,1437,35
2026.04.29 03:10:00,4599.61,4602.85,4598.43,4601.76,1261,42
2026.04.29 03:15:00,4601.79,4603.24,4599.66,4599.96,1184,42
2026.04.29 03:20:00,4599.97,4601.0,4598.58,4599.25,1256,42
2026.04.29 03:25:00,4599.24,4600.47,4596.86,4598.44,1356,42
2026.04.29 03:30:00,4598.45,4598.45,4595.88,4596.65,1063,42
2026.04.29 03:35:00,4596.66,4597.32,4594.73,4595.01,742,42
2026.04.29 03:40:00,4594.97,4595.2,4592.4,4593.76,872,42
2026.04.29 03:45:00,4593.85,4595.12,4592.01,4592.84,1011,42
2026.04.29 03:50:00,4592.83,4595.77,4592.83,4594.98,861,42
2026.04.29 03:55:00,4594.97,4596.33,4593.24,4595.31,768,42
2026.04.29 04:00:00,4595.32,4598.69,4595.16,4597.67,909,41
2026.04.29 04:05:00,4597.67,4600.03,4596.75,4599.85,687,41
2026.04.29 04:10:00,4599.91,4603.32,4599.47,4600.9,823,41
2026.04.29 04:15:00,4600.9,4601.63,4598.46,4599.83,1098,42
2026.04.29 04:20:00,4599.8,4600.07,4598.96,4598.98,598,42
2026.04.29 04:25:00,4598.98,4601.75,4597.27,4601.52,779,42
2026.04.29 04:30:00,4601.55,4603.84,4601.55,4602.42,1048,41
2026.04.29 04:35:00,4602.43,4605.45,4601.87,4603.02,1013,42
2026.04.29 04:40:00,4603.01,4603.88,4601.63,4602.04,916,42
2026.04.29 04:45:00,4602.05,4604.26,4602.05,4603.91,864,42
2026.04.29 04:50:00,4603.91,4604.59,4602.65,4604.29,727,42
2026.04.29 04:55:00,4604.29,4605.79,4603.42,4604.94,1040,42
2026.04.29 05:00:00,4604.94,4607.56,4602.88,4604.64,1297,35
2026.04.29 05:05:00,4604.64,4606.0,4601.94,4602.1,1045,42
2026.04.29 05:10:00,4602.34,4602.98,4600.39,4600.9,970,36
2026.04.29 05:15:00,4600.92,4602.55,4600.36,4600.69,722,35
2026.04.29 05:20:00,4600.67,4601.66,4598.55,4599.87,912,42
2026.04.29 05:25:00,4599.87,4601.02,4599.26,4600.61,874,35
2026.04.29 05:30:00,4600.54,4601.65,4594.96,4595.25,1492,42
2026.04.29 05:35:00,4595.24,4596.8,4594.08,4595.37,1147,42
2026.04.29 05:40:00,4595.37,4599.16,4595.16,4598.93,1239,35
2026.04.29 05:45:00,4598.95,4601.21,4598.44,4599.56,1606,35
2026.04.29 05:50:00,4599.63,4603.44,4597.38,4597.61,1584,35
2026.04.29 05:55:00,4597.61,4597.77,4590.63,4591.08,1580,42
2026.04.29 06:00:00,4590.88,4598.43,4590.38,4597.01,1757,35
2026.04.29 06:05:00,4596.99,4598.4,4591.76,4592.5,1738,42
2026.04.29 06:10:00,4592.5,4592.77,4586.77,4588.24,1521,35
2026.04.29 06:15:00,4588.34,4589.24,4583.78,4585.8,1535,40
2026.04.29 06:20:00,4585.81,4586.66,4580.93,4584.57,1497,35
2026.04.29 06:25:00,4584.57,4588.21,4584.26,4584.84,1606,42
2026.04.29 06:30:00,4584.82,4586.68,4582.43,4583.21,1275,42
2026.04.29 06:35:00,4583.21,4585.23,4580.63,4585.0,1235,42
2026.04.29 06:40:00,4585.03,4587.45,4584.64,4584.78,1148,35
2026.04.29 06:45:00,4584.8,4586.76,4583.96,4584.88,1067,35
2026.04.29 06:50:00,4584.88,4584.88,4580.98,4583.47,1406,42
2026.04.29 06:55:00,4583.47,4584.94,4582.88,4584.36,1222,35
2026.04.29 07:00:00,4584.18,4588.65,4583.04,4588.14,1580,35
2026.04.29 07:05:00,4588.2,4588.5,4578.96,4579.03,1612,35
2026.04.29 07:10:00,4579.23,4581.55,4576.63,4578.31,1746,35
2026.04.29 07:15:00,4578.32,4581.05,4575.92,4576.51,1474,35
2026.04.29 07:20:00,4576.33,4579.6,4574.13,4575.6,1564,35
2026.04.29 07:25:00,4575.66,4576.59,4569.29,4574.98,1777,35
2026.04.29 07:30:00,4574.95,4578.72,4573.52,4577.72,1587,35
2026.04.29 07:35:00,4577.72,4577.93,4570.57,4571.3,1580,35
2026.04.29 07:40:00,4571.34,4575.06,4568.96,4570.33,1738,35
2026.04.29 07:45:00,4570.33,4572.62,4567.41,4570.15,1698,35
2026.04.29 07:50:00,4570.36,4572.32,4569.33,4570.11,1332,35
2026.04.29 07:55:00,4570.11,4571.1,4567.21,4567.78,1384,35
2026.04.29 08:00:00,4567.78,4573.1,4567.72,4568.84,1701,35
2026.04.29 08:05:00,4568.86,4570.11,4564.49,4567.72,1668,35
2026.04.29 08:10:00,4567.64,4569.36,4564.4,4565.17,1662,35
2026.04.29 08:15:00,4565.11,4569.99,4565.11,4569.52,1491,35
2026.04.29 08:20:00,4569.49,4571.06,4565.75,4568.49,1455,35
2026.04.29 08:25:00,4568.71,4571.31,4566.13,4566.39,1510,35
2026.04.29 08:30:00,4566.28,4568.05,4562.28,4562.36,1594,35
2026.04.29 08:35:00,4562.42,4563.32,4557.19,4561.99,1882,35
2026.04.29 08:40:00,4561.77,4568.62,4561.29,4568.07,1567,35
2026.04.29 08:45:00,4568.09,4572.86,4567.94,4570.82,1623,35
2026.04.29 08:50:00,4570.81,4575.28,4570.36,4574.77,1427,35
2026.04.29 08:55:00,4574.77,4576.72,4572.89,4572.97,1307,35
2026.04.29 09:00:00,4572.95,4575.16,4570.28,4574.43,1512,35
2026.04.29 09:05:00,4574.4,4575.63,4571.61,4572.14,1319,35
2026.04.29 09:10:00,4572.14,4575.08,4571.35,4573.73,1292,35
2026.04.29 09:15:00,4573.68,4580.7,4573.12,4579.51,1681,35
2026.04.29 09:20:00,4579.51,4580.62,4571.9,4571.97,1515,35
2026.04.29 09:25:00,4571.86,4571.86,4565.71,4565.9,1489,35
2026.04.29 09:30:00,4565.96,4567.38,4563.76,4567.24,1516,35
2026.04.29 09:35:00,4567.24,4569.4,4562.62,4564.29,1678,35
2026.04.29 09:40:00,4564.31,4565.4,4558.75,4559.01,1735,35
2026.04.29 09:45:00,4559.02,4561.88,4557.92,4559.35,1649,35
2026.04.29 09:50:00,4559.34,4559.35,4551.36,4554.94,1932,35
2026.04.29 09:55:00,4554.97,4556.99,4551.69,4555.85,1580,35
2026.04.29 10:00:00,4555.67,4563.1,4554.92,4562.33,1695,35
2026.04.29 10:05:00,4562.36,4565.39,4561.34,4564.94,1370,35
2026.04.29 10:10:00,4564.93,4568.04,4563.77,4567.72,1261,35
2026.04.29 10:15:00,4567.71,4573.15,4567.71,4571.15,1560,35
2026.04.29 10:20:00,4571.21,4571.5,4568.33,4571.48,1376,35
2026.04.29 10:25:00,4571.42,4573.13,4570.65,4571.67,1131,35
2026.04.29 10:30:00,4571.7,4576.49,4571.7,4573.2,1558,35
2026.04.29 10:35:00,4573.2,4574.45,4569.67,4570.37,1217,35
2026.04.29 10:40:00,4570.38,4570.62,4565.88,4566.27,1458,35
2026.04.29 10:45:00,4566.27,4568.47,4564.91,4567.77,1256,35
2026.04.29 10:50:00,4567.94,4570.65,4565.05,4566.4,1392,35
2026.04.29 10:55:00,4566.46,4569.63,4563.87,4569.63,1188,35
2026.04.29 11:00:00,4569.62,4571.61,4566.76,4568.02,1478,35
2026.04.29 11:05:00,4568.02,4569.6,4565.36,4567.08,1445,35
2026.04.29 11:10:00,4567.01,4570.67,4566.13,4568.0,1305,35
2026.04.29 11:15:00,4568.18,4570.3,4567.19,4568.16,1204,35
2026.04.29 11:20:00,4568.45,4568.74,4564.51,4566.14,1262,35
2026.04.29 11:25:00,4566.14,4569.09,4564.15,4564.64,1342,35
2026.04.29 11:30:00,4564.52,4567.59,4563.47,4567.5,1382,35
2026.04.29 11:35:00,4567.5,4571.86,4566.96,4566.96,1378,35
2026.04.29 11:40:00,4566.92,4567.95,4564.14,4566.79,1382,35
2026.04.29 11:45:00,4566.57,4566.63,4561.3,4563.38,1376,35
2026.04.29 11:50:00,4563.38,4564.51,4559.87,4560.35,1446,35
2026.04.29 11:55:00,4560.35,4563.23,4558.77,4561.63,1293,35
2026.04.29 12:00:00,4561.62,4564.77,4560.5,4563.41,1398,35
2026.04.29 12:05:00,4563.35,4568.27,4562.66,4562.66,1473,35
2026.04.29 12:10:00,4562.7,4566.43,4560.72,4564.45,1371,35
2026.04.29 12:15:00,4564.43,4568.88,4564.43,4565.92,1440,35
2026.04.29 12:20:00,4565.92,4567.53,4562.03,4562.25,1575,35
2026.04.29 12:25:00,4562.32,4564.49,4559.45,4559.53,1553,35
2026.04.29 12:30:00,4559.47,4559.73,4551.18,4554.59,1914,35
2026.04.29 12:35:00,4554.75,4557.53,4551.7,4555.68,1796,35
2026.04.29 12:40:00,4555.75,4559.62,4554.15,4557.61,1674,35
2026.04.29 12:45:00,4557.57,4559.77,4554.62,4555.63,1608,35
2026.04.29 12:50:00,4555.63,4555.7,4544.78,4544.95,1995,35
2026.04.29 12:55:00,4545.28,4548.59,4541.56,4544.87,2022,35
2026.04.29 13:00:00,4544.87,4553.5,4544.81,4547.69,2137,35
2026.04.29 13:05:00,4547.79,4550.0,4545.25,4546.36,1817,35
2026.04.29 13:10:00,4546.4,4550.88,4545.31,4549.83,1671,35
2026.04.29 13:15:00,4549.86,4551.68,4543.41,4543.62,1695,35
2026.04.29 13:20:00,4543.76,4543.95,4534.92,4538.23,2068,35
2026.04.29 13:25:00,4538.23,4539.34,4534.6,4537.79,1987,35
2026.04.29 13:30:00,4537.82,4539.29,4529.95,4532.84,2204,35
2026.04.29 13:35:00,4532.68,4533.87,4524.25,4525.54,2278,35
2026.04.29 13:40:00,4525.5,4526.43,4513.28,4515.28,2498,35
2026.04.29 13:45:00,4514.73,4516.98,4510.06,4514.41,2301,35
2026.04.29 13:50:00,4514.41,4521.31,4514.21,4520.64,2179,35
2026.04.29 13:55:00,4520.64,4529.89,4519.28,4521.77,2244,35
2026.04.29 14:00:00,4521.8,4525.45,4518.0,4525.35,2281,35
2026.04.29 14:05:00,4525.03,4526.81,4518.14,4519.6,2309,35
2026.04.29 14:10:00,4519.63,4528.36,4519.17,4526.01,2282,35
2026.04.29 14:15:00,4525.98,4534.74,4524.3,4534.16,2370,35
2026.04.29 14:20:00,4534.15,4536.81,4532.17,4536.49,2162,35
2026.04.29 14:25:00,4536.49,4537.87,4531.26,4533.09,2142,35
2026.04.29 14:30:00,4532.96,4541.79,4530.81,4539.28,2188,35
2026.04.29 14:35:00,4539.16,4542.58,4538.02,4540.82,2011,35
2026.04.29 14:40:00,4540.81,4540.81,4537.62,4538.77,1835,35
2026.04.29 14:45:00,4538.81,4539.03,4532.81,4532.92,1891,35
2026.04.29 14:50:00,4533.14,4539.36,4532.1,4538.91,1922,35
2026.04.29 14:55:00,4538.91,4540.62,4536.23,4539.22,1784,35
2026.04.29 15:00:00,4539.13,4545.91,4538.67,4542.77,2061,35
2026.04.29 15:05:00,4542.67,4546.67,4539.91,4539.95,2041,35
2026.04.29 15:10:00,4539.95,4542.77,4536.21,4538.0,1972,35
2026.04.29 15:15:00,4537.99,4543.32,4536.13,4541.59,2035,35
2026.04.29 15:20:00,4541.76,4544.41,4540.35,4543.94,1920,35
2026.04.29 15:25:00,4543.96,4546.42,4541.38,4543.54,1907,35
2026.04.29 15:30:00,4543.45,4544.8,4540.37,4543.81,2029,35
2026.04.29 15:35:00,4543.74,4552.52,4543.74,4550.73,2166,35
2026.04.29 15:40:00,4550.76,4556.02,4550.33,4552.89,1960,35
2026.04.29 15:45:00,4552.89,4558.82,4552.44,4554.37,2014,35
2026.04.29 15:50:00,4554.42,4556.71,4542.43,4546.93,1920,35
2026.04.29 15:55:00,4547.0,4548.46,4543.29,4547.68,2136,35
2026.04.29 16:00:00,4547.74,4564.3,4547.03,4562.05,2137,35
2026.04.29 16:05:00,4562.08,4564.84,4559.4,4561.13,1942,35
2026.04.29 16:10:00,4561.11,4564.05,4557.22,4559.14,1947,35
2026.04.29 16:15:00,4559.17,4560.54,4557.53,4560.24,1723,35
2026.04.29 16:20:00,4560.24,4562.99,4557.03,4562.08,1687,35
2026.04.29 16:25:00,4562.14,4564.32,4560.09,4560.24,1685,35
2026.04.29 16:30:00,4560.2,4560.2,4549.71,4550.51,2044,35
2026.04.29 16:35:00,4550.6,4552.59,4545.39,4550.13,1877,35
2026.04.29 16:40:00,4550.14,4551.81,4548.68,4550.24,1663,35
2026.04.29 16:45:00,4550.31,4551.25,4546.01,4546.23,1682,35
2026.04.29 16:50:00,4546.14,4548.41,4544.21,4544.47,1630,35
2026.04.29 16:55:00,4544.43,4546.0,4543.34,4545.38,1473,35
2026.04.29 17:00:00,4545.45,4546.51,4542.65,4544.85,1600,35
2026.04.29 17:05:00,4544.84,4550.73,4543.43,4550.41,1668,38
2026.04.29 17:10:00,4550.45,4552.07,4549.74,4550.54,1640,42
2026.04.29 17:15:00,4550.54,4550.55,4547.74,4549.46,1509,35
2026.04.29 17:20:00,4549.44,4554.36,4549.27,4553.03,1785,42
2026.04.29 17:25:00,4553.03,4553.46,4545.97,4547.1,1818,39
2026.04.29 17:30:00,4547.02,4548.3,4543.7,4544.21,1745,42
2026.04.29 17:35:00,4544.22,4546.4,4542.51,4545.06,1464,42
2026.04.29 17:40:00,4544.77,4545.52,4542.81,4544.6,1398,42
2026.04.29 17:45:00,4544.74,4545.94,4541.53,4543.18,1646,42
2026.04.29 17:50:00,4543.22,4547.27,4542.73,4543.45,1513,35
2026.04.29 17:55:00,4543.46,4547.21,4542.41,4544.61,1303,42
2026.04.29 18:00:00,4547.34,4552.7,4538.41,4541.17,2198,35
2026.04.29 18:05:00,4541.12,4542.05,4531.64,4533.03,2240,35
2026.04.29 18:10:00,4533.03,4535.29,4525.05,4525.46,2105,37
2026.04.29 18:15:00,4525.39,4539.36,4525.05,4531.56,2188,35
2026.04.29 18:20:00,4531.57,4537.37,4531.51,4534.94,2052,42
2026.04.29 18:25:00,4535.23,4535.23,4529.62,4532.7,1880,42
2026.04.29 18:30:00,4532.71,4533.88,4519.98,4521.33,2206,42
2026.04.29 18:35:00,4521.41,4540.32,4521.01,4528.7,2099,39
2026.04.29 18:40:00,4528.75,4528.75,4520.38,4520.38,2100,41
2026.04.29 18:45:00,4520.36,4530.28,4517.68,4528.59,2141,35
2026.04.29 18:50:00,4528.63,4534.78,4528.63,4532.03,2153,42
2026.04.29 18:55:00,4532.07,4540.86,4531.52,4537.81,2194,35
2026.04.29 19:00:00,4537.82,4545.03,4537.15,4537.29,1943,41
2026.04.29 19:05:00,4537.32,4541.43,4533.0,4538.7,2019,42
2026.04.29 19:10:00,4538.73,4548.44,4537.71,4547.39,1834,35
2026.04.29 19:15:00,4547.19,4550.41,4544.9,4547.07,1956,35
2026.04.29 19:20:00,4547.06,4547.44,4542.03,4544.75,1848,35
2026.04.29 19:25:00,4544.72,4545.37,4541.06,4542.68,1610,42
2026.04.29 19:30:00,4542.22,4544.81,4537.47,4538.98,1798,42
2026.04.29 19:35:00,4538.98,4541.88,4537.43,4540.66,1780,42
2026.04.29 19:40:00,4540.68,4542.22,4537.63,4539.43,1605,35
2026.04.29 19:45:00,4539.42,4547.79,4539.29,4547.79,1632,35
2026.04.29 19:50:00,4547.77,4549.5,4546.25,4547.54,1784,35
2026.04.29 19:55:00,4547.52,4548.87,4543.46,4546.85,1834,41
2026.04.29 20:00:00,4546.71,4548.0,4542.53,4547.11,2037,42
2026.04.29 20:05:00,4547.11,4553.29,4544.12,4552.08,1689,35
2026.04.29 20:10:00,4552.11,4553.08,4545.39,4546.1,1770,41
2026.04.29 20:15:00,4546.27,4548.01,4541.45,4544.73,1867,36
2026.04.29 20:20:00,4544.73,4546.95,4543.93,4544.08,1462,42
2026.04.29 20:25:00,4544.1,4545.62,4542.54,4543.2,1209,42
2026.04.29 20:30:00,4543.23,4545.88,4542.43,4543.9,1240,35
2026.04.29 20:35:00,4543.77,4546.5,4543.56,4546.41,948,42
2026.04.29 20:40:00,4546.36,4546.46,4543.77,4543.79,1037,35
2026.04.29 20:45:00,4543.79,4544.63,4541.86,4541.93,1039,35
2026.04.29 20:50:00,4541.93,4543.65,4541.41,4542.37,914,35
2026.04.29 20:55:00,4542.37,4543.87,4542.09,4543.53,704,42
2026.04.29 22:00:00,4542.96,4544.96,4539.2,4539.54,684,42
2026.04.29 22:05:00,4539.55,4546.57,4539.42,4545.92,726,42
2026.04.29 22:10:00,4545.93,4548.69,4545.19,4546.27,867,35
2026.04.29 22:15:00,4546.45,4550.3,4546.32,4549.79,1169,42
2026.04.29 22:20:00,4549.79,4550.73,4548.44,4549.28,958,42
2026.04.29 22:25:00,4549.29,4550.16,4547.92,4549.04,772,42
2026.04.29 22:30:00,4549.04,4551.86,4547.93,4549.77,999,42
2026.04.29 22:35:00,4549.84,4550.07,4547.74,4548.45,705,42
2026.04.29 22:40:00,4548.45,4549.41,4547.35,4548.36,823,42
2026.04.29 22:45:00,4548.33,4551.64,4547.74,4551.42,999,42
2026.04.29 22:50:00,4551.44,4552.28,4550.29,4550.54,799,42
2026.04.29 22:55:00,4550.56,4552.7,4549.55,4552.09,956,42
2026.04.29 23:00:00,4552.11,4553.95,4552.02,4552.88,996,35
2026.04.29 23:05:00,4552.89,4552.9,4550.28,4551.76,899,42
2026.04.29 23:10:00,4551.76,4553.32,4551.24,4553.25,812,42
2026.04.29 23:15:00,4553.25,4555.05,4549.59,4551.57,1014,42
2026.04.29 23:20:00,4551.56,4552.22,4550.7,4550.81,971,42
2026.04.29 23:25:00,4551.03,4552.54,4550.93,4551.63,742,42
2026.04.29 23:30:00,4551.61,4553.75,4551.33,4552.68,722,42
2026.04.29 23:35:00,4552.81,4554.8,4552.14,4554.57,812,42
2026.04.29 23:40:00,4554.58,4554.87,4553.72,4554.42,667,42
2026.04.29 23:45:00,4554.44,4558.1,4553.87,4557.96,1124,42
2026.04.29 23:50:00,4557.95,4559.83,4557.22,4557.91,1051,42
2026.04.29 23:55:00,4557.83,4562.07,4557.22,4561.63,1101,42
2026.04.30 00:00:00,4561.75,4568.2,4557.99,4559.2,1831,36
2026.04.30 00:05:00,4559.21,4565.09,4558.13,4561.88,1771,35
2026.04.30 00:10:00,4561.96,4563.04,4557.66,4557.89,1532,42
2026.04.30 00:15:00,4558.0,4564.33,4556.31,4561.86,1783,42
2026.04.30 00:20:00,4561.76,4561.94,4558.39,4561.09,1316,42
2026.04.30 00:25:00,4561.01,4564.06,4560.06,4563.45,1438,42
2026.04.30 00:30:00,4563.46,4566.29,4562.47,4564.32,1412,42
2026.04.30 00:35:00,4564.35,4565.09,4562.24,4565.05,1206,42
2026.04.30 00:40:00,4565.04,4566.88,4563.6,4566.82,1289,42
2026.04.30 00:45:00,4566.8,4573.9,4566.47,4573.16,1391,42
2026.04.30 00:50:00,4573.14,4573.56,4570.41,4573.15,1232,42
2026.04.30 00:55:00,4572.94,4573.53,4568.84,4569.76,1308,42
2026.04.30 01:00:00,4569.76,4571.05,4566.65,4567.83,1847,35
2026.04.30 01:05:00,4567.79,4568.27,4565.27,4565.4,1482,42
2026.04.30 01:10:00,4565.45,4568.68,4564.53,4568.34,1604,42
2026.04.30 01:15:00,4568.35,4570.99,4568.35,4570.84,1554,42
2026.04.30 01:20:00,4570.87,4571.27,4565.72,4569.02,1618,42
2026.04.30 01:25:00,4569.02,4581.07,4568.35,4579.61,1819,42
2026.04.30 01:30:00,4579.78,4581.27,4576.76,4577.37,1764,35
2026.04.30 01:35:00,4577.37,4577.52,4570.97,4575.61,1913,42
2026.04.30 01:40:00,4575.61,4578.98,4575.06,4576.13,1597,42
2026.04.30 01:45:00,4576.09,4578.9,4573.97,4578.58,1427,42
2026.04.30 01:50:00,4578.59,4582.35,4576.8,4581.98,1521,42
2026.04.30 01:55:00,4582.14,4582.16,4578.53,4579.18,1511,42
2026.04.30 02:00:00,4579.04,4581.87,4576.38,4577.32,1655,42
2026.04.30 02:05:00,4577.34,4578.92,4576.35,4576.54,1235,42
2026.04.30 02:10:00,4576.54,4579.93,4574.76,4579.64,1222,42
2026.04.30 02:15:00,4579.62,4580.56,4574.44,4575.25,1203,42
2026.04.30 02:20:00,4575.51,4576.73,4573.85,4575.37,1122,35
2026.04.30 02:25:00,4575.37,4575.93,4571.96,4572.93,1102,35
2026.04.30 02:30:00,4573.04,4573.97,4566.85,4567.63,1987,41
2026.04.30 02:35:00,4567.54,4569.32,4561.6,4563.69,1802,35
2026.04.30 02:40:00,4563.76,4565.19,4560.33,4562.2,1619,42
2026.04.30 02:45:00,4562.13,4563.76,4559.82,4561.8,1505,40
2026.04.30 02:50:00,4561.79,4564.14,4560.59,4563.53,1363,35
2026.04.30 02:55:00,4563.71,4565.14,4561.61,4564.54,1444,35
2026.04.30 03:00:00,4564.37,4568.94,4563.93,4566.89,1402,42
2026.04.30 03:05:00,4566.89,4568.51,4564.86,4567.21,1328,42
2026.04.30 03:10:00,4567.22,4568.27,4562.34,4564.81,1658,42
2026.04.30 03:15:00,4565.03,4566.58,4563.19,4565.49,1243,42
2026.04.30 03:20:00,4565.49,4565.5,4563.2,4564.67,1127,42
2026.04.30 03:25:00,4564.65,4566.82,4562.72,4563.15,1249,42
2026.04.30 03:30:00,4563.39,4563.81,4560.06,4560.51,1311,42
2026.04.30 03:35:00,4560.52,4560.78,4557.77,4558.86,1070,42
2026.04.30 03:40:00,4558.83,4562.46,4557.64,4561.36,1265,42
2026.04.30 03:45:00,4561.37,4561.44,4558.14,4558.42,1164,35
2026.04.30 03:50:00,4558.65,4558.79,4556.08,4557.19,1239,42
2026.04.30 03:55:00,4557.18,4557.35,4555.46,4556.0,1237,42
2026.04.30 04:00:00,4556.0,4556.43,4550.65,4553.37,1547,42
2026.04.30 04:05:00,4553.38,4555.69,4551.76,4553.57,1474,41
2026.04.30 04:10:00,4553.57,4556.39,4552.9,4555.28,1371,42
2026.04.30 04:15:00,4555.29,4556.89,4551.78,4552.51,1311,42
2026.04.30 04:20:00,4552.49,4552.93,4549.43,4549.88,1545,42
2026.04.30 04:25:00,4549.9,4550.94,4545.96,4547.04,1524,42
2026.04.30 04:30:00,4546.99,4547.69,4540.93,4541.06,1801,35
2026.04.30 04:35:00,4540.91,4543.25,4540.75,4542.19,1359,42
2026.04.30 04:40:00,4542.2,4544.98,4541.59,4544.86,1398,35
2026.04.30 04:45:00,4544.82,4549.32,4544.75,4546.79,1414,35
2026.04.30 04:50:00,4546.76,4548.07,4545.38,4547.12,1072,42
2026.04.30 04:55:00,4547.11,4547.86,4542.06,4542.17,1362,42
2026.04.30 05:00:00,4542.07,4548.78,4542.07,4546.72,1691,42
2026.04.30 05:05:00,4546.72,4553.53,4546.21,4552.43,1471,41
2026.04.30 05:10:00,4552.42,4553.46,4551.25,4553.13,1390,35
2026.04.30 05:15:00,4553.14,4554.04,4551.65,4553.62,1176,42
2026.04.30 05:20:00,4553.62,4558.7,4552.15,4556.87,1184,35
2026.04.30 05:25:00,4556.77,4556.82,4553.87,4555.56,1080,41
2026.04.30 05:30:00,4555.57,4562.18,4553.75,4562.17,1838,35
2026.04.30 05:35:00,4562.13,4566.57,4561.94,4565.24,1633,35
2026.04.30 05:40:00,4565.16,4566.22,4562.16,4563.81,1630,42
2026.04.30 05:45:00,4563.81,4567.61,4563.45,4566.74,1339,42
2026.04.30 05:50:00,4566.74,4569.32,4565.36,4565.52,1318,42
2026.04.30 05:55:00,4565.52,4565.95,4562.06,4562.47,1382,35
2026.04.30 06:00:00,4562.48,4567.54,4560.14,4562.1,1920,35
2026.04.30 06:05:00,4562.09,4566.01,4562.09,4565.02,1741,41
2026.04.30 06:10:00,4565.07,4567.44,4562.56,4566.1,1825,42
2026.04.30 06:15:00,4566.09,4567.98,4563.56,4566.84,1463,42
2026.04.30 06:20:00,4566.86,4570.86,4565.57,4570.76,1252,42
2026.04.30 06:25:00,4570.74,4570.95,4566.84,4569.4,1358,35
2026.04.30 06:30:00,4569.46,4578.14,4569.46,4576.81,1841,35
2026.04.30 06:35:00,4576.81,4578.31,4575.08,4575.19,1507,42
2026.04.30 06:40:00,4575.2,4575.31,4571.96,4574.88,1494,42
2026.04.30 06:45:00,4574.87,4578.94,4574.49,4578.03,1439,35
2026.04.30 06:50:00,4578.01,4583.85,4577.48,4583.71,1575,42
2026.04.30 06:55:00,4583.68,4591.39,4583.48,4589.29,1812,35
2026.04.30 07:00:00,4589.37,4590.93,4586.17,4586.42,1767,35
2026.04.30 07:05:00,4586.35,4594.91,4586.25,4594.66,1683,35
2026.04.30 07:10:00,4594.66,4595.39,4590.19,4591.46,1593,35
2026.04.30 07:15:00,4591.45,4593.58,4587.51,4588.07,1574,35
2026.04.30 07:20:00,4588.08,4588.89,4584.79,4588.01,1524,35
2026.04.30 07:25:00,4588.01,4591.42,4586.8,4591.42,1377,35
2026.04.30 07:30:00,4591.36,4592.69,4588.47,4588.98,1416,35
2026.04.30 07:35:00,4588.97,4592.38,4587.9,4589.9,1323,35
2026.04.30 07:40:00,4589.91,4598.05,4589.86,4596.64,1410,35
2026.04.30 07:45:00,4596.65,4600.62,4593.37,4600.4,1604,35
2026.04.30 07:50:00,4600.42,4601.1,4596.46,4599.86,1429,35
2026.04.30 07:55:00,4599.85,4605.65,4596.57,4598.34,1515,35
2026.04.30 08:00:00,4598.38,4627.69,4597.21,4627.01,1942,35
2026.04.30 08:05:00,4627.16,4629.41,4616.88,4619.55,2122,35
2026.04.30 08:10:00,4619.62,4621.76,4615.31,4618.77,1900,35
2026.04.30 08:15:00,4618.77,4620.42,4613.75,4614.37,1740,35
2026.04.30 08:20:00,4614.41,4616.51,4611.93,4615.25,1824,35
2026.04.30 08:25:00,4615.34,4620.31,4615.09,4617.5,1735,35
2026.04.30 08:30:00,4617.46,4620.55,4615.33,4616.86,1526,35
2026.04.30 08:35:00,4616.88,4620.38,4613.9,4616.18,1612,35
2026.04.30 08:40:00,4616.14,4616.25,4613.66,4614.87,1495,35
2026.04.30 08:45:00,4614.98,4619.2,4614.18,4617.3,1468,35
2026.04.30 08:50:00,4617.33,4618.36,4615.41,4616.77,1323,35
2026.04.30 08:55:00,4616.76,4617.38,4615.5,4616.29,986,35
2026.04.30 09:00:00,4616.32,4617.75,4615.11,4616.98,1152,35
2026.04.30 09:05:00,4616.98,4620.04,4614.5,4619.75,1627,35
2026.04.30 09:10:00,4619.74,4619.92,4614.94,4618.73,1615,35
2026.04.30 09:15:00,4618.65,4620.41,4616.0,4616.66,1434,35
2026.04.30 09:20:00,4616.63,4620.2,4615.36,4619.18,1511,35
2026.04.30 09:25:00,4619.11,4626.8,4617.66,4625.51,1799,35
2026.04.30 09:30:00,4625.55,4631.67,4623.04,4624.37,1976,35
2026.04.30 09:35:00,4624.4,4626.46,4620.93,4624.15,1776,35
2026.04.30 09:40:00,4624.14,4624.65,4618.44,4619.22,1617,35
2026.04.30 09:45:00,4619.22,4624.43,4618.1,4623.26,1554,35
2026.04.30 09:50:00,4623.37,4627.21,4621.44,4626.48,1565,35
2026.04.30 09:55:00,4626.55,4626.55,4623.11,4625.13,1468,35
2026.04.30 10:00:00,4625.15,4628.68,4623.87,4624.0,1611,35
2026.04.30 10:05:00,4623.97,4628.96,4623.6,4625.79,1436,35
2026.04.30 10:10:00,4625.83,4628.4,4625.08,4626.67,1333,35
2026.04.30 10:15:00,4626.67,4631.94,4626.07,4628.98,1454,35
2026.04.30 10:20:00,4628.97,4635.86,4628.34,4634.25,1458,35
2026.04.30 10:25:00,4634.23,4644.13,4633.28,4643.65,1676,35
2026.04.30 10:30:00,4643.94,4646.6,4635.86,4636.04,1622,35
2026.04.30 10:35:00,4635.93,4638.92,4634.08,4637.66,1630,35
2026.04.30 10:40:00,4637.7,4641.03,4636.51,4636.75,1723,35
2026.04.30 10:45:00,4636.75,4638.54,4634.29,4636.91,1711,35
2026.04.30 10:50:00,4636.89,4638.11,4635.73,4636.99,1507,35
2026.04.30 10:55:00,4637.01,4639.87,4633.91,4639.64,1428,35
2026.04.30 11:00:00,4639.7,4643.16,4637.71,4641.4,1796,35
2026.04.30 11:05:00,4641.4,4645.13,4638.59,4644.68,1607,35
2026.04.30 11:10:00,4644.7,4644.7,4636.01,4636.01,1687,35
2026.04.30 11:15:00,4636.01,4638.6,4633.45,4635.87,1665,35
2026.04.30 11:20:00,4635.88,4643.65,4633.84,4636.54,1758,35
2026.04.30 11:25:00,4636.9,4638.1,4630.32,4638.1,1838,35
2026.04.30 11:30:00,4637.61,4637.63,4628.25,4629.89,2169,35
2026.04.30 11:35:00,4629.92,4632.41,4628.41,4628.95,1925,35
2026.04.30 11:40:00,4628.91,4630.72,4626.69,4629.39,1882,35
2026.04.30 11:45:00,4629.4,4635.13,4628.39,4634.9,1739,35
2026.04.30 11:50:00,4634.9,4635.17,4627.93,4630.35,1693,35
2026.04.30 11:55:00,4630.35,4631.48,4628.11,4630.02,1521,35
2026.04.30 12:00:00,4630.05,4637.01,4629.38,4635.67,1848,35
2026.04.30 12:05:00,4635.68,4637.31,4630.55,4631.08,1821,35
2026.04.30 12:10:00,4631.1,4635.94,4631.07,4635.79,1338,35
2026.04.30 12:15:00,4636.13,4636.73,4628.23,4631.19,1713,35
2026.04.30 12:20:00,4631.19,4637.09,4630.94,4633.13,1596,35
2026.04.30 12:25:00,4633.13,4635.16,4628.8,4629.61,1450,35
2026.04.30 12:30:00,4629.84,4636.0,4625.19,4627.53,1961,35
2026.04.30 12:35:00,4627.7,4633.66,4626.42,4631.58,1518,35
2026.04.30 12:40:00,4631.18,4632.04,4625.44,4625.75,1621,35
2026.04.30 12:45:00,4625.75,4631.44,4624.35,4626.84,1666,35
2026.04.30 12:50:00,4626.84,4635.34,4625.75,4634.94,1602,35
2026.04.30 12:55:00,4635.03,4640.07,4632.66,4639.44,1607,35
2026.04.30 13:00:00,4639.48,4644.01,4638.24,4640.08,1872,35
2026.04.30 13:05:00,4640.08,4640.58,4634.5,4639.87,1599,35
2026.04.30 13:10:00,4639.97,4642.09,4636.95,4640.97,1384,35
2026.04.30 13:15:00,4640.97,4645.86,4635.46,4638.33,1780,35
2026.04.30 13:20:00,4638.33,4638.92,4634.19,4635.46,1694,35
2026.04.30 13:25:00,4635.46,4638.41,4632.88,4633.62,1779,35
2026.04.30 13:30:00,4633.64,4634.55,4628.32,4628.7,1924,35
2026.04.30 13:35:00,4628.68,4629.87,4623.4,4623.94,2136,35
2026.04.30 13:40:00,4624.08,4626.58,4620.23,4625.29,2054,35
2026.04.30 13:45:00,4625.31,4625.31,4613.57,4618.47,2188,35
2026.04.30 13:50:00,4618.46,4619.8,4611.52,4613.74,2253,35
2026.04.30 13:55:00,4613.74,4614.45,4610.38,4610.89,2129,35
2026.04.30 14:00:00,4610.75,4624.77,4609.43,4620.2,2200,35
2026.04.30 14:05:00,4620.19,4625.49,4617.21,4620.84,2094,35
2026.04.30 14:10:00,4620.89,4622.28,4616.08,4620.4,2034,35
2026.04.30 14:15:00,4620.29,4624.35,4616.19,4621.96,2095,35
2026.04.30 14:20:00,4621.87,4625.84,4619.49,4623.59,2191,35
2026.04.30 14:25:00,4623.61,4624.1,4618.9,4622.88,2207,35
2026.04.30 14:30:00,4622.91,4622.91,4613.14,4617.29,2239,35
2026.04.30 14:35:00,4617.23,4617.23,4610.82,4612.11,1869,35
2026.04.30 14:40:00,4612.09,4620.5,4612.09,4617.66,2041,35
2026.04.30 14:45:00,4617.7,4622.97,4617.03,4619.09,2002,35
2026.04.30 14:50:00,4619.12,4623.64,4618.54,4621.5,1890,35
2026.04.30 14:55:00,4621.5,4622.64,4618.01,4619.55,1757,35
2026.04.30 15:00:00,4619.6,4622.67,4615.38,4617.15,1640,35
2026.04.30 15:05:00,4617.11,4623.67,4614.82,4623.15,1896,35
2026.04.30 15:10:00,4623.14,4624.07,4616.46,4619.84,1893,35
2026.04.30 15:15:00,4619.87,4622.98,4616.98,4619.42,2005,35
2026.04.30 15:20:00,4619.5,4620.84,4615.81,4620.47,1844,35
2026.04.30 15:25:00,4620.47,4624.33,4619.36,4622.89,1841,35
2026.04.30 15:30:00,4622.9,4625.47,4621.55,4623.07,1916,35
2026.04.30 15:35:00,4623.06,4624.3,4615.09,4615.09,1842,35
2026.04.30 15:40:00,4615.07,4617.62,4613.4,4615.41,1631,35
2026.04.30 15:45:00,4615.4,4615.41,4612.58,4614.29,1670,35
2026.04.30 15:50:00,4614.37,4615.43,4611.07,4614.23,1437,35
2026.04.30 15:55:00,4614.28,4617.16,4613.77,4615.19,1388,35
2026.04.30 16:00:00,4615.18,4615.81,4609.8,4614.22,1649,35
2026.04.30 16:05:00,4614.25,4617.33,4613.75,4613.88,1598,35
2026.04.30 16:10:00,4613.91,4615.29,4611.42,4611.68,1596,35
2026.04.30 16:15:00,4611.62,4611.82,4605.52,4607.73,1830,35
2026.04.30 16:20:00,4607.7,4611.21,4606.51,4610.88,1573,35
2026.04.30 16:25:00,4610.83,4611.57,4606.87,4607.88,1394,35
2026.04.30 16:30:00,4607.87,4613.59,4607.0,4612.77,1332,35
2026.04.30 16:35:00,4612.61,4612.61,4609.48,4610.6,1074,35
2026.04.30 16:40:00,4610.58,4611.22,4608.6,4608.94,1044,35
2026.04.30 16:45:00,4608.89,4613.41,4608.31,4613.11,1001,35
2026.04.30 16:50:00,4612.95,4617.51,4611.95,4616.37,1391,35
2026.04.30 16:55:00,4616.14,4616.14,4605.31,4607.43,1612,35
2026.04.30 17:00:00,4607.49,4617.13,4607.42,4616.95,1717,35
2026.04.30 17:05:00,4617.02,4618.22,4613.98,4617.42,1430,42
2026.04.30 17:10:00,4617.44,4619.71,4615.76,4615.83,1478,42
2026.04.30 17:15:00,4615.83,4617.61,4612.75,4617.61,1407,42
2026.04.30 17:20:00,4617.7,4620.56,4616.31,4619.21,1421,42
2026.04.30 17:25:00,4619.19,4620.07,4614.77,4617.39,1485,42
2026.04.30 17:30:00,4617.21,4621.34,4616.25,4617.42,1668,42
2026.04.30 17:35:00,4617.4,4620.39,4615.39,4616.91,1429,42
2026.04.30 17:40:00,4616.91,4618.32,4615.01,4617.73,1373,42
2026.04.30 17:45:00,4617.73,4619.71,4615.74,4616.07,1328,42
2026.04.30 17:50:00,4616.08,4616.84,4615.17,4615.87,1137,35
2026.04.30 17:55:00,4615.87,4617.56,4615.33,4616.88,1108,42
2026.04.30 18:00:00,4616.88,4624.32,4616.78,4623.31,1683,42
2026.04.30 18:05:00,4623.37,4624.29,4621.78,4622.09,1483,40
2026.04.30 18:10:00,4622.08,4623.22,4620.41,4620.6,1369,42
2026.04.30 18:15:00,4620.6,4624.89,4620.07,4623.69,1478,42
2026.04.30 18:20:00,4623.68,4624.31,4621.37,4621.59,1250,42
2026.04.30 18:25:00,4621.63,4623.26,4619.77,4620.69,1315,42
2026.04.30 18:30:00,4620.66,4622.95,4619.55,4619.85,1237,42
2026.04.30 18:35:00,4619.85,4621.51,4619.25,4620.8,1065,42
2026.04.30 18:40:00,4620.75,4621.46,4619.03,4620.5,1058,42
2026.04.30 18:45:00,4620.51,4622.81,4619.92,4621.57,1070,42
2026.04.30 18:50:00,4621.52,4624.29,4620.84,4623.42,1244,42
2026.04.30 18:55:00,4623.45,4624.95,4621.93,4622.32,1238,42
2026.04.30 19:00:00,4622.35,4625.63,4622.02,4624.19,1322,42
2026.04.30 19:05:00,4624.2,4627.01,4623.56,4625.47,1353,42
2026.04.30 19:10:00,4625.46,4626.69,4623.62,4623.93,1172,42
2026.04.30 19:15:00,4624.04,4625.21,4621.72,4621.84,1228,42
2026.04.30 19:20:00,4621.84,4621.86,4617.69,4619.9,1527,38
2026.04.30 19:25:00,4619.88,4619.88,4616.68,4617.59,1387,42
2026.04.30 19:30:00,4617.7,4618.67,4615.0,4617.87,1346,42
2026.04.30 19:35:00,4617.87,4621.35,4616.71,4621.07,1428,35
2026.04.30 19:40:00,4621.08,4622.8,4619.49,4622.47,1113,42
2026.04.30 19:45:00,4622.5,4623.18,4620.46,4620.58,1115,35
2026.04.30 19:50:00,4621.17,4621.17,4614.52,4617.13,1825,35
2026.04.30 19:55:00,4617.13,4617.92,4615.03,4617.12,1672,35
2026.04.30 20:00:00,4616.92,4620.04,4615.83,4616.56,1597,42
2026.04.30 20:05:00,4616.55,4618.2,4615.67,4616.61,1184,42
2026.04.30 20:10:00,4616.72,4617.42,4615.97,4616.06,785,42
2026.04.30 20:15:00,4616.03,4619.21,4615.85,4618.37,820,42
2026.04.30 20:20:00,4618.38,4619.1,4616.2,4617.18,673,42
2026.04.30 20:25:00,4617.19,4617.28,4615.68,4616.55,644,42
2026.04.30 20:30:00,4615.97,4618.51,4615.32,4618.25,883,42
2026.04.30 20:35:00,4618.23,4618.34,4616.93,4617.46,539,42
2026.04.30 20:40:00,4617.44,4617.77,4616.46,4617.28,721,42
2026.04.30 20:45:00,4617.16,4618.57,4616.69,4618.47,648,42
2026.04.30 20:50:00,4618.46,4620.85,4618.32,4620.84,649,42
2026.04.30 20:55:00,4620.83,4621.9,4620.24,4621.57,481,42
2026.04.30 22:00:00,4628.17,4631.4,4625.51,4628.7,677,42
2026.04.30 22:05:00,4628.53,4631.97,4626.36,4631.08,706,37
2026.04.30 22:10:00,4631.16,4632.59,4629.61,4631.22,789,37
2026.04.30 22:15:00,4631.21,4631.45,4628.66,4630.25,901,42
2026.04.30 22:20:00,4630.28,4631.02,4629.63,4630.32,630,42
2026.04.30 22:25:00,4630.36,4631.21,4629.21,4631.12,519,42
2026.04.30 22:30:00,4631.18,4631.95,4627.98,4627.98,765,42
2026.04.30 22:35:00,4627.98,4630.64,4626.81,4629.82,991,42
2026.04.30 22:40:00,4629.83,4632.13,4629.83,4632.13,739,35
2026.04.30 22:45:00,4632.13,4632.19,4628.35,4631.68,744,35
2026.04.30 22:50:00,4631.68,4631.68,4629.03,4629.53,808,42
2026.04.30 22:55:00,4629.52,4631.56,4629.27,4630.21,793,42
2026.04.30 23:00:00,4630.21,4630.61,4628.06,4629.33,767,35
2026.04.30 23:05:00,4629.3,4631.17,4628.68,4629.12,749,42
2026.04.30 23:10:00,4629.34,4631.52,4628.66,4629.98,627,42
2026.04.30 23:15:00,4629.98,4631.11,4628.91,4629.71,740,42
2026.04.30 23:20:00,4629.71,4630.67,4629.71,4630.01,511,42
2026.04.30 23:25:00,4630.01,4632.06,4630.01,4630.62,637,35
2026.04.30 23:30:00,4630.63,4633.52,4630.52,4632.71,850,42
2026.04.30 23:35:00,4632.72,4634.13,4631.63,4633.22,726,35
2026.04.30 23:40:00,4633.23,4633.94,4631.18,4631.19,683,42
2026.04.30 23:45:00,4630.87,4633.05,4630.56,4631.24,1017,35
2026.04.30 23:50:00,4631.25,4632.07,4629.88,4631.79,846,42
2026.04.30 23:55:00,4631.78,4632.52,4626.28,4626.39,1051,41
2026.05.01 00:00:00,4626.31,4628.47,4623.11,4627.68,1499,35
2026.05.01 00:05:00,4627.66,4630.87,4625.26,4626.75,1282,35
2026.05.01 00:10:00,4626.75,4627.51,4620.72,4622.32,1327,42
2026.05.01 00:15:00,4622.32,4627.28,4620.75,4625.98,1256,42
2026.05.01 00:20:00,4625.99,4628.28,4623.36,4623.39,1171,42
2026.05.01 00:25:00,4623.39,4625.45,4623.08,4623.65,1148,42
2026.05.01 00:30:00,4623.71,4624.7,4621.41,4621.5,1283,42
2026.05.01 00:35:00,4621.51,4622.22,4618.24,4620.99,1349,42
2026.05.01 00:40:00,4620.99,4621.92,4618.68,4620.6,1260,42
2026.05.01 00:45:00,4620.64,4623.48,4620.45,4622.19,1387,42
2026.05.01 00:50:00,4622.16,4624.08,4620.89,4624.08,1097,42
2026.05.01 00:55:00,4624.14,4624.88,4619.45,4619.58,1283,42
2026.05.01 01:00:00,4619.57,4620.63,4616.83,4617.31,1459,35
2026.05.01 01:05:00,4617.3,4619.43,4616.06,4617.83,1005,42
2026.05.01 01:10:00,4617.83,4619.19,4615.44,4618.3,1161,42
2026.05.01 01:15:00,4618.24,4618.9,4614.49,4614.49,1051,42
2026.05.01 01:20:00,4614.39,4616.67,4613.79,4614.79,1002,42
2026.05.01 01:25:00,4614.77,4616.44,4614.46,4616.08,692,42
2026.05.01 01:30:00,4616.06,4620.7,4615.88,4619.33,1131,35
2026.05.01 01:35:00,4619.33,4621.07,4618.78,4620.76,946,42
2026.05.01 01:40:00,4620.75,4621.78,4618.88,4619.96,1039,42
2026.05.01 01:45:00,4619.97,4620.49,4618.67,4619.68,885,42
2026.05.01 01:50:00,4619.68,4621.45,4618.55,4619.11,944,42
2026.05.01 01:55:00,4619.09,4622.18,4618.68,4620.8,973,42
2026.05.01 02:00:00,4620.55,4625.23,4619.64,4624.49,881,41
2026.05.01 02:05:00,4624.6,4626.19,4623.04,4626.11,954,37
2026.05.01 02:10:00,4626.12,4634.38,4626.07,4630.82,1489,35
2026.05.01 02:15:00,4630.83,4636.11,4630.3,4633.63,1291,35
2026.05.01 02:20:00,4633.64,4634.24,4628.83,4629.98,1168,42
2026.05.01 02:25:00,4629.98,4630.94,4628.32,4629.38,774,42
2026.05.01 02:30:00,4629.38,4631.03,4628.11,4628.68,931,35
2026.05.01 02:35:00,4628.72,4630.59,4627.76,4628.13,698,42
2026.05.01 02:40:00,4628.15,4628.52,4623.78,4624.18,1020,42
2026.05.01 02:45:00,4624.18,4624.33,4619.2,4620.72,1047,42
2026.05.01 02:50:00,4620.71,4620.72,4618.15,4619.87,1067,42
2026.05.01 02:55:00,4619.63,4619.85,4616.48,4619.02,965,42
2026.05.01 03:00:00,4618.98,4620.4,4617.74,4618.5,949,41
2026.05.01 03:05:00,4618.34,4619.81,4617.62,4618.95,703,42
2026.05.01 03:10:00,4618.97,4621.2,4618.68,4620.56,833,35
2026.05.01 03:15:00,4620.55,4622.48,4620.51,4620.7,735,42
2026.05.01 03:20:00,4620.68,4624.49,4620.58,4623.48,813,39
2026.05.01 03:25:00,4623.57,4626.46,4623.09,4626.15,706,35
2026.05.01 03:30:00,4626.14,4630.49,4626.14,4630.14,1056,35
2026.05.01 03:35:00,4630.15,4631.9,4629.66,4630.16,1006,42
2026.05.01 03:40:00,4630.15,4630.25,4625.35,4626.13,1277,42
2026.05.01 03:45:00,4626.12,4627.87,4625.81,4626.47,879,42
2026.05.01 03:50:00,4626.42,4627.92,4625.62,4625.69,697,42
2026.05.01 03:55:00,4625.67,4627.86,4625.67,4626.6,747,42
2026.05.01 04:00:00,4626.6,4628.77,4624.23,4624.84,961,42
2026.05.01 04:05:00,4624.79,4626.47,4619.89,4620.82,1135,35
2026.05.01 04:10:00,4620.79,4623.28,4619.93,4621.66,890,42
2026.05.01 04:15:00,4621.68,4623.23,4621.04,4623.01,864,42
2026.05.01 04:20:00,4623.04,4623.34,4621.01,4621.7,783,42
2026.05.01 04:25:00,4621.7,4621.97,4616.91,4617.43,978,42
2026.05.01 04:30:00,4617.47,4618.16,4612.21,4614.12,1240,42
2026.05.01 04:35:00,4614.11,4617.12,4613.82,4615.75,1035,42
2026.05.01 04:40:00,4615.74,4615.89,4612.05,4613.31,909,42
2026.05.01 04:45:00,4613.32,4614.72,4610.48,4610.78,930,35
2026.05.01 04:50:00,4610.78,4610.87,4609.22,4610.16,799,42
2026.05.01 04:55:00,4610.2,4611.59,4609.0,4609.0,836,42
2026.05.01 05:00:00,4608.99,4609.6,4607.37,4609.04,1054,42
2026.05.01 05:05:00,4609.04,4613.97,4608.92,4612.5,1313,37
2026.05.01 05:10:00,4612.5,4614.68,4612.5,4614.17,999,35
2026.05.01 05:15:00,4614.2,4614.46,4611.2,4613.8,963,42
2026.05.01 05:20:00,4613.84,4615.17,4613.79,4614.55,838,42
2026.05.01 05:25:00,4614.54,4615.96,4612.51,4614.57,863,42
2026.05.01 05:30:00,4614.58,4615.28,4612.27,4614.73,914,42
2026.05.01 05:35:00,4614.76,4614.76,4609.35,4610.61,988,42
2026.05.01 05:40:00,4610.61,4611.61,4609.45,4609.76,1027,42
2026.05.01 05:45:00,4609.76,4613.37,4607.17,4611.8,1158,41
2026.05.01 05:50:00,4611.79,4612.12,4608.24,4608.3,885,42
2026.05.01 05:55:00,4608.18,4608.18,4602.71,4604.92,1302,42
2026.05.01 06:00:00,4604.92,4607.75,4603.76,4605.07,1468,42
2026.05.01 06:05:00,4605.31,4607.15,4601.38,4602.86,1371,35
2026.05.01 06:10:00,4602.88,4603.46,4601.01,4601.42,1069,42
2026.05.01 06:15:00,4601.42,4601.99,4595.89,4596.75,1026,39
2026.05.01 06:20:00,4596.9,4599.33,4595.3,4598.66,1225,42
2026.05.01 06:25:00,4598.64,4598.8,4593.26,4593.31,1229,42
2026.05.01 06:30:00,4593.31,4595.6,4591.95,4594.96,1149,41
2026.05.01 06:35:00,4594.93,4597.47,4591.13,4592.34,1314,41
2026.05.01 06:40:00,4592.34,4593.76,4590.62,4593.41,1156,42
2026.05.01 06:45:00,4593.41,4595.96,4591.98,4592.2,1357,42
2026.05.01 06:50:00,4592.2,4594.49,4591.11,4592.49,1186,42
2026.05.01 06:55:00,4592.37,4595.24,4591.81,4594.69,1162,42
2026.05.01 07:00:00,4594.57,4596.21,4592.63,4592.71,1299,35
2026.05.01 07:05:00,4592.7,4596.41,4590.01,4593.17,1511,35
2026.05.01 07:10:00,4593.17,4596.33,4592.6,4595.98,1158,35
2026.05.01 07:15:00,4595.98,4597.84,4594.62,4595.91,1346,35
2026.05.01 07:20:00,4595.98,4596.59,4585.06,4591.17,1689,35
2026.05.01 07:25:00,4591.03,4593.02,4587.52,4592.29,1316,35
2026.05.01 07:30:00,4592.29,4592.61,4583.64,4585.73,1521,35
2026.05.01 07:35:00,4585.73,4590.13,4584.19,4584.86,1476,35
2026.05.01 07:40:00,4584.86,4587.14,4584.24,4585.27,1190,35
2026.05.01 07:45:00,4585.34,4586.0,4582.36,4583.48,1280,35
2026.05.01 07:50:00,4583.7,4584.91,4579.35,4579.35,1310,35
2026.05.01 07:55:00,4579.48,4581.05,4575.82,4578.18,1539,35
2026.05.01 08:00:00,4578.14,4582.27,4577.13,4581.63,1656,35
2026.05.01 08:05:00,4581.62,4582.57,4579.49,4579.49,1367,35
2026.05.01 08:10:00,4579.59,4579.84,4573.36,4573.86,1495,35
2026.05.01 08:15:00,4573.9,4576.87,4571.05,4571.57,1554,35
2026.05.01 08:20:00,4571.56,4573.11,4568.05,4568.72,1550,35
2026.05.01 08:25:00,4568.74,4569.11,4566.32,4567.3,1485,35
2026.05.01 08:30:00,4567.25,4571.99,4565.96,4571.88,1325,35
2026.05.01 08:35:00,4571.88,4572.06,4566.21,4570.31,1312,35
2026.05.01 08:40:00,4570.29,4571.42,4568.74,4570.97,1039,35
2026.05.01 08:45:00,4570.96,4572.54,4568.29,4571.03,1113,35
2026.05.01 08:50:00,4571.04,4571.04,4564.98,4568.16,1184,35
2026.05.01 08:55:00,4568.28,4569.54,4566.98,4568.9,960,35
2026.05.01 09:00:00,4568.81,4569.1,4564.46,4565.65,1191,35
2026.05.01 09:05:00,4565.67,4567.54,4564.27,4566.3,1077,35
2026.05.01 09:10:00,4566.3,4567.65,4564.12,4565.66,955,35
2026.05.01 09:15:00,4565.59,4568.04,4564.5,4568.04,1151,35
2026.05.01 09:20:00,4567.98,4571.21,4567.82,4569.88,1215,35
2026.05.01 09:25:00,4569.88,4570.96,4567.4,4569.12,1157,35
2026.05.01 09:30:00,4569.1,4571.8,4567.56,4571.4,1164,35
2026.05.01 09:35:00,4571.34,4572.8,4569.7,4571.66,937,35
2026.05.01 09:40:00,4571.65,4572.39,4570.08,4570.27,992,35
2026.05.01 09:45:00,4570.26,4570.57,4567.75,4569.23,1115,35
2026.05.01 09:50:00,4569.08,4570.01,4560.75,4560.99,1384,35
2026.05.01 09:55:00,4560.97,4563.98,4559.97,4562.7,1333,35
2026.05.01 10:00:00,4562.72,4564.35,4561.36,4563.34,1023,35
2026.05.01 10:05:00,4563.16,4567.86,4563.16,4566.56,969,35
2026.05.01 10:10:00,4566.56,4567.8,4564.99,4566.52,850,35
2026.05.01 10:15:00,4566.53,4568.9,4566.47,4568.9,815,35
2026.05.01 10:20:00,4568.99,4571.95,4568.39,4571.31,965,35
2026.05.01 10:25:00,4571.17,4572.67,4570.45,4572.04,1038,35
2026.05.01 10:30:00,4572.04,4576.03,4570.8,4571.05,1192,35
2026.05.01 10:35:00,4571.13,4571.4,4567.53,4568.22,1160,35
2026.05.01 10:40:00,4568.29,4570.63,4567.6,4570.31,946,35
2026.05.01 10:45:00,4570.31,4572.03,4568.78,4568.91,926,35
2026.05.01 10:50:00,4568.89,4569.23,4566.3,4567.08,943,35
2026.05.01 10:55:00,4567.09,4568.79,4565.95,4566.8,911,35
2026.05.01 11:00:00,4566.75,4567.93,4563.86,4567.1,1287,35
2026.05.01 11:05:00,4567.11,4568.78,4565.06,4567.05,942,35
2026.05.01 11:10:00,4567.05,4567.13,4562.38,4565.78,1103,35
2026.05.01 11:15:00,4565.49,4571.59,4564.49,4571.56,1285,35
2026.05.01 11:20:00,4571.58,4574.13,4571.53,4573.17,1401,35
2026.05.01 11:25:00,4573.19,4576.35,4571.46,4571.74,1223,35
2026.05.01 11:30:00,4571.52,4575.24,4570.24,4574.94,1198,35
2026.05.01 11:35:00,4574.94,4576.99,4573.98,4575.62,1146,35
2026.05.01 11:40:00,4575.67,4577.7,4575.01,4575.56,1103,35
2026.05.01 11:45:00,4575.58,4575.73,4572.98,4574.18,1167,35
2026.05.01 11:50:00,4574.15,4578.21,4572.66,4578.21,1114,35
2026.05.01 11:55:00,4577.83,4579.58,4576.59,4578.61,1128,35
2026.05.01 12:00:00,4578.2,4578.57,4575.02,4578.02,1196,35
2026.05.01 12:05:00,4578.02,4579.82,4576.03,4576.51,1232,35
2026.05.01 12:10:00,4576.49,4590.22,4574.76,4584.89,1347,35
2026.05.01 12:15:00,4584.9,4589.99,4582.68,4588.42,1704,35
2026.05.01 12:20:00,4588.46,4598.06,4587.45,4597.28,1858,35
2026.05.01 12:25:00,4597.29,4607.44,4597.29,4602.78,2004,35
2026.05.01 12:30:00,4602.89,4603.19,4596.16,4597.66,1601,35
2026.05.01 12:35:00,4597.64,4601.33,4595.6,4598.01,1550,35
2026.05.01 12:40:00,4597.99,4600.11,4589.06,4591.95,1868,35
2026.05.01 12:45:00,4591.95,4595.34,4590.76,4592.52,1553,35
2026.05.01 12:50:00,4592.52,4595.14,4592.2,4593.0,1409,35
2026.05.01 12:55:00,4593.0,4593.56,4589.7,4591.12,1458,35
2026.05.01 13:00:00,4590.86,4595.89,4589.71,4592.13,1535,35
2026.05.01 13:05:00,4592.13,4596.29,4591.68,4595.83,1474,35
2026.05.01 13:10:00,4595.81,4597.16,4590.01,4591.29,1451,35
2026.05.01 13:15:00,4591.24,4592.52,4587.32,4591.21,1571,35
2026.05.01 13:20:00,4591.26,4592.82,4590.12,4592.72,1389,35
2026.05.01 13:25:00,4592.15,4593.27,4586.85,4589.14,1617,35
2026.05.01 13:30:00,4589.17,4601.64,4586.56,4598.46,2116,35
2026.05.01 13:35:00,4598.49,4605.19,4598.39,4602.62,2109,35
2026.05.01 13:40:00,4602.55,4608.84,4602.54,4607.66,2055,35
2026.05.01 13:45:00,4607.66,4609.51,4598.83,4600.92,2088,35
2026.05.01 13:50:00,4600.86,4620.88,4599.22,4616.76,2010,35
2026.05.01 13:55:00,4616.57,4628.86,4616.21,4625.83,1842,35
2026.05.01 14:00:00,4625.87,4642.2,4625.8,4634.44,2285,35
2026.05.01 14:05:00,4634.52,4640.28,4632.61,4634.49,2102,35
2026.05.01 14:10:00,4634.51,4659.8,4634.32,4656.09,2240,35
2026.05.01 14:15:00,4656.13,4660.13,4648.97,4654.61,2344,35
2026.05.01 14:20:00,4654.61,4658.01,4649.12,4649.18,2188,35
2026.05.01 14:25:00,4649.4,4651.51,4643.91,4644.56,2183,35
2026.05.01 14:30:00,4644.57,4646.02,4639.45,4643.06,2187,35
2026.05.01 14:35:00,4643.2,4643.22,4635.93,4638.67,2261,35
2026.05.01 14:40:00,4638.89,4639.9,4630.61,4633.34,2198,35
2026.05.01 14:45:00,4633.27,4635.17,4628.92,4630.8,2163,35
2026.05.01 14:50:00,4630.89,4633.88,4627.09,4630.81,1958,35
2026.05.01 14:55:00,4630.79,4635.2,4629.93,4632.09,1875,35
2026.05.01 15:00:00,4632.02,4633.25,4624.93,4626.17,1940,35
2026.05.01 15:05:00,4626.46,4628.17,4618.91,4626.65,2139,35
2026.05.01 15:10:00,4626.7,4636.6,4623.62,4636.6,1991,35
2026.05.01 15:15:00,4636.49,4639.98,4635.23,4639.2,2034,35
2026.05.01 15:20:00,4639.2,4640.4,4634.79,4635.86,1699,35
2026.05.01 15:25:00,4635.87,4637.13,4633.99,4636.26,1605,35
2026.05.01 15:30:00,4636.27,4641.11,4636.27,4638.07,1770,35
2026.05.01 15:35:00,4638.12,4642.73,4635.69,4640.93,1641,35
2026.05.01 15:40:00,4640.93,4644.68,4640.6,4643.46,1727,35
2026.05.01 15:45:00,4643.55,4648.07,4643.08,4644.25,1552,35
2026.05.01 15:50:00,4644.3,4646.9,4633.53,4645.45,1759,35
2026.05.01 15:55:00,4645.53,4646.21,4642.29,4643.17,1651,35
2026.05.01 16:00:00,4643.1,4645.33,4641.38,4643.89,1617,35
2026.05.01 16:05:00,4643.89,4645.33,4639.19,4639.19,1604,35
2026.05.01 16:10:00,4639.19,4643.71,4638.02,4642.69,1593,35
2026.05.01 16:15:00,4642.71,4649.98,4642.71,4647.11,1709,35
2026.05.01 16:20:00,4647.12,4649.78,4639.43,4643.46,1321,35
2026.05.01 16:25:00,4643.47,4643.68,4637.84,4637.88,2013,35
2026.05.01 16:30:00,4637.87,4640.49,4634.8,4636.94,2056,35
2026.05.01 16:35:00,4637.01,4640.85,4633.91,4640.6,1784,35
2026.05.01 16:40:00,4640.6,4641.35,4637.61,4638.78,1588,35
2026.05.01 16:45:00,4638.81,4640.33,4637.03,4640.26,1594,35
2026.05.01 16:50:00,4639.94,4642.81,4636.77,4641.07,1471,35
2026.05.01 16:55:00,4640.99,4642.78,4638.63,4638.88,1109,35
2026.05.01 17:00:00,4638.79,4642.6,4638.36,4638.37,1284,35
2026.05.01 17:05:00,4638.38,4640.21,4637.51,4638.83,1150,42
2026.05.01 17:10:00,4638.82,4639.9,4638.04,4639.81,895,35
2026.05.01 17:15:00,4639.81,4640.15,4637.0,4638.46,1090,42
2026.05.01 17:20:00,4638.5,4638.91,4634.19,4635.38,1217,35
2026.05.01 17:25:00,4635.31,4636.77,4630.92,4631.8,1349,35
2026.05.01 17:30:00,4631.78,4632.22,4628.55,4630.1,1430,40
2026.05.01 17:35:00,4630.1,4630.75,4628.04,4630.69,1370,42
2026.05.01 17:40:00,4630.67,4632.04,4626.8,4627.98,1390,41
2026.05.01 17:45:00,4627.99,4629.44,4627.1,4627.32,1265,42
2026.05.01 17:50:00,4627.32,4634.91,4627.19,4630.05,1311,42
2026.05.01 17:55:00,4630.05,4631.34,4628.62,4629.37,1240,42
2026.05.01 18:00:00,4629.37,4630.56,4623.44,4624.49,1474,42
2026.05.01 18:05:00,4624.42,4625.53,4622.25,4624.2,1546,42
2026.05.01 18:10:00,4624.26,4624.37,4615.51,4615.68,1506,42
2026.05.01 18:15:00,4615.68,4619.01,4613.85,4618.49,1651,35
2026.05.01 18:20:00,4618.6,4622.4,4618.58,4622.17,1422,42
2026.05.01 18:25:00,4622.22,4623.06,4618.84,4623.06,1350,42
2026.05.01 18:30:00,4622.8,4624.01,4617.58,4617.63,1563,35
2026.05.01 18:35:00,4617.59,4618.69,4616.06,4617.51,1466,42
2026.05.01 18:40:00,4617.5,4622.36,4617.08,4622.14,1352,42
2026.05.01 18:45:00,4622.19,4624.07,4619.8,4623.93,1384,42
2026.05.01 18:50:00,4624.0,4625.87,4623.23,4623.96,1262,42
2026.05.01 18:55:00,4624.35,4624.56,4622.96,4624.18,1219,42
2026.05.01 19:00:00,4624.19,4625.08,4620.41,4620.91,1305,35
2026.05.01 19:05:00,4620.82,4623.04,4620.63,4622.67,1025,42
2026.05.01 19:10:00,4622.66,4626.6,4621.69,4626.19,1044,42
2026.05.01 19:15:00,4626.18,4627.38,4625.81,4627.07,1110,42
2026.05.01 19:20:00,4627.07,4627.46,4625.47,4626.33,978,35
2026.05.01 19:25:00,4626.23,4627.58,4624.47,4624.48,1019,35
2026.05.01 19:30:00,4624.5,4624.71,4616.58,4618.09,1349,35
2026.05.01 19:35:00,4618.11,4619.11,4614.83,4617.12,1262,42
2026.05.01 19:40:00,4617.17,4617.23,4611.26,4611.76,1411,42
2026.05.01 19:45:00,4611.74,4614.52,4611.01,4614.42,1337,42
2026.05.01 19:50:00,4614.45,4615.21,4608.86,4610.71,1432,42
2026.05.01 19:55:00,4610.5,4612.26,4608.68,4610.65,1647,42
2026.05.01 20:00:00,4610.72,4612.67,4607.4,4609.08,1108,37
2026.05.01 20:05:00,4609.08,4610.2,4607.15,4610.11,872,42
2026.05.01 20:10:00,4610.08,4611.8,4608.7,4611.02,760,42
2026.05.01 20:15:00,4611.2,4611.59,4609.9,4610.09,862,42
2026.05.01 20:20:00,4610.09,4612.29,4609.58,4611.35,731,42
2026.05.01 20:25:00,4611.36,4616.22,4611.1,4613.16,778,42
2026.05.01 20:30:00,4613.28,4615.06,4612.14,4614.32,655,42
2026.05.01 20:35:00,4614.46,4614.46,4610.06,4611.77,684,42
2026.05.01 20:40:00,4611.86,4614.46,4610.83,4613.64,729,42
2026.05.01 20:45:00,4613.6,4614.3,4612.35,4612.99,701,42
2026.05.01 20:50:00,4613.01,4616.96,4612.89,4615.95,825,42
2026.05.01 20:55:00,4615.92,4616.03,4613.4,4614.34,578,42
2026.05.03 22:00:00,4620.35,4629.62,4618.05,4625.24,976,35
2026.05.03 22:05:00,4625.42,4627.05,4621.39,4621.79,805,42
2026.05.03 22:10:00,4621.88,4623.49,4618.86,4622.88,999,42
2026.05.03 22:15:00,4622.77,4622.97,4617.13,4621.89,932,42
2026.05.03 22:20:00,4621.89,4621.89,4612.31,4616.83,1017,38
2026.05.03 22:25:00,4616.81,4622.5,4616.54,4620.74,942,35
2026.05.03 22:30:00,4620.73,4623.97,4619.66,4623.41,777,42
2026.05.03 22:35:00,4623.4,4626.54,4622.71,4625.44,825,35
2026.05.03 22:40:00,4625.45,4629.36,4625.45,4628.05,830,42
2026.05.03 22:45:00,4628.04,4629.05,4625.65,4626.18,777,42
2026.05.03 22:50:00,4626.24,4627.49,4619.66,4619.77,1030,42
2026.05.03 22:55:00,4619.78,4621.4,4618.13,4618.72,953,42
2026.05.03 23:00:00,4618.71,4620.77,4615.25,4619.25,1080,42
2026.05.03 23:05:00,4619.16,4619.89,4613.27,4615.34,859,35
2026.05.03 23:10:00,4615.17,4615.8,4611.2,4614.83,990,42
2026.05.03 23:15:00,4614.83,4617.0,4612.95,4616.22,859,42
2026.05.03 23:20:00,4616.21,4616.22,4613.72,4615.72,685,42
2026.05.03 23:25:00,4615.71,4617.55,4614.68,4616.96,627,42
2026.05.03 23:30:00,4616.98,4618.38,4615.3,4617.47,674,42
2026.05.03 23:35:00,4617.48,4618.38,4614.66,4614.8,814,42
2026.05.03 23:40:00,4614.79,4615.01,4612.7,4613.57,829,39
2026.05.03 23:45:00,4613.37,4616.16,4611.56,4614.26,997,42
2026.05.03 23:50:00,4614.23,4616.72,4613.0,4616.08,960,41
2026.05.03 23:55:00,4615.96,4617.05,4612.12,4613.8,1048,42
2026.05.04 00:00:00,4613.69,4613.69,4604.55,4608.39,1509,42
2026.05.04 00:05:00,4608.38,4616.57,4606.92,4615.13,1366,42
2026.05.04 00:10:00,4615.14,4615.89,4609.92,4612.07,1330,42
2026.05.04 00:15:00,4612.07,4614.67,4604.97,4607.69,1468,42
2026.05.04 00:20:00,4608.02,4609.53,4602.06,4604.4,1362,41
2026.05.04 00:25:00,4604.32,4606.47,4601.86,4605.87,1214,42
2026.05.04 00:30:00,4605.87,4610.06,4604.82,4608.22,1245,42
2026.05.04 00:35:00,4608.22,4610.14,4605.23,4606.27,1127,42
2026.05.04 00:40:00,4606.27,4608.74,4605.78,4605.83,997,42
2026.05.04 00:45:00,4605.85,4610.27,4604.78,4609.34,1227,42
2026.05.04 00:50:00,4609.34,4609.86,4606.9,4609.45,1025,42
2026.05.04 00:55:00,4609.62,4613.3,4609.2,4612.93,1155,35
2026.05.04 01:00:00,4612.83,4613.86,4600.14,4600.78,1582,42
2026.05.04 01:05:00,4600.81,4603.51,4597.48,4598.95,1522,35
2026.05.04 01:10:00,4598.95,4601.65,4595.9,4600.44,1316,35
2026.05.04 01:15:00,4600.46,4604.38,4598.17,4598.99,1536,42
2026.05.04 01:20:00,4598.98,4600.09,4597.21,4597.98,1184,35
2026.05.04 01:25:00,4597.96,4598.61,4593.61,4594.54,1262,42
2026.05.04 01:30:00,4594.49,4599.43,4592.74,4598.99,1407,35
2026.05.04 01:35:00,4598.89,4600.34,4598.11,4600.13,1052,42
2026.05.04 01:40:00,4600.25,4601.5,4599.0,4601.38,1001,35
2026.05.04 01:45:00,4601.36,4603.32,4600.78,4601.15,1020,42
2026.05.04 01:50:00,4601.09,4606.69,4601.0,4606.09,893,42
2026.05.04 01:55:00,4606.09,4613.71,4605.71,4612.86,1042,35
2026.05.04 02:00:00,4612.84,4618.31,4612.23,4613.13,1473,37
2026.05.04 02:05:00,4612.71,4613.3,4607.77,4609.02,1201,35
2026.05.04 02:10:00,4609.04,4610.16,4603.32,4608.18,1317,35
2026.05.04 02:15:00,4608.17,4608.18,4602.4,4605.04,1286,42
2026.05.04 02:20:00,4605.03,4605.13,4597.38,4598.32,1278,35
2026.05.04 02:25:00,4598.32,4599.06,4591.21,4593.06,1242,42
2026.05.04 02:30:00,4593.08,4596.01,4590.85,4595.45,1278,42
2026.05.04 02:35:00,4595.46,4601.58,4595.05,4600.53,1157,42
2026.05.04 02:40:00,4600.56,4603.93,4599.27,4603.93,943,42
2026.05.04 02:45:00,4603.82,4605.13,4601.09,4604.42,1043,42
2026.05.04 02:50:00,4604.42,4610.26,4602.56,4609.42,1151,42
2026.05.04 02:55:00,4609.4,4611.15,4605.43,4605.58,1207,42
2026.05.04 03:00:00,4605.54,4607.23,4604.34,4605.24,1026,42
2026.05.04 03:05:00,4605.21,4609.0,4604.91,4608.16,1041,42
2026.05.04 03:10:00,4608.17,4611.73,4605.76,4609.72,1115,42
2026.05.04 03:15:00,4609.73,4610.55,4608.14,4608.8,1042,42
2026.05.04 03:20:00,4608.82,4610.23,4608.23,4609.8,780,42
2026.05.04 03:25:00,4609.81,4610.84,4608.06,4609.57,795,42
2026.05.04 03:30:00,4609.18,4611.2,4607.47,4607.96,1016,42
2026.05.04 03:35:00,4607.95,4607.96,4601.15,4601.28,975,42
2026.05.04 03:40:00,4601.28,4605.09,4598.42,4604.85,1169,42
2026.05.04 03:45:00,4604.85,4612.77,4604.85,4610.08,1651,42
2026.05.04 03:50:00,4610.08,4614.03,4609.23,4613.27,1388,42
2026.05.04 03:55:00,4613.26,4617.21,4612.11,4614.94,1124,42
2026.05.04 04:00:00,4614.95,4615.41,4607.98,4610.6,1220,42
2026.05.04 04:05:00,4610.6,4612.21,4609.21,4610.68,1279,42
2026.05.04 04:10:00,4610.68,4612.0,4609.93,4611.07,891,42
2026.05.04 04:15:00,4611.07,4613.11,4610.1,4611.17,764,42
2026.05.04 04:20:00,4611.17,4611.75,4607.98,4609.27,1045,42
2026.05.04 04:25:00,4609.26,4610.55,4607.1,4608.21,938,42
2026.05.04 04:30:00,4608.18,4612.26,4607.36,4611.1,1146,42
2026.05.04 04:35:00,4610.95,4612.91,4610.06,4610.14,947,42
2026.05.04 04:40:00,4610.16,4610.88,4607.27,4609.26,905,42
2026.05.04 04:45:00,4609.26,4609.54,4607.16,4607.54,742,42
2026.05.04 04:50:00,4607.56,4610.33,4607.05,4607.44,723,42
2026.05.04 04:55:00,4607.43,4607.48,4605.18,4605.93,1049,42
2026.05.04 05:00:00,4605.97,4606.58,4603.22,4604.26,1162,42
2026.05.04 05:05:00,4604.26,4606.68,4603.42,4606.09,836,42
2026.05.04 05:10:00,4606.19,4606.9,4601.87,4603.76,1005,42
2026.05.04 05:15:00,4603.77,4612.93,4600.76,4610.85,1333,35
2026.05.04 05:20:00,4610.92,4612.51,4604.34,4604.78,1503,35
2026.05.04 05:25:00,4604.58,4605.5,4595.63,4596.51,1627,35
2026.05.04 05:30:00,4596.84,4598.73,4592.14,4595.46,1450,42
2026.05.04 05:35:00,4595.47,4596.57,4593.01,4596.09,1312,35
2026.05.04 05:40:00,4596.05,4598.63,4593.18,4598.51,1391,35
2026.05.04 05:45:00,4598.51,4601.77,4596.91,4597.5,1256,42
2026.05.04 05:50:00,4597.52,4598.8,4594.31,4598.18,1207,42
2026.05.04 05:55:00,4598.22,4601.5,4596.93,4598.92,1287,35
2026.05.04 06:00:00,4598.7,4600.53,4591.31,4594.06,1648,35
2026.05.04 06:05:00,4593.83,4598.59,4587.66,4596.58,1635,42
2026.05.04 06:10:00,4596.59,4598.46,4593.32,4597.11,1391,35
2026.05.04 06:15:00,4597.1,4597.51,4591.15,4596.55,1275,42
2026.05.04 06:20:00,4596.55,4596.55,4589.88,4592.44,1342,42
2026.05.04 06:25:00,4592.5,4594.28,4588.99,4593.78,1235,41
2026.05.04 06:30:00,4593.98,4595.58,4587.47,4589.91,1454,41
2026.05.04 06:35:00,4589.73,4591.53,4584.79,4586.53,1397,41
2026.05.04 06:40:00,4586.53,4588.03,4584.35,4585.5,1238,42
2026.05.04 06:45:00,4585.48,4589.99,4583.6,4589.83,1230,42
2026.05.04 06:50:00,4589.83,4592.37,4588.41,4588.91,1240,42
2026.05.04 06:55:00,4588.85,4590.8,4586.93,4588.28,1066,42
2026.05.04 07:00:00,4587.93,4591.35,4585.47,4587.84,1463,35
2026.05.04 07:05:00,4587.84,4591.64,4587.37,4590.92,1283,35
2026.05.04 07:10:00,4590.91,4593.3,4587.94,4592.11,1108,35
2026.05.04 07:15:00,4591.94,4592.61,4586.85,4588.25,1259,35
2026.05.04 07:20:00,4588.25,4591.02,4587.34,4587.88,1170,35
2026.05.04 07:25:00,4587.88,4589.04,4583.34,4585.91,1240,35
2026.05.04 07:30:00,4585.91,4586.99,4582.61,4585.84,1464,35
2026.05.04 07:35:00,4585.84,4588.15,4582.55,4585.07,1298,35
2026.05.04 07:40:00,4585.07,4587.9,4582.48,4587.86,1193,35
2026.05.04 07:45:00,4587.87,4590.71,4586.5,4587.47,1311,35
2026.05.04 07:50:00,4587.48,4587.5,4581.3,4582.08,1326,35
2026.05.04 07:55:00,4582.03,4582.89,4577.81,4578.86,1436,35
2026.05.04 08:00:00,4579.05,4581.04,4575.52,4575.58,1575,35
2026.05.04 08:05:00,4575.62,4578.61,4573.77,4578.51,1525,35
2026.05.04 08:10:00,4578.32,4580.36,4576.96,4580.0,1316,35
2026.05.04 08:15:00,4580.01,4581.24,4574.32,4575.92,1483,35
2026.05.04 08:20:00,4576.03,4578.61,4575.72,4577.16,1197,35
2026.05.04 08:25:00,4577.18,4579.17,4574.28,4574.85,1338,35
2026.05.04 08:30:00,4574.82,4578.39,4573.61,4577.57,1412,35
2026.05.04 08:35:00,4577.57,4579.52,4575.6,4578.88,1171,35
2026.05.04 08:40:00,4578.9,4581.58,4577.9,4578.19,1261,35
2026.05.04 08:45:00,4578.22,4578.94,4576.57,4577.36,1131,35
2026.05.04 08:50:00,4577.34,4579.61,4576.42,4577.54,1073,35
2026.05.04 08:55:00,4577.5,4579.61,4575.78,4576.96,1113,35
2026.05.04 09:00:00,4576.88,4580.69,4576.21,4580.6,1281,35
2026.05.04 09:05:00,4580.59,4581.33,4579.36,4580.02,1120,35
2026.05.04 09:10:00,4580.01,4584.12,4579.31,4583.88,1015,35
2026.05.04 09:15:00,4583.9,4584.41,4581.04,4582.46,1076,35
2026.05.04 09:20:00,4582.42,4583.28,4580.64,4580.64,1014,35
2026.05.04 09:25:00,4580.65,4582.1,4580.27,4581.25,829,35
2026.05.04 09:30:00,4581.3,4582.52,4580.37,4582.32,1007,35
2026.05.04 09:35:00,4582.33,4584.36,4582.33,4583.73,948,35
2026.05.04 09:40:00,4583.76,4584.19,4580.74,4581.17,789,35
2026.05.04 09:45:00,4581.18,4582.29,4579.33,4581.95,896,35
2026.05.04 09:50:00,4581.96,4582.0,4577.77,4579.22,970,35
2026.05.04 09:55:00,4579.15,4579.45,4572.13,4575.37,1292,35
2026.05.04 10:00:00,4575.44,4575.88,4550.9,4560.05,1974,35
2026.05.04 10:05:00,4559.94,4559.94,4542.81,4547.19,2190,35
2026.05.04 10:10:00,4547.22,4548.79,4537.73,4541.91,2132,35
2026.05.04 10:15:00,4541.81,4543.33,4534.24,4537.98,2099,35
2026.05.04 10:20:00,4538.13,4539.46,4525.94,4536.12,2065,35
2026.05.04 10:25:00,4536.18,4545.22,4536.18,4544.77,1846,35
2026.05.04 10:30:00,4544.87,4558.4,4543.18,4557.5,1955,35
2026.05.04 10:35:00,4557.49,4562.58,4555.73,4561.28,1841,35
2026.05.04 10:40:00,4561.0,4564.01,4558.17,4558.59,1591,35
2026.05.04 10:45:00,4558.53,4566.66,4558.22,4566.32,1478,35
2026.05.04 10:50:00,4566.24,4566.44,4561.42,4561.86,1403,35
2026.05.04 10:55:00,4561.89,4564.68,4560.48,4562.5,1304,35
2026.05.04 11:00:00,4562.45,4570.48,4562.45,4562.6,1717,35
2026.05.04 11:05:00,4562.57,4567.68,4561.15,4566.76,1447,35
2026.05.04 11:10:00,4566.78,4567.9,4563.81,4565.27,1288,35
2026.05.04 11:15:00,4565.35,4570.11,4565.35,4568.55,1372,35
2026.05.04 11:20:00,4568.55,4568.91,4563.76,4564.19,1232,35
2026.05.04 11:25:00,4564.19,4565.13,4561.7,4562.25,1203,35
2026.05.04 11:30:00,4562.19,4562.52,4556.79,4556.79,1490,35
2026.05.04 11:35:00,4556.65,4560.35,4551.59,4553.91,1612,35
2026.05.04 11:40:00,4553.8,4557.3,4553.01,4553.36,1469,35
2026.05.04 11:45:00,4553.38,4557.97,4552.99,4555.73,1366,35
2026.05.04 11:50:00,4555.71,4559.92,4555.33,4558.83,1373,35
2026.05.04 11:55:00,4558.93,4562.82,4557.82,4560.24,1347,35
2026.05.04 12:00:00,4560.22,4563.94,4559.32,4562.86,1425,35
2026.05.04 12:05:00,4562.86,4563.24,4559.44,4560.57,1310,35
2026.05.04 12:10:00,4560.53,4565.66,4559.98,4563.65,1365,35
2026.05.04 12:15:00,4563.67,4574.79,4563.26,4573.32,1753,35
2026.05.04 12:20:00,4573.42,4579.24,4571.8,4572.2,1716,35
2026.05.04 12:25:00,4572.07,4572.72,4565.49,4568.48,1610,35
2026.05.04 12:30:00,4568.51,4570.33,4564.76,4565.95,1364,35
2026.05.04 12:35:00,4565.95,4569.95,4560.91,4568.2,1530,35
2026.05.04 12:40:00,4568.24,4571.56,4567.66,4570.17,1400,35
2026.05.04 12:45:00,4570.24,4572.78,4566.43,4570.6,1347,35
2026.05.04 12:50:00,4570.59,4575.9,4570.15,4571.92,1383,35
2026.05.04 12:55:00,4571.9,4573.61,4567.72,4568.23,1431,35
2026.05.04 13:00:00,4568.22,4568.22,4557.03,4565.23,1989,35
2026.05.04 13:05:00,4565.44,4573.37,4563.99,4572.34,1696,35
2026.05.04 13:10:00,4572.43,4576.03,4563.2,4565.85,1630,35
2026.05.04 13:15:00,4565.87,4567.46,4563.59,4564.67,1521,35
2026.05.04 13:20:00,4564.73,4567.11,4561.74,4562.55,1462,35
2026.05.04 13:25:00,4562.54,4565.38,4560.72,4560.74,1353,35
2026.05.04 13:30:00,4561.03,4570.65,4555.65,4570.27,2037,35
2026.05.04 13:35:00,4569.71,4570.66,4563.8,4566.68,1937,35
2026.05.04 13:40:00,4566.64,4570.53,4562.73,4565.38,1826,35
2026.05.04 13:45:00,4565.37,4566.72,4561.31,4561.44,1827,35
2026.05.04 13:50:00,4561.49,4565.52,4557.49,4562.94,1808,35
2026.05.04 13:55:00,4563.18,4566.11,4559.98,4563.98,1629,35
2026.05.04 14:00:00,4563.87,4565.28,4559.25,4560.21,1853,35
2026.05.04 14:05:00,4560.18,4561.34,4553.62,4554.92,1985,35
2026.05.04 14:10:00,4554.91,4562.82,4553.64,4560.12,1877,35
2026.05.04 14:15:00,4560.32,4573.82,4559.53,4572.59,1939,35
2026.05.04 14:20:00,4572.68,4582.07,4572.14,4576.92,1951,35
2026.05.04 14:25:00,4576.84,4577.79,4570.72,4571.1,1864,35
2026.05.04 14:30:00,4571.18,4579.33,4570.16,4575.73,1782,35
2026.05.04 14:35:00,4575.77,4581.38,4575.3,4579.5,1755,35
2026.05.04 14:40:00,4579.55,4583.03,4574.35,4574.49,1600,35
2026.05.04 14:45:00,4574.57,4576.84,4569.14,4570.85,1724,35
2026.05.04 14:50:00,4570.92,4571.3,4567.2,4570.14,1706,35
2026.05.04 14:55:00,4570.19,4572.31,4559.77,4561.57,1959,35
2026.05.04 15:00:00,4561.72,4565.98,4554.86,4561.15,1974,35
2026.05.04 15:05:00,4560.96,4561.67,4555.39,4557.86,1861,35
2026.05.04 15:10:00,4557.85,4559.65,4548.22,4548.42,1813,35
2026.05.04 15:15:00,4547.79,4555.26,4537.97,4540.54,2080,35
2026.05.04 15:20:00,4539.9,4541.25,4514.25,4521.63,2307,35
2026.05.04 15:25:00,4521.66,4539.73,4515.6,4537.66,2234,35
2026.05.04 15:30:00,4538.08,4538.99,4527.53,4534.78,2152,35
2026.05.04 15:35:00,4534.74,4542.77,4530.21,4534.84,2087,35
2026.05.04 15:40:00,4534.64,4537.45,4531.83,4534.94,1911,35
2026.05.04 15:45:00,4534.94,4535.01,4522.98,4522.99,1906,35
2026.05.04 15:50:00,4522.68,4530.06,4512.62,4528.07,2149,35
2026.05.04 15:55:00,4528.07,4530.36,4521.3,4521.84,1918,35
2026.05.04 16:00:00,4521.76,4525.36,4516.65,4522.28,2009,35
2026.05.04 16:05:00,4522.23,4523.48,4504.19,4510.64,2116,35
2026.05.04 16:10:00,4510.38,4516.09,4500.74,4509.67,2143,35
2026.05.04 16:15:00,4509.67,4526.52,4508.66,4522.46,2149,35
2026.05.04 16:20:00,4523.4,4526.89,4520.61,4521.33,1969,35
2026.05.04 16:25:00,4521.43,4523.73,4512.89,4515.0,1745,35
2026.05.04 16:30:00,4514.84,4518.76,4513.28,4517.73,1670,35
2026.05.04 16:35:00,4517.76,4518.51,4511.87,4513.44,1613,35
2026.05.04 16:40:00,4513.48,4516.5,4511.52,4512.44,1545,35
2026.05.04 16:45:00,4512.4,4516.01,4508.48,4509.86,1744,35
2026.05.04 16:50:00,4509.75,4512.34,4507.37,4509.1,1786,35
2026.05.04 16:55:00,4509.07,4511.3,4507.44,4510.63,1602,35
2026.05.04 17:00:00,4511.55,4520.89,4510.72,4520.89,1899,35
2026.05.04 17:05:00,4520.79,4526.15,4520.29,4523.78,1663,42
2026.05.04 17:10:00,4523.83,4526.03,4521.63,4522.27,1549,42
2026.05.04 17:15:00,4522.2,4531.49,4521.6,4528.97,1768,42
2026.05.04 17:20:00,4529.04,4530.65,4525.4,4525.45,1657,35
2026.05.04 17:25:00,4525.46,4526.91,4521.68,4524.28,1631,41
2026.05.04 17:30:00,4524.23,4527.62,4523.65,4525.66,1365,42
2026.05.04 17:35:00,4525.66,4526.45,4521.75,4524.86,1440,42
2026.05.04 17:40:00,4524.94,4526.08,4522.96,4525.96,1279,42
2026.05.04 17:45:00,4525.88,4526.51,4522.38,4522.38,1192,42
2026.05.04 17:50:00,4522.38,4525.67,4522.02,4522.87,1274,42
2026.05.04 17:55:00,4522.73,4523.7,4521.28,4522.32,1137,42
2026.05.04 18:00:00,4522.35,4525.3,4521.03,4523.34,1165,42
2026.05.04 18:05:00,4523.31,4524.31,4518.49,4519.3,1236,35
2026.05.04 18:10:00,4519.26,4521.66,4518.86,4519.93,1144,42
2026.05.04 18:15:00,4519.93,4520.09,4516.76,4517.73,1260,42
2026.05.04 18:20:00,4517.87,4518.14,4514.06,4514.08,1270,42
2026.05.04 18:25:00,4514.09,4515.03,4509.54,4511.81,1489,42
2026.05.04 18:30:00,4511.76,4514.56,4510.57,4514.41,1385,42
2026.05.04 18:35:00,4514.4,4514.92,4511.39,4514.74,1215,35
2026.05.04 18:40:00,4514.75,4514.79,4510.57,4511.61,1192,42
2026.05.04 18:45:00,4511.76,4515.21,4510.7,4514.61,1231,42
2026.05.04 18:50:00,4514.71,4515.65,4511.51,4513.6,1292,42
2026.05.04 18:55:00,4513.43,4516.4,4512.46,4516.32,1253,42
2026.05.04 19:00:00,4516.21,4516.93,4511.36,4511.49,1233,41
2026.05.04 19:05:00,4511.49,4523.31,4511.42,4517.74,1716,41
2026.05.04 19:10:00,4517.73,4520.02,4516.56,4518.87,1370,42
2026.05.04 19:15:00,4518.87,4521.69,4517.35,4520.56,1365,42
2026.05.04 19:20:00,4520.61,4524.44,4519.63,4524.42,1338,42
2026.05.04 19:25:00,4524.62,4525.75,4519.7,4522.28,1444,42
2026.05.04 19:30:00,4522.31,4523.66,4520.82,4522.69,1221,42
2026.05.04 19:35:00,4522.68,4527.02,4522.68,4524.15,1165,42
2026.05.04 19:40:00,4524.16,4525.88,4520.41,4521.05,1177,35
2026.05.04 19:45:00,4521.06,4523.12,4519.4,4521.15,1136,41
2026.05.04 19:50:00,4521.15,4521.15,4518.47,4519.12,1215,42
2026.05.04 19:55:00,4519.62,4520.23,4515.22,4517.71,1356,42
2026.05.04 20:00:00,4517.73,4518.09,4513.87,4515.09,824,42
2026.05.04 20:05:00,4515.38,4516.02,4513.28,4513.87,726,35
2026.05.04 20:10:00,4513.89,4514.86,4511.66,4514.65,815,42
2026.05.04 20:15:00,4514.5,4514.73,4512.29,4512.88,472,41
2026.05.04 20:20:00,4512.88,4514.12,4511.71,4512.86,601,42
2026.05.04 20:25:00,4512.85,4515.52,4512.74,4515.11,622,42
2026.05.04 20:30:00,4515.12,4517.45,4514.98,4517.19,565,42
2026.05.04 20:35:00,4517.14,4517.58,4515.95,4516.83,538,42
2026.05.04 20:40:00,4516.85,4518.75,4514.52,4518.62,670,42
2026.05.04 20:45:00,4518.58,4522.32,4518.57,4521.45,592,42
2026.05.04 20:50:00,4521.45,4521.52,4519.82,4521.26,418,42
2026.05.04 20:55:00,4521.25,4523.75,4521.25,4523.66,420,41
2026.05.04 22:00:00,4522.99,4524.46,4520.27,4520.28,489,37
2026.05.04 22:05:00,4520.29,4522.62,4518.08,4522.29,666,42
2026.05.04 22:10:00,4522.36,4522.76,4520.5,4521.18,474,42
2026.05.04 22:15:00,4521.15,4522.81,4519.79,4520.32,459,42
2026.05.04 22:20:00,4520.32,4522.34,4519.79,4519.79,486,42
2026.05.04 22:25:00,4519.76,4520.93,4519.34,4519.8,363,42
2026.05.04 22:30:00,4519.8,4522.13,4519.62,4521.16,531,35
2026.05.04 22:35:00,4521.16,4521.23,4519.43,4519.67,510,35
2026.05.04 22:40:00,4519.69,4520.77,4518.87,4519.1,493,42
2026.05.04 22:45:00,4519.09,4519.38,4516.84,4518.24,560,42
2026.05.04 22:50:00,4518.24,4518.24,4515.59,4516.43,513,42
2026.05.04 22:55:00,4516.43,4517.97,4515.66,4517.44,497,42
2026.05.04 23:00:00,4517.43,4518.65,4516.13,4518.11,528,42
2026.05.04 23:05:00,4518.11,4520.25,4517.88,4519.79,512,42
2026.05.04 23:10:00,4519.79,4520.86,4518.1,4520.37,547,35
2026.05.04 23:15:00,4520.35,4521.02,4519.22,4519.84,514,42
2026.05.04 23:20:00,4519.81,4521.55,4519.81,4521.48,458,42
2026.05.04 23:25:00,4521.46,4521.58,4520.34,4521.06,425,42
2026.05.04 23:30:00,4521.06,4521.1,4519.7,4520.98,419,42
2026.05.04 23:35:00,4520.98,4521.06,4519.68,4520.45,372,42
2026.05.04 23:40:00,4520.45,4521.26,4518.27,4518.44,442,42
2026.05.04 23:45:00,4518.44,4520.65,4517.74,4520.07,510,42
2026.05.04 23:50:00,4519.79,4519.97,4517.02,4518.93,710,42
2026.05.04 23:55:00,4518.94,4520.27,4518.38,4518.92,693,41
2026.05.05 00:00:00,4519.13,4524.04,4517.74,4522.79,1494,35
2026.05.05 00:05:00,4522.79,4526.59,4522.31,4526.26,1258,35
2026.05.05 00:10:00,4526.28,4528.41,4525.27,4527.81,1205,35
2026.05.05 00:15:00,4527.82,4527.82,4522.57,4523.34,1517,35
2026.05.05 00:20:00,4523.33,4523.71,4516.83,4519.29,1471,42
2026.05.05 00:25:00,4519.29,4519.82,4513.37,4516.85,1325,41
2026.05.05 00:30:00,4516.83,4518.6,4515.93,4518.04,1148,42
2026.05.05 00:35:00,4518.0,4521.38,4517.56,4520.77,1026,42
2026.05.05 00:40:00,4520.83,4524.17,4519.74,4523.7,965,42
2026.05.05 00:45:00,4523.9,4527.71,4523.9,4526.54,1117,35
2026.05.05 00:50:00,4526.55,4529.48,4525.68,4528.5,1020,42
2026.05.05 00:55:00,4528.59,4530.32,4527.08,4529.84,1080,42
2026.05.05 01:00:00,4529.51,4534.32,4525.27,4534.26,1555,42
2026.05.05 01:05:00,4534.59,4535.82,4533.29,4534.52,1272,42
2026.05.05 01:10:00,4534.54,4539.3,4533.79,4538.85,1206,42
2026.05.05 01:15:00,4538.75,4539.9,4535.85,4536.83,1039,41
2026.05.05 01:20:00,4536.81,4539.78,4536.63,4537.81,1194,42
2026.05.05 01:25:00,4537.8,4538.21,4535.05,4537.57,1094,42
2026.05.05 01:30:00,4537.57,4538.18,4534.01,4534.7,1287,42
2026.05.05 01:35:00,4534.68,4542.0,4534.23,4537.15,1350,42
2026.05.05 01:40:00,4537.13,4539.17,4535.82,4536.82,1249,42
2026.05.05 01:45:00,4536.82,4540.57,4536.16,4539.56,1119,42
2026.05.05 01:50:00,4539.54,4540.46,4537.79,4538.04,1048,42
2026.05.05 01:55:00,4538.01,4541.14,4537.07,4540.72,932,42
2026.05.05 02:00:00,4540.75,4542.5,4539.14,4539.22,1122,42
2026.05.05 02:05:00,4539.22,4539.72,4537.3,4538.23,997,35
2026.05.05 02:10:00,4538.24,4539.91,4537.27,4538.37,1100,35
2026.05.05 02:15:00,4538.33,4539.44,4535.38,4535.38,1018,35
2026.05.05 02:20:00,4535.73,4538.2,4534.55,4538.14,843,42
2026.05.05 02:25:00,4538.13,4541.6,4537.45,4541.4,941,42
2026.05.05 02:30:00,4541.42,4543.61,4540.06,4541.4,1029,42
2026.05.05 02:35:00,4541.39,4542.67,4540.34,4542.27,869,42
2026.05.05 02:40:00,4542.28,4545.69,4541.78,4544.3,938,35
2026.05.05 02:45:00,4544.3,4546.7,4542.86,4544.08,1293,42
2026.05.05 02:50:00,4544.12,4544.31,4541.51,4541.83,1005,42
2026.05.05 02:55:00,4541.79,4541.96,4538.73,4538.94,949,42
2026.05.05 03:00:00,4538.76,4540.94,4537.55,4540.94,1042,42
2026.05.05 03:05:00,4540.92,4541.97,4539.8,4540.86,773,42
2026.05.05 03:10:00,4540.84,4542.2,4539.55,4541.8,789,42
2026.05.05 03:15:00,4541.8,4542.51,4539.57,4540.41,668,42
2026.05.05 03:20:00,4540.4,4541.95,4537.31,4538.32,716,35
2026.05.05 03:25:00,4538.35,4539.51,4537.1,4537.87,945,42
2026.05.05 03:30:00,4537.85,4538.23,4536.72,4538.23,882,42
2026.05.05 03:35:00,4538.16,4539.11,4537.37,4538.46,790,42
2026.05.05 03:40:00,4538.4,4538.47,4535.44,4536.02,831,42
2026.05.05 03:45:00,4536.01,4537.02,4535.52,4536.32,751,41
2026.05.05 03:50:00,4536.3,4536.53,4534.71,4534.92,885,42
2026.05.05 03:55:00,4534.98,4535.66,4532.28,4534.46,1130,42
2026.05.05 04:00:00,4534.37,4535.85,4533.17,4534.88,839,42
2026.05.05 04:05:00,4534.88,4535.57,4533.16,4533.66,726,42
2026.05.05 04:10:00,4533.64,4534.05,4532.4,4532.81,722,42
2026.05.05 04:15:00,4532.83,4533.71,4530.48,4530.8,976,41
2026.05.05 04:20:00,4530.8,4533.05,4529.73,4530.59,957,42
2026.05.05 04:25:00,4530.59,4531.13,4529.36,4529.39,858,35
2026.05.05 04:30:00,4529.38,4533.64,4527.83,4532.75,1271,35
2026.05.05 04:35:00,4532.75,4533.38,4530.96,4531.39,1153,42
2026.05.05 04:40:00,4531.44,4532.07,4530.96,4531.57,759,42
2026.05.05 04:45:00,4531.59,4534.52,4531.07,4534.5,947,42
2026.05.05 04:50:00,4534.5,4536.75,4533.57,4534.75,1190,42
2026.05.05 04:55:00,4534.75,4535.1,4531.41,4533.63,1313,42
2026.05.05 05:00:00,4533.62,4536.79,4531.23,4536.66,1451,42
2026.05.05 05:05:00,4536.67,4545.38,4535.97,4543.03,1620,35
2026.05.05 05:10:00,4543.02,4544.23,4539.88,4540.26,1219,42
2026.05.05 05:15:00,4540.26,4540.39,4535.66,4536.59,1075,42
2026.05.05 05:20:00,4536.59,4539.55,4536.51,4539.53,1013,35
2026.05.05 05:25:00,4539.53,4540.16,4537.67,4539.89,936,42
2026.05.05 05:30:00,4539.95,4547.03,4539.74,4546.89,1261,35
2026.05.05 05:35:00,4546.86,4550.95,4546.37,4548.34,1849,35
2026.05.05 05:40:00,4548.26,4551.49,4545.82,4545.93,1412,42
2026.05.05 05:45:00,4545.93,4548.01,4545.15,4547.34,1268,42
2026.05.05 05:50:00,4547.41,4548.83,4544.36,4545.13,1104,42
2026.05.05 05:55:00,4545.17,4547.27,4543.43,4545.55,978,42
2026.05.05 06:00:00,4545.67,4552.03,4543.63,4543.87,1624,42
2026.05.05 06:05:00,4543.92,4545.51,4541.38,4543.87,1334,35
2026.05.05 06:10:00,4543.86,4545.68,4542.2,4543.42,1270,42
2026.05.05 06:15:00,4543.44,4544.7,4538.87,4538.92,1191,42
2026.05.05 06:20:00,4538.91,4539.78,4533.54,4535.05,1227,35
2026.05.05 06:25:00,4535.08,4537.78,4534.23,4536.81,1206,35
2026.05.05 06:30:00,4536.81,4544.03,4536.2,4542.75,1341,35
2026.05.05 06:35:00,4542.76,4549.35,4542.23,4547.91,1473,35
2026.05.05 06:40:00,4547.78,4548.68,4544.82,4546.36,1323,35
2026.05.05 06:45:00,4546.4,4548.53,4545.38,4548.38,1168,35
2026.05.05 06:50:00,4548.65,4550.89,4547.73,4550.04,1183,41
2026.05.05 06:55:00,4550.02,4551.11,4546.68,4548.21,1386,35
2026.05.05 07:00:00,4548.24,4554.21,4547.63,4552.79,1526,35
2026.05.05 07:05:00,4552.76,4554.78,4551.13,4552.22,1287,35
2026.05.05 07:10:00,4552.23,4555.04,4550.65,4553.99,1324,35
2026.05.05 07:15:00,4553.96,4555.56,4552.3,4554.82,1337,35
2026.05.05 07:20:00,4554.86,4555.61,4551.16,4551.22,1112,35
2026.05.05 07:25:00,4551.22,4551.6,4548.36,4548.88,1177,35
2026.05.05 07:30:00,4548.88,4552.45,4548.88,4552.38,1248,35
2026.05.05 07:35:00,4552.65,4558.36,4551.81,4554.31,1699,35
2026.05.05 07:40:00,4554.29,4556.09,4551.16,4551.2,1436,35
2026.05.05 07:45:00,4551.22,4551.83,4545.51,4545.55,1538,35
2026.05.05 07:50:00,4545.64,4547.92,4543.95,4545.72,1504,35
2026.05.05 07:55:00,4545.6,4545.9,4543.34,4545.43,1380,35
2026.05.05 08:00:00,4545.48,4550.07,4545.36,4549.87,1617,35
2026.05.05 08:05:00,4549.89,4551.55,4546.83,4547.71,1485,35
2026.05.05 08:10:00,4547.71,4553.66,4546.47,4550.73,1487,35
2026.05.05 08:15:00,4550.73,4552.39,4549.02,4550.76,1315,35
2026.05.05 08:20:00,4550.76,4553.97,4549.09,4551.56,1426,35
2026.05.05 08:25:00,4551.55,4554.63,4551.02,4551.12,1605,35
2026.05.05 08:30:00,4550.93,4552.99,4550.17,4551.31,1377,35
2026.05.05 08:35:00,4551.21,4553.06,4548.05,4549.94,1346,35
2026.05.05 08:40:00,4549.94,4551.37,4548.23,4549.8,1315,35
2026.05.05 08:45:00,4549.88,4552.18,4548.34,4551.9,1316,35
2026.05.05 08:50:00,4551.9,4558.05,4551.88,4557.36,1403,35
2026.05.05 08:55:00,4557.35,4559.45,4555.57,4558.45,1490,35
2026.05.05 09:00:00,4558.42,4558.83,4553.44,4555.29,1663,35
2026.05.05 09:05:00,4555.27,4560.44,4554.83,4559.12,1547,35
2026.05.05 09:10:00,4559.02,4560.26,4556.77,4557.69,1183,35
2026.05.05 09:15:00,4557.65,4557.92,4553.83,4554.09,1331,35
2026.05.05 09:20:00,4554.07,4556.75,4553.26,4554.83,1185,35
2026.05.05 09:25:00,4554.84,4555.83,4552.47,4552.56,1010,35
2026.05.05 09:30:00,4552.68,4558.4,4550.95,4553.51,1525,35
2026.05.05 09:35:00,4553.5,4556.78,4552.93,4554.99,1076,35
2026.05.05 09:40:00,4554.71,4556.53,4553.82,4555.44,1078,35
2026.05.05 09:45:00,4555.43,4557.3,4553.21,4553.86,976,35
2026.05.05 09:50:00,4553.93,4554.72,4552.72,4554.03,1075,35
2026.05.05 09:55:00,4554.06,4556.4,4553.21,4556.19,1022,35
2026.05.05 10:00:00,4556.18,4556.86,4554.44,4555.71,1115,35
2026.05.05 10:05:00,4555.73,4556.44,4552.11,4552.18,1067,35
2026.05.05 10:10:00,4552.19,4554.69,4550.57,4553.18,1295,35
2026.05.05 10:15:00,4553.17,4554.99,4551.22,4552.53,1123,35
2026.05.05 10:20:00,4552.53,4553.85,4552.24,4552.77,844,35
2026.05.05 10:25:00,4552.73,4552.73,4546.53,4547.82,1525,35
2026.05.05 10:30:00,4547.82,4553.79,4546.41,4553.26,1353,35
2026.05.05 10:35:00,4553.28,4553.93,4550.86,4550.93,1394,35
2026.05.05 10:40:00,4550.93,4550.93,4544.08,4545.12,1436,35
2026.05.05 10:45:00,4545.03,4545.77,4543.99,4544.42,1123,35
2026.05.05 10:50:00,4544.41,4544.8,4540.37,4541.0,1275,35
2026.05.05 10:55:00,4540.99,4544.9,4540.94,4543.58,1217,35
2026.05.05 11:00:00,4543.58,4544.73,4539.68,4543.26,1712,35
2026.05.05 11:05:00,4543.3,4549.91,4542.74,4549.88,1393,35
2026.05.05 11:10:00,4549.86,4552.94,4549.41,4552.57,1415,35
2026.05.05 11:15:00,4552.57,4555.62,4549.71,4549.98,1531,35
2026.05.05 11:20:00,4549.99,4556.27,4549.9,4554.1,1461,35
2026.05.05 11:25:00,4554.09,4557.46,4553.44,4556.02,1345,35
2026.05.05 11:30:00,4556.08,4558.79,4554.7,4556.95,1436,35
2026.05.05 11:35:00,4556.95,4560.7,4556.17,4556.6,1241,35
2026.05.05 11:40:00,4556.62,4564.46,4556.0,4563.27,1599,35
2026.05.05 11:45:00,4563.24,4564.78,4560.39,4562.11,1472,35
2026.05.05 11:50:00,4562.12,4562.2,4559.42,4560.83,1281,35
2026.05.05 11:55:00,4560.97,4562.78,4559.0,4562.78,1114,35
2026.05.05 12:00:00,4562.79,4563.24,4554.17,4556.62,1696,35
2026.05.05 12:05:00,4556.61,4563.79,4555.7,4558.15,1811,35
2026.05.05 12:10:00,4558.18,4567.23,4557.91,4564.78,1992,35
2026.05.05 12:15:00,4565.04,4566.53,4561.14,4561.72,1681,35
2026.05.05 12:20:00,4561.89,4572.29,4561.89,4572.12,1852,35
2026.05.05 12:25:00,4572.11,4574.22,4571.18,4573.59,1506,35
2026.05.05 12:30:00,4573.64,4574.59,4566.75,4569.15,1596,35
2026.05.05 12:35:00,4569.18,4571.16,4566.62,4570.01,1381,35
2026.05.05 12:40:00,4570.01,4570.19,4566.86,4567.04,1237,35
2026.05.05 12:45:00,4567.11,4568.58,4562.91,4563.6,1434,35
2026.05.05 12:50:00,4563.67,4564.99,4561.63,4562.96,1420,35
2026.05.05 12:55:00,4562.96,4565.82,4562.5,4564.39,1318,35
2026.05.05 13:00:00,4564.17,4575.42,4564.16,4574.05,1676,35
2026.05.05 13:05:00,4574.07,4580.4,4574.0,4576.0,1946,35
2026.05.05 13:10:00,4575.99,4581.03,4574.61,4578.65,1820,35
2026.05.05 13:15:00,4578.7,4584.99,4578.25,4580.89,1758,35
2026.05.05 13:20:00,4580.89,4581.71,4575.89,4576.73,1679,35
2026.05.05 13:25:00,4576.73,4581.33,4576.37,4576.93,1671,35
2026.05.05 13:30:00,4577.0,4581.67,4576.38,4580.37,2090,35
2026.05.05 13:35:00,4580.42,4581.29,4572.58,4574.34,2120,35
2026.05.05 13:40:00,4574.39,4577.21,4571.2,4573.87,1870,35
2026.05.05 13:45:00,4573.94,4577.16,4572.81,4575.68,1918,35
2026.05.05 13:50:00,4575.75,4583.13,4575.29,4580.46,1863,35
2026.05.05 13:55:00,4580.45,4580.99,4577.36,4579.26,1682,35
2026.05.05 14:00:00,4579.91,4584.01,4575.62,4578.6,1928,35
2026.05.05 14:05:00,4579.16,4584.23,4577.27,4583.57,2015,35
2026.05.05 14:10:00,4583.51,4583.78,4570.6,4573.6,2197,35
2026.05.05 14:15:00,4573.69,4573.74,4566.06,4570.21,2437,35
2026.05.05 14:20:00,4570.2,4579.34,4568.11,4578.88,2205,35
2026.05.05 14:25:00,4578.84,4586.47,4578.84,4583.91,2024,35
2026.05.05 14:30:00,4584.19,4585.66,4580.27,4581.82,1898,35
2026.05.05 14:35:00,4581.82,4582.69,4577.59,4581.07,1780,35
2026.05.05 14:40:00,4581.1,4585.41,4580.54,4582.83,1627,35
2026.05.05 14:45:00,4582.83,4582.94,4576.14,4577.59,1803,35
2026.05.05 14:50:00,4577.59,4579.18,4575.5,4578.42,1823,35
2026.05.05 14:55:00,4578.38,4582.47,4578.14,4582.24,1641,35
2026.05.05 15:00:00,4582.34,4583.85,4577.38,4583.63,1771,35
2026.05.05 15:05:00,4583.64,4583.66,4580.07,4580.16,1588,35
2026.05.05 15:10:00,4580.19,4581.9,4579.49,4580.76,1537,35
2026.05.05 15:15:00,4580.79,4581.48,4578.02,4578.35,1588,35
2026.05.05 15:20:00,4578.34,4579.9,4575.6,4576.67,1592,35
2026.05.05 15:25:00,4576.68,4579.39,4575.32,4579.15,1579,35
2026.05.05 15:30:00,4579.11,4581.08,4576.37,4577.56,1578,35
2026.05.05 15:35:00,4577.56,4579.31,4574.89,4575.68,1568,35
2026.05.05 15:40:00,4575.83,4576.06,4572.66,4572.92,1583,35
2026.05.05 15:45:00,4572.96,4575.23,4572.19,4573.99,1629,35
2026.05.05 15:50:00,4573.98,4575.69,4569.97,4571.1,1407,35
2026.05.05 15:55:00,4571.07,4571.16,4568.24,4568.42,1538,35
2026.05.05 16:00:00,4568.4,4568.96,4564.41,4566.85,1680,35
2026.05.05 16:05:00,4566.79,4567.62,4562.67,4564.2,1527,35
2026.05.05 16:10:00,4564.19,4566.46,4562.37,4566.16,1256,35
2026.05.05 16:15:00,4566.16,4566.22,4563.36,4564.43,1245,35
2026.05.05 16:20:00,4564.26,4565.59,4561.48,4561.6,1269,35
2026.05.05 16:25:00,4561.6,4561.99,4555.88,4559.65,1995,35
2026.05.05 16:30:00,4559.68,4560.21,4553.69,4557.76,1764,35
2026.05.05 16:35:00,4557.76,4559.19,4555.76,4555.91,1442,35
2026.05.05 16:40:00,4556.04,4558.74,4555.89,4556.55,1245,35
2026.05.05 16:45:00,4556.55,4557.99,4555.62,4557.28,1305,35
2026.05.05 16:50:00,4557.24,4560.39,4557.23,4560.07,1290,35
2026.05.05 16:55:00,4560.07,4562.86,4559.76,4561.1,1286,35
2026.05.05 17:00:00,4561.11,4562.5,4558.01,4559.13,1355,35
2026.05.05 17:05:00,4558.97,4559.72,4553.31,4554.6,1421,35
2026.05.05 17:10:00,4554.61,4556.12,4553.06,4555.98,1423,42
2026.05.05 17:15:00,4555.99,4560.73,4555.95,4560.66,1226,35
2026.05.05 17:20:00,4560.71,4561.28,4558.84,4559.02,1298,42
2026.05.05 17:25:00,4559.01,4560.04,4557.37,4558.51,1269,42
2026.05.05 17:30:00,4558.51,4561.48,4555.99,4561.13,1326,36
2026.05.05 17:35:00,4561.09,4562.67,4559.56,4560.68,1266,42
2026.05.05 17:40:00,4560.69,4562.25,4560.28,4560.3,939,42
2026.05.05 17:45:00,4560.29,4562.1,4559.21,4561.98,1024,42
2026.05.05 17:50:00,4561.97,4561.97,4558.15,4558.6,1171,42
2026.05.05 17:55:00,4558.6,4560.12,4558.26,4559.69,864,42
2026.05.05 18:00:00,4559.69,4561.14,4558.47,4559.45,1007,42
2026.05.05 18:05:00,4559.44,4561.91,4559.44,4560.84,929,42
2026.05.05 18:10:00,4560.83,4564.72,4559.63,4564.13,1107,38
2026.05.05 18:15:00,4564.13,4565.2,4562.42,4562.42,1042,42
2026.05.05 18:20:00,4562.43,4563.46,4560.93,4561.94,880,42
2026.05.05 18:25:00,4561.93,4563.1,4561.25,4562.0,854,42
2026.05.05 18:30:00,4562.08,4562.63,4558.79,4558.79,986,42
2026.05.05 18:35:00,4558.78,4559.91,4558.24,4559.53,875,35
2026.05.05 18:40:00,4559.53,4562.4,4557.47,4561.49,1096,42
2026.05.05 18:45:00,4561.5,4565.69,4561.27,4562.72,1264,42
2026.05.05 18:50:00,4562.71,4563.29,4560.41,4560.46,1053,42
2026.05.05 18:55:00,4560.46,4561.3,4559.52,4560.94,1018,42
2026.05.05 19:00:00,4560.94,4561.55,4558.25,4558.75,1009,42
2026.05.05 19:05:00,4558.75,4560.24,4557.29,4557.77,1090,42
2026.05.05 19:10:00,4557.77,4558.92,4556.79,4557.09,959,42
2026.05.05 19:15:00,4557.07,4558.38,4554.79,4558.14,1151,35
2026.05.05 19:20:00,4558.16,4558.82,4556.69,4557.04,900,42
2026.05.05 19:25:00,4557.03,4557.19,4555.27,4556.09,981,42
2026.05.05 19:30:00,4556.09,4557.4,4555.96,4556.31,869,42
2026.05.05 19:35:00,4556.32,4558.03,4555.52,4556.81,820,42
2026.05.05 19:40:00,4556.75,4556.98,4555.44,4555.49,667,42
2026.05.05 19:45:00,4555.53,4558.76,4554.87,4558.74,889,42
2026.05.05 19:50:00,4558.44,4558.52,4554.06,4554.82,1301,42
2026.05.05 19:55:00,4555.05,4555.51,4551.53,4554.56,1547,36
2026.05.05 20:00:00,4554.99,4555.64,4553.95,4554.41,888,42
2026.05.05 20:05:00,4554.39,4556.25,4554.23,4555.7,653,42
2026.05.05 20:10:00,4555.7,4557.2,4555.31,4556.99,485,42
2026.05.05 20:15:00,4556.26,4557.67,4555.78,4556.36,716,42
2026.05.05 20:20:00,4556.37,4556.64,4555.05,4556.09,574,42
2026.05.05 20:25:00,4556.12,4559.62,4556.12,4559.1,834,35
2026.05.05 20:30:00,4559.14,4559.92,4557.47,4557.59,684,42
2026.05.05 20:35:00,4557.59,4557.66,4555.56,4555.79,525,42
2026.05.05 20:40:00,4555.85,4556.41,4554.76,4555.44,455,42
2026.05.05 20:45:00,4555.44,4556.35,4554.62,4555.91,475,42
2026.05.05 20:50:00,4555.91,4556.57,4554.26,4554.95,419,42
2026.05.05 20:55:00,4554.95,4557.57,4554.51,4557.38,540,42
2026.05.05 22:00:00,4558.21,4558.26,4550.29,4552.41,861,42
2026.05.05 22:05:00,4552.24,4552.3,4548.92,4551.38,851,42
2026.05.05 22:10:00,4551.39,4552.06,4549.68,4550.56,728,42
2026.05.05 22:15:00,4550.56,4550.82,4548.17,4548.72,795,42
2026.05.05 22:20:00,4548.77,4549.92,4547.25,4549.61,673,35
2026.05.05 22:25:00,4549.54,4549.77,4546.33,4546.63,747,42
2026.05.05 22:30:00,4546.58,4549.24,4546.05,4549.04,694,42
2026.05.05 22:35:00,4549.03,4550.87,4548.88,4549.92,613,35
2026.05.05 22:40:00,4549.98,4550.77,4548.62,4548.63,544,42
2026.05.05 22:45:00,4548.54,4548.54,4546.93,4547.58,625,42
2026.05.05 22:50:00,4547.58,4558.79,4547.3,4558.57,1333,35
2026.05.05 22:55:00,4558.57,4576.7,4558.57,4573.53,1744,35
2026.05.05 23:00:00,4573.53,4575.47,4569.41,4574.79,1337,42
2026.05.05 23:05:00,4574.82,4580.48,4572.91,4579.6,1247,42
2026.05.05 23:10:00,4579.55,4590.57,4577.36,4588.7,1637,39
2026.05.05 23:15:00,4588.7,4589.78,4583.42,4585.78,1476,36
2026.05.05 23:20:00,4585.78,4588.9,4583.13,4584.54,1352,42
2026.05.05 23:25:00,4584.27,4585.26,4581.98,4582.05,1134,42
2026.05.05 23:30:00,4582.01,4585.73,4579.43,4584.22,1282,42
2026.05.05 23:35:00,4584.16,4587.53,4583.58,4586.57,966,35
2026.05.05 23:40:00,4586.57,4588.39,4584.83,4585.13,877,35
2026.05.05 23:45:00,4585.11,4594.07,4584.29,4593.7,1238,42
2026.05.05 23:50:00,4593.69,4595.03,4591.9,4591.97,1254,42
2026.05.05 23:55:00,4591.97,4595.83,4590.77,4593.89,1062,42
2026.05.06 00:00:00,4593.8,4598.07,4591.6,4595.49,1630,35
2026.05.06 00:05:00,4595.52,4596.01,4591.08,4592.37,1438,35
2026.05.06 00:10:00,4592.52,4592.93,4589.29,4591.79,1403,38
2026.05.06 00:15:00,4591.79,4597.28,4588.15,4596.15,1513,35
2026.05.06 00:20:00,4596.15,4603.0,4595.93,4602.31,1641,36
2026.05.06 00:25:00,4602.3,4603.94,4599.89,4602.05,1346,35
2026.05.06 00:30:00,4602.07,4608.8,4601.93,4608.58,1457,35
2026.05.06 00:35:00,4608.59,4610.21,4607.72,4608.19,1284,38
2026.05.06 00:40:00,4608.2,4611.01,4607.72,4610.23,1222,36
2026.05.06 00:45:00,4610.15,4611.0,4609.2,4609.72,1165,42
2026.05.06 00:50:00,4609.71,4611.4,4609.71,4610.8,1014,41
2026.05.06 00:55:00,4610.83,4619.88,4610.74,4618.59,1706,42
2026.05.06 01:00:00,4618.56,4622.44,4613.01,4615.38,2127,38
2026.05.06 01:05:00,4615.38,4615.59,4610.85,4612.36,1492,35
2026.05.06 01:10:00,4612.37,4612.76,4609.37,4611.4,1355,42
2026.05.06 01:15:00,4611.38,4618.54,4609.64,4617.57,1533,35
2026.05.06 01:20:00,4617.6,4623.83,4616.09,4623.42,1438,35
2026.05.06 01:25:00,4623.32,4625.67,4621.27,4624.87,1568,42
2026.05.06 01:30:00,4624.87,4626.14,4620.53,4622.52,1627,40
2026.05.06 01:35:00,4622.54,4624.45,4620.26,4623.8,1348,42
2026.05.06 01:40:00,4623.8,4624.89,4621.68,4623.72,1225,42
2026.05.06 01:45:00,4623.64,4628.51,4623.32,4628.39,1427,35
2026.05.06 01:50:00,4628.42,4628.59,4623.79,4624.59,1256,42
2026.05.06 01:55:00,4624.59,4626.61,4623.74,4625.92,1182,42
2026.05.06 02:00:00,4625.82,4628.96,4625.28,4627.8,1276,35
2026.05.06 02:05:00,4627.84,4633.44,4627.27,4632.72,1376,40
2026.05.06 02:10:00,4632.73,4634.14,4630.04,4633.22,1256,42
2026.05.06 02:15:00,4633.22,4636.1,4632.23,4634.12,1096,35
2026.05.06 02:20:00,4634.1,4635.73,4631.65,4633.48,1059,41
2026.05.06 02:25:00,4633.48,4634.34,4629.65,4629.94,951,41
2026.05.06 02:30:00,4630.26,4632.02,4626.87,4631.24,1405,41
2026.05.06 02:35:00,4631.24,4634.12,4630.39,4630.57,1228,42
2026.05.06 02:40:00,4630.55,4634.89,4629.96,4634.52,1109,42
2026.05.06 02:45:00,4634.46,4638.44,4633.75,4635.56,1358,35
2026.05.06 02:50:00,4635.58,4638.66,4634.39,4638.53,1071,35
2026.05.06 02:55:00,4638.4,4641.68,4638.18,4640.52,1149,42
2026.05.06 03:00:00,4640.53,4642.49,4638.48,4641.0,1212,42
2026.05.06 03:05:00,4640.86,4645.55,4640.39,4644.61,1356,35
2026.05.06 03:10:00,4644.58,4650.14,4643.08,4647.75,1354,35
2026.05.06 03:15:00,4647.67,4650.08,4646.25,4649.3,1277,42
2026.05.06 03:20:00,4649.25,4650.94,4644.48,4645.73,1175,35
2026.05.06 03:25:00,4645.66,4646.49,4644.48,4645.48,1057,42
2026.05.06 03:30:00,4645.49,4645.49,4642.54,4643.88,1160,42
2026.05.06 03:35:00,4643.69,4651.84,4643.47,4651.33,1224,38
2026.05.06 03:40:00,4651.33,4651.48,4645.22,4647.68,1207,42
2026.05.06 03:45:00,4647.69,4648.44,4644.18,4644.39,894,35
2026.05.06 03:50:00,4644.38,4646.59,4643.83,4644.07,697,42
2026.05.06 03:55:00,4644.08,4645.07,4642.85,4643.69,692,42
2026.05.06 04:00:00,4643.66,4645.82,4643.25,4644.66,786,42
2026.05.06 04:05:00,4644.65,4647.65,4643.38,4645.9,965,42
2026.05.06 04:10:00,4645.9,4647.55,4645.41,4647.55,689,42
2026.05.06 04:15:00,4647.56,4648.89,4645.72,4645.85,764,35
2026.05.06 04:20:00,4645.85,4646.48,4645.54,4646.43,567,42
2026.05.06 04:25:00,4646.43,4653.45,4645.53,4652.36,1312,42
2026.05.06 04:30:00,4652.38,4652.43,4648.56,4649.36,1349,35
2026.05.06 04:35:00,4649.36,4651.34,4648.28,4649.18,1455,41
2026.05.06 04:40:00,4649.17,4650.28,4646.04,4647.73,1368,35
2026.05.06 04:45:00,4647.73,4652.67,4647.06,4650.29,1179,42
2026.05.06 04:50:00,4650.29,4651.85,4648.33,4649.0,1002,42
2026.05.06 04:55:00,4648.97,4651.08,4648.71,4648.86,969,42
2026.05.06 05:00:00,4648.89,4653.6,4648.74,4651.87,1016,42
2026.05.06 05:05:00,4651.88,4656.49,4650.09,4655.34,1101,35
2026.05.06 05:10:00,4655.34,4656.18,4652.98,4654.83,1015,42
2026.05.06 05:15:00,4654.8,4654.8,4649.43,4651.78,1145,38
2026.05.06 05:20:00,4651.79,4653.9,4650.05,4653.81,907,42
2026.05.06 05:25:00,4653.74,4655.12,4650.26,4650.28,974,42
2026.05.06 05:30:00,4650.26,4651.95,4644.88,4646.65,1669,42
2026.05.06 05:35:00,4646.63,4647.54,4644.52,4646.84,1263,42
2026.05.06 05:40:00,4646.87,4650.98,4644.92,4649.83,1193,42
2026.05.06 05:45:00,4649.86,4651.54,4649.15,4649.39,1130,42
2026.05.06 05:50:00,4649.51,4653.21,4649.44,4652.78,1204,42
2026.05.06 05:55:00,4652.78,4663.81,4651.8,4662.88,1713,38
2026.05.06 06:00:00,4662.88,4665.62,4658.06,4658.4,1796,35
2026.05.06 06:05:00,4658.4,4665.7,4656.86,4663.45,1589,35
2026.05.06 06:10:00,4663.45,4664.29,4660.01,4660.02,1443,42
2026.05.06 06:15:00,4660.02,4661.32,4658.15,4658.22,1231,35
2026.05.06 06:20:00,4658.24,4664.59,4657.84,4662.67,1374,42
2026.05.06 06:25:00,4662.7,4666.56,4661.83,4665.99,1367,35
2026.05.06 06:30:00,4666.07,4668.53,4663.39,4664.12,1446,35
2026.05.06 06:35:00,4664.0,4668.25,4662.15,4666.07,1375,35
2026.05.06 06:40:00,4666.07,4667.75,4659.96,4664.07,1533,35
2026.05.06 06:45:00,4664.06,4666.54,4663.57,4664.95,1320,35
2026.05.06 06:50:00,4664.95,4665.36,4662.8,4664.63,1218,35
2026.05.06 06:55:00,4664.62,4669.3,4664.33,4669.26,1303,35
2026.05.06 07:00:00,4669.28,4670.28,4665.28,4667.7,1359,35
2026.05.06 07:05:00,4667.7,4668.17,4665.99,4666.87,1125,35
2026.05.06 07:10:00,4666.97,4668.0,4658.31,4658.51,1528,35
2026.05.06 07:15:00,4658.53,4660.68,4657.3,4660.61,1393,35
2026.05.06 07:20:00,4660.5,4665.77,4659.48,4664.93,1391,35
2026.05.06 07:25:00,4664.94,4669.85,4663.0,4667.19,1631,35
2026.05.06 07:30:00,4667.23,4668.32,4663.43,4665.8,1530,35
2026.05.06 07:35:00,4665.8,4666.76,4662.97,4664.83,1251,35
2026.05.06 07:40:00,4664.83,4670.4,4664.5,4670.4,1202,35
2026.05.06 07:45:00,4670.37,4677.15,4669.93,4675.14,1926,35
2026.05.06 07:50:00,4675.13,4678.43,4673.77,4674.46,1437,35
2026.05.06 07:55:00,4674.47,4681.55,4674.14,4681.41,1501,35
2026.05.06 08:00:00,4681.12,4682.23,4675.82,4677.73,1667,35
2026.05.06 08:05:00,4677.76,4680.15,4674.95,4677.42,1482,35
2026.05.06 08:10:00,4677.44,4682.09,4676.72,4679.45,1605,35
2026.05.06 08:15:00,4679.37,4680.69,4677.54,4678.57,1294,35
2026.05.06 08:20:00,4678.57,4679.69,4676.87,4678.33,1257,35
2026.05.06 08:25:00,4678.29,4680.02,4676.68,4676.87,1052,35
2026.05.06 08:30:00,4676.89,4678.11,4675.32,4675.9,1197,35
2026.05.06 08:35:00,4675.9,4675.95,4671.72,4675.69,1565,35
2026.05.06 08:40:00,4675.69,4678.78,4673.34,4677.38,1348,35
2026.05.06 08:45:00,4677.37,4681.97,4677.32,4679.62,1243,35
2026.05.06 08:50:00,4679.62,4702.5,4679.45,4697.41,2580,35
2026.05.06 08:55:00,4698.01,4700.95,4692.88,4699.72,2246,35
2026.05.06 09:00:00,4700.0,4708.65,4692.0,4692.23,2287,35
2026.05.06 09:05:00,4691.85,4696.32,4689.16,4694.88,2047,35
2026.05.06 09:10:00,4694.88,4698.87,4693.73,4695.73,1665,35
2026.05.06 09:15:00,4695.66,4702.69,4694.68,4699.67,1920,35
2026.05.06 09:20:00,4699.82,4700.01,4691.27,4695.75,1825,35
2026.05.06 09:25:00,4695.8,4704.83,4694.35,4700.08,1786,35
2026.05.06 09:30:00,4699.76,4704.17,4696.12,4703.25,1850,35
2026.05.06 09:35:00,4703.28,4705.92,4701.73,4703.23,1720,35
2026.05.06 09:40:00,4703.25,4704.75,4695.75,4696.02,1528,35
2026.05.06 09:45:00,4696.02,4702.12,4693.7,4701.22,1628,35
2026.05.06 09:50:00,4701.21,4701.21,4697.24,4700.23,1398,35
2026.05.06 09:55:00,4700.23,4702.86,4700.17,4701.63,1323,35
2026.05.06 10:00:00,4701.64,4705.45,4698.79,4700.68,1691,35
2026.05.06 10:05:00,4700.63,4701.82,4695.88,4696.4,1504,35
2026.05.06 10:10:00,4696.58,4700.15,4695.9,4698.12,1461,35
2026.05.06 10:15:00,4698.11,4701.0,4695.32,4698.57,1446,35
2026.05.06 10:20:00,4698.57,4701.9,4697.43,4701.04,1339,35
2026.05.06 10:25:00,4701.05,4704.58,4700.94,4704.08,1481,35
2026.05.06 10:30:00,4704.08,4712.08,4704.08,4709.16,1840,35
2026.05.06 10:35:00,4709.64,4710.92,4707.91,4710.06,1546,35
2026.05.06 10:40:00,4710.14,4715.98,4709.81,4713.98,1881,35
2026.05.06 10:45:00,4714.04,4715.41,4707.2,4710.58,1929,35
2026.05.06 10:50:00,4710.71,4722.52,4710.0,4721.75,2032,35
2026.05.06 10:55:00,4721.74,4721.8,4715.93,4717.93,1888,35
2026.05.06 11:00:00,4717.93,4720.45,4711.42,4713.49,1981,35
2026.05.06 11:05:00,4713.52,4721.19,4713.19,4719.88,1766,35
2026.05.06 11:10:00,4719.89,4720.48,4709.24,4711.87,1853,35
2026.05.06 11:15:00,4711.94,4713.59,4709.21,4712.0,1758,35
2026.05.06 11:20:00,4712.0,4712.8,4708.83,4709.95,1527,35
2026.05.06 11:25:00,4709.95,4712.39,4705.41,4705.44,1567,35
2026.05.06 11:30:00,4705.31,4715.38,4704.23,4713.6,1756,35
2026.05.06 11:35:00,4713.57,4714.92,4709.47,4710.11,1485,35
2026.05.06 11:40:00,4710.08,4711.41,4698.7,4699.46,2010,35
2026.05.06 11:45:00,4699.47,4702.62,4696.88,4697.44,1858,35
2026.05.06 11:50:00,4697.78,4700.45,4696.12,4697.6,1789,35
2026.05.06 11:55:00,4697.72,4697.86,4690.58,4691.88,1756,35
2026.05.06 12:00:00,4691.83,4692.9,4681.26,4685.45,2116,35
2026.05.06 12:05:00,4685.53,4687.3,4679.81,4682.45,2018,35
2026.05.06 12:10:00,4682.41,4682.41,4670.8,4673.11,1971,35
2026.05.06 12:15:00,4673.12,4676.93,4660.69,4670.24,2313,35
2026.05.06 12:20:00,4670.33,4683.78,4669.11,4682.72,2136,35
2026.05.06 12:25:00,4682.73,4688.61,4682.17,4683.32,1896,35
2026.05.06 12:30:00,4683.69,4685.41,4678.05,4683.53,1796,35
2026.05.06 12:35:00,4683.53,4684.09,4678.95,4680.29,1636,35
2026.05.06 12:40:00,4680.23,4683.46,4679.17,4682.59,1655,35
2026.05.06 12:45:00,4682.59,4684.49,4678.93,4681.09,1515,35
2026.05.06 12:50:00,4681.08,4681.35,4676.63,4677.25,1547,35
2026.05.06 12:55:00,4677.3,4683.63,4676.8,4683.12,1634,35
2026.05.06 13:00:00,4683.09,4692.2,4677.23,4682.76,2122,35
2026.05.06 13:05:00,4682.9,4685.63,4668.79,4673.15,2450,35
2026.05.06 13:10:00,4673.93,4683.57,4672.14,4683.51,1881,35
2026.05.06 13:15:00,4683.5,4691.06,4682.76,4682.83,1809,35
2026.05.06 13:20:00,4682.85,4685.75,4679.78,4685.37,1757,35
2026.05.06 13:25:00,4685.38,4686.56,4682.48,4685.27,1614,35
2026.05.06 13:30:00,4685.26,4698.52,4680.19,4697.66,2472,35
2026.05.06 13:35:00,4697.63,4699.17,4693.09,4694.04,2389,35
2026.05.06 13:40:00,4694.04,4698.48,4693.13,4695.3,2194,35
2026.05.06 13:45:00,4695.3,4701.28,4692.49,4700.71,2183,35
2026.05.06 13:50:00,4700.81,4707.92,4693.79,4703.67,2221,35
2026.05.06 13:55:00,4703.68,4706.1,4701.57,4702.09,2137,35
2026.05.06 14:00:00,4702.17,4710.04,4700.96,4705.8,2358,35
2026.05.06 14:05:00,4705.83,4709.1,4697.92,4707.79,2403,35
2026.05.06 14:10:00,4707.74,4712.52,4706.19,4710.86,2172,35
2026.05.06 14:15:00,4710.89,4717.47,4710.83,4712.87,2267,35
2026.05.06 14:20:00,4713.05,4715.31,4708.53,4709.07,2008,35
2026.05.06 14:25:00,4709.1,4712.76,4704.76,4705.73,2050,35
2026.05.06 14:30:00,4705.95,4709.77,4704.53,4706.72,1961,35
2026.05.06 14:35:00,4706.7,4709.78,4704.91,4708.23,1877,35
2026.05.06 14:40:00,4708.25,4714.42,4706.04,4713.07,2217,35
2026.05.06 14:45:00,4713.13,4713.88,4704.9,4705.95,2089,35
2026.05.06 14:50:00,4706.06,4707.04,4700.76,4701.33,2108,35
2026.05.06 14:55:00,4701.33,4706.81,4701.33,4702.81,1834,35
2026.05.06 15:00:00,4702.78,4705.73,4700.45,4705.72,1965,35
2026.05.06 15:05:00,4705.65,4705.74,4697.48,4698.74,1876,35
2026.05.06 15:10:00,4698.7,4700.52,4693.3,4696.59,1930,35
2026.05.06 15:15:00,4696.58,4701.45,4694.14,4701.45,1821,35
2026.05.06 15:20:00,4701.46,4703.19,4698.52,4698.84,1670,35
2026.05.06 15:25:00,4698.85,4698.89,4695.15,4695.43,1603,35
2026.05.06 15:30:00,4695.47,4697.86,4693.27,4694.36,1707,35
2026.05.06 15:35:00,4694.36,4695.64,4691.35,4692.0,1649,35
2026.05.06 15:40:00,4691.95,4694.14,4689.31,4692.7,1590,35
2026.05.06 15:45:00,4692.7,4694.82,4690.87,4692.96,1729,35
2026.05.06 15:50:00,4692.96,4693.97,4690.83,4692.25,1598,35
2026.05.06 15:55:00,4692.19,4693.66,4687.71,4687.76,1546,35
2026.05.06 16:00:00,4687.56,4687.83,4683.63,4685.94,1876,35
2026.05.06 16:05:00,4686.08,4688.43,4681.13,4683.21,1769,35
2026.05.06 16:10:00,4683.31,4685.35,4682.12,4683.67,1565,35
2026.05.06 16:15:00,4683.57,4685.76,4682.55,4684.37,1566,35
2026.05.06 16:20:00,4684.53,4685.08,4682.7,4683.17,1342,35
2026.05.06 16:25:00,4683.17,4688.52,4683.08,4688.27,1353,35
2026.05.06 16:30:00,4688.25,4690.45,4685.36,4687.29,1561,35
2026.05.06 16:35:00,4687.27,4689.85,4686.09,4689.42,1284,35
2026.05.06 16:40:00,4689.42,4692.02,4688.56,4688.56,1301,35
2026.05.06 16:45:00,4688.5,4689.92,4686.07,4687.95,1478,35
2026.05.06 16:50:00,4687.95,4688.72,4683.36,4684.4,1394,35
2026.05.06 16:55:00,4684.4,4685.92,4679.62,4682.7,1667,35
2026.05.06 17:00:00,4682.7,4685.95,4679.64,4685.74,1738,35
2026.05.06 17:05:00,4685.73,4688.0,4684.51,4686.08,1382,42
2026.05.06 17:10:00,4686.06,4686.99,4684.34,4685.43,1281,35
2026.05.06 17:15:00,4685.42,4686.07,4681.25,4681.36,1182,35
2026.05.06 17:20:00,4681.33,4683.29,4680.32,4681.29,1456,42
2026.05.06 17:25:00,4681.2,4684.56,4679.95,4682.96,1546,42
2026.05.06 17:30:00,4682.92,4683.33,4680.55,4682.61,1211,37
2026.05.06 17:35:00,4682.62,4682.62,4679.1,4679.34,1185,42
2026.05.06 17:40:00,4679.34,4681.05,4678.83,4680.5,1095,42
2026.05.06 17:45:00,4680.47,4682.15,4680.37,4680.84,1126,42
2026.05.06 17:50:00,4680.67,4681.93,4680.3,4681.59,974,42
2026.05.06 17:55:00,4681.56,4684.38,4681.53,4684.0,1135,42
2026.05.06 18:00:00,4684.02,4685.32,4681.83,4682.61,1101,42
2026.05.06 18:05:00,4682.64,4685.56,4682.59,4685.46,1026,42
2026.05.06 18:10:00,4685.45,4687.43,4684.6,4686.69,1029,42
2026.05.06 18:15:00,4686.73,4689.09,4686.38,4688.37,993,42
2026.05.06 18:20:00,4688.5,4690.41,4687.2,4687.74,1072,42
2026.05.06 18:25:00,4687.75,4688.83,4687.23,4687.66,1007,42
2026.05.06 18:30:00,4687.95,4689.36,4686.71,4688.93,1119,42
2026.05.06 18:35:00,4688.9,4690.26,4687.94,4688.15,980,42
2026.05.06 18:40:00,4688.15,4688.16,4685.08,4686.08,961,42
2026.05.06 18:45:00,4686.1,4688.06,4685.52,4686.97,972,42
2026.05.06 18:50:00,4686.95,4687.56,4684.57,4686.36,1012,42
2026.05.06 18:55:00,4686.37,4687.6,4685.29,4685.94,918,42
2026.05.06 19:00:00,4685.94,4692.45,4685.9,4691.17,1153,42
2026.05.06 19:05:00,4690.9,4694.56,4690.46,4694.24,1134,42
2026.05.06 19:10:00,4694.23,4695.65,4693.67,4695.03,906,42
2026.05.06 19:15:00,4695.06,4698.0,4694.6,4696.49,1110,42
2026.05.06 19:20:00,4696.48,4699.98,4696.45,4699.57,963,41
2026.05.06 19:25:00,4699.58,4699.77,4697.69,4698.3,970,42
2026.05.06 19:30:00,4698.3,4698.86,4695.39,4697.0,1120,42
2026.05.06 19:35:00,4697.0,4698.53,4696.18,4697.34,1019,42
2026.05.06 19:40:00,4697.35,4697.52,4693.71,4695.27,999,42
2026.05.06 19:45:00,4695.28,4696.9,4694.37,4694.72,1005,42
2026.05.06 19:50:00,4694.71,4698.02,4694.71,4697.24,1292,42
2026.05.06 19:55:00,4697.23,4697.63,4692.19,4692.2,1202,42
2026.05.06 20:00:00,4692.24,4695.16,4692.24,4695.08,1075,42
2026.05.06 20:05:00,4695.08,4697.16,4694.56,4696.48,752,35
2026.05.06 20:10:00,4696.46,4699.5,4696.03,4698.83,770,42
2026.05.06 20:15:00,4698.87,4699.37,4697.05,4697.97,680,42
2026.05.06 20:20:00,4697.97,4698.32,4693.93,4694.44,823,42
2026.05.06 20:25:00,4694.45,4694.67,4691.94,4692.68,645,42
2026.05.06 20:30:00,4692.7,4693.05,4690.01,4690.1,601,42
2026.05.06 20:35:00,4690.12,4692.11,4689.55,4690.67,639,42
2026.05.06 20:40:00,4690.47,4690.59,4688.55,4688.55,699,35
2026.05.06 20:45:00,4688.5,4689.54,4685.07,4689.32,913,42
2026.05.06 20:50:00,4689.32,4691.24,4687.78,4690.99,700,42
2026.05.06 20:55:00,4691.11,4691.75,4689.93,4690.84,393,42
2026.05.06 22:00:00,4698.24,4698.24,4689.23,4690.47,647,42
2026.05.06 22:05:00,4690.49,4694.78,4690.49,4694.26,698,42
2026.05.06 22:10:00,4694.26,4698.08,4693.21,4696.92,914,42
2026.05.06 22:15:00,4696.92,4699.66,4696.34,4699.3,838,42
2026.05.06 22:20:00,4699.25,4699.88,4697.11,4697.93,795,35
2026.05.06 22:25:00,4697.92,4698.55,4693.3,4695.45,864,41
2026.05.06 22:30:00,4695.44,4698.45,4694.32,4698.15,688,42
2026.05.06 22:35:00,4698.1,4699.39,4696.41,4697.14,671,42
2026.05.06 22:40:00,4697.13,4699.56,4696.3,4698.76,566,35
2026.05.06 22:45:00,4698.76,4698.76,4695.82,4697.57,647,41
2026.05.06 22:50:00,4697.58,4698.46,4695.75,4696.03,686,42
2026.05.06 22:55:00,4696.02,4697.02,4694.33,4694.77,706,35
2026.05.06 23:00:00,4694.75,4696.91,4693.95,4696.64,709,42
2026.05.06 23:05:00,4696.64,4698.41,4695.68,4697.35,715,42
2026.05.06 23:10:00,4696.96,4697.12,4693.86,4694.27,630,42
2026.05.06 23:15:00,4694.22,4697.9,4693.83,4696.7,733,41
2026.05.06 23:20:00,4696.7,4697.19,4692.51,4693.7,810,42
2026.05.06 23:25:00,4693.63,4693.95,4690.04,4693.13,869,41
2026.05.06 23:30:00,4693.2,4693.63,4691.54,4692.94,867,42
2026.05.06 23:35:00,4692.87,4694.27,4692.64,4693.0,508,42
2026.05.06 23:40:00,4693.11,4693.65,4692.66,4693.5,436,42
2026.05.06 23:45:00,4693.48,4699.5,4693.42,4696.9,1080,42
2026.05.06 23:50:00,4696.9,4697.7,4695.74,4696.67,750,42
2026.05.06 23:55:00,4696.67,4698.93,4696.48,4698.79,1005,42
2026.05.07 00:00:00,4698.74,4700.65,4692.75,4693.44,1665,42
2026.05.07 00:05:00,4693.53,4695.77,4689.69,4694.8,1885,35
2026.05.07 00:10:00,4694.76,4700.8,4694.42,4699.77,1875,35
2026.05.07 00:15:00,4699.77,4700.38,4694.86,4698.02,1644,41
2026.05.07 00:20:00,4697.93,4701.02,4696.86,4698.54,1424,41
2026.05.07 00:25:00,4698.28,4698.42,4692.11,4692.34,1415,42
2026.05.07 00:30:00,4692.31,4693.13,4688.97,4691.81,1449,35
2026.05.07 00:35:00,4691.92,4693.35,4690.38,4692.26,1171,42
2026.05.07 00:40:00,4692.26,4692.73,4685.76,4688.42,1364,35
2026.05.07 00:45:00,4688.41,4691.33,4686.24,4689.76,1239,42
2026.05.07 00:50:00,4689.76,4691.54,4685.86,4686.05,1263,42
2026.05.07 00:55:00,4686.09,4688.88,4685.45,4688.55,1265,41
2026.05.07 01:00:00,4688.55,4693.77,4685.18,4692.51,1954,42
2026.05.07 01:05:00,4692.48,4698.69,4691.88,4697.43,1703,35
2026.05.07 01:10:00,4697.5,4710.89,4697.5,4709.64,2103,35
2026.05.07 01:15:00,4709.64,4716.3,4707.84,4712.62,1971,42
2026.05.07 01:20:00,4712.69,4712.91,4708.75,4709.99,1825,41
2026.05.07 01:25:00,4709.91,4710.72,4703.56,4704.05,1733,42
2026.05.07 01:30:00,4703.88,4707.53,4702.18,4705.11,1768,42
2026.05.07 01:35:00,4705.11,4713.09,4704.83,4713.05,1655,42
2026.05.07 01:40:00,4713.36,4717.88,4711.21,4712.68,1738,42
2026.05.07 01:45:00,4712.65,4719.78,4712.37,4718.69,1553,42
2026.05.07 01:50:00,4718.68,4721.51,4716.85,4716.93,1494,35
2026.05.07 01:55:00,4716.91,4717.52,4713.4,4714.59,1467,42
2026.05.07 02:00:00,4714.59,4718.43,4714.23,4714.75,1603,42
2026.05.07 02:05:00,4714.81,4716.85,4712.87,4713.01,1449,42
2026.05.07 02:10:00,4713.02,4713.52,4703.41,4704.04,1756,42
2026.05.07 02:15:00,4704.11,4707.75,4702.83,4706.07,1344,42
2026.05.07 02:20:00,4706.08,4707.47,4701.69,4703.36,1298,42
2026.05.07 02:25:00,4703.47,4705.52,4701.64,4702.65,1098,42
2026.05.07 02:30:00,4702.53,4703.26,4699.68,4701.08,1558,42
2026.05.07 02:35:00,4701.07,4703.74,4700.86,4701.99,1268,42
2026.05.07 02:40:00,4701.97,4705.29,4701.08,4704.03,1125,42
2026.05.07 02:45:00,4704.04,4707.61,4704.04,4706.48,1145,42
2026.05.07 02:50:00,4706.48,4707.18,4704.65,4706.51,1314,41
2026.05.07 02:55:00,4706.51,4709.85,4705.75,4707.09,1215,41
2026.05.07 03:00:00,4706.96,4709.47,4704.65,4708.95,1252,42
2026.05.07 03:05:00,4709.15,4709.82,4707.25,4708.57,1137,42
2026.05.07 03:10:00,4708.57,4709.14,4704.07,4705.73,1154,42
2026.05.07 03:15:00,4705.77,4708.34,4704.9,4708.21,1019,42
2026.05.07 03:20:00,4708.26,4708.69,4705.07,4705.81,1147,42
2026.05.07 03:25:00,4705.8,4706.85,4704.2,4704.32,1029,42
2026.05.07 03:30:00,4704.36,4704.8,4702.23,4704.06,1108,42
2026.05.07 03:35:00,4704.07,4704.91,4702.4,4704.63,838,42
2026.05.07 03:40:00,4704.69,4704.76,4702.41,4703.76,698,42
2026.05.07 03:45:00,4703.76,4704.19,4701.71,4704.04,846,42
2026.05.07 03:50:00,4704.03,4704.75,4702.21,4704.14,774,42
2026.05.07 03:55:00,4704.13,4704.15,4698.8,4699.06,998,42
2026.05.07 04:00:00,4699.05,4700.79,4697.0,4698.35,1192,42
2026.05.07 04:05:00,4698.35,4700.77,4698.1,4699.84,1104,42
2026.05.07 04:10:00,4699.82,4700.45,4696.56,4696.6,1018,42
2026.05.07 04:15:00,4696.62,4697.19,4694.78,4695.62,1094,42
2026.05.07 04:20:00,4695.63,4698.45,4695.22,4697.66,988,42
2026.05.07 04:25:00,4697.68,4698.06,4695.51,4696.81,829,38
2026.05.07 04:30:00,4696.79,4697.38,4693.42,4693.64,848,42
2026.05.07 04:35:00,4693.64,4695.94,4692.34,4695.72,836,42
2026.05.07 04:40:00,4695.75,4698.92,4695.75,4697.89,872,42
2026.05.07 04:45:00,4698.03,4698.85,4694.31,4695.42,921,42
2026.05.07 04:50:00,4695.4,4696.47,4693.78,4695.54,960,42
2026.05.07 04:55:00,4695.55,4697.41,4694.17,4696.29,979,42
2026.05.07 05:00:00,4696.27,4701.0,4696.17,4699.85,1304,42
2026.05.07 05:05:00,4699.78,4699.78,4698.15,4698.95,1066,42
2026.05.07 05:10:00,4698.95,4700.81,4698.75,4700.26,888,35
2026.05.07 05:15:00,4700.26,4700.6,4695.78,4695.93,911,42
2026.05.07 05:20:00,4695.91,4697.59,4694.67,4695.14,1154,42
2026.05.07 05:25:00,4695.15,4696.6,4694.69,4695.85,885,42
2026.05.07 05:30:00,4695.84,4705.67,4694.88,4703.14,1682,35
2026.05.07 05:35:00,4703.14,4705.9,4702.36,4704.98,1129,35
2026.05.07 05:40:00,4705.01,4705.57,4702.95,4703.51,1176,42
2026.05.07 05:45:00,4703.48,4704.91,4702.17,4704.8,1140,42
2026.05.07 05:50:00,4704.8,4706.48,4702.68,4704.58,1319,42
2026.05.07 05:55:00,4704.62,4705.04,4700.82,4701.06,1348,42
2026.05.07 06:00:00,4701.13,4707.38,4701.0,4705.78,1419,42
2026.05.07 06:05:00,4705.81,4707.72,4704.75,4707.48,1303,42
2026.05.07 06:10:00,4707.55,4710.36,4707.17,4707.92,1488,35
2026.05.07 06:15:00,4707.97,4710.82,4707.04,4709.72,1368,42
2026.05.07 06:20:00,4709.73,4713.86,4709.17,4713.34,1652,42
2026.05.07 06:25:00,4713.36,4717.92,4711.54,4717.24,1567,35
2026.05.07 06:30:00,4717.07,4733.59,4715.86,4732.82,2058,35
2026.05.07 06:35:00,4733.15,4744.0,4733.12,4742.44,2156,35
2026.05.07 06:40:00,4742.74,4749.85,4739.76,4745.85,2072,35
2026.05.07 06:45:00,4745.52,4746.96,4737.84,4737.98,1827,37
2026.05.07 06:50:00,4737.96,4740.12,4736.22,4736.57,1470,36
2026.05.07 06:55:00,4736.57,4739.61,4735.62,4739.02,1360,38
2026.05.07 07:00:00,4738.39,4741.15,4731.53,4734.57,1914,35
2026.05.07 07:05:00,4734.73,4745.92,4733.04,4744.41,2080,35
2026.05.07 07:10:00,4744.46,4750.2,4743.39,4749.0,2241,35
2026.05.07 07:15:00,4749.03,4750.51,4741.91,4743.48,2102,35
2026.05.07 07:20:00,4743.5,4744.8,4739.24,4739.59,1951,35
2026.05.07 07:25:00,4739.49,4742.22,4737.77,4739.41,1807,35
2026.05.07 07:30:00,4739.41,4743.1,4738.14,4741.75,1793,35
2026.05.07 07:35:00,4741.73,4742.77,4739.13,4739.9,1601,35
2026.05.07 07:40:00,4739.9,4743.95,4739.52,4742.92,1420,35
2026.05.07 07:45:00,4742.92,4743.61,4737.07,4739.15,1628,35
2026.05.07 07:50:00,4739.17,4743.71,4738.52,4740.77,1718,35
2026.05.07 07:55:00,4740.75,4744.37,4739.0,4743.0,1583,35
2026.05.07 08:00:00,4742.99,4751.5,4742.46,4749.71,2130,35
2026.05.07 08:05:00,4749.71,4753.57,4746.15,4748.03,2052,35
2026.05.07 08:10:00,4748.03,4748.45,4742.26,4742.6,1875,35
2026.05.07 08:15:00,4742.58,4742.98,4735.53,4736.56,1797,35
2026.05.07 08:20:00,4736.54,4739.86,4735.33,4739.61,1819,35
2026.05.07 08:25:00,4739.45,4741.99,4733.67,4740.2,1682,35
2026.05.07 08:30:00,4740.19,4741.76,4736.64,4737.27,1483,35
2026.05.07 08:35:00,4737.1,4738.61,4733.82,4736.4,1581,35
2026.05.07 08:40:00,4736.38,4738.48,4735.04,4735.16,1368,35
2026.05.07 08:45:00,4735.08,4736.39,4733.27,4735.62,1445,35
2026.05.07 08:50:00,4735.7,4737.14,4732.24,4734.2,1684,35
2026.05.07 08:55:00,4734.2,4734.66,4730.59,4730.92,1528,35
2026.05.07 09:00:00,4730.97,4731.2,4721.71,4726.26,2085,35
2026.05.07 09:05:00,4726.33,4732.75,4726.02,4732.66,1661,35
2026.05.07 09:10:00,4732.66,4736.22,4732.38,4733.98,1509,35
2026.05.07 09:15:00,4733.99,4737.17,4731.14,4735.4,1463,35
2026.05.07 09:20:00,4735.41,4737.38,4733.75,4736.65,1500,35
2026.05.07 09:25:00,4736.6,4738.82,4733.89,4735.52,1440,35
2026.05.07 09:30:00,4735.28,4736.66,4732.95,4735.82,1578,35
2026.05.07 09:35:00,4735.82,4737.0,4733.59,4735.48,1375,35
2026.05.07 09:40:00,4735.55,4739.34,4735.47,4737.77,1378,35
2026.05.07 09:45:00,4737.99,4738.99,4735.41,4735.76,1218,35
2026.05.07 09:50:00,4735.83,4736.48,4732.96,4733.62,1568,35
2026.05.07 09:55:00,4733.82,4734.12,4725.79,4729.05,1744,35
2026.05.07 10:00:00,4728.99,4731.95,4726.58,4729.52,1703,35
2026.05.07 10:05:00,4729.44,4733.62,4728.24,4733.19,1481,35
2026.05.07 10:10:00,4733.19,4734.88,4732.2,4734.69,1438,35
2026.05.07 10:15:00,4734.71,4736.03,4731.16,4731.34,1301,35
2026.05.07 10:20:00,4731.34,4733.67,4728.52,4732.75,1368,35
2026.05.07 10:25:00,4732.75,4734.19,4731.49,4732.38,1113,35
2026.05.07 10:30:00,4732.4,4732.4,4727.72,4730.37,1202,35
2026.05.07 10:35:00,4730.37,4738.6,4729.7,4736.15,1416,35
2026.05.07 10:40:00,4736.16,4739.75,4736.01,4738.98,1301,35
2026.05.07 10:45:00,4739.04,4739.6,4735.62,4736.12,1362,35
2026.05.07 10:50:00,4736.07,4737.86,4735.27,4737.01,1256,35
2026.05.07 10:55:00,4736.98,4737.75,4735.17,4735.55,1159,35
2026.05.07 11:00:00,4736.11,4737.15,4734.54,4735.4,1408,35
2026.05.07 11:05:00,4735.42,4735.57,4732.37,4733.72,1319,35
2026.05.07 11:10:00,4733.71,4733.87,4728.28,4730.12,1396,35
2026.05.07 11:15:00,4730.15,4731.13,4727.14,4730.24,1583,35
2026.05.07 11:20:00,4730.19,4735.18,4728.65,4734.32,1589,35
2026.05.07 11:25:00,4734.33,4736.69,4730.78,4732.61,1680,35
2026.05.07 11:30:00,4732.64,4735.23,4731.69,4733.83,1502,35
2026.05.07 11:35:00,4733.89,4737.03,4733.07,4735.21,1684,35
2026.05.07 11:40:00,4735.23,4738.05,4734.27,4736.74,1404,35
2026.05.07 11:45:00,4736.76,4739.61,4735.1,4736.28,1475,35
2026.05.07 11:50:00,4736.29,4739.57,4734.07,4739.54,1713,35
2026.05.07 11:55:00,4739.49,4743.49,4738.35,4742.69,1829,35
2026.05.07 12:00:00,4743.06,4745.7,4739.7,4740.99,1978,35
2026.05.07 12:05:00,4741.01,4744.13,4739.7,4740.53,1754,35
2026.05.07 12:10:00,4740.55,4746.2,4740.0,4744.07,1948,35
2026.05.07 12:15:00,4743.86,4747.03,4742.55,4742.94,1824,35
2026.05.07 12:20:00,4742.72,4743.62,4734.39,4735.52,2032,35
2026.05.07 12:25:00,4735.52,4739.19,4733.38,4738.02,1593,35
2026.05.07 12:30:00,4738.02,4749.1,4737.26,4747.24,1811,35
2026.05.07 12:35:00,4747.17,4749.62,4743.63,4746.09,1688,35
2026.05.07 12:40:00,4746.07,4751.7,4745.78,4751.17,1734,35
2026.05.07 12:45:00,4751.22,4752.57,4747.79,4751.92,1773,35
2026.05.07 12:50:00,4752.09,4752.47,4747.13,4747.75,1605,35
2026.05.07 12:55:00,4747.78,4750.07,4744.91,4750.07,1769,35
2026.05.07 13:00:00,4750.07,4750.32,4737.79,4738.84,2253,35
2026.05.07 13:05:00,4738.73,4741.66,4736.64,4740.97,1937,35
2026.05.07 13:10:00,4740.97,4741.03,4731.13,4733.41,2034,35
2026.05.07 13:15:00,4733.41,4740.34,4731.24,4740.34,1977,35
2026.05.07 13:20:00,4740.48,4744.67,4738.0,4744.48,1794,35
2026.05.07 13:25:00,4744.46,4746.54,4742.17,4745.26,1739,35
2026.05.07 13:30:00,4744.99,4757.95,4743.48,4755.76,2469,35
2026.05.07 13:35:00,4755.76,4756.8,4751.01,4752.54,2282,35
2026.05.07 13:40:00,4752.57,4752.9,4747.73,4748.1,2148,35
2026.05.07 13:45:00,4748.11,4749.23,4739.38,4742.6,2552,35
2026.05.07 13:50:00,4742.36,4745.18,4737.51,4743.94,2294,35
2026.05.07 13:55:00,4743.98,4748.85,4743.68,4746.33,2108,35
2026.05.07 14:00:00,4745.91,4749.23,4742.31,4746.15,2174,35
2026.05.07 14:05:00,4746.1,4748.04,4743.99,4747.57,2034,35
2026.05.07 14:10:00,4747.57,4753.76,4744.78,4751.83,2145,35
2026.05.07 14:15:00,4751.81,4753.85,4741.26,4751.01,2153,35
2026.05.07 14:20:00,4751.01,4758.25,4750.48,4757.08,2124,35
2026.05.07 14:25:00,4757.23,4759.33,4755.94,4756.54,1858,35
2026.05.07 14:30:00,4756.44,4758.88,4747.85,4749.48,2103,35
2026.05.07 14:35:00,4749.47,4753.86,4747.71,4753.68,2003,35
2026.05.07 14:40:00,4753.67,4756.86,4750.22,4751.75,1908,35
2026.05.07 14:45:00,4751.79,4758.72,4751.07,4758.35,1951,35
2026.05.07 14:50:00,4758.43,4761.77,4756.16,4760.56,1926,35
2026.05.07 14:55:00,4760.62,4763.35,4760.03,4762.55,1737,35
2026.05.07 15:00:00,4762.55,4764.71,4757.7,4759.33,1924,35
2026.05.07 15:05:00,4759.33,4759.85,4755.9,4758.69,2049,35
2026.05.07 15:10:00,4758.68,4761.29,4754.56,4754.75,1994,35
2026.05.07 15:15:00,4754.77,4756.2,4753.12,4753.9,1993,35
2026.05.07 15:20:00,4753.9,4756.2,4745.7,4747.23,2080,35
2026.05.07 15:25:00,4747.17,4748.06,4736.34,4740.29,2500,35
2026.05.07 15:30:00,4740.24,4746.88,4739.4,4744.52,2186,35
2026.05.07 15:35:00,4744.52,4746.63,4741.23,4743.35,1794,35
2026.05.07 15:40:00,4743.35,4743.72,4738.82,4738.9,1760,35
2026.05.07 15:45:00,4738.83,4739.91,4733.9,4734.92,2129,35
2026.05.07 15:50:00,4734.9,4737.35,4728.77,4732.24,2281,35
2026.05.07 15:55:00,4732.39,4732.39,4726.38,4729.06,2191,35
2026.05.07 16:00:00,4729.11,4729.46,4721.99,4723.94,2435,35
2026.05.07 16:05:00,4723.78,4725.21,4716.44,4717.47,2372,35
2026.05.07 16:10:00,4717.6,4719.98,4713.12,4715.23,2366,35
2026.05.07 16:15:00,4715.21,4715.38,4704.28,4706.22,2542,35
2026.05.07 16:20:00,4706.28,4717.43,4705.73,4717.41,2447,35
2026.05.07 16:25:00,4717.41,4722.89,4717.04,4720.11,2149,35
2026.05.07 16:30:00,4720.15,4720.83,4714.22,4719.5,2158,35
2026.05.07 16:35:00,4719.49,4719.61,4711.5,4712.17,2111,35
2026.05.07 16:40:00,4712.24,4714.7,4710.17,4711.13,1888,35
2026.05.07 16:45:00,4711.13,4715.76,4710.52,4714.14,1952,35
2026.05.07 16:50:00,4714.14,4717.24,4710.61,4717.07,2078,35
2026.05.07 16:55:00,4717.17,4717.95,4711.81,4714.87,1764,35
2026.05.07 17:00:00,4714.91,4717.45,4712.18,4716.51,1910,35
2026.05.07 17:05:00,4716.47,4719.37,4714.68,4716.74,1763,38
2026.05.07 17:10:00,4716.8,4718.42,4711.63,4714.5,1902,42
2026.05.07 17:15:00,4714.63,4715.7,4705.59,4706.29,1961,38
2026.05.07 17:20:00,4706.52,4716.31,4705.49,4715.51,2235,42
2026.05.07 17:25:00,4715.43,4718.99,4687.58,4699.09,2682,38
2026.05.07 17:30:00,4698.76,4703.47,4693.21,4699.09,2513,35
2026.05.07 17:35:00,4699.2,4703.93,4695.77,4703.16,2306,35
2026.05.07 17:40:00,4703.08,4705.81,4698.21,4699.57,2124,42
2026.05.07 17:45:00,4699.46,4703.45,4698.11,4699.54,2045,42
2026.05.07 17:50:00,4699.56,4704.03,4697.95,4703.8,1894,42
2026.05.07 17:55:00,4703.84,4711.98,4702.97,4711.23,2205,35
2026.05.07 18:00:00,4711.28,4712.42,4706.62,4707.44,2008,42
2026.05.07 18:05:00,4707.61,4711.83,4706.35,4707.4,1728,42
2026.05.07 18:10:00,4707.4,4709.78,4704.87,4707.96,1815,42
2026.05.07 18:15:00,4707.98,4709.73,4706.72,4708.33,1493,42
2026.05.07 18:20:00,4708.35,4710.85,4706.36,4706.57,1753,42
2026.05.07 18:25:00,4706.6,4712.97,4705.5,4712.8,1862,42
2026.05.07 18:30:00,4712.87,4715.51,4711.66,4713.41,1779,42
2026.05.07 18:35:00,4713.42,4715.88,4707.5,4713.04,2035,42
2026.05.07 18:40:00,4713.03,4714.48,4703.23,4706.04,1829,42
2026.05.07 18:45:00,4705.92,4708.96,4698.75,4700.67,2314,42
2026.05.07 18:50:00,4700.55,4704.65,4695.55,4703.1,2297,37
2026.05.07 18:55:00,4702.8,4711.26,4701.88,4709.6,2140,42
2026.05.07 19:00:00,4709.78,4712.78,4704.99,4705.66,1988,42
2026.05.07 19:05:00,4705.75,4711.36,4705.75,4709.9,1984,42
2026.05.07 19:10:00,4709.85,4711.57,4708.76,4710.0,1780,42
2026.05.07 19:15:00,4709.99,4710.87,4699.93,4702.11,2037,42
2026.05.07 19:20:00,4702.03,4705.3,4699.16,4700.38,2094,42
2026.05.07 19:25:00,4700.39,4706.22,4697.61,4705.08,2189,42
2026.05.07 19:30:00,4705.09,4708.13,4703.43,4707.58,1754,35
2026.05.07 19:35:00,4707.62,4712.04,4706.89,4710.79,1707,42
2026.05.07 19:40:00,4710.79,4711.84,4708.01,4709.61,1489,42
2026.05.07 19:45:00,4709.61,4709.87,4705.21,4708.31,1425,42
2026.05.07 19:50:00,4709.03,4710.72,4704.11,4706.29,2001,35
2026.05.07 19:55:00,4706.16,4709.04,4702.72,4703.06,1877,42
2026.05.07 20:00:00,4703.08,4719.02,4703.08,4716.29,1887,35
2026.05.07 20:05:00,4716.42,4717.05,4710.85,4711.3,1310,42
2026.05.07 20:10:00,4711.32,4713.12,4710.65,4711.4,1223,35
2026.05.07 20:15:00,4711.4,4712.66,4709.28,4711.97,1011,42
2026.05.07 20:20:00,4711.91,4713.77,4710.71,4713.04,933,42
2026.05.07 20:25:00,4713.04,4714.21,4712.21,4712.88,904,42
2026.05.07 20:30:00,4712.88,4715.59,4709.97,4713.15,854,42
2026.05.07 20:35:00,4713.11,4714.0,4697.89,4698.52,1490,35
2026.05.07 20:40:00,4698.55,4706.52,4696.66,4703.81,1636,36
2026.05.07 20:45:00,4703.78,4703.95,4699.33,4702.36,1321,41
2026.05.07 20:50:00,4702.16,4702.56,4694.31,4695.48,1153,42
2026.05.07 20:55:00,4695.07,4695.12,4686.01,4687.03,1169,35
2026.05.07 22:00:00,4686.82,4694.22,4686.35,4693.89,852,42
2026.05.07 22:05:00,4693.77,4693.77,4686.36,4691.4,886,42
2026.05.07 22:10:00,4691.39,4697.73,4686.9,4691.26,1046,41
2026.05.07 22:15:00,4691.24,4697.13,4689.15,4694.24,1144,36
2026.05.07 22:20:00,4694.24,4699.0,4692.7,4696.24,1121,35
2026.05.07 22:25:00,4696.2,4697.73,4693.03,4693.57,881,42
2026.05.07 22:30:00,4693.61,4694.99,4687.16,4688.62,1176,35
2026.05.07 22:35:00,4688.58,4690.25,4686.43,4689.63,1031,35
2026.05.07 22:40:00,4689.6,4691.16,4685.94,4686.95,921,42
2026.05.07 22:45:00,4686.93,4687.59,4682.36,4683.78,1058,42
2026.05.07 22:50:00,4683.71,4688.22,4681.55,4686.31,908,42
2026.05.07 22:55:00,4686.31,4687.7,4684.41,4685.81,739,42
2026.05.07 23:00:00,4685.58,4689.67,4684.34,4689.04,986,42
2026.05.07 23:05:00,4689.08,4691.6,4686.66,4691.07,907,42
2026.05.07 23:10:00,4691.06,4693.66,4690.15,4691.49,929,42
2026.05.07 23:15:00,4691.49,4693.76,4691.49,4693.61,605,42
2026.05.07 23:20:00,4693.6,4697.92,4693.54,4696.5,772,42
2026.05.07 23:25:00,4696.62,4698.38,4695.81,4696.47,855,42
2026.05.07 23:30:00,4696.44,4698.0,4694.89,4697.47,754,42
2026.05.07 23:35:00,4697.47,4699.07,4696.69,4698.84,696,35
2026.05.07 23:40:00,4698.88,4698.95,4696.7,4697.69,816,42
2026.05.07 23:45:00,4697.72,4702.2,4697.56,4700.48,1109,41
2026.05.07 23:50:00,4700.5,4704.38,4700.05,4703.19,1009,42
2026.05.07 23:55:00,4703.18,4705.5,4703.06,4704.12,1079,41
2026.05.08 00:00:00,4704.73,4706.32,4701.8,4702.93,1357,42
2026.05.08 00:05:00,4702.86,4707.95,4702.35,4707.67,1377,35
2026.05.08 00:10:00,4707.47,4709.37,4701.44,4702.51,1221,35
2026.05.08 00:15:00,4702.53,4702.6,4694.03,4695.07,1473,35
2026.05.08 00:20:00,4695.06,4704.73,4693.79,4703.54,1337,42
2026.05.08 00:25:00,4703.56,4705.55,4696.27,4697.09,1278,42
2026.05.08 00:30:00,4697.09,4703.8,4696.05,4702.99,1183,42
2026.05.08 00:35:00,4703.0,4706.13,4701.3,4703.92,1103,42
2026.05.08 00:40:00,4703.99,4708.09,4703.75,4704.99,1172,42
2026.05.08 00:45:00,4704.97,4705.81,4699.74,4699.94,1198,42
2026.05.08 00:50:00,4699.88,4701.19,4698.15,4698.3,1042,42
2026.05.08 00:55:00,4698.3,4701.83,4696.81,4701.25,1027,42
2026.05.08 01:00:00,4701.22,4715.18,4700.56,4712.81,1913,35
2026.05.08 01:05:00,4713.28,4719.15,4712.91,4714.5,1599,35
2026.05.08 01:10:00,4714.51,4718.3,4712.62,4713.97,1485,42
2026.05.08 01:15:00,4713.97,4717.82,4711.64,4717.44,1405,42
2026.05.08 01:20:00,4717.51,4718.29,4711.38,4712.17,1237,42
2026.05.08 01:25:00,4712.17,4715.66,4712.15,4712.46,1147,35
2026.05.08 01:30:00,4712.39,4714.97,4709.93,4712.21,1285,42
2026.05.08 01:35:00,4712.22,4712.86,4705.06,4707.95,1490,42
2026.05.08 01:40:00,4708.01,4711.19,4706.65,4710.75,1339,41
2026.05.08 01:45:00,4710.93,4719.73,4710.93,4719.47,1509,35
2026.05.08 01:50:00,4719.49,4723.36,4719.49,4722.11,1784,35
2026.05.08 01:55:00,4722.11,4725.65,4721.63,4722.58,1357,35
2026.05.08 02:00:00,4722.64,4732.8,4721.19,4731.47,1570,35
2026.05.08 02:05:00,4731.42,4731.58,4727.07,4729.37,1359,42
2026.05.08 02:10:00,4729.37,4729.92,4723.67,4724.06,1117,42
2026.05.08 02:15:00,4724.02,4724.39,4718.03,4719.16,1247,42
2026.05.08 02:20:00,4719.18,4723.11,4719.18,4722.17,1136,41
2026.05.08 02:25:00,4722.16,4723.92,4720.2,4721.37,971,35
2026.05.08 02:30:00,4721.4,4723.48,4716.83,4719.42,1358,42
2026.05.08 02:35:00,4719.43,4720.83,4706.76,4711.31,1810,42
2026.05.08 02:40:00,4711.31,4715.2,4710.19,4710.2,1316,42
2026.05.08 02:45:00,4710.2,4716.51,4708.49,4716.42,1526,42
2026.05.08 02:50:00,4716.71,4717.53,4712.4,4716.17,1295,42
2026.05.08 02:55:00,4716.24,4716.87,4712.56,4713.19,1133,42
2026.05.08 03:00:00,4713.11,4717.35,4711.05,4717.32,1224,42
2026.05.08 03:05:00,4717.33,4719.15,4714.98,4717.42,1044,42
2026.05.08 03:10:00,4717.73,4720.02,4717.73,4719.91,1008,42
2026.05.08 03:15:00,4719.91,4722.59,4719.31,4720.13,1017,42
2026.05.08 03:20:00,4720.13,4720.15,4717.05,4718.78,870,42
2026.05.08 03:25:00,4718.77,4720.86,4717.46,4720.2,878,42
2026.05.08 03:30:00,4720.17,4730.52,4719.82,4730.52,1242,35
2026.05.08 03:35:00,4730.52,4730.97,4722.93,4723.7,1164,42
2026.05.08 03:40:00,4723.69,4726.29,4722.53,4724.93,945,42
2026.05.08 03:45:00,4724.94,4725.22,4720.11,4720.39,873,42
2026.05.08 03:50:00,4720.42,4720.97,4717.93,4718.91,956,42
2026.05.08 03:55:00,4718.85,4720.69,4718.5,4719.49,680,42
2026.05.08 04:00:00,4719.62,4723.26,4719.54,4719.69,1059,42
2026.05.08 04:05:00,4719.68,4720.01,4715.94,4718.67,1061,42
2026.05.08 04:10:00,4718.7,4719.43,4714.67,4714.77,836,41
2026.05.08 04:15:00,4714.73,4717.19,4713.28,4715.87,889,42
2026.05.08 04:20:00,4715.82,4717.67,4715.14,4717.4,608,42
2026.05.08 04:25:00,4717.42,4718.19,4715.28,4717.28,856,42
2026.05.08 04:30:00,4717.42,4718.4,4714.68,4715.17,761,42
2026.05.08 04:35:00,4715.1,4715.7,4713.38,4713.57,998,39
2026.05.08 04:40:00,4713.57,4713.8,4708.95,4711.98,1245,41
2026.05.08 04:45:00,4712.01,4713.69,4710.04,4713.69,894,41
2026.05.08 04:50:00,4713.64,4715.94,4712.03,4715.79,1006,42
2026.05.08 04:55:00,4715.8,4716.4,4709.66,4710.97,1035,35
2026.05.08 05:00:00,4710.96,4713.53,4709.5,4712.88,1160,42
2026.05.08 05:05:00,4712.88,4716.15,4712.1,4714.65,903,35
2026.05.08 05:10:00,4714.61,4716.14,4712.01,4712.05,841,42
2026.05.08 05:15:00,4712.13,4714.55,4710.43,4714.25,911,42
2026.05.08 05:20:00,4714.32,4715.67,4713.64,4714.53,767,41
2026.05.08 05:25:00,4714.55,4720.16,4712.16,4719.27,1026,35
2026.05.08 05:30:00,4719.27,4727.09,4719.27,4724.06,1623,35
2026.05.08 05:35:00,4724.07,4725.21,4720.76,4722.51,1312,42
2026.05.08 05:40:00,4722.51,4725.58,4721.55,4724.45,1278,41
2026.05.08 05:45:00,4724.47,4728.61,4723.21,4728.61,1108,35
2026.05.08 05:50:00,4728.63,4730.35,4726.46,4728.17,1268,39
2026.05.08 05:55:00,4728.15,4730.98,4726.66,4727.47,1367,35
2026.05.08 06:00:00,4727.45,4730.36,4712.72,4728.05,1881,35
2026.05.08 06:05:00,4728.38,4728.61,4722.05,4725.45,1673,42
2026.05.08 06:10:00,4725.57,4727.39,4722.49,4722.73,1406,42
2026.05.08 06:15:00,4722.77,4728.12,4721.29,4727.42,1431,42
2026.05.08 06:20:00,4727.43,4728.42,4724.34,4727.45,1458,42
2026.05.08 06:25:00,4727.45,4734.33,4726.06,4733.52,1499,35
2026.05.08 06:30:00,4733.51,4734.23,4726.43,4726.47,1483,35
2026.05.08 06:35:00,4726.37,4729.09,4725.53,4727.46,1319,41
2026.05.08 06:40:00,4727.46,4732.32,4727.24,4729.08,1356,41
2026.05.08 06:45:00,4729.11,4729.58,4721.16,4725.12,1664,35
2026.05.08 06:50:00,4725.16,4726.92,4724.17,4726.03,1129,42
2026.05.08 06:55:00,4726.03,4727.07,4724.28,4725.56,1212,35
2026.05.08 07:00:00,4725.54,4726.28,4721.72,4723.87,1537,35
2026.05.08 07:05:00,4723.88,4725.78,4720.43,4722.71,1453,35
2026.05.08 07:10:00,4722.57,4722.65,4715.21,4715.21,1455,35
2026.05.08 07:15:00,4715.22,4718.43,4712.88,4715.34,1754,35
2026.05.08 07:20:00,4715.2,4717.36,4703.32,4706.54,1897,35
2026.05.08 07:25:00,4705.8,4707.86,4697.35,4706.56,1892,35
2026.05.08 07:30:00,4706.33,4710.68,4701.07,4709.17,1649,35
2026.05.08 07:35:00,4709.19,4711.68,4708.2,4709.08,1460,35
2026.05.08 07:40:00,4709.06,4709.95,4706.79,4708.12,1486,35
2026.05.08 07:45:00,4708.16,4712.55,4707.95,4712.4,1519,35
2026.05.08 07:50:00,4712.45,4713.38,4708.02,4710.99,1481,35
2026.05.08 07:55:00,4711.02,4711.12,4706.97,4707.79,1370,35
2026.05.08 08:00:00,4708.05,4710.05,4706.83,4709.65,1366,35
2026.05.08 08:05:00,4709.66,4710.85,4706.64,4710.59,1354,35
2026.05.08 08:10:00,4710.58,4713.06,4708.2,4711.42,1301,35
2026.05.08 08:15:00,4711.42,4715.09,4711.19,4714.25,1279,35
2026.05.08 08:20:00,4714.71,4722.01,4714.41,4719.93,1599,35
2026.05.08 08:25:00,4719.93,4722.37,4716.33,4716.99,1466,35
2026.05.08 08:30:00,4716.99,4720.13,4716.34,4719.25,1378,35
2026.05.08 08:35:00,4719.25,4723.4,4719.25,4721.25,1334,35
2026.05.08 08:40:00,4721.25,4721.28,4716.79,4716.91,1246,35
2026.05.08 08:45:00,4716.78,4719.98,4715.87,4718.76,1288,35
2026.05.08 08:50:00,4718.75,4719.12,4716.45,4716.5,1018,35
2026.05.08 08:55:00,4716.44,4717.39,4714.93,4715.69,1024,35
2026.05.08 09:00:00,4715.68,4720.15,4713.6,4719.19,1408,35
2026.05.08 09:05:00,4719.19,4720.32,4715.94,4716.08,1317,35
2026.05.08 09:10:00,4716.07,4718.62,4715.32,4718.62,1032,35
2026.05.08 09:15:00,4718.6,4722.29,4718.27,4719.72,1111,35
2026.05.08 09:20:00,4719.85,4722.54,4718.64,4720.51,1226,35
2026.05.08 09:25:00,4720.52,4722.76,4717.66,4717.97,1273,35
2026.05.08 09:30:00,4717.93,4718.6,4709.83,4714.64,1570,35
2026.05.08 09:35:00,4714.64,4715.17,4709.34,4713.3,1246,35
2026.05.08 09:40:00,4713.4,4714.58,4710.79,4713.29,1247,35
2026.05.08 09:45:00,4713.29,4713.86,4709.36,4710.55,1195,35
2026.05.08 09:50:00,4710.55,4711.26,4707.27,4709.63,1401,35
2026.05.08 09:55:00,4709.59,4712.45,4707.59,4711.86,1280,35
2026.05.08 10:00:00,4711.87,4714.38,4711.16,4712.78,1169,35
2026.05.08 10:05:00,4712.7,4714.55,4711.84,4713.03,992,35
2026.05.08 10:10:00,4712.96,4718.72,4712.75,4718.72,1110,35
2026.05.08 10:15:00,4718.73,4719.37,4717.29,4717.78,1122,35
2026.05.08 10:20:00,4717.78,4722.96,4717.67,4721.25,1096,35
2026.05.08 10:25:00,4721.3,4723.8,4720.28,4720.34,1156,35
2026.05.08 10:30:00,4720.38,4723.45,4720.16,4722.22,1050,35
2026.05.08 10:35:00,4722.32,4727.77,4722.02,4727.01,1302,35
2026.05.08 10:40:00,4727.0,4727.86,4724.21,4724.4,1268,35
2026.05.08 10:45:00,4724.44,4724.45,4718.81,4719.63,1191,35
2026.05.08 10:50:00,4719.62,4721.51,4717.71,4721.01,1213,35
2026.05.08 10:55:00,4721.04,4721.13,4715.26,4719.71,1374,35
2026.05.08 11:00:00,4719.86,4726.38,4719.86,4726.13,1418,35
2026.05.08 11:05:00,4725.55,4727.28,4722.97,4724.76,1471,35
2026.05.08 11:10:00,4724.75,4725.34,4718.72,4721.94,1326,35
2026.05.08 11:15:00,4721.73,4725.11,4721.55,4723.07,1164,35
2026.05.08 11:20:00,4723.1,4723.76,4719.98,4723.22,1164,35
2026.05.08 11:25:00,4723.18,4725.64,4722.89,4723.92,1186,35
2026.05.08 11:30:00,4723.92,4724.98,4721.71,4722.27,1225,35
2026.05.08 11:35:00,4722.35,4725.8,4722.0,4722.75,1065,35
2026.05.08 11:40:00,4722.83,4723.7,4720.79,4720.97,1205,35
2026.05.08 11:45:00,4720.9,4721.26,4716.39,4717.55,1334,35
2026.05.08 11:50:00,4717.56,4717.73,4713.49,4716.88,1317,35
2026.05.08 11:55:00,4716.87,4719.74,4716.13,4717.75,1399,35
2026.05.08 12:00:00,4717.76,4719.76,4712.62,4713.22,1483,35
2026.05.08 12:05:00,4713.19,4714.3,4708.78,4709.77,1586,35
2026.05.08 12:10:00,4709.64,4709.81,4703.89,4704.45,1619,35
2026.05.08 12:15:00,4703.98,4709.94,4702.77,4707.94,1581,35
2026.05.08 12:20:00,4707.82,4710.15,4704.96,4706.16,1432,35
2026.05.08 12:25:00,4706.13,4710.82,4705.3,4710.04,1328,35
2026.05.08 12:30:00,4710.09,4724.67,4702.66,4723.19,2078,35
2026.05.08 12:35:00,4723.21,4728.01,4721.81,4725.51,1978,35
2026.05.08 12:40:00,4725.53,4730.59,4721.93,4723.73,1915,35
2026.05.08 12:45:00,4723.92,4726.71,4719.2,4724.31,1869,35
2026.05.08 12:50:00,4724.32,4731.17,4719.82,4730.71,1770,35
2026.05.08 12:55:00,4730.63,4731.85,4720.77,4724.25,1848,35
2026.05.08 13:00:00,4723.78,4728.91,4720.5,4723.07,1986,35
2026.05.08 13:05:00,4723.12,4725.4,4717.99,4720.2,1876,35
2026.05.08 13:10:00,4720.21,4721.51,4716.41,4720.1,1783,35
2026.05.08 13:15:00,4720.07,4726.26,4719.39,4724.65,1690,35
2026.05.08 13:20:00,4724.67,4727.29,4722.95,4724.67,1574,35
2026.05.08 13:25:00,4724.59,4728.0,4724.5,4727.3,1617,35
2026.05.08 13:30:00,4727.43,4743.83,4726.65,4739.01,2174,35
2026.05.08 13:35:00,4739.06,4744.27,4738.31,4738.53,2030,35
2026.05.08 13:40:00,4738.57,4741.03,4734.95,4738.13,2025,35
2026.05.08 13:45:00,4738.14,4744.13,4735.06,4740.57,2003,35
2026.05.08 13:50:00,4740.5,4745.19,4737.33,4740.65,1929,35
2026.05.08 13:55:00,4740.48,4747.78,4739.88,4747.78,1689,35
2026.05.08 14:00:00,4747.8,4749.53,4739.25,4740.11,1975,35
2026.05.08 14:05:00,4739.98,4739.98,4725.59,4726.54,2056,35
2026.05.08 14:10:00,4726.61,4732.22,4718.59,4731.76,2104,35
2026.05.08 14:15:00,4731.51,4734.01,4725.57,4727.69,1985,35
2026.05.08 14:20:00,4727.64,4728.29,4722.13,4725.8,1827,35
2026.05.08 14:25:00,4725.8,4729.05,4718.43,4719.35,1931,35
2026.05.08 14:30:00,4717.92,4722.89,4713.74,4722.02,2032,35
2026.05.08 14:35:00,4722.05,4724.92,4719.48,4723.25,1910,35
2026.05.08 14:40:00,4723.26,4725.5,4720.95,4722.62,1795,35
2026.05.08 14:45:00,4722.37,4724.59,4714.37,4718.2,1809,35
2026.05.08 14:50:00,4718.2,4719.14,4713.4,4717.8,1949,35
2026.05.08 14:55:00,4717.88,4719.51,4715.23,4715.85,1829,35
2026.05.08 15:00:00,4715.74,4717.45,4712.58,4713.95,1879,35
2026.05.08 15:05:00,4714.02,4720.66,4713.93,4716.89,1751,35
2026.05.08 15:10:00,4716.82,4719.47,4706.25,4707.75,1845,35
2026.05.08 15:15:00,4707.81,4708.83,4704.75,4706.89,1835,35
2026.05.08 15:20:00,4706.96,4711.16,4704.47,4707.48,1972,35
2026.05.08 15:25:00,4707.55,4713.39,4705.69,4712.99,1749,35
2026.05.08 15:30:00,4712.99,4714.21,4703.99,4709.83,1911,35
2026.05.08 15:35:00,4710.29,4714.88,4709.31,4712.52,1728,35
2026.05.08 15:40:00,4712.55,4712.65,4704.14,4706.24,1646,35
2026.05.08 15:45:00,4706.22,4709.58,4701.93,4708.61,1756,35
2026.05.08 15:50:00,4708.61,4711.05,4708.48,4709.46,1476,35
2026.05.08 15:55:00,4709.41,4709.5,4704.33,4706.96,1597,35
2026.05.08 16:00:00,4706.98,4710.05,4705.38,4706.2,1468,35
2026.05.08 16:05:00,4706.21,4712.06,4706.18,4708.57,1434,35
2026.05.08 16:10:00,4708.58,4712.46,4706.87,4711.43,1340,35
2026.05.08 16:15:00,4711.43,4714.14,4711.33,4711.86,1391,35
2026.05.08 16:20:00,4711.87,4715.37,4711.87,4714.53,1203,35
2026.05.08 16:25:00,4714.47,4717.5,4714.26,4717.48,1242,35
2026.05.08 16:30:00,4717.63,4720.14,4716.75,4716.96,1353,35
2026.05.08 16:35:00,4717.03,4717.95,4715.52,4716.14,1276,35
2026.05.08 16:40:00,4716.13,4717.35,4713.2,4713.36,1258,35
2026.05.08 16:45:00,4713.39,4716.2,4712.71,4713.51,1386,35
2026.05.08 16:50:00,4713.57,4713.66,4711.7,4713.05,1240,35
2026.05.08 16:55:00,4713.02,4714.23,4711.2,4712.31,1101,35
2026.05.08 17:00:00,4712.3,4715.82,4712.02,4715.05,1190,35
2026.05.08 17:05:00,4715.03,4716.26,4713.37,4714.15,1218,42
2026.05.08 17:10:00,4713.96,4715.23,4712.97,4715.11,965,42
2026.05.08 17:15:00,4715.16,4719.32,4715.06,4718.76,964,35
2026.05.08 17:20:00,4718.71,4720.38,4717.37,4718.74,1281,42
2026.05.08 17:25:00,4718.73,4721.9,4718.43,4720.6,1176,42
2026.05.08 17:30:00,4720.55,4721.71,4719.16,4720.13,1020,35
2026.05.08 17:35:00,4720.13,4721.49,4719.66,4720.0,907,42
2026.05.08 17:40:00,4719.98,4721.46,4719.62,4720.68,984,35
2026.05.08 17:45:00,4720.66,4721.43,4719.65,4719.94,919,42
2026.05.08 17:50:00,4719.92,4722.04,4719.15,4722.04,978,42
2026.05.08 17:55:00,4722.03,4722.62,4719.56,4720.77,963,39
2026.05.08 18:00:00,4720.88,4727.44,4720.32,4726.39,1545,42
2026.05.08 18:05:00,4726.39,4727.59,4725.42,4725.65,1189,35
2026.05.08 18:10:00,4725.66,4728.49,4724.83,4727.39,1057,42
2026.05.08 18:15:00,4727.58,4728.92,4725.32,4725.51,936,42
2026.05.08 18:20:00,4725.45,4727.68,4725.31,4726.56,872,42
2026.05.08 18:25:00,4726.55,4726.55,4723.41,4725.59,1088,42
2026.05.08 18:30:00,4724.96,4726.36,4723.82,4725.28,957,39
2026.05.08 18:35:00,4725.26,4726.13,4724.71,4725.86,832,39
2026.05.08 18:40:00,4725.83,4725.94,4723.87,4724.65,881,42
2026.05.08 18:45:00,4724.65,4724.65,4722.11,4723.21,1051,38
2026.05.08 18:50:00,4723.13,4724.06,4721.84,4722.36,891,35
2026.05.08 18:55:00,4722.4,4723.04,4719.8,4721.77,1241,35
2026.05.08 19:00:00,4721.69,4724.54,4720.67,4723.11,1107,42
2026.05.08 19:05:00,4723.11,4725.44,4722.52,4724.64,890,42
2026.05.08 19:10:00,4724.63,4725.7,4723.27,4723.52,697,42
2026.05.08 19:15:00,4723.45,4724.48,4723.4,4723.99,586,42
2026.05.08 19:20:00,4723.99,4724.97,4723.21,4724.51,619,42
2026.05.08 19:25:00,4724.48,4725.0,4723.42,4723.6,646,42
2026.05.08 19:30:00,4723.65,4723.65,4721.91,4722.89,807,42
2026.05.08 19:35:00,4722.89,4723.46,4721.71,4723.41,810,42
2026.05.08 19:40:00,4723.37,4726.73,4723.31,4725.26,1051,42
2026.05.08 19:45:00,4725.26,4725.81,4723.28,4723.93,874,42
2026.05.08 19:50:00,4724.28,4725.51,4723.44,4724.69,1008,42
2026.05.08 19:55:00,4724.75,4724.88,4722.89,4723.88,1092,42
2026.05.08 20:00:00,4723.91,4724.17,4722.08,4722.97,708,42
2026.05.08 20:05:00,4722.97,4723.34,4721.55,4721.59,453,42
2026.05.08 20:10:00,4721.61,4721.82,4717.1,4718.77,823,35
2026.05.08 20:15:00,4718.76,4719.25,4715.06,4715.3,783,42
2026.05.08 20:20:00,4715.23,4717.62,4714.97,4716.77,586,42
2026.05.08 20:25:00,4716.84,4717.62,4715.7,4717.3,611,42
2026.05.08 20:30:00,4717.32,4719.15,4716.26,4717.32,619,42
2026.05.08 20:35:00,4717.3,4718.02,4716.64,4717.63,643,42
2026.05.08 20:40:00,4717.68,4718.01,4715.59,4716.17,440,42
2026.05.08 20:45:00,4716.3,4716.64,4714.64,4715.01,539,42
2026.05.08 20:50:00,4715.09,4716.26,4714.36,4715.33,667,35
2026.05.08 20:55:00,4715.01,4716.4,4714.68,4715.71,376,42
2026.05.10 22:00:00,4695.49,4701.22,4679.04,4686.84,1429,35
2026.05.10 22:05:00,4686.68,4688.55,4679.92,4688.05,1261,42
2026.05.10 22:10:00,4688.05,4694.52,4686.05,4687.21,1221,42
2026.05.10 22:15:00,4687.19,4690.26,4681.97,4687.25,1260,35
2026.05.10 22:20:00,4687.25,4689.86,4685.05,4689.27,1086,42
2026.05.10 22:25:00,4689.28,4696.24,4688.8,4694.47,1112,35
2026.05.10 22:30:00,4694.23,4694.23,4689.43,4692.77,1130,35
2026.05.10 22:35:00,4692.77,4694.05,4687.11,4688.34,982,41
2026.05.10 22:40:00,4688.3,4691.48,4687.0,4691.02,864,42
2026.05.10 22:45:00,4691.01,4694.19,4689.93,4694.18,754,41
2026.05.10 22:50:00,4694.19,4694.19,4690.29,4691.48,816,42
2026.05.10 22:55:00,4691.48,4694.53,4690.96,4691.89,888,42
2026.05.10 23:00:00,4691.79,4697.09,4691.1,4696.41,1071,41
2026.05.10 23:05:00,4696.37,4696.37,4692.65,4694.04,928,42
2026.05.10 23:10:00,4694.05,4694.65,4688.9,4690.08,1071,42
2026.05.10 23:15:00,4690.22,4695.1,4689.03,4695.03,937,35
2026.05.10 23:20:00,4695.03,4696.69,4694.82,4696.18,901,42
2026.05.10 23:25:00,4696.65,4697.09,4694.03,4694.49,793,42
2026.05.10 23:30:00,4694.48,4697.47,4694.48,4696.26,868,35
2026.05.10 23:35:00,4696.25,4698.44,4695.46,4697.19,903,42
2026.05.10 23:40:00,4697.18,4698.13,4695.91,4697.42,765,42
2026.05.10 23:45:00,4697.42,4698.43,4694.31,4698.29,1049,41
2026.05.10 23:50:00,4698.38,4698.47,4695.27,4695.6,1016,42
2026.05.10 23:55:00,4695.47,4695.84,4690.08,4691.43,1147,41
2026.05.11 00:00:00,4691.43,4691.43,4682.03,4687.21,1818,35
2026.05.11 00:05:00,4687.21,4690.23,4684.79,4685.84,1537,36
2026.05.11 00:10:00,4686.33,4686.62,4680.3,4682.49,1498,42
2026.05.11 00:15:00,4682.63,4683.16,4676.21,4677.72,1664,41
2026.05.11 00:20:00,4677.72,4685.7,4675.49,4684.21,1455,42
2026.05.11 00:25:00,4684.21,4686.57,4681.69,4683.47,1193,42
2026.05.11 00:30:00,4683.47,4693.2,4683.47,4692.75,1433,42
2026.05.11 00:35:00,4692.76,4693.17,4685.48,4687.44,1311,42
2026.05.11 00:40:00,4687.43,4691.43,4687.24,4688.97,1257,41
2026.05.11 00:45:00,4688.9,4692.68,4687.79,4690.16,1250,35
2026.05.11 00:50:00,4690.14,4691.62,4670.44,4682.2,1778,42
2026.05.11 00:55:00,4682.3,4684.52,4673.57,4683.53,1893,35
2026.05.11 01:00:00,4683.41,4692.47,4674.3,4691.17,2194,35
2026.05.11 01:05:00,4691.15,4699.44,4689.39,4691.27,2107,35
2026.05.11 01:10:00,4691.13,4695.05,4682.1,4692.0,1887,35
2026.05.11 01:15:00,4692.0,4697.48,4689.47,4695.91,1855,42
2026.05.11 01:20:00,4695.95,4704.97,4693.27,4702.92,1787,42
2026.05.11 01:25:00,4702.93,4705.19,4698.71,4698.89,1438,35
2026.05.11 01:30:00,4698.94,4701.59,4693.15,4697.91,1796,42
2026.05.11 01:35:00,4697.94,4698.71,4693.77,4695.43,1615,42
2026.05.11 01:40:00,4695.44,4695.78,4690.86,4694.3,1527,42
2026.05.11 01:45:00,4694.3,4695.86,4692.49,4694.91,1416,42
2026.05.11 01:50:00,4694.95,4694.95,4685.2,4686.5,1667,42
2026.05.11 01:55:00,4686.62,4687.35,4679.86,4685.6,1666,35
2026.05.11 02:00:00,4685.57,4692.8,4684.71,4688.95,1730,42
2026.05.11 02:05:00,4689.05,4689.26,4678.5,4683.79,1752,35
2026.05.11 02:10:00,4683.76,4689.29,4682.55,4685.88,1471,42
2026.05.11 02:15:00,4685.91,4686.56,4682.88,4683.3,1256,42
2026.05.11 02:20:00,4683.25,4686.54,4682.67,4685.79,1027,42
2026.05.11 02:25:00,4685.62,4688.52,4684.84,4688.31,986,42
2026.05.11 02:30:00,4688.29,4695.24,4688.28,4691.86,1530,35
2026.05.11 02:35:00,4691.79,4700.12,4690.8,4698.94,1504,42
2026.05.11 02:40:00,4698.91,4698.94,4687.74,4688.4,1421,42
2026.05.11 02:45:00,4688.21,4693.5,4684.33,4685.44,1478,42
2026.05.11 02:50:00,4685.45,4685.47,4678.78,4680.29,1661,41
2026.05.11 02:55:00,4680.38,4682.49,4676.41,4681.57,1595,42
2026.05.11 03:00:00,4681.38,4684.93,4674.95,4683.45,1598,42
2026.05.11 03:05:00,4683.42,4686.22,4681.65,4685.98,1326,42
2026.05.11 03:10:00,4685.99,4689.57,4685.09,4686.87,1311,42
2026.05.11 03:15:00,4686.91,4689.22,4683.84,4688.3,1369,42
2026.05.11 03:20:00,4688.17,4688.7,4684.0,4688.32,1395,42
2026.05.11 03:25:00,4688.35,4690.19,4686.8,4689.35,1133,41
2026.05.11 03:30:00,4689.35,4690.25,4686.09,4686.68,1313,42
2026.05.11 03:35:00,4686.68,4687.51,4682.15,4684.09,1121,42
2026.05.11 03:40:00,4684.09,4688.08,4683.35,4687.74,970,39
2026.05.11 03:45:00,4687.72,4687.72,4681.23,4681.42,861,42
2026.05.11 03:50:00,4681.38,4682.56,4677.13,4677.4,1164,35
2026.05.11 03:55:00,4677.42,4679.29,4676.86,4678.6,946,42
2026.05.11 04:00:00,4678.57,4679.7,4673.61,4677.64,1479,35
2026.05.11 04:05:00,4677.63,4679.03,4675.75,4677.55,1144,42
2026.05.11 04:10:00,4677.55,4677.94,4674.83,4677.47,1049,35
2026.05.11 04:15:00,4677.47,4678.7,4673.8,4674.13,1021,40
2026.05.11 04:20:00,4674.09,4674.98,4670.01,4673.63,1192,35
2026.05.11 04:25:00,4673.61,4675.65,4671.46,4671.75,1037,35
2026.05.11 04:30:00,4671.62,4673.53,4668.36,4672.87,1373,35
2026.05.11 04:35:00,4672.89,4674.54,4671.09,4671.42,1286,37
2026.05.11 04:40:00,4671.34,4673.55,4671.28,4672.94,786,39
2026.05.11 04:45:00,4672.94,4675.29,4672.68,4675.02,914,42
2026.05.11 04:50:00,4675.0,4675.87,4673.02,4675.13,850,42
2026.05.11 04:55:00,4675.24,4675.62,4671.66,4672.0,860,35
2026.05.11 05:00:00,4672.0,4675.98,4671.71,4675.46,971,41
2026.05.11 05:05:00,4675.48,4676.01,4670.68,4672.48,1094,35
2026.05.11 05:10:00,4672.46,4673.85,4671.01,4673.35,1027,42
2026.05.11 05:15:00,4673.3,4674.33,4671.62,4673.68,790,42
2026.05.11 05:20:00,4673.68,4675.26,4672.52,4674.93,889,42
2026.05.11 05:25:00,4674.93,4675.04,4670.67,4670.67,977,37
2026.05.11 05:30:00,4670.58,4679.17,4670.58,4678.57,1651,35
2026.05.11 05:35:00,4678.55,4680.61,4672.84,4673.92,1380,35
2026.05.11 05:40:00,4673.91,4674.54,4662.21,4663.82,1581,41
2026.05.11 05:45:00,4663.85,4663.9,4658.61,4660.68,1760,41
2026.05.11 05:50:00,4660.68,4661.55,4652.78,4654.3,1754,35
2026.05.11 05:55:00,4654.31,4654.96,4647.83,4652.25,1814,36
2026.05.11 06:00:00,4652.2,4659.56,4649.08,4659.51,1809,42
2026.05.11 06:05:00,4659.51,4664.67,4656.95,4662.56,1584,42
2026.05.11 06:10:00,4662.56,4666.93,4662.22,4665.24,1553,42
2026.05.11 06:15:00,4665.28,4670.6,4664.94,4670.39,1539,38
2026.05.11 06:20:00,4670.54,4670.69,4664.77,4667.23,1426,42
2026.05.11 06:25:00,4667.25,4668.73,4664.56,4667.26,1359,41
2026.05.11 06:30:00,4667.34,4672.05,4667.04,4669.71,1483,41
2026.05.11 06:35:00,4669.73,4674.17,4668.65,4672.66,1287,35
2026.05.11 06:40:00,4672.66,4675.51,4670.0,4674.3,1357,42
2026.05.11 06:45:00,4674.3,4676.81,4672.85,4673.69,1371,35
2026.05.11 06:50:00,4673.71,4680.25,4671.4,4679.09,1542,35
2026.05.11 06:55:00,4679.11,4680.07,4676.03,4678.25,1377,35
2026.05.11 07:00:00,4678.25,4680.25,4677.64,4678.84,1415,35
2026.05.11 07:05:00,4678.85,4678.85,4674.37,4674.56,1360,35
2026.05.11 07:10:00,4674.63,4676.63,4674.63,4675.91,1276,35
2026.05.11 07:15:00,4675.91,4676.79,4672.07,4673.03,1316,35
2026.05.11 07:20:00,4673.26,4677.12,4672.75,4676.13,1181,35
2026.05.11 07:25:00,4676.1,4678.05,4674.85,4675.63,1180,35
2026.05.11 07:30:00,4675.58,4678.04,4672.46,4674.29,1182,35
2026.05.11 07:35:00,4674.28,4676.47,4672.78,4674.67,1055,35
2026.05.11 07:40:00,4674.64,4676.32,4671.66,4672.02,1053,35
2026.05.11 07:45:00,4671.96,4672.81,4666.45,4667.54,1179,35
2026.05.11 07:50:00,4667.28,4670.92,4664.31,4669.09,1416,35
2026.05.11 07:55:00,4669.01,4669.48,4665.78,4667.64,1179,35
2026.05.11 08:00:00,4667.66,4669.51,4664.37,4668.54,1321,35
2026.05.11 08:05:00,4668.56,4670.99,4664.42,4664.83,1404,35
2026.05.11 08:10:00,4664.79,4673.5,4664.17,4671.93,1571,35
2026.05.11 08:15:00,4671.92,4675.61,4671.89,4675.26,1316,35
2026.05.11 08:20:00,4675.24,4678.61,4672.57,4676.55,1426,35
2026.05.11 08:25:00,4676.55,4677.29,4671.53,4671.53,1433,35
2026.05.11 08:30:00,4670.92,4675.26,4669.76,4671.71,1441,35
2026.05.11 08:35:00,4671.72,4673.15,4669.69,4670.13,1164,35
2026.05.11 08:40:00,4670.31,4671.08,4669.12,4670.35,1198,35
2026.05.11 08:45:00,4670.37,4671.4,4669.24,4670.87,971,35
2026.05.11 08:50:00,4670.74,4671.03,4666.69,4668.73,1147,35
2026.05.11 08:55:00,4668.73,4668.85,4666.74,4667.44,1084,35
2026.05.11 09:00:00,4667.53,4669.72,4665.08,4669.2,1306,35
2026.05.11 09:05:00,4669.17,4669.86,4666.53,4667.56,938,35
2026.05.11 09:10:00,4667.55,4668.49,4666.06,4667.45,1021,35
2026.05.11 09:15:00,4667.46,4667.48,4664.35,4664.81,1258,35
2026.05.11 09:20:00,4664.81,4665.73,4659.1,4659.26,1112,35
2026.05.11 09:25:00,4658.89,4661.32,4656.81,4657.52,1280,35
2026.05.11 09:30:00,4657.54,4658.73,4650.62,4654.41,1665,35
2026.05.11 09:35:00,4654.43,4659.94,4654.25,4659.25,1450,35
2026.05.11 09:40:00,4659.22,4663.51,4657.16,4662.75,1384,35
2026.05.11 09:45:00,4662.72,4664.64,4660.92,4661.89,1238,35
2026.05.11 09:50:00,4661.81,4663.14,4658.63,4661.55,1154,35
2026.05.11 09:55:00,4661.58,4662.0,4656.15,4656.62,1277,35
2026.05.11 10:00:00,4656.26,4661.15,4656.26,4657.39,1196,35
2026.05.11 10:05:00,4657.42,4661.2,4656.58,4660.86,1148,35
2026.05.11 10:10:00,4660.88,4662.79,4660.31,4662.43,1091,35
2026.05.11 10:15:00,4662.44,4662.92,4660.28,4662.52,941,35
2026.05.11 10:20:00,4662.52,4665.18,4660.88,4665.15,1148,35
2026.05.11 10:25:00,4665.15,4665.58,4662.85,4663.21,1036,35
2026.05.11 10:30:00,4663.26,4666.53,4662.35,4665.71,1140,35
2026.05.11 10:35:00,4665.71,4666.51,4660.31,4662.92,1221,35
2026.05.11 10:40:00,4663.03,4663.41,4661.09,4663.3,1211,35
2026.05.11 10:45:00,4663.39,4665.03,4661.25,4664.42,1203,35
2026.05.11 10:50:00,4664.43,4667.3,4663.95,4665.12,1144,35
2026.05.11 10:55:00,4665.01,4665.8,4663.78,4663.87,1087,35
2026.05.11 11:00:00,4664.46,4672.23,4664.25,4670.89,1455,35
2026.05.11 11:05:00,4670.9,4671.19,4667.23,4669.08,1320,35
2026.05.11 11:10:00,4669.08,4669.93,4666.8,4669.33,1256,35
2026.05.11 11:15:00,4669.31,4669.99,4667.8,4669.64,1035,35
2026.05.11 11:20:00,4669.64,4670.32,4667.36,4668.76,1076,35
2026.05.11 11:25:00,4668.78,4671.94,4667.46,4671.78,1146,35
2026.05.11 11:30:00,4671.76,4673.23,4670.17,4671.56,1379,35
2026.05.11 11:35:00,4671.57,4675.94,4670.25,4675.11,1470,35
2026.05.11 11:40:00,4675.12,4677.48,4674.24,4674.46,1295,35
2026.05.11 11:45:00,4674.4,4675.04,4672.77,4674.02,1143,35
2026.05.11 11:50:00,4674.0,4674.1,4670.19,4672.91,1269,35
2026.05.11 11:55:00,4672.86,4674.49,4670.33,4674.38,1204,35
2026.05.11 12:00:00,4674.31,4675.74,4670.54,4671.08,1479,35
2026.05.11 12:05:00,4671.15,4671.55,4668.94,4669.19,1388,35
2026.05.11 12:10:00,4669.19,4669.39,4667.25,4668.35,1355,35
2026.05.11 12:15:00,4668.42,4674.12,4667.53,4672.95,1403,35
2026.05.11 12:20:00,4672.98,4695.38,4672.01,4692.39,2190,35
2026.05.11 12:25:00,4692.33,4692.33,4685.45,4690.61,1944,35
2026.05.11 12:30:00,4690.7,4696.29,4688.99,4693.29,1947,35
2026.05.11 12:35:00,4693.31,4698.26,4693.2,4696.11,1706,35
2026.05.11 12:40:00,4696.08,4697.0,4691.27,4692.06,1604,35
2026.05.11 12:45:00,4692.06,4695.7,4686.22,4689.05,1758,35
2026.05.11 12:50:00,4689.04,4693.9,4689.04,4692.87,1605,35
2026.05.11 12:55:00,4692.89,4700.97,4691.57,4699.96,1797,35
2026.05.11 13:00:00,4700.19,4709.67,4698.71,4709.61,2095,35
2026.05.11 13:05:00,4709.51,4717.28,4708.25,4716.35,2052,35
2026.05.11 13:10:00,4716.33,4721.64,4712.47,4720.79,2053,35
2026.05.11 13:15:00,4720.69,4730.62,4720.33,4727.46,2062,35
2026.05.11 13:20:00,4727.5,4735.68,4726.49,4731.33,2081,35
2026.05.11 13:25:00,4731.22,4734.24,4727.52,4728.4,2006,35
2026.05.11 13:30:00,4728.44,4736.79,4728.22,4734.6,2211,35
2026.05.11 13:35:00,4734.93,4740.32,4733.33,4735.18,2168,35
2026.05.11 13:40:00,4735.24,4745.53,4735.08,4743.53,2170,35
2026.05.11 13:45:00,4743.51,4748.62,4736.33,4737.3,2179,35
2026.05.11 13:50:00,4737.38,4742.36,4734.73,4739.88,2034,35
2026.05.11 13:55:00,4739.67,4744.94,4736.13,4736.18,1799,35
2026.05.11 14:00:00,4736.19,4738.52,4728.22,4730.74,2057,35
2026.05.11 14:05:00,4730.74,4731.51,4718.71,4724.2,2099,35
2026.05.11 14:10:00,4724.29,4732.19,4721.58,4730.83,1846,35
2026.05.11 14:15:00,4730.84,4732.34,4725.53,4730.75,1830,35
2026.05.11 14:20:00,4730.91,4733.69,4729.88,4733.42,1605,35
2026.05.11 14:25:00,4733.44,4733.67,4724.44,4724.99,1942,35
2026.05.11 14:30:00,4725.04,4727.97,4715.29,4721.51,2199,35
2026.05.11 14:35:00,4721.49,4728.44,4717.89,4726.82,2066,35
2026.05.11 14:40:00,4726.86,4733.43,4726.85,4732.46,1828,35
2026.05.11 14:45:00,4732.44,4733.85,4727.46,4729.72,1822,35
2026.05.11 14:50:00,4729.72,4730.32,4727.2,4727.9,1785,35
2026.05.11 14:55:00,4727.83,4728.91,4723.83,4725.46,1633,35
2026.05.11 15:00:00,4725.44,4728.28,4722.83,4725.93,1699,35
2026.05.11 15:05:00,4725.93,4729.97,4724.9,4728.5,1609,35
2026.05.11 15:10:00,4728.61,4731.72,4727.2,4728.44,1609,35
2026.05.11 15:15:00,4728.92,4734.52,4727.3,4731.71,1627,35
2026.05.11 15:20:00,4731.66,4738.19,4730.35,4736.65,1635,35
2026.05.11 15:25:00,4736.65,4737.23,4731.94,4732.8,1646,35
2026.05.11 15:30:00,4732.83,4734.77,4731.88,4732.12,1555,35
2026.05.11 15:35:00,4731.98,4732.41,4729.84,4730.28,1454,35
2026.05.11 15:40:00,4730.54,4731.45,4726.87,4727.33,1504,35
2026.05.11 15:45:00,4727.41,4729.99,4725.18,4729.3,1699,35
2026.05.11 15:50:00,4729.31,4732.13,4727.95,4731.65,1396,35
2026.05.11 15:55:00,4731.66,4732.81,4730.61,4732.2,1111,35
2026.05.11 16:00:00,4732.32,4733.35,4730.69,4731.76,1226,35
2026.05.11 16:05:00,4731.76,4732.84,4729.15,4729.15,1131,35
2026.05.11 16:10:00,4729.25,4729.9,4726.98,4727.75,1163,35
2026.05.11 16:15:00,4727.74,4728.16,4724.02,4726.85,1310,35
2026.05.11 16:20:00,4726.82,4727.08,4723.48,4724.45,1199,35
2026.05.11 16:25:00,4724.13,4725.95,4722.39,4723.89,1301,35
2026.05.11 16:30:00,4723.85,4726.13,4721.59,4722.18,1252,35
2026.05.11 16:35:00,4722.04,4722.1,4717.52,4720.4,1482,35
2026.05.11 16:40:00,4720.4,4721.14,4707.98,4711.39,1892,35
2026.05.11 16:45:00,4711.41,4716.0,4709.29,4714.85,1679,35
2026.05.11 16:50:00,4715.04,4716.62,4713.97,4715.28,1455,35
2026.05.11 16:55:00,4715.1,4716.71,4713.37,4716.29,1487,35
2026.05.11 17:00:00,4716.19,4719.25,4716.1,4718.05,1392,35
2026.05.11 17:05:00,4718.05,4719.75,4717.54,4717.92,1377,42
2026.05.11 17:10:00,4717.89,4718.89,4715.64,4718.19,1438,42
2026.05.11 17:15:00,4718.29,4719.13,4717.15,4717.56,1079,35
2026.05.11 17:20:00,4717.51,4720.93,4717.02,4719.49,1348,42
2026.05.11 17:25:00,4719.57,4721.62,4717.04,4718.07,1351,42
2026.05.11 17:30:00,4718.05,4723.94,4717.61,4722.62,1239,35
2026.05.11 17:35:00,4722.65,4723.4,4721.59,4721.8,1131,42
2026.05.11 17:40:00,4721.81,4724.25,4721.3,4723.72,1076,42
2026.05.11 17:45:00,4723.72,4724.43,4721.97,4722.48,997,42
2026.05.11 17:50:00,4722.5,4723.7,4721.71,4721.98,769,42
2026.05.11 17:55:00,4721.97,4723.68,4721.9,4723.56,973,42
2026.05.11 18:00:00,4723.55,4724.96,4722.34,4724.21,1072,42
2026.05.11 18:05:00,4724.2,4726.95,4723.77,4725.66,1110,42
2026.05.11 18:10:00,4725.66,4726.17,4722.0,4723.41,1324,42
2026.05.11 18:15:00,4723.41,4724.43,4721.99,4723.34,1132,35
2026.05.11 18:20:00,4723.52,4724.48,4721.11,4723.68,1250,42
2026.05.11 18:25:00,4723.68,4727.44,4723.4,4726.85,1231,42
2026.05.11 18:30:00,4726.68,4727.67,4726.48,4726.57,812,42
2026.05.11 18:35:00,4726.56,4729.28,4726.56,4726.94,1058,42
2026.05.11 18:40:00,4726.93,4727.6,4725.69,4726.74,1050,42
2026.05.11 18:45:00,4726.81,4727.18,4725.18,4726.36,845,42
2026.05.11 18:50:00,4726.34,4727.74,4725.57,4726.43,894,42
2026.05.11 18:55:00,4726.41,4729.16,4724.87,4724.99,1282,42
2026.05.11 19:00:00,4725.09,4727.03,4723.87,4724.11,1307,42
2026.05.11 19:05:00,4724.12,4728.5,4724.04,4726.97,1125,42
2026.05.11 19:10:00,4727.17,4728.04,4723.86,4724.71,1175,42
2026.05.11 19:15:00,4724.75,4725.4,4723.79,4724.69,851,42
2026.05.11 19:20:00,4724.7,4725.21,4723.55,4723.69,824,42
2026.05.11 19:25:00,4723.57,4724.4,4723.14,4724.22,820,35
2026.05.11 19:30:00,4724.16,4725.3,4722.24,4724.32,926,42
2026.05.11 19:35:00,4724.33,4727.58,4724.3,4727.58,865,41
2026.05.11 19:40:00,4727.55,4728.45,4726.81,4726.83,889,35
2026.05.11 19:45:00,4726.85,4731.43,4726.85,4731.32,1029,42
2026.05.11 19:50:00,4731.26,4734.02,4730.13,4733.78,1161,35
2026.05.11 19:55:00,4733.94,4736.0,4732.83,4733.24,1392,39
2026.05.11 20:00:00,4733.4,4737.69,4733.4,4736.98,870,35
2026.05.11 20:05:00,4736.98,4737.0,4733.47,4734.48,800,42
2026.05.11 20:10:00,4734.46,4736.63,4730.14,4734.99,1076,35
2026.05.11 20:15:00,4734.99,4735.15,4733.91,4734.65,598,42
2026.05.11 20:20:00,4734.64,4734.72,4733.38,4734.49,564,42
2026.05.11 20:25:00,4734.42,4735.3,4733.59,4735.19,472,42
2026.05.11 20:30:00,4735.17,4738.37,4734.79,4737.79,638,35
2026.05.11 20:35:00,4737.78,4738.24,4737.21,4737.86,393,35
2026.05.11 20:40:00,4737.84,4737.84,4737.16,4737.42,273,42
2026.05.11 20:45:00,4737.37,4737.57,4736.47,4736.58,504,42
2026.05.11 20:50:00,4736.53,4736.53,4732.35,4734.6,690,42
2026.05.11 20:55:00,4734.6,4735.53,4734.07,4734.79,394,42
2026.05.11 22:00:00,4740.32,4743.35,4738.43,4740.49,858,35
2026.05.11 22:05:00,4740.78,4743.46,4739.26,4741.28,839,42
2026.05.11 22:10:00,4741.29,4741.29,4738.28,4739.2,568,42
2026.05.11 22:15:00,4739.05,4739.62,4737.56,4738.65,608,42
2026.05.11 22:20:00,4738.62,4739.97,4737.37,4739.48,588,42
2026.05.11 22:25:00,4739.48,4742.06,4739.16,4739.79,647,42
2026.05.11 22:30:00,4739.79,4742.24,4738.86,4741.4,684,42
2026.05.11 22:35:00,4741.4,4742.62,4740.67,4741.56,603,42
2026.05.11 22:40:00,4741.3,4744.91,4741.3,4744.73,670,35
2026.05.11 22:45:00,4744.66,4754.89,4744.03,4751.84,1275,35
2026.05.11 22:50:00,4751.9,4753.86,4750.51,4752.94,864,35
2026.05.11 22:55:00,4752.96,4753.11,4749.68,4750.94,691,35
2026.05.11 23:00:00,4751.5,4754.15,4750.7,4750.98,1034,42
2026.05.11 23:05:00,4750.97,4754.49,4750.94,4752.91,783,36
2026.05.11 23:10:00,4752.91,4753.34,4746.2,4751.08,1184,42
2026.05.11 23:15:00,4751.05,4754.31,4750.82,4751.9,982,42
2026.05.11 23:20:00,4751.92,4753.97,4750.89,4752.0,887,42
2026.05.11 23:25:00,4752.05,4754.7,4750.65,4752.82,883,42
2026.05.11 23:30:00,4752.81,4757.52,4751.37,4755.5,1052,37
2026.05.11 23:35:00,4755.5,4759.12,4753.53,4754.94,1197,35
2026.05.11 23:40:00,4754.99,4757.09,4754.33,4755.88,957,41
2026.05.11 23:45:00,4755.88,4760.63,4755.34,4759.99,1173,35
2026.05.11 23:50:00,4759.99,4769.66,4759.47,4765.96,1375,40
2026.05.11 23:55:00,4765.96,4769.08,4765.55,4767.22,1120,42
2026.05.12 00:00:00,4767.21,4767.21,4758.57,4764.74,1693,35
2026.05.12 00:05:00,4764.74,4768.65,4760.19,4767.97,1371,37
2026.05.12 00:10:00,4768.01,4769.38,4765.35,4766.83,1428,42
2026.05.12 00:15:00,4766.86,4773.71,4766.46,4770.87,1367,35
2026.05.12 00:20:00,4770.86,4772.84,4753.18,4759.72,1565,41
2026.05.12 00:25:00,4759.66,4765.89,4759.16,4762.12,1392,42
2026.05.12 00:30:00,4762.1,4763.72,4758.21,4758.3,1220,42
2026.05.12 00:35:00,4758.3,4762.57,4757.8,4759.09,1175,42
2026.05.12 00:40:00,4759.38,4760.71,4757.37,4757.78,983,42
2026.05.12 00:45:00,4758.11,4761.72,4757.8,4759.44,1082,42
2026.05.12 00:50:00,4759.45,4760.21,4751.86,4752.71,1177,35
2026.05.12 00:55:00,4752.69,4755.73,4748.23,4749.03,1454,35
2026.05.12 01:00:00,4749.11,4755.47,4742.32,4743.86,2004,35
2026.05.12 01:05:00,4743.97,4752.6,4743.42,4752.21,1845,42
2026.05.12 01:10:00,4752.21,4752.82,4744.47,4746.15,1642,40
2026.05.12 01:15:00,4746.18,4751.33,4743.22,4748.73,1769,35
2026.05.12 01:20:00,4748.76,4749.92,4743.42,4744.38,1560,42
2026.05.12 01:25:00,4744.39,4745.75,4733.72,4735.07,1764,35
2026.05.12 01:30:00,4735.14,4738.75,4731.27,4732.27,1572,42
2026.05.12 01:35:00,4732.27,4733.13,4723.28,4724.63,1872,35
2026.05.12 01:40:00,4724.59,4729.36,4720.28,4729.29,1972,41
2026.05.12 01:45:00,4729.17,4731.26,4726.21,4729.86,1828,42
2026.05.12 01:50:00,4729.86,4730.35,4727.15,4727.86,1561,41
2026.05.12 01:55:00,4727.85,4729.58,4723.94,4726.95,1617,42
2026.05.12 02:00:00,4726.95,4730.85,4726.46,4728.69,1593,42
2026.05.12 02:05:00,4728.56,4730.29,4725.4,4730.03,1516,42
2026.05.12 02:10:00,4730.07,4733.85,4728.92,4731.42,1502,42
2026.05.12 02:15:00,4731.29,4731.5,4725.95,4726.28,1270,42
2026.05.12 02:20:00,4726.26,4729.74,4725.0,4729.59,1165,35
2026.05.12 02:25:00,4729.58,4730.37,4724.36,4726.88,1332,42
2026.05.12 02:30:00,4726.8,4729.28,4722.15,4726.34,1703,42
2026.05.12 02:35:00,4726.34,4728.95,4724.63,4726.6,1447,42
2026.05.12 02:40:00,4726.62,4731.77,4724.67,4731.62,1486,42
2026.05.12 02:45:00,4731.61,4733.22,4727.08,4728.31,1564,42
2026.05.12 02:50:00,4728.3,4733.3,4728.21,4732.19,1478,41
2026.05.12 02:55:00,4732.23,4733.14,4730.02,4730.02,1326,41
2026.05.12 03:00:00,4730.0,4733.03,4727.31,4729.43,1500,35
2026.05.12 03:05:00,4729.43,4730.75,4727.05,4727.55,1181,42
2026.05.12 03:10:00,4727.57,4731.89,4727.0,4730.84,1217,42
2026.05.12 03:15:00,4730.81,4731.14,4725.47,4725.8,1190,42
2026.05.12 03:20:00,4725.75,4727.18,4723.51,4723.78,1423,42
2026.05.12 03:25:00,4723.78,4725.57,4722.75,4723.76,1232,42
2026.05.12 03:30:00,4723.82,4726.17,4723.78,4725.55,1099,35
2026.05.12 03:35:00,4725.62,4727.92,4725.01,4726.37,1021,41
2026.05.12 03:40:00,4726.37,4727.24,4723.79,4723.95,888,42
2026.05.12 03:45:00,4723.94,4724.37,4718.92,4720.42,1144,42
2026.05.12 03:50:00,4720.42,4722.53,4718.97,4719.42,998,42
2026.05.12 03:55:00,4719.41,4720.29,4718.08,4720.09,945,42
2026.05.12 04:00:00,4720.06,4722.21,4719.65,4722.21,1053,42
2026.05.12 04:05:00,4722.17,4723.26,4720.91,4722.21,951,42
2026.05.12 04:10:00,4722.21,4722.46,4720.81,4721.78,813,42
2026.05.12 04:15:00,4721.76,4730.44,4721.67,4726.66,1422,38
2026.05.12 04:20:00,4726.65,4729.17,4724.29,4725.0,1108,42
2026.05.12 04:25:00,4725.02,4725.4,4721.38,4722.42,800,42
2026.05.12 04:30:00,4722.41,4724.39,4721.22,4723.15,857,42
2026.05.12 04:35:00,4723.14,4726.34,4722.95,4725.41,951,42
2026.05.12 04:40:00,4725.22,4725.72,4723.59,4724.6,873,42
2026.05.12 04:45:00,4724.59,4725.11,4718.37,4719.9,1179,42
2026.05.12 04:50:00,4719.87,4720.46,4712.75,4713.39,1427,35
2026.05.12 04:55:00,4713.26,4717.0,4711.22,4714.2,1455,42
2026.05.12 05:00:00,4714.06,4718.43,4711.1,4718.38,1455,42
2026.05.12 05:05:00,4718.35,4718.55,4709.31,4710.95,1370,35
2026.05.12 05:10:00,4710.99,4712.52,4708.62,4712.26,1246,35
2026.05.12 05:15:00,4712.54,4715.83,4712.3,4713.33,1233,42
2026.05.12 05:20:00,4713.33,4716.78,4713.33,4714.18,1136,42
2026.05.12 05:25:00,4714.23,4715.57,4713.06,4715.2,1019,42
2026.05.12 05:30:00,4715.2,4721.95,4713.08,4715.03,1659,35
2026.05.12 05:35:00,4715.02,4716.75,4712.98,4716.26,1542,42
2026.05.12 05:40:00,4716.27,4716.66,4713.94,4715.36,1304,42
2026.05.12 05:45:00,4714.97,4716.32,4713.21,4713.81,1365,42
2026.05.12 05:50:00,4713.94,4715.9,4712.18,4713.74,1454,42
2026.05.12 05:55:00,4713.74,4719.75,4710.13,4714.29,1611,38
2026.05.12 06:00:00,4714.09,4714.32,4704.07,4706.5,1870,35
2026.05.12 06:05:00,4706.5,4709.11,4702.66,4704.57,1708,41
2026.05.12 06:10:00,4704.49,4706.4,4702.95,4705.04,1496,42
2026.05.12 06:15:00,4705.0,4706.82,4700.23,4704.2,1518,35
2026.05.12 06:20:00,4704.32,4705.32,4697.21,4698.48,1523,35
2026.05.12 06:25:00,4698.38,4699.17,4695.09,4695.91,1458,35
2026.05.12 06:30:00,4695.91,4703.55,4695.17,4702.87,1478,35
2026.05.12 06:35:00,4702.72,4704.85,4698.84,4700.74,1414,42
2026.05.12 06:40:00,4700.7,4702.58,4697.48,4702.31,1370,42
2026.05.12 06:45:00,4702.26,4704.15,4696.02,4696.76,1450,42
2026.05.12 06:50:00,4697.09,4699.68,4695.26,4698.88,1640,42
2026.05.12 06:55:00,4698.87,4699.24,4693.91,4696.87,1743,35
2026.05.12 07:00:00,4696.77,4698.15,4689.51,4691.28,1868,35
2026.05.12 07:05:00,4691.31,4695.11,4687.54,4694.64,1674,35
2026.05.12 07:10:00,4694.57,4697.74,4692.17,4695.75,1612,35
2026.05.12 07:15:00,4695.72,4699.59,4693.72,4699.07,1474,35
2026.05.12 07:20:00,4699.2,4699.46,4696.67,4696.99,1414,35
2026.05.12 07:25:00,4697.0,4698.89,4696.07,4697.84,1282,35
2026.05.12 07:30:00,4697.84,4699.67,4695.56,4699.64,1412,35
2026.05.12 07:35:00,4699.65,4700.49,4696.99,4700.07,1390,35
2026.05.12 07:40:00,4699.99,4702.4,4699.21,4700.27,1381,35
2026.05.12 07:45:00,4700.29,4700.61,4697.63,4699.67,1322,35
2026.05.12 07:50:00,4699.76,4702.63,4698.02,4701.27,1302,35
2026.05.12 07:55:00,4701.29,4703.66,4698.87,4699.84,1227,35
2026.05.12 08:00:00,4699.64,4706.66,4699.64,4704.61,1484,35
2026.05.12 08:05:00,4704.74,4705.76,4701.69,4703.21,1190,35
2026.05.12 08:10:00,4703.18,4703.6,4698.98,4699.7,1207,35
2026.05.12 08:15:00,4699.88,4700.44,4697.14,4699.21,1344,35
2026.05.12 08:20:00,4699.26,4704.15,4699.1,4701.78,1276,35
2026.05.12 08:25:00,4701.77,4704.11,4701.45,4702.91,1070,35
2026.05.12 08:30:00,4702.89,4704.3,4701.05,4701.14,1224,35
2026.05.12 08:35:00,4701.17,4701.62,4697.98,4700.46,1243,35
2026.05.12 08:40:00,4700.4,4700.97,4698.4,4699.99,1171,35
2026.05.12 08:45:00,4699.92,4706.55,4698.89,4703.58,1496,35
2026.05.12 08:50:00,4703.53,4705.44,4702.72,4703.38,1258,35
2026.05.12 08:55:00,4703.36,4704.38,4702.25,4703.35,1005,35
2026.05.12 09:00:00,4703.36,4703.36,4699.6,4701.42,1157,35
2026.05.12 09:05:00,4701.39,4701.61,4698.78,4699.45,1220,35
2026.05.12 09:10:00,4699.38,4701.56,4697.68,4697.68,1239,35
2026.05.12 09:15:00,4697.68,4700.64,4697.67,4698.76,1203,35
2026.05.12 09:20:00,4698.75,4702.25,4697.8,4701.29,1136,35
2026.05.12 09:25:00,4701.36,4702.18,4697.32,4699.53,1243,35
2026.05.12 09:30:00,4699.53,4705.11,4699.53,4702.2,1473,35
2026.05.12 09:35:00,4702.18,4702.6,4698.49,4701.93,1304,35
2026.05.12 09:40:00,4701.91,4702.43,4694.47,4695.32,1461,35
2026.05.12 09:45:00,4695.38,4701.1,4694.23,4700.77,1422,35
2026.05.12 09:50:00,4700.82,4701.55,4695.96,4696.97,1205,35
2026.05.12 09:55:00,4697.02,4699.95,4696.43,4699.42,1231,35
2026.05.12 10:00:00,4699.42,4703.9,4698.61,4703.52,1212,35
2026.05.12 10:05:00,4703.5,4708.08,4702.49,4707.67,1319,35
2026.05.12 10:10:00,4707.67,4708.36,4704.27,4704.82,1259,35
2026.05.12 10:15:00,4704.81,4705.41,4699.02,4700.84,1293,35
2026.05.12 10:20:00,4700.83,4703.17,4699.57,4701.23,1148,35
2026.05.12 10:25:00,4701.29,4702.88,4699.33,4700.14,1113,35
2026.05.12 10:30:00,4700.15,4700.21,4692.19,4695.27,1617,35
2026.05.12 10:35:00,4695.17,4695.62,4685.41,4686.51,1487,35
2026.05.12 10:40:00,4686.35,4692.17,4684.91,4690.63,1612,35
2026.05.12 10:45:00,4690.96,4692.08,4689.64,4691.19,1305,35
2026.05.12 10:50:00,4690.78,4693.94,4690.27,4692.72,1259,35
2026.05.12 10:55:00,4692.73,4694.36,4691.08,4694.28,1275,35
2026.05.12 11:00:00,4694.32,4694.93,4689.56,4691.1,1536,35
2026.05.12 11:05:00,4691.1,4692.85,4686.86,4691.97,1630,35
2026.05.12 11:10:00,4691.92,4698.02,4689.72,4691.58,1772,35
2026.05.12 11:15:00,4691.46,4697.94,4691.43,4697.65,1480,35
2026.05.12 11:20:00,4697.39,4697.65,4693.05,4693.81,1284,35
2026.05.12 11:25:00,4693.8,4700.38,4692.69,4700.12,1335,35
2026.05.12 11:30:00,4700.24,4702.13,4697.75,4698.63,1438,35
2026.05.12 11:35:00,4698.56,4704.6,4698.47,4704.14,1371,35
2026.05.12 11:40:00,4704.15,4705.94,4702.58,4704.24,1329,35
2026.05.12 11:45:00,4704.26,4706.94,4702.56,4705.53,1387,35
2026.05.12 11:50:00,4705.54,4707.83,4704.15,4707.44,1308,35
2026.05.12 11:55:00,4707.37,4709.31,4706.29,4706.58,1356,35
2026.05.12 12:00:00,4706.56,4708.15,4703.28,4704.41,1512,35
2026.05.12 12:05:00,4704.41,4704.73,4698.38,4700.64,1691,35
2026.05.12 12:10:00,4700.16,4706.36,4699.93,4705.73,1421,35
2026.05.12 12:15:00,4705.68,4708.15,4702.52,4704.64,1568,35
2026.05.12 12:20:00,4704.26,4708.29,4696.9,4696.9,1558,35
2026.05.12 12:25:00,4696.77,4698.75,4695.12,4697.5,1351,35
2026.05.12 12:30:00,4697.5,4700.11,4689.48,4692.84,2007,35
2026.05.12 12:35:00,4692.55,4702.46,4690.65,4701.48,1911,35
2026.05.12 12:40:00,4701.23,4708.59,4700.8,4702.59,1843,35
2026.05.12 12:45:00,4702.6,4710.99,4702.46,4707.24,1745,35
2026.05.12 12:50:00,4706.92,4711.52,4706.7,4709.58,1796,35
2026.05.12 12:55:00,4709.88,4710.41,4700.48,4705.51,1768,35
2026.05.12 13:00:00,4705.47,4709.04,4695.13,4696.35,1972,35
2026.05.12 13:05:00,4696.46,4697.5,4692.79,4695.51,1840,35
2026.05.12 13:10:00,4695.51,4695.93,4687.21,4688.74,1820,35
2026.05.12 13:15:00,4688.81,4688.95,4679.05,4685.55,2094,35
2026.05.12 13:20:00,4685.61,4695.37,4685.23,4690.83,1773,35
2026.05.12 13:25:00,4690.84,4694.77,4689.25,4690.67,1776,35
2026.05.12 13:30:00,4690.22,4692.96,4685.01,4688.41,2130,35
2026.05.12 13:35:00,4688.62,4698.09,4683.67,4698.04,2085,35
2026.05.12 13:40:00,4697.99,4701.71,4695.85,4699.28,2070,35
2026.05.12 13:45:00,4699.28,4701.45,4689.95,4692.39,2140,35
2026.05.12 13:50:00,4692.31,4693.81,4688.05,4691.24,2053,35
2026.05.12 13:55:00,4691.18,4691.28,4676.76,4679.49,2073,35
2026.05.12 14:00:00,4679.39,4692.35,4675.81,4690.49,2161,35
2026.05.12 14:05:00,4690.49,4692.82,4687.63,4691.44,1996,35
2026.05.12 14:10:00,4691.41,4694.9,4686.7,4692.78,1914,35
2026.05.12 14:15:00,4692.91,4694.0,4686.0,4688.39,1898,35
2026.05.12 14:20:00,4688.32,4691.1,4686.76,4687.41,1818,35
2026.05.12 14:25:00,4687.42,4688.76,4682.27,4683.23,1958,35
2026.05.12 14:30:00,4683.24,4685.01,4671.41,4684.31,2118,35
2026.05.12 14:35:00,4684.15,4687.87,4678.81,4686.95,2000,35
2026.05.12 14:40:00,4686.88,4687.2,4683.8,4685.66,1903,35
2026.05.12 14:45:00,4685.45,4685.56,4678.29,4678.51,1927,35
2026.05.12 14:50:00,4678.53,4678.92,4671.09,4676.74,2033,35
2026.05.12 14:55:00,4676.68,4677.7,4669.79,4672.8,1984,35
2026.05.12 15:00:00,4672.6,4676.21,4667.15,4669.37,2071,35
2026.05.12 15:05:00,4669.55,4674.2,4667.46,4672.66,1904,35
2026.05.12 15:10:00,4672.57,4672.57,4664.27,4664.57,1931,35
2026.05.12 15:15:00,4664.58,4666.25,4659.23,4662.38,2017,35
2026.05.12 15:20:00,4662.37,4662.61,4638.42,4642.85,2233,35
2026.05.12 15:25:00,4642.93,4656.44,4638.02,4655.75,2186,35
2026.05.12 15:30:00,4655.8,4664.28,4654.02,4662.88,2137,35
2026.05.12 15:35:00,4662.9,4667.82,4659.13,4666.86,1878,35
2026.05.12 15:40:00,4666.88,4667.66,4663.49,4665.58,1851,35
2026.05.12 15:45:00,4665.49,4669.3,4664.45,4665.95,1810,35
2026.05.12 15:50:00,4665.97,4668.7,4664.56,4667.83,1782,35
2026.05.12 15:55:00,4667.78,4670.12,4665.52,4666.15,1732,35
2026.05.12 16:00:00,4666.56,4671.57,4664.29,4670.81,1904,35
2026.05.12 16:05:00,4670.82,4671.38,4668.42,4669.1,1706,35
2026.05.12 16:10:00,4669.06,4673.12,4668.33,4671.82,1542,35
2026.05.12 16:15:00,4671.83,4674.95,4670.62,4671.45,1540,35
2026.05.12 16:20:00,4671.36,4672.94,4666.78,4667.52,1678,35
2026.05.12 16:25:00,4667.55,4669.57,4666.22,4668.23,1481,35
2026.05.12 16:30:00,4668.09,4668.82,4665.26,4668.28,1573,35
2026.05.12 16:35:00,4668.25,4670.52,4667.39,4670.36,1472,35
2026.05.12 16:40:00,4670.35,4671.59,4668.18,4669.7,1496,35
2026.05.12 16:45:00,4669.67,4670.33,4666.63,4669.78,1472,35
2026.05.12 16:50:00,4669.76,4672.06,4668.32,4670.0,1461,35
2026.05.12 16:55:00,4670.01,4674.26,4669.49,4671.21,1523,35
2026.05.12 17:00:00,4671.29,4677.48,4671.22,4676.07,1493,35
2026.05.12 17:05:00,4676.08,4679.51,4675.7,4678.18,1542,42
2026.05.12 17:10:00,4678.23,4678.89,4674.87,4677.07,1535,42
2026.05.12 17:15:00,4677.07,4680.76,4676.88,4679.88,1552,42
2026.05.12 17:20:00,4679.9,4681.13,4679.11,4680.3,1559,42
2026.05.12 17:25:00,4680.39,4682.37,4678.67,4679.17,1378,42
2026.05.12 17:30:00,4679.01,4680.14,4676.61,4678.63,1351,35
2026.05.12 17:35:00,4678.62,4678.9,4676.14,4678.8,1313,42
2026.05.12 17:40:00,4678.8,4680.51,4677.22,4679.57,1177,42
2026.05.12 17:45:00,4679.54,4679.88,4677.93,4678.48,1227,42
2026.05.12 17:50:00,4678.48,4680.09,4677.61,4679.53,1201,41
2026.05.12 17:55:00,4679.54,4680.49,4678.04,4678.6,1097,42
2026.05.12 18:00:00,4678.63,4683.35,4677.77,4678.74,1439,35
2026.05.12 18:05:00,4678.6,4680.09,4676.18,4679.98,1519,42
2026.05.12 18:10:00,4679.86,4681.55,4678.01,4681.31,1333,42
2026.05.12 18:15:00,4681.31,4682.63,4679.98,4682.26,1257,42
2026.05.12 18:20:00,4682.23,4684.4,4682.02,4682.5,1185,37
2026.05.12 18:25:00,4682.55,4687.65,4682.55,4685.13,1554,42
2026.05.12 18:30:00,4685.07,4690.38,4684.67,4690.15,1383,42
2026.05.12 18:35:00,4690.16,4693.03,4689.12,4691.16,1322,41
2026.05.12 18:40:00,4691.21,4697.36,4690.69,4695.21,1482,42
2026.05.12 18:45:00,4695.21,4695.66,4690.56,4691.32,1585,35
2026.05.12 18:50:00,4691.34,4698.03,4691.32,4696.89,1315,40
2026.05.12 18:55:00,4696.88,4697.65,4695.37,4695.99,1375,42
2026.05.12 19:00:00,4696.0,4699.21,4696.0,4697.1,1313,42
2026.05.12 19:05:00,4697.08,4700.26,4696.21,4698.68,1259,35
2026.05.12 19:10:00,4698.65,4702.35,4698.18,4699.84,1313,42
2026.05.12 19:15:00,4699.84,4702.64,4699.07,4702.0,1402,42
2026.05.12 19:20:00,4702.0,4704.07,4699.97,4702.74,1162,41
2026.05.12 19:25:00,4702.75,4704.51,4702.52,4703.47,1173,42
2026.05.12 19:30:00,4703.47,4709.43,4703.47,4708.69,1372,42
2026.05.12 19:35:00,4708.69,4710.47,4708.25,4708.29,1334,35
2026.05.12 19:40:00,4708.31,4709.97,4707.25,4709.37,1187,35
2026.05.12 19:45:00,4709.32,4711.08,4709.05,4709.75,1040,35
2026.05.12 19:50:00,4710.31,4713.48,4709.35,4712.52,1393,35
2026.05.12 19:55:00,4712.54,4715.82,4712.18,4715.69,1478,38
2026.05.12 20:00:00,4715.66,4719.08,4713.03,4713.61,1260,42
2026.05.12 20:05:00,4713.55,4714.82,4711.92,4713.85,985,35
2026.05.12 20:10:00,4713.87,4714.69,4712.29,4713.24,816,42
2026.05.12 20:15:00,4713.25,4716.1,4713.24,4713.64,764,41
2026.05.12 20:20:00,4713.65,4713.92,4712.28,4713.71,747,42
2026.05.12 20:25:00,4713.65,4714.18,4712.64,4713.03,514,42
2026.05.12 20:30:00,4713.02,4714.79,4712.85,4713.71,585,35
2026.05.12 20:35:00,4713.71,4715.02,4712.74,4714.11,593,35
2026.05.12 20:40:00,4714.1,4715.4,4712.07,4714.69,643,42
2026.05.12 20:45:00,4714.71,4715.5,4713.01,4715.26,690,42
2026.05.12 20:50:00,4715.3,4715.68,4713.25,4713.57,637,35
2026.05.12 20:55:00,4713.3,4715.27,4713.17,4715.12,499,42
2026.05.12 22:00:00,4714.67,4720.83,4713.91,4719.9,437,43
2026.05.12 22:05:00,4719.67,4720.28,4710.91,4713.35,282,43
2026.05.12 22:10:00,4713.35,4715.84,4710.52,4714.58,443,43
2026.05.12 22:15:00,4714.58,4717.32,4713.19,4717.14,654,42
2026.05.12 22:20:00,4717.09,4719.3,4715.56,4716.15,682,35
2026.05.12 22:25:00,4715.8,4717.23,4714.8,4717.0,408,42
2026.05.12 22:30:00,4717.0,4720.36,4715.96,4718.55,514,42
2026.05.12 22:35:00,4718.57,4719.59,4716.17,4718.15,488,42
2026.05.12 22:40:00,4718.24,4718.61,4714.72,4716.37,529,35
2026.05.12 22:45:00,4716.36,4718.14,4716.33,4717.12,414,42
2026.05.12 22:50:00,4717.12,4722.35,4716.78,4720.99,914,35
2026.05.12 22:55:00,4720.98,4721.04,4716.67,4716.8,653,42
2026.05.12 23:00:00,4716.81,4720.73,4715.73,4720.24,960,35
2026.05.12 23:05:00,4720.23,4722.97,4717.81,4719.97,971,42
2026.05.12 23:10:00,4719.93,4721.72,4717.26,4717.68,808,36
2026.05.12 23:15:00,4717.65,4720.27,4717.38,4717.42,661,42
2026.05.12 23:20:00,4717.42,4722.61,4717.42,4722.43,838,42
2026.05.12 23:25:00,4722.46,4724.08,4719.31,4720.34,1060,41
2026.05.12 23:30:00,4720.37,4721.57,4718.84,4719.18,978,41
2026.05.12 23:35:00,4719.19,4721.75,4716.45,4720.43,1062,41
2026.05.12 23:40:00,4720.44,4721.2,4717.59,4721.03,959,42
2026.05.12 23:45:00,4721.11,4723.33,4715.38,4715.95,1410,42
2026.05.12 23:50:00,4715.94,4719.68,4715.49,4717.53,1175,42
2026.05.12 23:55:00,4717.57,4718.47,4715.77,4716.92,1024,42
2026.05.13 00:00:00,4716.48,4725.13,4714.77,4724.75,1649,35
2026.05.13 00:05:00,4724.64,4726.9,4720.73,4721.14,1618,42
2026.05.13 00:10:00,4721.11,4724.02,4720.14,4720.29,1366,42
2026.05.13 00:15:00,4720.28,4725.43,4720.02,4724.09,1499,42
2026.05.13 00:20:00,4724.09,4726.22,4723.04,4724.7,1531,42
2026.05.13 00:25:00,4724.7,4725.22,4720.63,4722.47,1220,42
2026.05.13 00:30:00,4722.5,4723.92,4719.33,4720.34,1200,42
2026.05.13 00:35:00,4720.26,4722.28,4717.23,4722.28,1280,42
2026.05.13 00:40:00,4722.2,4725.17,4719.98,4720.26,1352,42
2026.05.13 00:45:00,4720.24,4720.35,4716.46,4716.76,1194,37
2026.05.13 00:50:00,4716.76,4720.04,4715.14,4716.74,1174,42
2026.05.13 00:55:00,4716.76,4718.19,4714.04,4714.51,1423,42
2026.05.13 01:00:00,4714.72,4717.06,4707.74,4711.57,1970,42
2026.05.13 01:05:00,4711.57,4713.35,4707.29,4713.07,1581,42
2026.05.13 01:10:00,4713.21,4716.1,4709.23,4709.48,1471,42
2026.05.13 01:15:00,4709.48,4710.6,4704.74,4706.34,1625,42
2026.05.13 01:20:00,4706.35,4709.87,4704.79,4707.5,1505,42
2026.05.13 01:25:00,4707.47,4707.94,4702.81,4704.44,1573,35
2026.05.13 01:30:00,4704.43,4705.46,4702.67,4704.76,1534,42
2026.05.13 01:35:00,4704.78,4706.67,4701.58,4705.89,1614,42
2026.05.13 01:40:00,4705.89,4710.4,4704.32,4708.69,1579,41
2026.05.13 01:45:00,4708.7,4710.85,4706.44,4709.79,1368,42
2026.05.13 01:50:00,4709.81,4710.16,4705.76,4706.11,1228,42
2026.05.13 01:55:00,4706.14,4706.54,4700.9,4702.29,1399,42
2026.05.13 02:00:00,4702.27,4707.53,4701.49,4706.2,1400,42
2026.05.13 02:05:00,4706.16,4706.78,4698.73,4699.57,1521,35
2026.05.13 02:10:00,4699.64,4703.58,4699.56,4701.37,1258,42
2026.05.13 02:15:00,4701.38,4703.43,4698.92,4702.88,1080,42
2026.05.13 02:20:00,4702.87,4703.99,4701.02,4703.24,1020,42
2026.05.13 02:25:00,4703.21,4703.94,4698.13,4700.18,1176,36
2026.05.13 02:30:00,4700.2,4700.3,4695.51,4695.99,1466,42
2026.05.13 02:35:00,4695.99,4698.26,4694.54,4694.61,1312,42
2026.05.13 02:40:00,4694.67,4697.68,4693.87,4694.34,1335,42
2026.05.13 02:45:00,4694.34,4696.48,4692.87,4696.48,1421,42
2026.05.13 02:50:00,4696.48,4696.97,4688.65,4688.82,1453,41
2026.05.13 02:55:00,4688.86,4693.51,4687.55,4691.59,1593,41
2026.05.13 03:00:00,4691.53,4693.39,4688.79,4692.69,1469,42
2026.05.13 03:05:00,4692.68,4693.32,4689.0,4689.43,1207,42
2026.05.13 03:10:00,4689.41,4694.16,4688.67,4692.21,1273,42
2026.05.13 03:15:00,4692.2,4694.27,4690.98,4693.79,1238,42
2026.05.13 03:20:00,4693.79,4695.92,4693.78,4694.99,1157,42
2026.05.13 03:25:00,4694.99,4700.66,4694.95,4700.62,1209,42
2026.05.13 03:30:00,4700.6,4704.18,4699.31,4703.43,1395,42
2026.05.13 03:35:00,4703.47,4705.7,4702.91,4704.09,1009,35
2026.05.13 03:40:00,4704.11,4705.41,4703.17,4703.69,820,42
2026.05.13 03:45:00,4703.71,4704.8,4702.02,4702.43,1042,42
2026.05.13 03:50:00,4702.43,4702.5,4696.79,4697.23,1174,42
2026.05.13 03:55:00,4697.18,4697.77,4694.25,4695.88,1253,42
2026.05.13 04:00:00,4695.82,4698.08,4695.38,4697.46,1092,42
2026.05.13 04:05:00,4697.48,4698.8,4695.71,4696.44,1008,42
2026.05.13 04:10:00,4696.44,4698.5,4695.7,4698.19,817,42
2026.05.13 04:15:00,4698.19,4702.26,4697.9,4701.76,1022,42
2026.05.13 04:20:00,4701.79,4703.26,4700.58,4701.29,956,42
2026.05.13 04:25:00,4701.3,4701.65,4699.95,4701.27,792,42
2026.05.13 04:30:00,4701.26,4703.41,4700.07,4700.18,908,42
2026.05.13 04:35:00,4700.19,4702.17,4697.81,4701.78,1081,42
2026.05.13 04:40:00,4700.71,4700.74,4697.19,4698.46,721,42
2026.05.13 04:45:00,4698.46,4701.32,4698.16,4701.31,713,42
2026.05.13 04:50:00,4701.26,4701.44,4699.11,4701.4,948,35
2026.05.13 04:55:00,4701.37,4701.7,4698.12,4699.49,1057,42
2026.05.13 05:00:00,4699.49,4706.47,4698.32,4706.32,1312,38
2026.05.13 05:05:00,4706.28,4707.0,4703.21,4704.39,1170,42
2026.05.13 05:10:00,4704.4,4707.28,4703.79,4705.13,1110,39
2026.05.13 05:15:00,4705.14,4705.37,4700.62,4701.14,1101,42
2026.05.13 05:20:00,4701.16,4703.69,4698.75,4699.41,1058,35
2026.05.13 05:25:00,4699.47,4700.2,4697.56,4698.03,1240,42
2026.05.13 05:30:00,4697.79,4702.39,4693.9,4700.3,1752,42
2026.05.13 05:35:00,4700.26,4702.06,4699.13,4701.02,1409,42
2026.05.13 05:40:00,4701.03,4702.28,4696.29,4696.79,1457,42
2026.05.13 05:45:00,4696.78,4699.85,4696.78,4698.36,1311,42
2026.05.13 05:50:00,4698.21,4700.96,4696.25,4699.4,1329,42
2026.05.13 05:55:00,4699.39,4705.32,4699.11,4703.93,1407,42
2026.05.13 06:00:00,4703.92,4710.0,4703.34,4709.32,1540,35
2026.05.13 06:05:00,4709.3,4712.63,4707.19,4710.47,1539,42
2026.05.13 06:10:00,4710.61,4712.23,4708.87,4710.62,1292,35
2026.05.13 06:15:00,4710.66,4715.3,4710.21,4712.89,1506,35
2026.05.13 06:20:00,4712.74,4712.84,4707.4,4708.52,1551,35
2026.05.13 06:25:00,4708.45,4710.25,4706.67,4708.62,1383,41
2026.05.13 06:30:00,4708.64,4711.08,4707.59,4709.94,1388,42
2026.05.13 06:35:00,4709.96,4712.77,4709.28,4711.66,1381,37
2026.05.13 06:40:00,4711.69,4713.6,4710.61,4711.33,1356,35
2026.05.13 06:45:00,4711.33,4712.19,4707.31,4708.5,1283,35
2026.05.13 06:50:00,4708.52,4708.71,4702.32,4702.32,1529,35
2026.05.13 06:55:00,4702.27,4703.87,4698.83,4701.63,1456,35
2026.05.13 07:00:00,4701.66,4705.16,4699.9,4700.18,1593,35
2026.05.13 07:05:00,4700.77,4702.61,4696.59,4698.65,1446,35
2026.05.13 07:10:00,4698.65,4703.49,4697.61,4702.44,1393,35
2026.05.13 07:15:00,4702.44,4707.68,4702.13,4705.91,1412,35
2026.05.13 07:20:00,4705.91,4708.24,4704.19,4705.09,1249,35
2026.05.13 07:25:00,4705.18,4708.66,4705.01,4707.55,1141,35
2026.05.13 07:30:00,4707.55,4707.82,4704.7,4706.21,1216,35
2026.05.13 07:35:00,4706.19,4707.72,4703.03,4703.44,1125,35
2026.05.13 07:40:00,4703.47,4705.2,4703.18,4703.62,1007,35
2026.05.13 07:45:00,4703.63,4704.64,4701.17,4703.45,1131,35
2026.05.13 07:50:00,4703.51,4704.49,4701.05,4702.57,1379,35
2026.05.13 07:55:00,4702.56,4704.05,4701.79,4702.74,1309,35
2026.05.13 08:00:00,4702.74,4704.19,4700.81,4701.13,1378,35
2026.05.13 08:05:00,4701.13,4701.82,4698.54,4700.43,1369,35
2026.05.13 08:10:00,4700.32,4701.78,4699.17,4700.06,1226,35
2026.05.13 08:15:00,4700.07,4701.0,4698.17,4699.06,1239,35
2026.05.13 08:20:00,4699.01,4700.78,4698.63,4699.03,1103,35
2026.05.13 08:25:00,4699.03,4699.52,4694.66,4697.11,1359,35
2026.05.13 08:30:00,4697.16,4698.08,4694.66,4697.82,1181,35
2026.05.13 08:35:00,4697.82,4699.81,4697.11,4698.2,1024,35
2026.05.13 08:40:00,4698.19,4698.92,4695.08,4695.91,1073,35
2026.05.13 08:45:00,4695.9,4698.62,4694.88,4697.88,1250,35
2026.05.13 08:50:00,4697.87,4700.68,4697.16,4700.61,1081,35
2026.05.13 08:55:00,4700.65,4702.92,4699.22,4700.58,1287,35
2026.05.13 09:00:00,4700.57,4701.74,4698.09,4700.23,1447,35
2026.05.13 09:05:00,4700.24,4700.32,4697.81,4698.39,1287,35
2026.05.13 09:10:00,4698.42,4699.31,4693.35,4694.59,1367,35
2026.05.13 09:15:00,4694.57,4695.05,4690.25,4690.71,1321,35
2026.05.13 09:20:00,4690.71,4692.4,4685.63,4686.81,1427,35
2026.05.13 09:25:00,4686.79,4692.05,4686.22,4688.96,1431,35
2026.05.13 09:30:00,4688.93,4691.55,4686.01,4688.51,1639,35
2026.05.13 09:35:00,4688.36,4692.82,4688.29,4690.86,1419,35
2026.05.13 09:40:00,4690.87,4694.44,4690.24,4694.05,1143,35
2026.05.13 09:45:00,4694.04,4696.91,4692.89,4696.91,1079,35
2026.05.13 09:50:00,4696.75,4698.2,4696.19,4697.86,1144,35
2026.05.13 09:55:00,4697.91,4700.94,4697.77,4700.82,1270,35
2026.05.13 10:00:00,4700.76,4701.29,4698.51,4698.89,1210,35
2026.05.13 10:05:00,4698.88,4710.46,4698.74,4708.49,1353,35
2026.05.13 10:10:00,4708.54,4709.03,4701.5,4702.26,1747,35
2026.05.13 10:15:00,4702.28,4703.18,4700.17,4700.48,1397,35
2026.05.13 10:20:00,4700.48,4705.6,4700.34,4703.19,1384,35
2026.05.13 10:25:00,4703.19,4703.4,4698.69,4699.51,1329,35
2026.05.13 10:30:00,4699.53,4699.89,4695.27,4696.43,1421,35
2026.05.13 10:35:00,4696.37,4697.46,4695.2,4695.94,1096,35
2026.05.13 10:40:00,4695.94,4697.52,4693.84,4695.76,1349,35
2026.05.13 10:45:00,4695.75,4696.46,4693.94,4695.51,1250,35
2026.05.13 10:50:00,4695.44,4696.78,4694.12,4694.91,1012,35
2026.05.13 10:55:00,4694.93,4696.54,4693.43,4693.96,1156,35
2026.05.13 11:00:00,4693.92,4695.47,4691.52,4693.08,1452,35
2026.05.13 11:05:00,4693.07,4694.96,4691.54,4694.12,1369,35
2026.05.13 11:10:00,4694.12,4699.11,4693.99,4699.02,1280,35
2026.05.13 11:15:00,4699.02,4700.39,4695.92,4697.98,1448,35
2026.05.13 11:20:00,4697.98,4700.47,4697.23,4698.5,1322,35
2026.05.13 11:25:00,4698.49,4699.69,4697.1,4698.39,1112,35
2026.05.13 11:30:00,4698.41,4702.94,4697.97,4702.15,1467,35
2026.05.13 11:35:00,4702.1,4705.03,4702.01,4704.69,1322,35
2026.05.13 11:40:00,4704.76,4704.78,4700.99,4703.29,1213,35
2026.05.13 11:45:00,4703.27,4705.31,4702.19,4702.33,1237,35
2026.05.13 11:50:00,4701.98,4702.28,4700.19,4701.09,1275,35
2026.05.13 11:55:00,4701.07,4701.07,4697.27,4697.27,1293,35
2026.05.13 12:00:00,4696.92,4699.97,4694.89,4699.35,1550,35
2026.05.13 12:05:00,4699.35,4701.42,4697.69,4699.03,1262,35
2026.05.13 12:10:00,4699.03,4699.06,4693.47,4693.94,1427,35
2026.05.13 12:15:00,4693.95,4694.17,4689.41,4691.59,1573,35
2026.05.13 12:20:00,4691.56,4693.27,4685.02,4687.6,1827,35
2026.05.13 12:25:00,4687.49,4688.69,4683.25,4684.85,1663,35
2026.05.13 12:30:00,4686.42,4687.06,4676.03,4682.32,2127,35
2026.05.13 12:35:00,4682.31,4685.79,4677.16,4679.08,2024,35
2026.05.13 12:40:00,4679.04,4683.57,4677.81,4682.74,1899,35
2026.05.13 12:45:00,4683.26,4683.79,4677.48,4680.41,1824,35
2026.05.13 12:50:00,4680.45,4685.34,4680.05,4681.56,1732,35
2026.05.13 12:55:00,4681.37,4685.32,4678.6,4683.62,1790,35
2026.05.13 13:00:00,4683.45,4690.28,4683.45,4687.76,1904,35
2026.05.13 13:05:00,4687.76,4689.43,4685.36,4686.42,1665,35
2026.05.13 13:10:00,4686.41,4691.11,4685.27,4689.81,1553,35
2026.05.13 13:15:00,4689.79,4692.01,4686.42,4691.77,1601,35
2026.05.13 13:20:00,4691.69,4694.65,4690.22,4693.82,1580,35
2026.05.13 13:25:00,4694.21,4694.32,4688.03,4688.67,1704,35
2026.05.13 13:30:00,4688.53,4690.69,4682.08,4683.7,2144,35
2026.05.13 13:35:00,4683.89,4684.07,4673.02,4674.28,2139,35
2026.05.13 13:40:00,4674.35,4683.6,4673.5,4678.76,2088,35
2026.05.13 13:45:00,4678.77,4679.14,4668.93,4672.87,2117,35
2026.05.13 13:50:00,4672.91,4682.6,4670.02,4682.6,2149,35
2026.05.13 13:55:00,4682.8,4682.94,4677.58,4679.35,2093,35
2026.05.13 14:00:00,4679.42,4680.57,4673.01,4676.68,2065,35
2026.05.13 14:05:00,4676.75,4680.85,4673.96,4677.7,2068,35
2026.05.13 14:10:00,4677.72,4683.13,4677.02,4681.19,2004,35
2026.05.13 14:15:00,4681.12,4682.21,4673.58,4674.22,1916,35
2026.05.13 14:20:00,4674.23,4681.9,4673.62,4681.46,1905,35
2026.05.13 14:25:00,4681.49,4685.26,4680.87,4684.06,1837,35
2026.05.13 14:30:00,4683.98,4690.25,4682.91,4689.88,1827,35
2026.05.13 14:35:00,4689.87,4690.91,4684.91,4686.25,1845,35
2026.05.13 14:40:00,4686.25,4688.41,4683.65,4683.87,1790,35
2026.05.13 14:45:00,4683.9,4684.94,4677.51,4681.46,2025,35
2026.05.13 14:50:00,4681.6,4682.45,4678.37,4681.09,1829,35
2026.05.13 14:55:00,4681.08,4683.23,4678.86,4679.72,1842,35
2026.05.13 15:00:00,4680.01,4685.92,4678.84,4684.18,1785,35
2026.05.13 15:05:00,4684.18,4688.69,4681.84,4688.23,1704,35
2026.05.13 15:10:00,4688.38,4690.7,4686.07,4687.47,1674,35
2026.05.13 15:15:00,4687.44,4687.89,4685.28,4687.03,1487,35
2026.05.13 15:20:00,4687.05,4690.11,4685.11,4688.11,1564,35
2026.05.13 15:25:00,4688.1,4691.91,4687.46,4691.19,1623,35
2026.05.13 15:30:00,4691.13,4695.7,4687.04,4695.03,1721,35
2026.05.13 15:35:00,4695.18,4699.15,4694.3,4698.88,1644,35
2026.05.13 15:40:00,4698.86,4700.07,4696.96,4699.24,1543,35
2026.05.13 15:45:00,4699.26,4699.44,4696.53,4698.43,1485,35
2026.05.13 15:50:00,4698.5,4698.58,4694.91,4695.87,1442,35
2026.05.13 15:55:00,4695.76,4697.93,4694.47,4695.48,1413,35
2026.05.13 16:00:00,4695.47,4699.27,4695.11,4697.71,1530,35
2026.05.13 16:05:00,4697.63,4701.84,4696.41,4700.74,1319,35
2026.05.13 16:10:00,4700.71,4702.92,4699.06,4701.98,1540,35
2026.05.13 16:15:00,4701.99,4703.71,4698.51,4699.63,1508,35
2026.05.13 16:20:00,4699.62,4709.48,4698.55,4705.84,1509,35
2026.05.13 16:25:00,4705.94,4709.89,4703.81,4706.68,1715,35
2026.05.13 16:30:00,4706.74,4707.69,4702.27,4703.97,1711,35
2026.05.13 16:35:00,4703.98,4704.31,4701.61,4702.83,1285,35
2026.05.13 16:40:00,4702.8,4703.17,4699.71,4700.03,1471,35
2026.05.13 16:45:00,4700.07,4701.38,4698.4,4699.53,1304,35
2026.05.13 16:50:00,4699.42,4699.61,4695.46,4696.34,1369,35
2026.05.13 16:55:00,4696.31,4697.72,4695.03,4695.71,1289,35
2026.05.13 17:00:00,4695.78,4699.37,4695.61,4696.6,1305,35
2026.05.13 17:05:00,4696.61,4699.73,4696.31,4699.37,1263,42
2026.05.13 17:10:00,4699.35,4700.9,4698.37,4699.49,1097,35
2026.05.13 17:15:00,4699.49,4699.68,4696.77,4699.64,1179,35
2026.05.13 17:20:00,4699.77,4701.26,4697.02,4697.46,1168,42
2026.05.13 17:25:00,4697.38,4699.85,4696.47,4698.19,1420,35
2026.05.13 17:30:00,4698.13,4698.33,4690.3,4690.4,1473,35
2026.05.13 17:35:00,4690.53,4692.74,4689.99,4690.94,1329,35
2026.05.13 17:40:00,4690.94,4693.42,4690.44,4691.2,1260,35
2026.05.13 17:45:00,4691.44,4694.15,4690.18,4691.35,1283,41
2026.05.13 17:50:00,4691.33,4692.36,4688.43,4688.81,1277,42
2026.05.13 17:55:00,4688.78,4689.66,4684.59,4685.57,1422,42
2026.05.13 18:00:00,4685.61,4689.4,4684.33,4687.76,1350,38
2026.05.13 18:05:00,4687.76,4691.28,4687.61,4690.44,1043,42
2026.05.13 18:10:00,4690.42,4692.58,4690.27,4692.3,1054,42
2026.05.13 18:15:00,4692.29,4694.01,4690.17,4690.69,1204,42
2026.05.13 18:20:00,4690.69,4690.98,4688.66,4690.2,1169,42
2026.05.13 18:25:00,4690.16,4692.01,4689.98,4691.86,992,42
2026.05.13 18:30:00,4691.74,4692.64,4690.11,4691.02,857,35
2026.05.13 18:35:00,4691.04,4691.13,4687.12,4689.95,1158,42
2026.05.13 18:40:00,4689.88,4691.17,4685.66,4686.05,1061,42
2026.05.13 18:45:00,4686.06,4687.51,4677.72,4679.43,1586,42
2026.05.13 18:50:00,4679.49,4687.42,4679.35,4686.86,1317,35
2026.05.13 18:55:00,4686.9,4687.32,4684.27,4684.85,1193,42
2026.05.13 19:00:00,4684.96,4685.89,4683.75,4684.06,1034,42
2026.05.13 19:05:00,4684.07,4686.67,4683.24,4686.48,888,42
2026.05.13 19:10:00,4686.48,4688.95,4685.39,4688.85,868,42
2026.05.13 19:15:00,4688.86,4690.36,4686.9,4688.0,1046,42
2026.05.13 19:20:00,4687.97,4689.97,4687.48,4687.89,1038,42
2026.05.13 19:25:00,4687.65,4688.42,4686.55,4687.03,1038,42
2026.05.13 19:30:00,4687.05,4688.47,4684.36,4685.08,1010,42
2026.05.13 19:35:00,4685.09,4688.97,4684.57,4688.71,975,42
2026.05.13 19:40:00,4688.68,4688.76,4687.07,4688.39,903,42
2026.05.13 19:45:00,4688.39,4689.26,4687.4,4689.15,909,42
2026.05.13 19:50:00,4688.37,4688.61,4683.77,4685.45,1407,42
2026.05.13 19:55:00,4685.53,4688.83,4685.53,4688.06,1201,42
2026.05.13 20:00:00,4687.97,4688.71,4685.89,4686.74,831,35
2026.05.13 20:05:00,4686.74,4689.2,4686.74,4688.99,732,35
2026.05.13 20:10:00,4689.07,4691.04,4688.97,4690.7,682,42
2026.05.13 20:15:00,4690.71,4691.04,4690.07,4690.8,624,42
2026.05.13 20:20:00,4690.81,4693.18,4690.63,4692.68,539,42
2026.05.13 20:25:00,4692.66,4693.35,4690.96,4691.19,562,42
2026.05.13 20:30:00,4691.19,4692.79,4689.15,4689.72,617,42
2026.05.13 20:35:00,4689.82,4691.38,4689.35,4691.38,486,42
2026.05.13 20:40:00,4691.34,4691.74,4689.79,4690.57,477,42
2026.05.13 20:45:00,4690.57,4690.97,4688.53,4688.8,506,42
2026.05.13 20:50:00,4688.73,4689.23,4687.74,4687.99,557,42
2026.05.13 20:55:00,4688.01,4689.28,4687.77,4688.82,454,42
2026.05.13 22:00:00,4692.69,4694.02,4689.46,4693.51,367,43
2026.05.13 22:05:00,4693.36,4693.8,4689.76,4689.85,681,42
2026.05.13 22:10:00,4689.89,4691.41,4688.84,4691.07,588,42
2026.05.13 22:15:00,4691.07,4695.96,4690.8,4694.47,917,35
2026.05.13 22:20:00,4694.49,4696.41,4694.09,4695.62,571,42
2026.05.13 22:25:00,4695.62,4697.16,4695.53,4696.95,568,42
2026.05.13 22:30:00,4696.94,4698.47,4695.41,4696.93,657,42
2026.05.13 22:35:00,4696.94,4699.09,4696.49,4698.27,608,42
2026.05.13 22:40:00,4698.27,4700.38,4697.92,4698.96,580,42
2026.05.13 22:45:00,4698.96,4699.63,4696.51,4697.56,754,42
2026.05.13 22:50:00,4697.63,4700.47,4697.4,4700.04,615,42
2026.05.13 22:55:00,4700.03,4700.42,4699.21,4699.94,437,42
2026.05.13 23:00:00,4699.94,4700.97,4698.96,4699.03,599,42
2026.05.13 23:05:00,4699.17,4701.55,4699.05,4700.75,649,42
2026.05.13 23:10:00,4700.75,4702.01,4700.71,4701.15,572,42
2026.05.13 23:15:00,4701.15,4701.25,4700.22,4700.79,437,42
2026.05.13 23:20:00,4700.76,4701.15,4699.36,4699.52,510,42
2026.05.13 23:25:00,4699.53,4699.62,4696.73,4697.17,786,42
2026.05.13 23:30:00,4697.16,4697.43,4694.28,4695.26,729,42
2026.05.13 23:35:00,4695.26,4697.01,4694.86,4695.99,586,42
2026.05.13 23:40:00,4695.99,4697.17,4694.37,4694.57,885,42
2026.05.13 23:45:00,4694.61,4696.17,4693.09,4693.68,934,35
2026.05.13 23:50:00,4693.79,4695.66,4693.07,4695.65,531,41
2026.05.13 23:55:00,4695.67,4696.72,4694.34,4696.54,779,41
2026.05.14 00:00:00,4696.51,4699.0,4689.49,4691.7,1400,35
2026.05.14 00:05:00,4691.69,4696.65,4690.79,4695.98,1357,42
2026.05.14 00:10:00,4695.98,4697.68,4694.07,4697.51,1053,42
2026.05.14 00:15:00,4697.55,4705.17,4697.3,4701.03,1563,42
2026.05.14 00:20:00,4701.03,4702.58,4699.52,4701.56,1322,42
2026.05.14 00:25:00,4701.56,4702.32,4699.45,4700.96,1331,42
2026.05.14 00:30:00,4700.92,4703.17,4697.14,4697.52,1285,42
2026.05.14 00:35:00,4697.51,4697.51,4694.21,4695.48,1422,42
2026.05.14 00:40:00,4695.54,4700.6,4692.66,4699.83,1431,42
2026.05.14 00:45:00,4699.83,4704.65,4699.78,4703.53,1422,42
2026.05.14 00:50:00,4703.51,4703.61,4699.25,4700.67,1159,42
2026.05.14 00:55:00,4700.68,4706.61,4700.58,4704.89,1205,37
2026.05.14 01:00:00,4704.98,4706.87,4694.4,4698.5,2128,35
2026.05.14 01:05:00,4698.5,4698.67,4686.32,4688.28,2106,35
2026.05.14 01:10:00,4688.29,4692.33,4684.36,4688.81,1884,42
2026.05.14 01:15:00,4688.85,4694.44,4687.44,4688.84,1862,35
2026.05.14 01:20:00,4688.86,4692.78,4688.3,4692.07,1616,36
2026.05.14 01:25:00,4692.21,4695.0,4691.28,4692.63,1403,35
2026.05.14 01:30:00,4692.69,4694.65,4689.51,4692.55,1822,42
2026.05.14 01:35:00,4692.55,4694.05,4686.86,4689.01,1663,42
2026.05.14 01:40:00,4689.01,4690.04,4683.61,4688.61,1742,42
2026.05.14 01:45:00,4688.62,4694.66,4686.81,4694.4,1590,42
2026.05.14 01:50:00,4694.33,4694.5,4683.46,4685.51,1640,42
2026.05.14 01:55:00,4685.51,4689.04,4683.97,4688.53,1873,42
2026.05.14 02:00:00,4688.55,4693.82,4687.02,4693.5,1802,42
2026.05.14 02:05:00,4693.54,4693.68,4688.78,4690.77,1510,42
2026.05.14 02:10:00,4690.77,4690.85,4686.56,4688.19,1441,42
2026.05.14 02:15:00,4688.02,4690.74,4687.0,4689.81,1132,42
2026.05.14 02:20:00,4689.82,4691.54,4689.42,4690.88,1036,42
2026.05.14 02:25:00,4690.91,4693.97,4689.87,4693.38,1269,35
2026.05.14 02:30:00,4693.43,4697.77,4690.91,4697.76,1568,42
2026.05.14 02:35:00,4697.75,4699.51,4694.95,4695.39,1419,42
2026.05.14 02:40:00,4695.39,4696.27,4689.53,4691.77,1579,42
2026.05.14 02:45:00,4691.82,4693.26,4680.49,4682.44,1792,35
2026.05.14 02:50:00,4682.45,4687.95,4679.87,4687.04,1727,42
2026.05.14 02:55:00,4687.0,4688.16,4684.79,4686.26,1509,42
2026.05.14 03:00:00,4686.48,4690.03,4685.2,4687.24,1586,42
2026.05.14 03:05:00,4687.32,4687.73,4681.82,4684.12,1615,42
2026.05.14 03:10:00,4684.16,4685.59,4681.46,4682.84,1509,42
2026.05.14 03:15:00,4682.84,4686.22,4682.47,4682.73,1233,42
2026.05.14 03:20:00,4682.58,4688.34,4681.46,4688.11,1571,42
2026.05.14 03:25:00,4688.2,4693.17,4687.41,4691.02,1503,42
2026.05.14 03:30:00,4691.02,4691.2,4683.27,4684.8,1372,42
2026.05.14 03:35:00,4684.8,4686.34,4679.2,4680.45,1209,42
2026.05.14 03:40:00,4680.46,4681.16,4675.64,4676.35,1352,41
2026.05.14 03:45:00,4676.33,4677.84,4674.24,4676.78,1336,42
2026.05.14 03:50:00,4676.86,4677.31,4674.22,4675.36,1030,42
2026.05.14 03:55:00,4675.37,4676.74,4673.85,4674.83,1079,42
2026.05.14 04:00:00,4674.87,4675.34,4667.99,4672.61,1449,42
2026.05.14 04:05:00,4672.61,4680.05,4672.16,4678.64,1541,42
2026.05.14 04:10:00,4678.6,4682.38,4677.16,4682.03,1396,41
2026.05.14 04:15:00,4682.03,4683.68,4681.67,4683.36,1208,42
2026.05.14 04:20:00,4683.38,4692.36,4683.35,4691.4,1341,42
2026.05.14 04:25:00,4691.47,4707.24,4691.15,4702.13,1826,42
2026.05.14 04:30:00,4702.13,4710.48,4701.44,4709.01,1541,42
2026.05.14 04:35:00,4709.08,4712.53,4706.41,4707.73,1414,42
2026.05.14 04:40:00,4707.69,4708.1,4703.28,4704.82,1116,42
2026.05.14 04:45:00,4704.8,4706.59,4703.04,4704.92,1112,42
2026.05.14 04:50:00,4704.9,4705.76,4703.5,4705.4,974,35
2026.05.14 04:55:00,4705.44,4706.44,4702.23,4702.32,1163,42
2026.05.14 05:00:00,4702.35,4703.04,4699.73,4700.55,1297,42
2026.05.14 05:05:00,4700.72,4704.02,4700.44,4701.42,1227,42
2026.05.14 05:10:00,4701.44,4703.79,4699.69,4699.89,1074,42
2026.05.14 05:15:00,4699.9,4700.24,4697.24,4697.58,1279,35
2026.05.14 05:20:00,4697.57,4698.67,4696.79,4697.3,1289,42
2026.05.14 05:25:00,4697.3,4697.43,4693.29,4693.6,1378,42
2026.05.14 05:30:00,4693.57,4701.41,4693.33,4698.65,1794,42
2026.05.14 05:35:00,4698.53,4700.46,4696.6,4700.09,1592,42
2026.05.14 05:40:00,4699.97,4700.74,4696.65,4697.32,1518,42
2026.05.14 05:45:00,4697.33,4703.15,4697.33,4700.05,1724,35
2026.05.14 05:50:00,4700.28,4701.46,4698.05,4698.35,1619,42
2026.05.14 05:55:00,4698.3,4698.3,4689.11,4689.89,1631,41
2026.05.14 06:00:00,4689.17,4693.18,4687.39,4692.98,1770,42
2026.05.14 06:05:00,4692.91,4694.47,4687.07,4690.68,1673,41
2026.05.14 06:10:00,4690.61,4691.8,4685.87,4687.73,1480,38
2026.05.14 06:15:00,4687.73,4689.25,4686.24,4688.45,1462,42
2026.05.14 06:20:00,4688.48,4690.88,4687.76,4690.41,1419,42
2026.05.14 06:25:00,4690.41,4692.86,4689.79,4691.29,1431,42
2026.05.14 06:30:00,4691.34,4694.88,4690.56,4693.91,1377,42
2026.05.14 06:35:00,4694.08,4695.36,4691.2,4694.21,1346,42
2026.05.14 06:40:00,4694.09,4699.39,4691.36,4698.69,1445,35
2026.05.14 06:45:00,4698.6,4702.25,4694.85,4695.61,1767,35
2026.05.14 06:50:00,4695.37,4701.34,4695.32,4699.61,1541,35
2026.05.14 06:55:00,4699.61,4701.33,4698.19,4700.16,1576,37
2026.05.14 07:00:00,4700.15,4702.27,4697.2,4698.65,1504,35
2026.05.14 07:05:00,4698.91,4700.45,4696.06,4699.06,1412,35
2026.05.14 07:10:00,4699.06,4700.13,4694.44,4695.31,1443,35
2026.05.14 07:15:00,4695.36,4699.52,4694.83,4697.64,1401,35
2026.05.14 07:20:00,4697.63,4700.25,4695.25,4699.84,1335,35
2026.05.14 07:25:00,4699.84,4706.72,4699.27,4705.61,1425,35
2026.05.14 07:30:00,4705.6,4710.53,4702.82,4710.18,1598,35
2026.05.14 07:35:00,4710.38,4718.69,4710.06,4712.08,1789,35
2026.05.14 07:40:00,4712.1,4714.77,4709.21,4709.28,1551,35
2026.05.14 07:45:00,4709.14,4709.91,4703.26,4704.36,1474,35
2026.05.14 07:50:00,4704.24,4704.24,4695.32,4700.2,1601,35
2026.05.14 07:55:00,4700.19,4701.07,4690.8,4693.06,1715,35
2026.05.14 08:00:00,4693.08,4700.86,4692.09,4697.57,1638,35
2026.05.14 08:05:00,4697.57,4699.88,4696.45,4697.61,1354,35
2026.05.14 08:10:00,4697.62,4700.42,4695.66,4698.85,1520,35
2026.05.14 08:15:00,4698.9,4701.74,4698.89,4699.69,1355,35
2026.05.14 08:20:00,4699.67,4701.5,4697.86,4700.81,1518,35
2026.05.14 08:25:00,4700.77,4704.74,4700.6,4702.95,1488,35
2026.05.14 08:30:00,4702.96,4705.48,4701.44,4702.28,1487,35
2026.05.14 08:35:00,4702.31,4706.5,4701.66,4701.76,1525,35
2026.05.14 08:40:00,4701.76,4702.71,4695.75,4697.09,1607,35
2026.05.14 08:45:00,4697.06,4697.66,4694.21,4695.06,1501,35
2026.05.14 08:50:00,4695.04,4696.51,4693.54,4694.6,1316,35
2026.05.14 08:55:00,4694.59,4696.83,4692.53,4693.15,1348,35
2026.05.14 09:00:00,4693.27,4694.15,4690.28,4692.49,1427,35
2026.05.14 09:05:00,4692.52,4696.44,4690.8,4696.39,1339,35
2026.05.14 09:10:00,4696.41,4697.97,4693.29,4694.44,1368,35
2026.05.14 09:15:00,4694.44,4696.63,4693.86,4695.47,1129,35
2026.05.14 09:20:00,4695.52,4696.5,4693.17,4693.42,1065,35
2026.05.14 09:25:00,4693.45,4694.19,4690.72,4690.83,1367,35
2026.05.14 09:30:00,4690.85,4694.97,4689.36,4694.62,1426,35
2026.05.14 09:35:00,4694.65,4694.66,4688.48,4692.53,1596,35
2026.05.14 09:40:00,4692.63,4696.97,4691.92,4695.35,1439,35
2026.05.14 09:45:00,4695.43,4700.7,4695.43,4700.22,1421,35
2026.05.14 09:50:00,4700.14,4702.29,4698.15,4699.1,1381,35
2026.05.14 09:55:00,4699.03,4701.4,4698.37,4699.63,1402,35
2026.05.14 10:00:00,4699.7,4700.07,4698.38,4699.2,1221,35
2026.05.14 10:05:00,4699.52,4700.69,4698.16,4698.6,1114,35
2026.05.14 10:10:00,4698.66,4705.34,4695.81,4697.2,1625,35
2026.05.14 10:15:00,4697.24,4698.32,4695.2,4696.47,1361,35
2026.05.14 10:20:00,4696.49,4697.56,4693.69,4694.33,1360,35
2026.05.14 10:25:00,4694.26,4698.17,4694.07,4697.44,1334,35
2026.05.14 10:30:00,4697.44,4697.93,4695.37,4696.78,1135,35
2026.05.14 10:35:00,4696.77,4697.63,4694.61,4695.98,1135,35
2026.05.14 10:40:00,4695.97,4695.98,4692.18,4693.59,1360,35
2026.05.14 10:45:00,4693.64,4694.87,4691.86,4692.85,1300,35
2026.05.14 10:50:00,4692.89,4697.43,4691.14,4696.61,1396,35
2026.05.14 10:55:00,4696.54,4697.45,4695.31,4696.92,1343,35
2026.05.14 11:00:00,4696.9,4698.65,4694.82,4694.93,1410,35
2026.05.14 11:05:00,4694.9,4698.88,4692.77,4697.24,1299,35
2026.05.14 11:10:00,4697.44,4697.68,4695.99,4697.39,1105,35
2026.05.14 11:15:00,4697.39,4697.52,4694.61,4695.07,1099,35
2026.05.14 11:20:00,4694.76,4696.79,4693.21,4693.66,1035,35
2026.05.14 11:25:00,4693.64,4694.03,4689.43,4691.93,1394,35
2026.05.14 11:30:00,4691.86,4694.8,4690.66,4693.74,1304,35
2026.05.14 11:35:00,4693.73,4695.95,4692.83,4695.5,1075,35
2026.05.14 11:40:00,4695.58,4697.16,4694.87,4695.3,1224,35
2026.05.14 11:45:00,4695.3,4700.22,4694.8,4698.17,1369,35
2026.05.14 11:50:00,4698.21,4704.39,4697.66,4703.77,1473,35
2026.05.14 11:55:00,4703.76,4704.75,4694.31,4694.45,1811,35
2026.05.14 12:00:00,4693.72,4697.77,4692.29,4696.31,1715,35
2026.05.14 12:05:00,4696.26,4698.75,4694.04,4697.07,1371,35
2026.05.14 12:10:00,4697.11,4703.67,4696.66,4703.66,1624,35
2026.05.14 12:15:00,4703.67,4703.69,4698.81,4701.18,1464,35
2026.05.14 12:20:00,4701.23,4707.7,4701.14,4705.62,1580,35
2026.05.14 12:25:00,4705.63,4705.92,4702.61,4702.62,1228,35
2026.05.14 12:30:00,4702.69,4708.14,4700.77,4705.74,1785,35
2026.05.14 12:35:00,4705.76,4709.89,4703.63,4706.39,1829,35
2026.05.14 12:40:00,4706.42,4707.21,4697.96,4698.16,1673,35
2026.05.14 12:45:00,4698.06,4703.01,4695.89,4702.51,1646,35
2026.05.14 12:50:00,4702.83,4705.11,4701.75,4703.25,1463,35
2026.05.14 12:55:00,4703.44,4706.23,4702.7,4704.64,1523,35
2026.05.14 13:00:00,4704.72,4707.41,4696.12,4697.28,2029,35
2026.05.14 13:05:00,4697.35,4703.04,4696.62,4701.32,1707,35
2026.05.14 13:10:00,4701.28,4704.65,4700.98,4704.05,1581,35
2026.05.14 13:15:00,4704.11,4704.39,4691.78,4693.5,1835,35
2026.05.14 13:20:00,4693.49,4695.1,4690.24,4694.68,1978,35
2026.05.14 13:25:00,4694.69,4697.06,4687.95,4688.25,1849,35
2026.05.14 13:30:00,4688.25,4689.3,4681.88,4684.21,2235,35
2026.05.14 13:35:00,4684.27,4687.24,4680.52,4682.58,2143,35
2026.05.14 13:40:00,4682.61,4683.15,4666.62,4676.74,2375,35
2026.05.14 13:45:00,4676.76,4690.65,4675.63,4689.33,2350,35
2026.05.14 13:50:00,4689.44,4691.08,4680.48,4685.06,2176,35
2026.05.14 13:55:00,4685.06,4686.56,4679.12,4679.49,2073,35
2026.05.14 14:00:00,4679.31,4688.97,4677.48,4685.71,2184,35
2026.05.14 14:05:00,4685.71,4686.62,4680.92,4685.62,2147,35
2026.05.14 14:10:00,4685.64,4690.16,4685.2,4687.48,1931,35
2026.05.14 14:15:00,4687.65,4695.32,4686.86,4694.68,1937,35
2026.05.14 14:20:00,4694.72,4700.75,4693.5,4695.06,1946,35
2026.05.14 14:25:00,4695.06,4695.17,4688.37,4691.47,2029,35
2026.05.14 14:30:00,4691.45,4692.17,4686.99,4688.29,1770,35
2026.05.14 14:35:00,4688.29,4690.45,4686.11,4690.11,1885,35
2026.05.14 14:40:00,4690.05,4692.38,4686.39,4686.93,1900,35
2026.05.14 14:45:00,4686.98,4689.16,4684.75,4687.27,1889,35
2026.05.14 14:50:00,4687.28,4690.53,4682.8,4685.35,2040,35
2026.05.14 14:55:00,4685.35,4688.24,4679.44,4679.62,2048,35
2026.05.14 15:00:00,4679.86,4682.39,4676.87,4678.15,2062,35
2026.05.14 15:05:00,4678.17,4683.44,4678.02,4683.32,1923,35
2026.05.14 15:10:00,4683.31,4686.64,4681.91,4684.94,1602,35
2026.05.14 15:15:00,4684.95,4688.79,4684.43,4687.45,1690,35
2026.05.14 15:20:00,4687.47,4687.56,4684.14,4685.91,1563,35
2026.05.14 15:25:00,4685.89,4689.27,4685.42,4685.8,1500,35
2026.05.14 15:30:00,4685.83,4688.65,4684.57,4688.59,1388,35
2026.05.14 15:35:00,4688.77,4688.94,4685.17,4686.42,1552,35
2026.05.14 15:40:00,4686.44,4687.08,4681.16,4682.45,1619,35
2026.05.14 15:45:00,4682.52,4683.53,4680.95,4683.31,1436,35
2026.05.14 15:50:00,4683.34,4685.22,4681.16,4684.62,1440,35
2026.05.14 15:55:00,4684.54,4686.57,4683.38,4685.66,1480,35
2026.05.14 16:00:00,4685.74,4686.99,4677.93,4679.1,1535,35
2026.05.14 16:05:00,4679.06,4679.48,4674.57,4676.98,1703,35
2026.05.14 16:10:00,4676.98,4679.26,4674.03,4678.51,1435,35
2026.05.14 16:15:00,4678.52,4681.18,4678.36,4679.89,1319,35
2026.05.14 16:20:00,4679.89,4680.52,4677.01,4677.5,1310,35
2026.05.14 16:25:00,4677.5,4677.91,4675.24,4677.2,1498,35
2026.05.14 16:30:00,4677.2,4678.26,4673.52,4674.33,1494,35
2026.05.14 16:35:00,4674.38,4674.99,4670.51,4672.87,1501,35
2026.05.14 16:40:00,4672.87,4675.87,4672.62,4675.19,1424,35
2026.05.14 16:45:00,4675.11,4676.66,4672.51,4676.19,1472,35
2026.05.14 16:50:00,4676.21,4678.61,4675.12,4677.43,1296,35
2026.05.14 16:55:00,4677.38,4678.92,4675.03,4678.44,1367,35
2026.05.14 17:00:00,4678.53,4681.7,4678.47,4680.92,1529,43
2026.05.14 17:05:00,4680.92,4682.33,4679.81,4679.99,1445,43
2026.05.14 17:10:00,4680.06,4681.06,4678.07,4678.54,1368,43
2026.05.14 17:15:00,4678.55,4680.78,4678.03,4679.88,1312,43
2026.05.14 17:20:00,4679.83,4682.9,4679.27,4680.85,1451,43
2026.05.14 17:25:00,4680.82,4682.55,4676.51,4677.22,1370,43
2026.05.14 17:30:00,4677.57,4679.22,4676.27,4678.82,1511,42
2026.05.14 17:35:00,4678.84,4679.85,4678.22,4678.63,1252,41
2026.05.14 17:40:00,4678.66,4681.42,4678.66,4681.17,1089,42
2026.05.14 17:45:00,4681.15,4681.69,4679.71,4680.79,933,43
2026.05.14 17:50:00,4680.8,4681.16,4677.85,4677.96,1027,35
2026.05.14 17:55:00,4678.11,4679.32,4677.56,4678.11,1022,43
2026.05.14 18:00:00,4678.16,4678.31,4668.47,4670.12,1703,40
2026.05.14 18:05:00,4670.16,4674.1,4668.86,4671.97,1524,43
2026.05.14 18:10:00,4671.93,4674.64,4671.57,4674.63,1245,43
2026.05.14 18:15:00,4674.57,4676.0,4673.88,4675.63,1161,43
2026.05.14 18:20:00,4675.66,4676.3,4673.86,4674.66,1134,43
2026.05.14 18:25:00,4674.66,4675.71,4672.93,4673.36,1108,43
2026.05.14 18:30:00,4673.36,4674.87,4672.4,4672.75,1017,43
2026.05.14 18:35:00,4672.76,4673.39,4670.15,4670.36,1016,36
2026.05.14 18:40:00,4670.36,4671.62,4668.32,4668.47,964,35
2026.05.14 18:45:00,4668.64,4669.97,4666.85,4669.56,1109,35
2026.05.14 18:50:00,4669.55,4670.32,4668.12,4668.14,883,42
2026.05.14 18:55:00,4668.14,4671.81,4668.03,4671.55,984,35
2026.05.14 19:00:00,4671.76,4671.76,4668.19,4668.78,1045,41
2026.05.14 19:05:00,4668.77,4669.15,4666.63,4668.95,924,42
2026.05.14 19:10:00,4668.95,4669.12,4666.41,4667.34,945,42
2026.05.14 19:15:00,4667.36,4668.09,4666.06,4667.4,919,43
2026.05.14 19:20:00,4667.31,4669.05,4666.95,4667.85,915,43
2026.05.14 19:25:00,4667.84,4668.95,4662.98,4663.1,973,43
2026.05.14 19:30:00,4663.29,4665.14,4661.25,4664.55,1293,43
2026.05.14 19:35:00,4664.55,4664.61,4659.01,4659.18,1255,39
2026.05.14 19:40:00,4659.16,4660.56,4655.51,4656.48,1503,38
2026.05.14 19:45:00,4656.38,4657.58,4652.94,4657.25,1539,42
2026.05.14 19:50:00,4656.75,4658.84,4655.92,4658.08,1454,42
2026.05.14 19:55:00,4658.13,4658.13,4653.24,4654.1,1478,43
2026.05.14 20:00:00,4654.12,4657.1,4649.59,4649.82,1140,43
2026.05.14 20:05:00,4649.83,4651.94,4648.9,4651.69,1153,42
2026.05.14 20:10:00,4651.69,4652.33,4649.51,4649.62,898,42
2026.05.14 20:15:00,4649.62,4650.96,4648.23,4649.19,769,42
2026.05.14 20:20:00,4649.19,4650.47,4647.91,4648.71,679,42
2026.05.14 20:25:00,4648.68,4648.72,4646.81,4648.03,746,42
2026.05.14 20:30:00,4648.12,4648.44,4647.07,4647.69,573,42
2026.05.14 20:35:00,4647.67,4648.29,4644.34,4646.19,880,42
2026.05.14 20:40:00,4646.24,4652.52,4645.44,4650.61,1000,35
2026.05.14 20:45:00,4650.61,4652.16,4650.13,4650.28,698,42
2026.05.14 20:50:00,4650.35,4651.34,4649.23,4651.2,660,35
2026.05.14 20:55:00,4651.2,4652.38,4650.84,4652.24,449,42
2026.05.14 22:00:00,4647.13,4653.73,4645.91,4652.97,454,35
2026.05.14 22:05:00,4652.96,4657.37,4651.57,4655.57,927,35
2026.05.14 22:10:00,4655.55,4657.98,4653.8,4655.26,637,43
2026.05.14 22:15:00,4655.19,4659.2,4655.14,4659.03,861,43
2026.05.14 22:20:00,4659.06,4659.22,4657.34,4657.84,713,43
2026.05.14 22:25:00,4657.86,4659.23,4657.25,4658.79,597,43
2026.05.14 22:30:00,4658.8,4662.3,4658.55,4660.58,843,42
2026.05.14 22:35:00,4660.59,4661.72,4658.87,4660.77,611,42
2026.05.14 22:40:00,4660.78,4662.31,4659.97,4661.71,710,35
2026.05.14 22:45:00,4661.72,4662.0,4660.79,4660.97,500,43
2026.05.14 22:50:00,4660.9,4662.45,4660.03,4662.3,643,38
2026.05.14 22:55:00,4662.3,4662.7,4661.8,4662.26,587,35
2026.05.14 23:00:00,4662.26,4663.12,4660.36,4662.87,755,35
2026.05.14 23:05:00,4662.95,4663.21,4661.0,4661.02,629,43
2026.05.14 23:10:00,4661.02,4662.9,4658.76,4659.07,822,43
2026.05.14 23:15:00,4659.07,4660.12,4656.12,4658.68,970,43
2026.05.14 23:20:00,4658.75,4659.28,4655.59,4658.04,787,43
2026.05.14 23:25:00,4657.96,4664.27,4657.96,4663.89,942,35
2026.05.14 23:30:00,4663.96,4665.25,4650.28,4651.24,1234,35
2026.05.14 23:35:00,4651.21,4653.47,4646.87,4652.72,1278,43
2026.05.14 23:40:00,4652.7,4657.42,4652.06,4657.12,1042,43
2026.05.14 23:45:00,4657.2,4657.57,4652.35,4654.53,1343,43
2026.05.14 23:50:00,4654.62,4655.32,4651.19,4652.12,1085,43
2026.05.14 23:55:00,4652.11,4652.27,4648.18,4652.16,1314,43
2026.05.15 00:00:00,4652.17,4653.79,4642.11,4649.38,1845,41
2026.05.15 00:05:00,4649.37,4652.04,4646.63,4650.64,1494,42
2026.05.15 00:10:00,4650.62,4650.95,4644.84,4650.46,1502,41
2026.05.15 00:15:00,4650.46,4657.98,4649.16,4653.86,1799,42
2026.05.15 00:20:00,4653.9,4654.52,4644.54,4644.86,1487,42
2026.05.15 00:25:00,4644.56,4644.89,4629.56,4629.78,1772,35
2026.05.15 00:30:00,4630.11,4630.48,4622.31,4624.02,1782,36
2026.05.15 00:35:00,4624.0,4624.76,4618.29,4621.48,1621,42
2026.05.15 00:40:00,4621.29,4621.78,4613.55,4618.51,1865,35
2026.05.15 00:45:00,4619.06,4627.48,4618.99,4627.36,1688,42
2026.05.15 00:50:00,4627.39,4627.58,4617.23,4619.97,1802,42
2026.05.15 00:55:00,4620.02,4630.28,4617.52,4630.09,1771,35
2026.05.15 01:00:00,4629.61,4631.35,4619.18,4622.68,2154,42
2026.05.15 01:05:00,4622.56,4624.04,4609.69,4610.01,2164,35
2026.05.15 01:10:00,4609.99,4615.07,4607.64,4614.29,2072,43
2026.05.15 01:15:00,4614.25,4620.61,4608.79,4619.38,2032,38
2026.05.15 01:20:00,4619.38,4625.25,4616.39,4620.59,1925,43
2026.05.15 01:25:00,4620.6,4621.31,4607.95,4608.79,2033,43
2026.05.15 01:30:00,4608.75,4616.43,4607.39,4615.98,2015,35
2026.05.15 01:35:00,4615.98,4620.88,4613.83,4617.15,1949,35
2026.05.15 01:40:00,4617.2,4622.77,4616.95,4622.66,1748,43
2026.05.15 01:45:00,4622.66,4624.29,4614.23,4616.2,1882,43
2026.05.15 01:50:00,4616.24,4617.8,4607.09,4610.0,1941,43
2026.05.15 01:55:00,4610.06,4616.26,4610.06,4613.81,1927,43
2026.05.15 02:00:00,4614.07,4615.03,4609.52,4614.02,2018,42
2026.05.15 02:05:00,4613.97,4618.77,4612.64,4618.21,1772,43
2026.05.15 02:10:00,4618.22,4619.11,4612.73,4613.16,1677,43
2026.05.15 02:15:00,4612.99,4616.0,4609.52,4613.72,1754,35
2026.05.15 02:20:00,4613.77,4616.51,4612.3,4613.6,1436,42
2026.05.15 02:25:00,4613.68,4615.11,4611.31,4612.4,1531,43
2026.05.15 02:30:00,4612.42,4614.67,4609.46,4612.41,1759,43
2026.05.15 02:35:00,4612.32,4616.45,4611.89,4612.93,1602,39
2026.05.15 02:40:00,4612.97,4617.72,4610.74,4617.72,1673,43
2026.05.15 02:45:00,4617.74,4618.6,4611.8,4614.48,1621,42
2026.05.15 02:50:00,4614.48,4621.07,4612.32,4620.74,1774,42
2026.05.15 02:55:00,4620.81,4623.11,4617.47,4617.95,1718,42
2026.05.15 03:00:00,4617.82,4620.25,4614.76,4619.11,1656,42
2026.05.15 03:05:00,4619.11,4622.1,4616.64,4617.42,1450,42
2026.05.15 03:10:00,4617.5,4619.99,4616.37,4617.4,1361,42
2026.05.15 03:15:00,4617.4,4618.23,4614.01,4614.59,1391,35
2026.05.15 03:20:00,4614.6,4614.88,4609.65,4614.17,1509,41
2026.05.15 03:25:00,4614.13,4614.53,4611.83,4612.71,1345,37
2026.05.15 03:30:00,4612.7,4614.09,4607.46,4608.94,1330,35
2026.05.15 03:35:00,4609.06,4615.5,4608.62,4614.54,1405,42
2026.05.15 03:40:00,4614.52,4617.2,4613.15,4613.29,1173,36
2026.05.15 03:45:00,4613.31,4615.69,4612.43,4615.6,1118,43
2026.05.15 03:50:00,4615.61,4617.14,4612.64,4612.89,1149,35
2026.05.15 03:55:00,4612.95,4616.54,4610.33,4615.31,1243,42
2026.05.15 04:00:00,4615.32,4616.48,4612.66,4614.24,1015,35
2026.05.15 04:05:00,4614.19,4621.42,4614.1,4621.4,1304,38
2026.05.15 04:10:00,4621.4,4621.41,4618.47,4619.87,1180,42
2026.05.15 04:15:00,4619.88,4620.61,4614.03,4614.09,1006,42
2026.05.15 04:20:00,4614.09,4614.21,4607.41,4610.73,1359,35
2026.05.15 04:25:00,4610.73,4612.76,4609.3,4610.8,1172,43
2026.05.15 04:30:00,4610.81,4614.77,4610.6,4613.81,1030,35
2026.05.15 04:35:00,4613.81,4614.79,4610.44,4611.26,1213,42
2026.05.15 04:40:00,4611.26,4613.33,4604.31,4605.61,1149,35
2026.05.15 04:45:00,4605.61,4609.84,4604.91,4609.58,1371,41
2026.05.15 04:50:00,4609.6,4612.34,4607.79,4608.05,1194,42
2026.05.15 04:55:00,4608.05,4608.26,4604.84,4605.79,1146,43
2026.05.15 05:00:00,4606.16,4606.39,4598.94,4600.02,1667,35
2026.05.15 05:05:00,4600.32,4601.22,4592.31,4592.94,1805,36
2026.05.15 05:10:00,4592.95,4593.56,4588.53,4591.93,1669,42
2026.05.15 05:15:00,4591.91,4595.14,4581.42,4582.9,1688,38
2026.05.15 05:20:00,4582.94,4588.92,4580.88,4584.78,1747,42
2026.05.15 05:25:00,4584.8,4589.96,4583.39,4588.69,1566,36
2026.05.15 05:30:00,4588.79,4589.6,4567.28,4569.43,2172,35
2026.05.15 05:35:00,4569.36,4571.9,4563.74,4569.24,2047,35
2026.05.15 05:40:00,4569.46,4575.6,4565.97,4568.82,1979,35
2026.05.15 05:45:00,4568.73,4570.41,4562.16,4563.56,2060,37
2026.05.15 05:50:00,4563.93,4573.18,4563.93,4568.94,1984,35
2026.05.15 05:55:00,4569.09,4570.79,4557.87,4558.49,1782,35
2026.05.15 06:00:00,4558.26,4565.02,4556.02,4563.55,2002,42
2026.05.15 06:05:00,4563.75,4570.06,4561.52,4566.32,2009,42
2026.05.15 06:10:00,4566.3,4573.12,4564.27,4570.83,1864,35
2026.05.15 06:15:00,4570.87,4577.89,4570.21,4575.23,1941,36
2026.05.15 06:20:00,4574.86,4578.37,4573.03,4575.1,1869,42
2026.05.15 06:25:00,4575.11,4577.97,4572.44,4574.97,1654,42
2026.05.15 06:30:00,4574.98,4580.39,4574.19,4574.93,1743,42
2026.05.15 06:35:00,4575.1,4576.06,4570.4,4572.11,1687,38
2026.05.15 06:40:00,4572.19,4573.15,4566.99,4567.37,1579,42
2026.05.15 06:45:00,4567.42,4573.89,4564.45,4572.79,1689,41
2026.05.15 06:50:00,4572.81,4574.1,4568.62,4568.95,1658,43
2026.05.15 06:55:00,4568.96,4571.09,4566.47,4569.78,1738,43
2026.05.15 07:00:00,4570.05,4572.62,4566.03,4570.0,1818,35
2026.05.15 07:05:00,4570.05,4576.48,4568.89,4575.97,1722,35
2026.05.15 07:10:00,4576.12,4586.22,4575.67,4585.92,1858,35
2026.05.15 07:15:00,4585.91,4587.38,4582.0,4586.14,1626,35
2026.05.15 07:20:00,4586.11,4588.38,4582.06,4582.37,1602,35
2026.05.15 07:25:00,4582.46,4583.49,4578.81,4581.77,1652,35
2026.05.15 07:30:00,4581.76,4582.37,4577.29,4579.05,1569,35
2026.05.15 07:35:00,4579.13,4582.19,4574.8,4577.06,1438,35
2026.05.15 07:40:00,4576.85,4578.74,4575.04,4577.6,1380,35
2026.05.15 07:45:00,4577.56,4578.33,4573.99,4574.77,1396,35
2026.05.15 07:50:00,4574.58,4574.63,4568.14,4570.51,1496,35
2026.05.15 07:55:00,4570.44,4573.25,4568.72,4570.68,1301,35
2026.05.15 08:00:00,4570.56,4571.88,4556.92,4561.17,1889,35
2026.05.15 08:05:00,4561.07,4567.56,4559.67,4566.34,1666,35
2026.05.15 08:10:00,4566.32,4567.02,4563.35,4565.13,1542,35
2026.05.15 08:15:00,4565.13,4565.64,4552.67,4556.68,1845,35
2026.05.15 08:20:00,4556.7,4561.11,4554.04,4560.1,1682,35
2026.05.15 08:25:00,4560.01,4561.11,4556.13,4558.23,1636,35
2026.05.15 08:30:00,4558.19,4558.19,4549.69,4555.08,1921,35
2026.05.15 08:35:00,4555.21,4559.17,4552.93,4558.51,1710,35
2026.05.15 08:40:00,4558.38,4562.39,4557.52,4562.12,1491,35
2026.05.15 08:45:00,4562.22,4563.44,4558.04,4562.1,1250,35
2026.05.15 08:50:00,4562.11,4562.35,4556.46,4557.59,1223,35
2026.05.15 08:55:00,4557.39,4557.77,4552.68,4554.28,1543,35
2026.05.15 09:00:00,4554.38,4558.67,4550.13,4557.88,1740,35
2026.05.15 09:05:00,4557.87,4563.45,4553.0,4554.66,1744,35
2026.05.15 09:10:00,4554.66,4554.73,4545.84,4547.35,1687,35
2026.05.15 09:15:00,4547.31,4549.15,4539.22,4546.43,1749,35
2026.05.15 09:20:00,4546.41,4552.77,4544.83,4551.48,1683,35
2026.05.15 09:25:00,4551.43,4554.2,4550.07,4553.42,1607,35
2026.05.15 09:30:00,4553.35,4555.49,4551.85,4553.41,1585,35
2026.05.15 09:35:00,4553.42,4553.5,4544.63,4546.66,1767,35
2026.05.15 09:40:00,4546.72,4549.2,4542.74,4543.58,1589,35
2026.05.15 09:45:00,4543.26,4543.99,4537.5,4537.88,1753,35
2026.05.15 09:50:00,4537.89,4543.02,4531.99,4542.31,1794,35
2026.05.15 09:55:00,4542.28,4546.91,4538.15,4545.71,1784,35
2026.05.15 10:00:00,4545.75,4549.19,4543.99,4546.46,1662,35
2026.05.15 10:05:00,4546.53,4559.63,4546.13,4558.49,1692,35
2026.05.15 10:10:00,4558.61,4562.65,4556.19,4561.02,1630,35
2026.05.15 10:15:00,4561.09,4563.16,4556.82,4557.4,1683,35
2026.05.15 10:20:00,4557.34,4561.93,4556.06,4556.06,1629,35
2026.05.15 10:25:00,4556.15,4556.64,4551.65,4551.74,1518,35
2026.05.15 10:30:00,4551.74,4556.64,4550.8,4554.71,1483,35
2026.05.15 10:35:00,4554.74,4554.95,4550.93,4552.33,1422,35
2026.05.15 10:40:00,4552.03,4554.91,4549.59,4554.91,1391,35
2026.05.15 10:45:00,4554.85,4563.48,4554.06,4559.55,1992,35
2026.05.15 10:50:00,4559.23,4572.76,4557.4,4568.68,1951,35
2026.05.15 10:55:00,4568.77,4569.62,4564.0,4565.99,1677,35
2026.05.15 11:00:00,4565.82,4570.12,4561.77,4561.82,1821,35
2026.05.15 11:05:00,4561.76,4566.25,4560.75,4564.38,1587,35
2026.05.15 11:10:00,4564.33,4568.85,4563.41,4566.13,1510,35
2026.05.15 11:15:00,4566.13,4568.6,4563.18,4564.1,1270,35
2026.05.15 11:20:00,4564.11,4565.37,4562.83,4564.76,1224,35
2026.05.15 11:25:00,4564.47,4564.47,4559.1,4562.34,1394,35
2026.05.15 11:30:00,4562.18,4562.55,4558.51,4559.42,1301,35
2026.05.15 11:35:00,4559.42,4559.97,4553.66,4554.17,1474,35
2026.05.15 11:40:00,4554.12,4554.78,4551.02,4551.47,1429,35
2026.05.15 11:45:00,4551.19,4558.43,4551.13,4556.48,1541,35
2026.05.15 11:50:00,4556.48,4558.76,4553.53,4554.08,1411,35
2026.05.15 11:55:00,4554.05,4554.12,4549.62,4551.89,1585,35
2026.05.15 12:00:00,4550.8,4551.79,4546.23,4550.35,1705,35
2026.05.15 12:05:00,4550.35,4552.95,4548.78,4552.93,1606,35
2026.05.15 12:10:00,4553.02,4555.12,4544.85,4545.77,1672,35
2026.05.15 12:15:00,4545.63,4551.31,4544.95,4548.59,1656,35
2026.05.15 12:20:00,4548.06,4558.68,4547.84,4555.61,1822,35
2026.05.15 12:25:00,4555.39,4557.53,4552.63,4554.91,1519,35
2026.05.15 12:30:00,4554.92,4554.92,4547.97,4549.47,1705,35
2026.05.15 12:35:00,4549.11,4553.75,4547.45,4548.13,1698,35
2026.05.15 12:40:00,4548.13,4549.9,4543.64,4545.73,1650,35
2026.05.15 12:45:00,4545.36,4551.7,4543.57,4549.26,1683,35
2026.05.15 12:50:00,4549.24,4555.65,4547.61,4554.13,1510,35
2026.05.15 12:55:00,4553.98,4554.66,4545.79,4545.85,1563,35
2026.05.15 13:00:00,4545.8,4549.16,4538.4,4544.13,2050,35
2026.05.15 13:05:00,4544.13,4549.56,4536.39,4538.27,1861,35
2026.05.15 13:10:00,4538.2,4546.8,4537.93,4546.58,1688,35
2026.05.15 13:15:00,4546.23,4553.05,4540.56,4550.7,1789,35
2026.05.15 13:20:00,4550.71,4554.51,4549.57,4554.43,1721,35
2026.05.15 13:25:00,4554.59,4557.38,4546.19,4548.88,1906,35
2026.05.15 13:30:00,4548.41,4551.29,4541.39,4542.47,2154,35
2026.05.15 13:35:00,4542.44,4542.87,4526.56,4528.73,2238,35
2026.05.15 13:40:00,4528.64,4531.07,4519.86,4519.98,2208,35
2026.05.15 13:45:00,4519.91,4529.07,4511.69,4528.57,2173,35
2026.05.15 13:50:00,4528.57,4536.89,4525.9,4534.69,2162,35
2026.05.15 13:55:00,4534.46,4541.8,4530.59,4533.4,2135,35
2026.05.15 14:00:00,4533.05,4534.94,4525.51,4533.18,2117,35
2026.05.15 14:05:00,4533.09,4540.37,4533.09,4533.9,2119,35
2026.05.15 14:10:00,4533.77,4550.31,4533.61,4543.26,2051,35
2026.05.15 14:15:00,4543.35,4558.31,4540.4,4558.31,2102,35
2026.05.15 14:20:00,4558.7,4562.69,4556.02,4558.29,2145,35
2026.05.15 14:25:00,4558.32,4559.17,4552.33,4555.54,2147,35
2026.05.15 14:30:00,4555.52,4559.78,4552.83,4557.5,2115,35
2026.05.15 14:35:00,4557.49,4560.45,4554.25,4555.94,2080,35
2026.05.15 14:40:00,4555.55,4557.35,4550.68,4556.85,2025,35
2026.05.15 14:45:00,4556.84,4557.15,4550.07,4551.17,1971,35
2026.05.15 14:50:00,4551.34,4557.13,4545.81,4556.91,2095,35
2026.05.15 14:55:00,4556.8,4566.45,4554.97,4562.65,2048,35
2026.05.15 15:00:00,4562.86,4563.67,4551.6,4553.2,2101,35
2026.05.15 15:05:00,4553.15,4558.86,4551.3,4558.7,1966,35
2026.05.15 15:10:00,4558.44,4559.95,4550.75,4552.4,1974,35
2026.05.15 15:15:00,4552.32,4553.96,4546.12,4547.41,1805,35
2026.05.15 15:20:00,4547.43,4552.02,4543.83,4545.59,1854,35
2026.05.15 15:25:00,4545.62,4548.75,4542.87,4547.05,1943,35
2026.05.15 15:30:00,4547.07,4550.37,4543.64,4543.79,1952,35
2026.05.15 15:35:00,4543.61,4546.55,4541.77,4542.15,1895,35
2026.05.15 15:40:00,4542.02,4544.76,4539.91,4541.25,1953,35
2026.05.15 15:45:00,4541.2,4542.81,4539.06,4540.15,1920,35
2026.05.15 15:50:00,4540.21,4543.43,4536.29,4537.86,1857,35
2026.05.15 15:55:00,4537.83,4539.58,4533.66,4539.54,1802,35
2026.05.15 16:00:00,4539.7,4542.31,4533.47,4535.61,1621,35
2026.05.15 16:05:00,4535.61,4536.35,4529.55,4531.42,1693,35
2026.05.15 16:10:00,4531.12,4533.49,4529.36,4532.6,1497,35
2026.05.15 16:15:00,4532.42,4534.79,4531.32,4533.77,1456,35
2026.05.15 16:20:00,4533.77,4540.57,4533.33,4540.57,1547,35
2026.05.15 16:25:00,4540.57,4542.46,4537.09,4540.83,1557,35
2026.05.15 16:30:00,4541.12,4544.38,4540.0,4544.09,1699,35
2026.05.15 16:35:00,4544.06,4545.84,4542.72,4545.41,1497,35
2026.05.15 16:40:00,4545.57,4547.53,4543.38,4547.08,1560,35
2026.05.15 16:45:00,4547.05,4548.08,4545.0,4545.38,1406,35
2026.05.15 16:50:00,4545.38,4547.29,4541.73,4542.85,1577,35
2026.05.15 16:55:00,4542.85,4545.13,4541.88,4544.29,1441,35
2026.05.15 17:00:00,4544.23,4552.1,4543.04,4549.85,1812,35
2026.05.15 17:05:00,4549.87,4555.28,4549.62,4554.43,1597,42
2026.05.15 17:10:00,4554.6,4557.96,4554.34,4557.13,1579,43
2026.05.15 17:15:00,4557.15,4557.62,4554.41,4555.76,1385,35
2026.05.15 17:20:00,4555.64,4563.46,4555.27,4561.85,1536,43
2026.05.15 17:25:00,4561.67,4564.31,4556.38,4557.67,1645,35
2026.05.15 17:30:00,4557.56,4563.24,4557.56,4562.63,1409,43
2026.05.15 17:35:00,4562.7,4563.57,4560.11,4563.19,1435,43
2026.05.15 17:40:00,4563.19,4563.57,4560.54,4560.74,1328,35
2026.05.15 17:45:00,4560.85,4562.55,4559.72,4560.49,1258,39
2026.05.15 17:50:00,4560.56,4560.56,4558.27,4558.29,1349,43
2026.05.15 17:55:00,4558.29,4560.46,4557.16,4559.35,1228,43
2026.05.15 18:00:00,4559.39,4561.24,4558.09,4558.98,1333,35
2026.05.15 18:05:00,4558.99,4559.7,4555.78,4558.3,1339,43
2026.05.15 18:10:00,4558.08,4561.84,4557.94,4561.58,1255,36
2026.05.15 18:15:00,4561.58,4563.02,4552.9,4554.41,1675,43
2026.05.15 18:20:00,4554.44,4559.64,4554.35,4558.5,1532,43
2026.05.15 18:25:00,4558.51,4559.61,4556.2,4557.96,1426,43
2026.05.15 18:30:00,4557.98,4558.67,4552.47,4555.13,1670,35
2026.05.15 18:35:00,4555.19,4557.98,4554.67,4557.92,1348,43
2026.05.15 18:40:00,4557.9,4558.37,4555.54,4557.55,1288,43
2026.05.15 18:45:00,4557.56,4560.11,4556.49,4559.22,1165,43
2026.05.15 18:50:00,4559.25,4562.71,4559.25,4561.04,1169,43
2026.05.15 18:55:00,4561.02,4561.52,4558.26,4559.19,1286,43
2026.05.15 19:00:00,4559.23,4560.15,4554.29,4554.34,1427,43
2026.05.15 19:05:00,4554.37,4555.62,4551.57,4551.66,1336,35
2026.05.15 19:10:00,4551.66,4552.15,4549.33,4550.34,1355,43
2026.05.15 19:15:00,4550.34,4552.41,4548.8,4552.05,1239,43
2026.05.15 19:20:00,4552.03,4552.67,4549.84,4549.84,1225,35
2026.05.15 19:25:00,4549.8,4550.77,4548.41,4549.93,1301,42
2026.05.15 19:30:00,4549.91,4553.45,4549.46,4550.41,1198,35
2026.05.15 19:35:00,4550.34,4555.15,4549.48,4554.61,1208,43
2026.05.15 19:40:00,4554.58,4555.17,4552.1,4553.27,1220,43
2026.05.15 19:45:00,4553.24,4554.3,4551.48,4551.95,1199,43
2026.05.15 19:50:00,4551.05,4551.8,4548.23,4549.14,1380,43
2026.05.15 19:55:00,4549.17,4549.17,4544.82,4545.72,1560,42
2026.05.15 20:00:00,4545.64,4546.42,4539.08,4539.96,1240,43
2026.05.15 20:05:00,4539.93,4540.36,4536.14,4536.97,1241,43
2026.05.15 20:10:00,4537.0,4540.51,4536.58,4538.27,1215,43
2026.05.15 20:15:00,4538.26,4538.37,4535.52,4536.78,1132,35
2026.05.15 20:20:00,4536.7,4537.83,4533.21,4537.37,1056,42
2026.05.15 20:25:00,4537.38,4539.12,4536.27,4539.12,822,43
2026.05.15 20:30:00,4539.11,4543.83,4539.04,4540.99,1081,43
2026.05.15 20:35:00,4541.04,4541.89,4539.17,4540.5,804,41
2026.05.15 20:40:00,4540.13,4541.21,4538.31,4540.18,778,43
2026.05.15 20:45:00,4540.25,4541.34,4537.76,4538.08,767,43
2026.05.15 20:50:00,4538.02,4538.43,4536.37,4538.27,763,43
2026.05.15 20:55:00,4538.28,4540.61,4537.64,4539.91,464,43
2026.05.17 22:00:00,4532.06,4545.42,4528.54,4544.92,683,35
2026.05.17 22:05:00,4544.9,4554.97,4544.9,4553.77,1204,42
2026.05.17 22:10:00,4553.57,4554.95,4547.97,4548.51,976,37
2026.05.17 22:15:00,4548.51,4550.32,4544.34,4545.07,776,36
2026.05.17 22:20:00,4545.14,4546.33,4538.02,4545.14,1100,42
2026.05.17 22:25:00,4545.15,4545.3,4538.68,4540.97,838,35
2026.05.17 22:30:00,4540.92,4551.19,4540.92,4544.46,1223,41
2026.05.17 22:35:00,4544.47,4552.88,4544.47,4551.24,1196,42
2026.05.17 22:40:00,4550.96,4553.54,4547.89,4549.88,1168,42
2026.05.17 22:45:00,4549.66,4554.41,4549.45,4551.88,988,35
2026.05.17 22:50:00,4551.76,4551.96,4547.1,4547.19,1008,43
2026.05.17 22:55:00,4547.2,4550.11,4543.68,4546.11,1156,43
2026.05.17 23:00:00,4546.16,4547.99,4543.74,4545.26,1111,43
2026.05.17 23:05:00,4545.3,4545.3,4539.56,4541.52,1203,43
2026.05.17 23:10:00,4541.42,4545.81,4539.63,4541.51,1170,35
2026.05.17 23:15:00,4541.44,4543.29,4538.77,4539.54,1137,35
2026.05.17 23:20:00,4540.04,4544.21,4540.04,4541.38,1044,43
2026.05.17 23:25:00,4541.37,4543.62,4537.82,4537.96,1299,42
2026.05.17 23:30:00,4537.96,4539.65,4534.69,4538.78,1278,42
2026.05.17 23:35:00,4538.81,4541.26,4536.84,4539.01,1320,35
2026.05.17 23:40:00,4539.21,4541.02,4532.38,4539.06,1566,35
2026.05.17 23:45:00,4539.11,4539.9,4531.9,4537.78,1566,42
2026.05.17 23:50:00,4537.74,4544.03,4537.38,4541.08,1476,42
2026.05.17 23:55:00,4540.98,4542.14,4535.44,4537.05,1562,42
2026.05.18 00:00:00,4537.06,4542.37,4530.31,4531.06,1904,35
2026.05.18 00:05:00,4531.06,4533.38,4522.98,4523.76,2064,42
2026.05.18 00:10:00,4523.79,4529.74,4523.78,4526.18,1863,41
2026.05.18 00:15:00,4526.21,4529.29,4522.97,4523.08,1746,41
2026.05.18 00:20:00,4523.0,4533.44,4516.93,4517.4,1815,42
2026.05.18 00:25:00,4517.27,4520.52,4514.68,4515.66,1647,35
2026.05.18 00:30:00,4515.5,4518.63,4487.29,4491.92,1907,35
2026.05.18 00:35:00,4491.93,4503.4,4489.46,4490.18,2058,42
2026.05.18 00:40:00,4490.14,4493.54,4480.36,4481.4,1937,35
2026.05.18 00:45:00,4481.5,4496.31,4480.08,4494.11,1901,42
2026.05.18 00:50:00,4494.1,4495.74,4486.48,4491.61,1922,41
2026.05.18 00:55:00,4491.65,4516.72,4491.26,4515.89,1879,35
2026.05.18 01:00:00,4514.73,4515.87,4489.64,4497.41,2185,35
2026.05.18 01:05:00,4497.49,4504.61,4492.56,4501.53,2106,42
2026.05.18 01:10:00,4501.53,4505.26,4494.3,4495.95,2071,42
2026.05.18 01:15:00,4495.94,4500.43,4492.71,4498.29,1991,42
2026.05.18 01:20:00,4498.29,4507.91,4493.36,4506.51,2070,42
2026.05.18 01:25:00,4506.46,4509.89,4498.59,4503.9,2001,35
2026.05.18 01:30:00,4504.33,4511.18,4501.53,4509.97,1964,41
2026.05.18 01:35:00,4509.97,4513.51,4499.87,4508.11,1959,35
2026.05.18 01:40:00,4508.08,4512.65,4505.86,4512.38,1921,43
2026.05.18 01:45:00,4512.34,4528.63,4510.91,4528.06,1960,35
2026.05.18 01:50:00,4527.51,4535.46,4525.86,4530.25,1973,35
2026.05.18 01:55:00,4530.18,4530.66,4524.66,4525.3,1826,35
2026.05.18 02:00:00,4525.09,4535.9,4521.98,4532.04,1850,43
2026.05.18 02:05:00,4532.03,4533.58,4525.45,4528.73,1753,43
2026.05.18 02:10:00,4528.52,4538.4,4527.68,4536.59,1672,43
2026.05.18 02:15:00,4536.56,4537.75,4531.72,4534.85,1385,43
2026.05.18 02:20:00,4534.92,4540.74,4532.7,4537.37,1447,35
2026.05.18 02:25:00,4537.35,4539.98,4533.44,4533.44,1520,43
2026.05.18 02:30:00,4533.18,4537.82,4529.37,4532.05,1653,42
2026.05.18 02:35:00,4532.07,4538.24,4530.52,4538.05,1565,42
2026.05.18 02:40:00,4538.06,4540.96,4534.99,4536.06,1457,42
2026.05.18 02:45:00,4536.02,4542.78,4530.36,4530.54,1575,41
2026.05.18 02:50:00,4530.6,4535.43,4530.29,4534.06,1494,42
2026.05.18 02:55:00,4534.04,4535.05,4530.87,4533.59,1501,42
2026.05.18 03:00:00,4533.52,4535.71,4529.86,4531.12,1545,37
2026.05.18 03:05:00,4531.13,4534.63,4527.33,4533.08,1465,40
2026.05.18 03:10:00,4533.07,4535.61,4526.67,4529.48,1409,42
2026.05.18 03:15:00,4529.6,4533.05,4528.18,4530.66,1325,42
2026.05.18 03:20:00,4530.66,4536.45,4529.12,4533.45,1431,42
2026.05.18 03:25:00,4533.46,4538.2,4529.25,4535.7,1602,35
2026.05.18 03:30:00,4535.75,4537.72,4526.35,4526.91,1791,42
2026.05.18 03:35:00,4526.91,4537.24,4525.15,4535.17,1653,42
2026.05.18 03:40:00,4535.16,4547.8,4533.65,4545.63,1697,35
2026.05.18 03:45:00,4545.55,4547.78,4539.4,4541.93,1537,35
2026.05.18 03:50:00,4542.07,4547.57,4539.19,4541.08,1490,43
2026.05.18 03:55:00,4541.02,4543.88,4540.57,4541.19,1263,43
2026.05.18 04:00:00,4541.18,4548.33,4540.92,4545.74,1463,43
2026.05.18 04:05:00,4545.63,4549.8,4543.13,4545.6,1461,43
2026.05.18 04:10:00,4545.48,4547.58,4543.29,4544.27,1210,42
2026.05.18 04:15:00,4544.25,4546.96,4543.81,4545.47,1256,42
2026.05.18 04:20:00,4545.49,4545.91,4536.55,4537.1,1366,35
2026.05.18 04:25:00,4537.1,4538.72,4529.7,4532.67,1496,43
2026.05.18 04:30:00,4532.65,4541.18,4532.15,4539.84,1384,43
2026.05.18 04:35:00,4539.88,4542.67,4538.33,4542.67,1298,43
2026.05.18 04:40:00,4542.69,4544.19,4539.64,4541.6,1219,42
2026.05.18 04:45:00,4541.61,4541.7,4538.51,4540.34,1266,35
2026.05.18 04:50:00,4540.24,4545.6,4537.71,4543.19,1369,42
2026.05.18 04:55:00,4543.3,4544.05,4535.26,4540.55,1342,42
2026.05.18 05:00:00,4540.58,4542.74,4532.8,4535.81,1541,35
2026.05.18 05:05:00,4535.79,4539.65,4533.73,4537.89,1316,43
2026.05.18 05:10:00,4538.01,4538.96,4535.39,4538.13,1163,43
2026.05.18 05:15:00,4538.14,4548.98,4534.7,4545.85,1473,35
2026.05.18 05:20:00,4545.71,4549.33,4541.3,4546.02,1519,35
2026.05.18 05:25:00,4546.08,4550.56,4544.71,4548.66,1516,42
2026.05.18 05:30:00,4548.74,4551.93,4539.88,4542.47,1846,35
2026.05.18 05:35:00,4542.53,4546.93,4540.45,4544.22,1666,42
2026.05.18 05:40:00,4544.21,4544.56,4538.25,4539.48,1536,41
2026.05.18 05:45:00,4539.41,4543.24,4537.38,4538.67,1452,43
2026.05.18 05:50:00,4538.71,4539.58,4534.58,4536.19,1427,43
2026.05.18 05:55:00,4536.18,4538.74,4529.98,4530.75,1435,43
2026.05.18 06:00:00,4530.34,4539.1,4529.72,4535.23,1648,35
2026.05.18 06:05:00,4535.26,4540.44,4533.31,4537.9,1596,36
2026.05.18 06:10:00,4538.02,4538.17,4532.2,4537.26,1410,35
2026.05.18 06:15:00,4536.99,4541.41,4534.42,4536.08,1317,35
2026.05.18 06:20:00,4536.08,4544.23,4534.37,4543.38,1565,35
2026.05.18 06:25:00,4543.34,4547.96,4536.99,4537.54,1701,35
2026.05.18 06:30:00,4537.4,4546.75,4534.53,4539.71,1777,35
2026.05.18 06:35:00,4539.54,4542.03,4537.69,4538.17,1392,37
2026.05.18 06:40:00,4538.16,4540.74,4534.99,4540.65,1421,42
2026.05.18 06:45:00,4540.65,4546.1,4538.42,4543.64,1380,35
2026.05.18 06:50:00,4543.6,4546.08,4542.48,4545.69,1341,35
2026.05.18 06:55:00,4545.64,4547.47,4544.53,4546.59,1501,38
2026.05.18 07:00:00,4546.56,4549.42,4543.44,4543.87,1517,35
2026.05.18 07:05:00,4543.87,4547.91,4543.24,4546.24,1357,35
2026.05.18 07:10:00,4546.03,4546.19,4541.9,4543.43,1388,35
2026.05.18 07:15:00,4543.32,4545.7,4541.57,4541.71,1286,35
2026.05.18 07:20:00,4541.76,4542.26,4538.2,4539.26,1269,35
2026.05.18 07:25:00,4539.26,4551.31,4539.12,4550.37,1749,35
2026.05.18 07:30:00,4550.38,4559.77,4550.38,4554.58,1864,35
2026.05.18 07:35:00,4554.73,4555.58,4551.57,4552.72,1479,35
2026.05.18 07:40:00,4552.66,4554.2,4547.87,4548.96,1567,35
2026.05.18 07:45:00,4549.01,4551.7,4543.7,4543.94,1464,35
2026.05.18 07:50:00,4543.99,4546.16,4540.1,4544.59,1682,35
2026.05.18 07:55:00,4544.6,4548.58,4542.76,4546.13,1395,35
2026.05.18 08:00:00,4546.14,4548.79,4544.74,4546.43,1480,35
2026.05.18 08:05:00,4546.44,4548.28,4543.6,4543.93,1391,35
2026.05.18 08:10:00,4543.91,4547.13,4542.38,4546.51,1386,35
2026.05.18 08:15:00,4546.48,4546.48,4542.97,4545.53,1243,35
2026.05.18 08:20:00,4545.46,4549.62,4545.43,4549.54,1200,35
2026.05.18 08:25:00,4549.57,4551.44,4546.52,4547.9,1431,35
2026.05.18 08:30:00,4547.95,4553.07,4545.83,4551.81,1463,35
2026.05.18 08:35:00,4551.78,4551.9,4547.89,4551.19,1422,35
2026.05.18 08:40:00,4551.09,4551.24,4547.95,4547.96,1246,35
2026.05.18 08:45:00,4548.11,4553.83,4548.08,4552.19,1267,35
2026.05.18 08:50:00,4552.11,4556.9,4551.53,4555.88,1468,35
2026.05.18 08:55:00,4555.78,4556.51,4549.88,4550.02,1260,35
2026.05.18 09:00:00,4549.97,4551.91,4541.16,4542.45,1574,35
2026.05.18 09:05:00,4542.37,4547.19,4541.51,4546.99,1193,35
2026.05.18 09:10:00,4546.98,4547.78,4544.98,4546.22,1097,35
2026.05.18 09:15:00,4546.24,4548.24,4545.34,4546.21,1216,35
2026.05.18 09:20:00,4546.19,4548.89,4545.76,4546.62,1100,35
2026.05.18 09:25:00,4546.62,4548.3,4544.61,4544.95,1126,35
2026.05.18 09:30:00,4544.93,4545.53,4540.59,4543.38,1413,35
2026.05.18 09:35:00,4543.41,4546.33,4543.26,4546.01,1252,35
2026.05.18 09:40:00,4546.01,4546.01,4540.57,4542.9,1323,35
2026.05.18 09:45:00,4542.96,4543.03,4540.51,4541.41,1262,35
2026.05.18 09:50:00,4541.32,4543.67,4540.13,4543.1,1141,35
2026.05.18 09:55:00,4543.1,4544.59,4542.58,4542.85,1018,35
2026.05.18 10:00:00,4542.83,4544.79,4540.29,4540.41,1326,35
2026.05.18 10:05:00,4540.42,4542.27,4537.0,4538.14,1523,35
2026.05.18 10:10:00,4538.14,4540.66,4535.6,4539.26,1358,35
2026.05.18 10:15:00,4539.16,4542.25,4538.61,4541.93,1269,35
2026.05.18 10:20:00,4541.95,4542.3,4538.17,4539.17,1172,35
2026.05.18 10:25:00,4539.15,4540.65,4538.38,4539.62,1063,35
2026.05.18 10:30:00,4539.61,4540.58,4532.38,4532.78,1405,35
2026.05.18 10:35:00,4532.75,4539.31,4532.17,4538.19,1490,35
2026.05.18 10:40:00,4538.19,4544.0,4537.72,4543.65,1385,35
2026.05.18 10:45:00,4543.6,4547.71,4542.44,4543.21,1496,35
2026.05.18 10:50:00,4543.22,4543.73,4537.41,4539.28,1230,35
2026.05.18 10:55:00,4539.27,4540.24,4536.75,4540.12,1178,35
2026.05.18 11:00:00,4540.07,4541.65,4537.83,4538.22,1380,35
2026.05.18 11:05:00,4538.21,4539.64,4532.37,4532.78,1281,35
2026.05.18 11:10:00,4532.67,4539.48,4529.9,4539.3,1651,35
2026.05.18 11:15:00,4539.31,4540.16,4536.52,4539.12,1307,35
2026.05.18 11:20:00,4539.12,4539.88,4531.95,4535.75,1305,35
2026.05.18 11:25:00,4535.61,4537.74,4534.3,4536.21,1125,35
2026.05.18 11:30:00,4535.73,4545.51,4535.14,4542.06,1644,35
2026.05.18 11:35:00,4542.07,4555.62,4542.04,4555.62,1834,35
2026.05.18 11:40:00,4555.69,4566.97,4551.62,4562.13,2223,35
2026.05.18 11:45:00,4562.5,4564.4,4555.15,4555.49,1946,35
2026.05.18 11:50:00,4555.4,4555.77,4551.33,4551.36,1775,35
2026.05.18 11:55:00,4551.43,4554.9,4549.45,4550.64,1629,35
2026.05.18 12:00:00,4550.56,4552.26,4547.48,4550.5,1559,35
2026.05.18 12:05:00,4550.54,4556.62,4550.48,4555.45,1550,35
2026.05.18 12:10:00,4555.47,4555.97,4551.24,4553.29,1468,35
2026.05.18 12:15:00,4553.26,4555.11,4547.18,4547.54,1588,35
2026.05.18 12:20:00,4547.63,4553.56,4545.2,4551.4,1692,35
2026.05.18 12:25:00,4551.4,4554.83,4549.81,4550.61,1488,35
2026.05.18 12:30:00,4550.56,4562.54,4550.26,4562.07,1618,35
2026.05.18 12:35:00,4562.0,4563.22,4558.11,4561.53,1921,35
2026.05.18 12:40:00,4561.53,4569.89,4558.45,4569.38,1920,35
2026.05.18 12:45:00,4569.36,4574.82,4568.05,4572.23,2026,35
2026.05.18 12:50:00,4572.0,4573.76,4562.39,4563.22,1866,35
2026.05.18 12:55:00,4563.23,4572.27,4562.47,4570.99,1685,35
2026.05.18 13:00:00,4571.08,4576.77,4564.2,4565.2,2107,35
2026.05.18 13:05:00,4565.21,4568.36,4562.55,4563.68,1804,35
2026.05.18 13:10:00,4563.4,4569.43,4561.88,4567.74,1723,35
2026.05.18 13:15:00,4567.71,4568.49,4564.1,4565.93,1549,35
2026.05.18 13:20:00,4565.93,4573.18,4565.21,4572.94,1542,35
2026.05.18 13:25:00,4572.82,4576.13,4571.01,4572.0,1804,35
2026.05.18 13:30:00,4572.57,4579.6,4567.34,4578.29,2091,35
2026.05.18 13:35:00,4578.38,4578.38,4570.76,4573.54,2030,35
2026.05.18 13:40:00,4573.51,4575.63,4564.79,4566.31,2141,35
2026.05.18 13:45:00,4566.25,4576.33,4563.83,4574.3,2189,35
2026.05.18 13:50:00,4574.11,4583.99,4572.7,4583.41,2098,35
2026.05.18 13:55:00,4583.27,4583.98,4575.1,4575.73,2000,35
2026.05.18 14:00:00,4575.15,4575.5,4564.34,4565.34,2117,35
2026.05.18 14:05:00,4565.6,4567.27,4560.01,4566.71,2056,35
2026.05.18 14:10:00,4566.73,4570.02,4561.91,4564.17,1991,35
2026.05.18 14:15:00,4564.16,4568.76,4562.09,4566.05,1983,35
2026.05.18 14:20:00,4566.05,4567.07,4554.86,4559.06,2037,35
2026.05.18 14:25:00,4559.27,4563.12,4557.51,4561.63,1976,35
2026.05.18 14:30:00,4561.61,4563.0,4545.06,4549.21,2102,35
2026.05.18 14:35:00,4549.22,4550.74,4543.05,4546.41,2170,35
2026.05.18 14:40:00,4546.5,4549.1,4538.15,4547.52,2130,35
2026.05.18 14:45:00,4547.39,4547.95,4537.28,4543.27,2093,35
2026.05.18 14:50:00,4543.21,4548.18,4541.17,4541.51,2025,35
2026.05.18 14:55:00,4541.58,4547.01,4541.37,4546.34,1913,35
2026.05.18 15:00:00,4546.83,4547.85,4531.77,4537.69,2161,35
2026.05.18 15:05:00,4537.48,4544.72,4533.74,4536.34,2118,35
2026.05.18 15:10:00,4536.57,4542.51,4536.21,4540.49,1890,35
2026.05.18 15:15:00,4540.26,4542.87,4534.47,4536.66,1804,35
2026.05.18 15:20:00,4536.6,4540.28,4535.96,4538.74,1910,35
2026.05.18 15:25:00,4538.65,4540.11,4534.4,4534.66,1860,35
2026.05.18 15:30:00,4534.63,4541.29,4533.92,4540.77,1861,35
2026.05.18 15:35:00,4540.69,4542.24,4537.97,4541.79,1749,35
2026.05.18 15:40:00,4541.76,4544.31,4538.41,4538.43,1701,35
2026.05.18 15:45:00,4538.45,4543.38,4537.93,4540.99,1690,35
2026.05.18 15:50:00,4541.04,4544.38,4539.59,4544.24,1621,35
2026.05.18 15:55:00,4544.11,4546.73,4542.23,4543.6,1695,35
2026.05.18 16:00:00,4543.7,4544.23,4540.2,4541.39,1570,35
2026.05.18 16:05:00,4541.46,4544.43,4541.07,4543.4,1553,35
2026.05.18 16:10:00,4543.47,4548.96,4542.59,4548.5,1507,35
2026.05.18 16:15:00,4548.5,4550.05,4546.75,4547.23,1444,35
2026.05.18 16:20:00,4547.29,4550.43,4544.25,4545.57,1688,35
2026.05.18 16:25:00,4545.75,4546.65,4534.17,4537.0,1859,35
2026.05.18 16:30:00,4537.02,4541.82,4534.09,4539.7,1828,35
2026.05.18 16:35:00,4539.62,4544.73,4539.34,4544.02,1540,35
2026.05.18 16:40:00,4544.09,4544.9,4541.81,4543.36,1287,35
2026.05.18 16:45:00,4543.31,4548.69,4542.82,4548.18,1431,35
2026.05.18 16:50:00,4548.21,4554.17,4548.12,4552.97,1582,35
2026.05.18 16:55:00,4552.96,4554.49,4549.77,4550.25,1401,35
2026.05.18 17:00:00,4549.84,4557.14,4547.89,4556.63,1545,35
2026.05.18 17:05:00,4556.5,4558.08,4554.57,4556.15,1522,35
2026.05.18 17:10:00,4556.31,4556.71,4552.81,4553.13,1292,35
2026.05.18 17:15:00,4553.13,4555.44,4551.79,4554.42,1243,43
2026.05.18 17:20:00,4554.62,4555.11,4552.1,4553.77,1274,43
2026.05.18 17:25:00,4553.74,4554.57,4551.59,4553.87,1253,43
2026.05.18 17:30:00,4553.86,4554.3,4548.69,4548.69,1305,35
2026.05.18 17:35:00,4548.7,4550.42,4547.32,4549.37,1414,35
2026.05.18 17:40:00,4549.37,4550.95,4547.64,4548.15,1390,42
2026.05.18 17:45:00,4548.15,4549.59,4546.59,4546.65,1302,35
2026.05.18 17:50:00,4546.64,4549.07,4546.44,4547.4,1166,43
2026.05.18 17:55:00,4547.6,4547.63,4545.33,4546.88,1111,43
2026.05.18 18:00:00,4546.89,4546.89,4543.58,4545.54,1396,43
2026.05.18 18:05:00,4545.57,4547.73,4543.84,4544.93,1276,35
2026.05.18 18:10:00,4544.92,4546.56,4543.9,4545.1,1254,35
2026.05.18 18:15:00,4545.11,4545.17,4541.29,4542.5,1447,43
2026.05.18 18:20:00,4542.5,4542.58,4540.29,4541.03,1357,35
2026.05.18 18:25:00,4541.08,4542.61,4536.56,4541.87,1662,42
2026.05.18 18:30:00,4541.85,4543.95,4540.6,4542.52,1424,43
2026.05.18 18:35:00,4542.53,4543.42,4539.01,4539.61,1221,43
2026.05.18 18:40:00,4539.6,4541.49,4538.99,4541.35,1173,43
2026.05.18 18:45:00,4541.41,4543.15,4540.72,4541.56,1181,43
2026.05.18 18:50:00,4541.58,4542.3,4539.59,4540.29,1274,43
2026.05.18 18:55:00,4540.29,4541.69,4534.08,4535.82,1343,43
2026.05.18 19:00:00,4535.78,4564.57,4535.24,4553.1,2095,42
2026.05.18 19:05:00,4553.69,4559.84,4551.4,4556.71,2036,35
2026.05.18 19:10:00,4556.81,4558.28,4553.38,4554.51,1899,40
2026.05.18 19:15:00,4554.51,4555.6,4550.82,4551.46,1702,42
2026.05.18 19:20:00,4551.6,4555.67,4549.28,4549.8,1501,43
2026.05.18 19:25:00,4549.79,4551.84,4546.52,4551.48,1570,43
2026.05.18 19:30:00,4551.74,4557.23,4550.06,4556.22,1475,35
2026.05.18 19:35:00,4556.22,4559.42,4555.6,4559.35,1436,35
2026.05.18 19:40:00,4559.43,4561.02,4557.82,4558.24,1556,43
2026.05.18 19:45:00,4558.24,4562.79,4557.83,4561.13,1432,43
2026.05.18 19:50:00,4560.49,4562.37,4559.31,4562.12,1399,36
2026.05.18 19:55:00,4562.14,4562.14,4557.21,4558.37,1327,43
2026.05.18 20:00:00,4558.38,4561.17,4557.7,4559.89,936,43
2026.05.18 20:05:00,4559.9,4560.1,4558.19,4558.58,754,43
2026.05.18 20:10:00,4558.59,4562.61,4558.33,4562.1,612,42
2026.05.18 20:15:00,4562.11,4566.31,4562.01,4564.11,816,35
2026.05.18 20:20:00,4564.11,4566.48,4562.76,4566.23,679,42
2026.05.18 20:25:00,4566.27,4566.54,4562.63,4563.11,693,43
2026.05.18 20:30:00,4563.11,4564.75,4561.36,4562.63,696,43
2026.05.18 20:35:00,4562.63,4563.92,4562.42,4562.49,499,43
2026.05.18 20:40:00,4562.48,4564.84,4562.13,4564.37,533,43
2026.05.18 20:45:00,4564.36,4564.89,4563.53,4563.54,544,43
2026.05.18 20:50:00,4563.55,4565.49,4563.0,4563.02,468,43
2026.05.18 20:55:00,4563.14,4566.51,4562.35,4565.98,424,43
2026.05.18 22:00:00,4568.65,4571.24,4567.51,4570.24,326,43
2026.05.18 22:05:00,4570.46,4573.38,4569.49,4571.87,720,43
2026.05.18 22:10:00,4571.92,4573.17,4570.24,4573.17,761,35
2026.05.18 22:15:00,4573.17,4574.73,4572.18,4573.35,920,35
2026.05.18 22:20:00,4573.36,4574.44,4571.5,4571.94,652,42
2026.05.18 22:25:00,4571.94,4573.11,4571.01,4572.79,643,42
2026.05.18 22:30:00,4572.8,4573.76,4571.58,4573.14,803,42
2026.05.18 22:35:00,4573.11,4575.66,4572.56,4575.61,658,42
2026.05.18 22:40:00,4575.58,4578.17,4574.77,4576.46,913,43
2026.05.18 22:45:00,4576.46,4576.76,4574.21,4575.46,723,43
2026.05.18 22:50:00,4575.48,4575.72,4573.27,4573.6,649,43
2026.05.18 22:55:00,4573.61,4573.87,4572.37,4573.79,623,43
2026.05.18 23:00:00,4573.77,4580.84,4573.64,4580.7,1232,42
2026.05.18 23:05:00,4580.62,4581.44,4579.07,4579.88,940,35
2026.05.18 23:10:00,4579.88,4586.95,4579.62,4585.68,917,35
2026.05.18 23:15:00,4585.82,4586.95,4583.06,4585.62,1046,35
2026.05.18 23:20:00,4585.77,4588.78,4583.8,4586.14,1079,36
2026.05.18 23:25:00,4586.17,4586.84,4585.11,4585.69,634,43
2026.05.18 23:30:00,4585.69,4586.69,4582.73,4586.05,885,35
2026.05.18 23:35:00,4586.2,4587.83,4583.66,4584.8,951,42
2026.05.18 23:40:00,4584.81,4586.36,4583.93,4585.31,751,42
2026.05.18 23:45:00,4585.31,4586.57,4582.86,4583.27,752,41
2026.05.18 23:50:00,4583.29,4583.41,4581.8,4582.29,769,43
2026.05.18 23:55:00,4582.28,4582.54,4578.86,4581.71,1062,43
2026.05.19 00:00:00,4582.01,4588.95,4578.47,4579.1,1793,35
2026.05.19 00:05:00,4579.14,4585.26,4576.6,4583.88,1674,43
2026.05.19 00:10:00,4583.88,4584.43,4578.75,4578.78,1490,42
2026.05.19 00:15:00,4578.79,4581.04,4574.84,4580.04,1447,37
2026.05.19 00:20:00,4580.06,4585.68,4573.68,4574.88,1619,41
2026.05.19 00:25:00,4574.89,4575.26,4568.51,4573.43,1606,42
2026.05.19 00:30:00,4573.44,4576.01,4572.22,4574.76,1468,42
2026.05.19 00:35:00,4574.73,4575.4,4568.28,4568.68,1405,35
2026.05.19 00:40:00,4568.69,4573.98,4568.12,4570.75,1216,43
2026.05.19 00:45:00,4570.45,4572.49,4569.59,4571.63,1248,43
2026.05.19 00:50:00,4571.63,4571.65,4565.8,4566.3,1492,43
2026.05.19 00:55:00,4566.26,4566.81,4561.27,4563.06,1434,43
2026.05.19 01:00:00,4562.99,4567.09,4557.47,4564.3,1936,35
2026.05.19 01:05:00,4564.38,4569.14,4560.88,4564.29,1752,35
2026.05.19 01:10:00,4564.29,4568.16,4562.57,4565.65,1582,42
2026.05.19 01:15:00,4565.68,4568.17,4557.85,4559.4,1626,41
2026.05.19 01:20:00,4559.38,4559.85,4554.07,4555.7,1649,42
2026.05.19 01:25:00,4555.68,4559.7,4555.68,4559.19,1449,42
2026.05.19 01:30:00,4559.19,4561.7,4555.19,4561.17,1609,35
2026.05.19 01:35:00,4561.19,4568.33,4561.17,4568.12,1593,42
2026.05.19 01:40:00,4568.22,4572.32,4566.56,4570.64,1643,42
2026.05.19 01:45:00,4570.72,4571.6,4565.66,4566.47,1658,43
2026.05.19 01:50:00,4566.46,4568.54,4560.96,4567.32,1603,42
2026.05.19 01:55:00,4567.32,4567.72,4562.76,4563.73,1498,42
2026.05.19 02:00:00,4563.69,4563.69,4558.34,4560.99,1609,42
2026.05.19 02:05:00,4560.95,4561.04,4554.79,4555.18,1627,35
2026.05.19 02:10:00,4555.15,4557.58,4553.14,4554.41,1626,43
2026.05.19 02:15:00,4554.34,4557.29,4551.57,4557.02,1430,43
2026.05.19 02:20:00,4557.03,4559.88,4556.34,4558.01,1317,43
2026.05.19 02:25:00,4558.06,4562.04,4557.28,4559.62,1280,43
2026.05.19 02:30:00,4559.6,4559.7,4554.24,4554.9,1599,42
2026.05.19 02:35:00,4554.91,4556.84,4551.83,4553.45,1482,43
2026.05.19 02:40:00,4553.6,4559.36,4551.04,4556.1,1497,43
2026.05.19 02:45:00,4556.25,4557.95,4550.18,4552.13,1477,43
2026.05.19 02:50:00,4552.16,4554.32,4548.21,4550.44,1484,42
2026.05.19 02:55:00,4550.48,4550.66,4546.01,4547.13,1297,42
2026.05.19 03:00:00,4547.63,4550.44,4543.55,4547.09,1647,42
2026.05.19 03:05:00,4547.09,4552.69,4547.06,4548.9,1400,35
2026.05.19 03:10:00,4548.91,4551.86,4547.5,4551.6,1250,42
2026.05.19 03:15:00,4551.59,4552.83,4548.4,4551.05,1268,42
2026.05.19 03:20:00,4551.01,4551.78,4546.68,4548.29,1258,42
2026.05.19 03:25:00,4548.29,4550.46,4547.54,4549.06,1236,42
2026.05.19 03:30:00,4549.03,4550.46,4546.83,4549.81,1264,42
2026.05.19 03:35:00,4549.79,4555.01,4549.57,4554.62,1106,42
2026.05.19 03:40:00,4554.62,4554.62,4547.4,4547.81,1160,42
2026.05.19 03:45:00,4547.76,4548.97,4544.6,4546.96,1239,43
2026.05.19 03:50:00,4546.99,4549.31,4546.23,4548.57,940,43
2026.05.19 03:55:00,4548.49,4548.97,4544.34,4544.74,1163,42
2026.05.19 04:00:00,4544.74,4545.25,4541.38,4544.07,1332,35
2026.05.19 04:05:00,4544.04,4545.6,4540.99,4542.37,1339,35
2026.05.19 04:10:00,4542.39,4544.03,4538.53,4540.11,827,35
2026.05.19 04:15:00,4540.17,4542.52,4538.32,4540.18,826,43
2026.05.19 04:20:00,4540.27,4543.05,4540.14,4542.5,756,43
2026.05.19 04:25:00,4542.51,4542.52,4538.16,4540.21,833,43
2026.05.19 04:30:00,4540.19,4540.62,4537.98,4538.63,730,43
2026.05.19 04:35:00,4538.66,4541.98,4538.62,4540.38,760,43
2026.05.19 04:40:00,4540.49,4542.1,4539.17,4539.68,731,43
2026.05.19 04:45:00,4539.66,4542.36,4539.65,4540.42,757,43
2026.05.19 04:50:00,4540.53,4542.78,4540.11,4542.39,769,43
2026.05.19 04:55:00,4542.38,4543.69,4541.49,4542.33,643,43
2026.05.19 05:00:00,4542.37,4544.88,4541.65,4544.29,754,43
2026.05.19 05:05:00,4544.41,4545.23,4540.05,4545.2,723,43
2026.05.19 05:10:00,4545.17,4546.48,4543.49,4544.74,741,43
2026.05.19 05:15:00,4544.72,4545.23,4541.23,4541.95,737,43
2026.05.19 05:20:00,4541.96,4542.45,4530.7,4535.37,848,43
2026.05.19 05:25:00,4535.16,4540.43,4533.2,4538.4,912,43
2026.05.19 05:30:00,4538.38,4540.16,4533.08,4536.78,1029,43
2026.05.19 05:35:00,4536.81,4541.36,4534.58,4539.71,992,43
2026.05.19 05:40:00,4539.45,4544.06,4537.92,4538.38,984,43
2026.05.19 05:45:00,4538.21,4541.65,4533.04,4533.84,968,43
2026.05.19 05:50:00,4533.47,4541.33,4533.08,4539.75,993,43
2026.05.19 05:55:00,4539.75,4543.34,4538.56,4540.79,991,43
2026.05.19 06:00:00,4541.02,4541.26,4533.33,4539.19,937,43
2026.05.19 06:05:00,4538.58,4540.35,4535.99,4537.58,923,43
2026.05.19 06:10:00,4537.6,4545.75,4537.03,4541.91,946,43
2026.05.19 06:15:00,4541.93,4549.99,4540.82,4549.83,1011,43
2026.05.19 06:20:00,4549.87,4551.06,4545.45,4549.29,1040,43
2026.05.19 06:25:00,4548.95,4553.81,4547.76,4547.79,919,43
2026.05.19 06:30:00,4547.37,4551.12,4544.78,4550.11,857,43
2026.05.19 06:35:00,4550.12,4552.41,4546.34,4552.17,917,43
2026.05.19 06:40:00,4552.25,4552.71,4548.71,4552.05,927,43
2026.05.19 06:45:00,4552.1,4552.49,4543.06,4543.11,914,43
2026.05.19 06:50:00,4543.21,4547.31,4543.16,4546.65,853,43
2026.05.19 06:55:00,4546.69,4549.51,4546.65,4548.05,882,43
2026.05.19 07:00:00,4546.87,4548.7,4544.06,4547.8,860,35
2026.05.19 07:05:00,4547.82,4555.21,4546.79,4552.94,842,35
2026.05.19 07:10:00,4552.94,4553.81,4547.19,4548.63,853,35
2026.05.19 07:15:00,4548.61,4550.01,4546.65,4548.61,801,35
2026.05.19 07:20:00,4548.61,4549.79,4544.9,4546.96,803,35
2026.05.19 07:25:00,4546.98,4548.22,4543.03,4548.22,829,35
2026.05.19 07:30:00,4548.21,4549.05,4543.76,4544.01,853,35
2026.05.19 07:35:00,4543.98,4547.65,4542.57,4543.21,846,35
2026.05.19 07:40:00,4543.45,4544.91,4541.35,4542.05,822,35
2026.05.19 07:45:00,4542.12,4554.12,4541.97,4550.89,923,35
2026.05.19 07:50:00,4551.11,4553.58,4547.82,4552.12,875,35
2026.05.19 07:55:00,4552.26,4559.2,4552.26,4557.14,872,35
2026.05.19 08:00:00,4557.12,4559.07,4552.49,4552.81,835,35
2026.05.19 08:05:00,4552.8,4552.88,4543.88,4544.26,878,35
2026.05.19 08:10:00,4544.12,4547.94,4542.53,4546.31,841,35
2026.05.19 08:15:00,4546.41,4547.98,4544.2,4544.24,835,35
2026.05.19 08:20:00,4544.25,4544.99,4538.82,4540.56,819,35
2026.05.19 08:25:00,4540.36,4540.85,4536.27,4538.24,886,35
2026.05.19 08:30:00,4538.2,4544.15,4536.85,4544.12,844,35
2026.05.19 08:35:00,4544.02,4544.89,4542.3,4543.14,774,35
2026.05.19 08:40:00,4543.21,4543.7,4542.12,4543.2,731,35
2026.05.19 08:45:00,4543.07,4548.56,4542.85,4545.99,811,35
2026.05.19 08:50:00,4546.0,4547.28,4538.32,4542.55,801,35
2026.05.19 08:55:00,4542.54,4544.19,4541.81,4542.68,691,35
2026.05.19 09:00:00,4542.7,4542.7,4539.9,4541.38,768,35
2026.05.19 09:05:00,4541.35,4541.42,4536.87,4540.58,851,35
2026.05.19 09:10:00,4540.57,4540.96,4537.06,4539.51,833,35
2026.05.19 09:15:00,4539.34,4540.08,4536.03,4539.93,782,35
2026.05.19 09:20:00,4539.96,4546.73,4539.71,4546.47,797,35
2026.05.19 09:25:00,4546.6,4546.66,4540.35,4540.62,854,35
2026.05.19 09:30:00,4540.66,4543.06,4536.63,4539.16,913,35
2026.05.19 09:35:00,4539.1,4542.19,4537.23,4539.31,859,35
2026.05.19 09:40:00,4539.34,4540.36,4538.02,4539.32,844,35
2026.05.19 09:45:00,4539.31,4541.19,4538.31,4540.76,798,35
2026.05.19 09:50:00,4540.75,4543.51,4539.07,4543.31,823,35
2026.05.19 09:55:00,4543.33,4544.65,4540.72,4541.77,804,35
2026.05.19 10:00:00,4541.25,4541.68,4536.44,4536.55,836,35
2026.05.19 10:05:00,4536.46,4541.89,4535.93,4540.11,810,35
2026.05.19 10:10:00,4540.1,4542.19,4538.7,4541.4,803,35
2026.05.19 10:15:00,4541.39,4541.81,4538.3,4539.47,783,35
2026.05.19 10:20:00,4539.58,4541.54,4538.94,4540.75,765,35
2026.05.19 10:25:00,4540.74,4540.9,4539.14,4539.93,734,35
2026.05.19 10:30:00,4539.96,4542.39,4538.9,4541.36,764,35
2026.05.19 10:35:00,4541.29,4542.87,4534.17,4540.92,881,35
2026.05.19 10:40:00,4541.01,4541.42,4525.45,4529.21,967,35
2026.05.19 10:45:00,4528.92,4534.42,4527.63,4532.84,897,35
2026.05.19 10:50:00,4532.86,4535.92,4532.07,4535.21,871,35
2026.05.19 10:55:00,4535.19,4544.62,4535.19,4544.62,921,35
2026.05.19 11:00:00,4544.62,4547.89,4543.06,4543.55,906,35
2026.05.19 11:05:00,4543.58,4543.69,4540.71,4541.31,893,35
2026.05.19 11:10:00,4541.33,4541.93,4535.87,4536.67,846,35
2026.05.19 11:15:00,4536.6,4542.07,4535.7,4540.89,791,35
2026.05.19 11:20:00,4540.76,4541.96,4538.8,4540.98,760,35
2026.05.19 11:25:00,4540.97,4542.11,4536.88,4539.24,811,35
2026.05.19 11:30:00,4539.05,4540.76,4537.59,4539.18,865,35
2026.05.19 11:35:00,4539.2,4539.29,4536.79,4537.99,854,35
2026.05.19 11:40:00,4538.01,4543.07,4537.1,4541.87,836,35
2026.05.19 11:45:00,4541.8,4542.24,4537.24,4539.81,847,35
2026.05.19 11:50:00,4539.87,4540.02,4534.41,4534.75,840,35
2026.05.19 11:55:00,4534.83,4534.85,4529.84,4530.64,865,35
2026.05.19 12:00:00,4530.07,4535.94,4527.34,4535.43,889,35
2026.05.19 12:05:00,4535.59,4542.4,4533.36,4542.19,871,35
2026.05.19 12:10:00,4542.22,4546.6,4541.38,4542.18,909,35
2026.05.19 12:15:00,4542.17,4543.5,4536.63,4539.87,850,35
2026.05.19 12:20:00,4539.89,4544.24,4539.5,4543.74,840,35
2026.05.19 12:25:00,4543.76,4544.15,4540.5,4543.46,840,35
2026.05.19 12:30:00,4542.99,4546.92,4541.93,4543.64,848,35
2026.05.19 12:35:00,4543.61,4547.08,4541.29,4542.42,844,35
2026.05.19 12:40:00,4542.37,4546.14,4536.69,4537.34,914,35
2026.05.19 12:45:00,4537.35,4539.96,4535.57,4539.42,884,35
2026.05.19 12:50:00,4539.43,4541.33,4537.25,4541.17,831,35
2026.05.19 12:55:00,4541.14,4541.58,4536.64,4537.04,844,35
2026.05.19 13:00:00,4537.09,4537.37,4522.08,4523.51,1012,35
2026.05.19 13:05:00,4523.44,4525.15,4514.59,4522.57,1039,35
2026.05.19 13:10:00,4522.61,4526.45,4519.34,4524.35,978,35
2026.05.19 13:15:00,4524.37,4526.16,4516.34,4517.09,979,35
2026.05.19 13:20:00,4517.08,4519.62,4503.7,4504.94,1030,35
2026.05.19 13:25:00,4504.2,4505.03,4490.87,4492.01,1090,35
2026.05.19 13:30:00,4493.09,4495.41,4464.72,4481.45,1209,35
2026.05.19 13:35:00,4481.43,4486.55,4471.54,4483.24,1142,35
2026.05.19 13:40:00,4483.05,4483.38,4470.13,4476.08,1124,35
2026.05.19 13:45:00,4476.56,4482.19,4474.15,4480.98,1121,35
2026.05.19 13:50:00,4481.15,4505.26,4479.85,4504.56,1083,35
2026.05.19 13:55:00,4504.77,4510.95,4497.8,4503.73,1067,35
2026.05.19 14:00:00,4503.69,4511.96,4495.84,4511.64,1087,35
2026.05.19 14:05:00,4511.96,4514.17,4494.88,4504.06,1136,35
2026.05.19 14:10:00,4503.78,4503.84,4492.26,4492.63,1096,35
2026.05.19 14:15:00,4492.69,4500.87,4492.04,4494.85,1084,35
2026.05.19 14:20:00,4495.26,4495.92,4484.72,4486.53,1097,35
2026.05.19 14:25:00,4487.21,4494.28,4484.48,4490.07,1098,35
2026.05.19 14:30:00,4490.35,4497.99,4488.6,4490.16,1076,35
2026.05.19 14:35:00,4490.14,4498.65,4489.0,4489.7,1074,35
2026.05.19 14:40:00,4489.73,4497.56,4487.36,4494.55,1058,35
2026.05.19 14:45:00,4494.62,4496.24,4487.8,4489.94,1047,35
2026.05.19 14:50:00,4490.04,4494.04,4486.17,4486.64,1052,35
2026.05.19 14:55:00,4486.59,4496.62,4486.59,4494.03,1015,35
2026.05.19 15:00:00,4494.0,4499.6,4493.96,4496.59,1007,35
2026.05.19 15:05:00,4496.62,4499.86,4489.79,4498.3,1027,35
2026.05.19 15:10:00,4498.27,4499.68,4495.67,4499.11,973,35
2026.05.19 15:15:00,4498.95,4504.97,4498.15,4500.35,994,35
2026.05.19 15:20:00,4500.34,4502.06,4493.84,4494.9,967,35
2026.05.19 15:25:00,4494.93,4499.89,4494.35,4498.76,962,35
2026.05.19 15:30:00,4498.81,4507.62,4497.88,4503.63,1022,35
2026.05.19 15:35:00,4503.29,4505.27,4498.89,4502.98,981,35
2026.05.19 15:40:00,4502.84,4505.02,4500.44,4502.09,959,35
2026.05.19 15:45:00,4502.05,4504.05,4500.12,4504.05,931,35
2026.05.19 15:50:00,4503.97,4505.67,4501.66,4502.93,975,35
2026.05.19 15:55:00,4502.96,4509.13,4502.88,4508.36,951,35
2026.05.19 16:00:00,4508.85,4510.09,4505.09,4505.55,904,35
2026.05.19 16:05:00,4505.53,4505.53,4497.3,4498.37,900,35
2026.05.19 16:10:00,4498.32,4501.11,4496.07,4500.82,885,35
2026.05.19 16:15:00,4500.8,4502.95,4498.67,4500.31,857,35
2026.05.19 16:20:00,4500.29,4505.9,4500.16,4505.39,867,35
2026.05.19 16:25:00,4505.57,4511.94,4505.57,4508.48,918,35
2026.05.19 16:30:00,4508.32,4512.35,4506.59,4507.29,924,35
2026.05.19 16:35:00,4507.47,4509.72,4505.76,4508.66,906,35
2026.05.19 16:40:00,4508.83,4509.37,4505.54,4505.86,907,35
2026.05.19 16:45:00,4505.84,4506.43,4504.52,4505.9,905,35
2026.05.19 16:50:00,4505.92,4507.68,4504.66,4505.5,922,35
2026.05.19 16:55:00,4505.52,4509.2,4504.88,4507.63,898,35
2026.05.19 17:00:00,4507.52,4509.55,4505.87,4506.8,999,43
2026.05.19 17:05:00,4506.96,4509.22,4505.74,4508.03,984,43
2026.05.19 17:10:00,4507.99,4510.7,4506.19,4510.24,927,43
2026.05.19 17:15:00,4510.3,4510.95,4507.6,4508.21,928,43
2026.05.19 17:20:00,4507.68,4508.09,4503.29,4503.47,1037,43
2026.05.19 17:25:00,4503.67,4508.29,4503.64,4506.87,1026,43
2026.05.19 17:30:00,4506.94,4508.22,4503.83,4504.01,912,43
2026.05.19 17:35:00,4504.03,4506.83,4503.46,4506.83,902,43
2026.05.19 17:40:00,4506.91,4506.91,4502.62,4504.36,952,43
2026.05.19 17:45:00,4504.42,4504.75,4500.37,4500.66,975,43
2026.05.19 17:50:00,4500.69,4501.68,4499.0,4499.46,951,43
2026.05.19 17:55:00,4499.48,4501.32,4499.33,4500.7,946,43
2026.05.19 18:00:00,4500.74,4501.56,4499.73,4500.93,910,43
2026.05.19 18:05:00,4500.94,4503.68,4499.63,4503.07,990,43
2026.05.19 18:10:00,4503.03,4503.39,4500.8,4500.88,907,43
2026.05.19 18:15:00,4500.85,4501.66,4499.48,4499.51,901,43
2026.05.19 18:20:00,4499.52,4499.69,4495.35,4498.42,1009,43
2026.05.19 18:25:00,4498.45,4500.01,4495.72,4495.92,914,43
2026.05.19 18:30:00,4495.89,4498.94,4493.12,4497.68,923,43
2026.05.19 18:35:00,4497.71,4499.93,4496.12,4499.78,862,43
2026.05.19 18:40:00,4499.76,4500.76,4498.16,4498.97,881,43
2026.05.19 18:45:00,4498.99,4499.96,4497.97,4499.23,932,43
2026.05.19 18:50:00,4499.32,4499.56,4493.46,4493.82,880,43
2026.05.19 18:55:00,4493.09,4494.69,4490.32,4493.51,917,43
2026.05.19 19:00:00,4493.28,4496.51,4492.97,4493.69,934,43
2026.05.19 19:05:00,4494.25,4495.94,4493.92,4495.35,854,43
2026.05.19 19:10:00,4495.34,4497.49,4495.12,4496.88,859,43
2026.05.19 19:15:00,4496.91,4497.23,4492.05,4492.71,900,43
2026.05.19 19:20:00,4492.69,4492.92,4486.55,4486.59,953,43
2026.05.19 19:25:00,4486.52,4488.71,4485.47,4486.82,864,43
2026.05.19 19:30:00,4486.85,4489.8,4486.13,4486.28,991,43
2026.05.19 19:35:00,4486.38,4488.76,4486.19,4487.49,974,43
2026.05.19 19:40:00,4487.5,4488.72,4485.82,4488.26,936,43
2026.05.19 19:45:00,4488.25,4488.74,4485.88,4486.55,937,43
2026.05.19 19:50:00,4486.26,4486.95,4483.56,4483.68,939,43
2026.05.19 19:55:00,4483.33,4483.89,4481.14,4483.34,980,43
2026.05.19 20:00:00,4483.37,4483.91,4480.86,4482.42,829,43
2026.05.19 20:05:00,4482.32,4486.05,4481.49,4485.32,638,43
2026.05.19 20:10:00,4485.36,4486.9,4484.09,4485.37,592,43
2026.05.19 20:15:00,4485.27,4485.6,4483.25,4485.28,593,43
2026.05.19 20:20:00,4485.24,4488.06,4484.94,4487.23,546,43
2026.05.19 20:25:00,4487.27,4487.42,4485.56,4486.08,508,43
2026.05.19 20:30:00,4486.07,4486.16,4483.04,4483.7,543,43
2026.05.19 20:35:00,4483.69,4484.56,4482.99,4483.09,471,51
2026.05.19 20:40:00,4482.95,4484.34,4481.82,4483.28,522,51
2026.05.19 20:45:00,4483.27,4484.13,4482.46,4482.91,515,52
2026.05.19 20:50:00,4482.99,4484.06,4482.09,4482.41,508,51
2026.05.19 20:55:00,4482.4,4483.92,4480.97,4481.2,236,48
2026.05.19 22:00:00,4481.75,4484.71,4481.46,4484.41,208,43
2026.05.19 22:05:00,4484.42,4485.69,4482.4,4484.4,264,43
2026.05.19 22:10:00,4484.2,4484.52,4482.5,4482.67,268,43
2026.05.19 22:15:00,4482.68,4482.68,4477.88,4479.93,410,43
2026.05.19 22:20:00,4479.82,4481.13,4479.18,4480.57,537,43
2026.05.19 22:25:00,4480.54,4480.66,4478.33,4479.24,507,43
2026.05.19 22:30:00,4479.25,4484.02,4477.26,4483.9,716,43
2026.05.19 22:35:00,4483.35,4485.7,4479.88,4480.62,697,43
2026.05.19 22:40:00,4480.56,4484.15,4479.7,4481.84,667,43
2026.05.19 22:45:00,4481.84,4483.56,4479.88,4481.97,729,43
2026.05.19 22:50:00,4482.01,4482.8,4479.19,4481.19,760,43
2026.05.19 22:55:00,4481.13,4484.44,4480.98,4484.19,666,43
2026.05.19 23:00:00,4483.98,4484.02,4479.73,4483.29,676,43
2026.05.19 23:05:00,4483.35,4484.44,4481.44,4483.67,473,43
2026.05.19 23:10:00,4483.78,4486.61,4483.31,4486.18,570,43
2026.05.19 23:15:00,4485.83,4488.7,4483.19,4488.18,682,43
2026.05.19 23:20:00,4488.16,4488.52,4484.93,4486.72,678,43
2026.05.19 23:25:00,4486.72,4487.52,4485.5,4486.1,486,43
2026.05.19 23:30:00,4486.09,4493.51,4485.59,4493.22,821,43
2026.05.19 23:35:00,4493.13,4494.22,4489.21,4493.18,828,43
2026.05.19 23:40:00,4493.19,4496.29,4491.37,4492.22,680,43
2026.05.19 23:45:00,4492.23,4494.14,4489.8,4493.33,750,43
2026.05.19 23:50:00,4493.35,4494.49,4490.14,4490.84,730,43
2026.05.19 23:55:00,4490.87,4492.71,4488.09,4489.17,783,43
2026.05.20 00:00:00,4489.05,4489.79,4482.93,4486.03,885,43
2026.05.20 00:05:00,4486.28,4486.68,4479.52,4484.03,943,43
2026.05.20 00:10:00,4484.04,4490.39,4481.67,4488.54,968,43
2026.05.20 00:15:00,4488.67,4490.5,4482.52,4483.66,914,43
2026.05.20 00:20:00,4483.43,4491.3,4481.19,4491.17,993,43
2026.05.20 00:25:00,4491.21,4501.99,4490.08,4501.91,1005,43
2026.05.20 00:30:00,4501.84,4507.03,4500.16,4502.95,981,43
2026.05.20 00:35:00,4503.06,4505.38,4499.66,4501.66,952,43
2026.05.20 00:40:00,4501.75,4506.63,4501.05,4505.09,921,43
2026.05.20 00:45:00,4505.12,4508.72,4503.05,4504.78,938,43
2026.05.20 00:50:00,4504.62,4505.42,4500.54,4503.31,1007,43
2026.05.20 00:55:00,4503.43,4503.61,4497.82,4500.89,895,43
2026.05.20 01:00:00,4500.89,4505.74,4489.8,4493.74,1043,43
2026.05.20 01:05:00,4493.71,4495.22,4487.9,4494.87,975,43
2026.05.20 01:10:00,4494.96,4500.17,4491.14,4492.35,966,43
2026.05.20 01:15:00,4492.58,4496.19,4491.69,4495.54,925,43
2026.05.20 01:20:00,4495.62,4496.41,4483.09,4484.62,1030,43
2026.05.20 01:25:00,4484.36,4485.58,4472.55,4473.41,1071,43
2026.05.20 01:30:00,4473.5,4476.86,4467.51,4473.19,1086,43
2026.05.20 01:35:00,4473.21,4473.21,4456.33,4467.86,1062,43
2026.05.20 01:40:00,4467.92,4469.03,4461.68,4466.57,1184,43
2026.05.20 01:45:00,4466.62,4473.53,4462.97,4472.34,1063,43
2026.05.20 01:50:00,4472.31,4488.4,4472.31,4481.69,1083,43
2026.05.20 01:55:00,4481.69,4482.65,4478.61,4481.17,1018,43
2026.05.20 02:00:00,4481.13,4485.11,4480.08,4485.1,1097,43
2026.05.20 02:05:00,4485.04,4486.89,4478.47,4479.35,1002,43
2026.05.20 02:10:00,4479.42,4481.7,4476.06,4481.18,1050,43
2026.05.20 02:15:00,4481.2,4482.56,4476.37,4477.17,957,43
2026.05.20 02:20:00,4477.17,4486.96,4476.36,4484.39,950,43
2026.05.20 02:25:00,4484.37,4484.68,4479.21,4481.47,1023,43
2026.05.20 02:30:00,4481.45,4483.47,4465.78,4470.39,1038,43
2026.05.20 02:35:00,4470.37,4471.1,4465.63,4469.59,983,43
2026.05.20 02:40:00,4469.55,4471.49,4460.54,4460.54,1005,43
2026.05.20 02:45:00,4460.56,4465.01,4459.26,4464.02,1046,43
2026.05.20 02:50:00,4464.29,4465.95,4461.67,4463.25,1017,43
2026.05.20 02:55:00,4463.23,4465.79,4458.5,4465.24,1053,43
2026.05.20 03:00:00,4465.16,4467.14,4459.88,4463.05,986,43
2026.05.20 03:05:00,4463.08,4463.69,4453.56,4456.64,1158,43
2026.05.20 03:10:00,4456.71,4461.05,4455.91,4457.84,1032,43
2026.05.20 03:15:00,4457.86,4463.84,4457.34,4462.58,963,43
2026.05.20 03:20:00,4462.62,4463.18,4460.18,4462.3,947,43
2026.05.20 03:25:00,4462.33,4464.31,4459.76,4460.93,992,43
2026.05.20 03:30:00,4460.38,4461.81,4457.45,4458.66,976,43
2026.05.20 03:35:00,4458.74,4465.93,4458.57,4464.35,1004,43
2026.05.20 03:40:00,4464.35,4465.97,4460.19,4460.51,980,43
2026.05.20 03:45:00,4460.48,4461.31,4458.09,4459.63,849,43
2026.05.20 03:50:00,4459.56,4461.42,4458.6,4460.15,806,43
2026.05.20 03:55:00,4460.72,4465.07,4459.98,4463.6,878,43
2026.05.20 04:00:00,4463.62,4470.11,4463.23,4468.92,924,43
2026.05.20 04:05:00,4468.94,4469.28,4466.65,4467.62,826,43
2026.05.20 04:10:00,4467.57,4469.54,4465.29,4469.12,845,43
2026.05.20 04:15:00,4469.17,4470.56,4465.49,4465.75,837,43
2026.05.20 04:20:00,4465.71,4467.0,4463.19,4466.75,932,43
2026.05.20 04:25:00,4466.62,4467.13,4462.25,4465.1,909,43
2026.05.20 04:30:00,4465.06,4465.83,4461.93,4462.65,854,43
2026.05.20 04:35:00,4462.69,4465.59,4460.62,4464.06,875,43
2026.05.20 04:40:00,4464.04,4465.55,4460.55,4462.99,888,43
2026.05.20 04:45:00,4462.97,4463.07,4456.57,4459.78,978,43
2026.05.20 04:50:00,4459.82,4463.05,4459.26,4461.16,908,43
2026.05.20 04:55:00,4461.17,4462.75,4459.93,4461.97,695,43
2026.05.20 05:00:00,4461.87,4471.51,4461.57,4470.96,890,43
2026.05.20 05:05:00,4470.7,4472.92,4467.44,4468.45,918,43
2026.05.20 05:10:00,4468.47,4469.74,4467.11,4469.34,751,43
2026.05.20 05:15:00,4469.33,4471.89,4467.42,4471.38,802,43
2026.05.20 05:20:00,4471.77,4475.12,4470.84,4470.89,905,43
2026.05.20 05:25:00,4470.83,4471.5,4466.95,4468.2,868,43
2026.05.20 05:30:00,4468.29,4479.16,4468.29,4476.8,1054,43
2026.05.20 05:35:00,4476.93,4478.56,4474.97,4476.62,1118,43
2026.05.20 05:40:00,4476.6,4478.01,4471.51,4472.19,991,43
2026.05.20 05:45:00,4472.18,4472.3,4463.2,4465.3,1132,43
2026.05.20 05:50:00,4465.31,4472.35,4464.34,4471.34,1005,43
2026.05.20 05:55:00,4471.29,4475.24,4471.14,4472.61,938,43
2026.05.20 06:00:00,4472.25,4477.47,4470.54,4472.7,976,43
2026.05.20 06:05:00,4472.74,4474.2,4468.91,4469.51,983,43
2026.05.20 06:10:00,4469.46,4471.61,4467.37,4471.61,974,43
2026.05.20 06:15:00,4472.05,4478.18,4471.8,4476.93,955,43
2026.05.20 06:20:00,4476.9,4477.52,4468.49,4468.55,959,43
2026.05.20 06:25:00,4468.64,4474.42,4467.81,4471.87,1099,43
2026.05.20 06:30:00,4471.78,4472.4,4466.55,4466.81,1000,43
2026.05.20 06:35:00,4466.76,4468.22,4461.3,4466.73,1017,43
2026.05.20 06:40:00,4466.7,4466.99,4463.76,4466.93,1070,43
2026.05.20 06:45:00,4466.9,4474.82,4465.25,4473.78,1006,43
2026.05.20 06:50:00,4473.68,4478.37,4472.31,4474.79,1086,43
2026.05.20 06:55:00,4474.77,4475.6,4471.22,4474.41,1033,43
2026.05.20 07:00:00,4474.05,4479.14,4471.77,4477.25,966,35
2026.05.20 07:05:00,4477.04,4483.45,4475.29,4483.03,965,35
2026.05.20 07:10:00,4483.01,4485.18,4480.29,4481.16,1017,35
2026.05.20 07:15:00,4481.18,4481.19,4477.84,4478.71,979,35
2026.05.20 07:20:00,4478.67,4484.07,4476.31,4480.19,956,35
2026.05.20 07:25:00,4480.71,4483.35,4479.5,4482.59,997,35
2026.05.20 07:30:00,4482.61,4485.87,4477.58,4478.18,984,35
2026.05.20 07:35:00,4478.19,4481.01,4475.93,4480.25,1007,35
2026.05.20 07:40:00,4480.14,4483.54,4478.56,4481.3,984,35
2026.05.20 07:45:00,4481.33,4481.93,4476.21,4477.88,898,35
2026.05.20 07:50:00,4477.87,4479.05,4475.0,4479.05,905,35
2026.05.20 07:55:00,4479.04,4479.72,4476.78,4478.51,881,35
2026.05.20 08:00:00,4478.52,4481.43,4476.64,4481.01,857,35
2026.05.20 08:05:00,4481.23,4483.18,4476.92,4478.94,861,35
2026.05.20 08:10:00,4478.82,4483.94,4477.33,4482.33,917,35
2026.05.20 08:15:00,4482.31,4483.89,4479.45,4481.72,922,35
2026.05.20 08:20:00,4481.66,4486.48,4478.19,4484.28,972,35
2026.05.20 08:25:00,4484.33,4486.06,4482.33,4485.98,945,35
2026.05.20 08:30:00,4486.61,4489.32,4483.0,4483.12,920,35
2026.05.20 08:35:00,4483.08,4484.38,4478.57,4483.52,926,35
2026.05.20 08:40:00,4483.49,4483.68,4476.71,4479.21,987,35
2026.05.20 08:45:00,4479.18,4483.09,4479.12,4481.63,991,35
2026.05.20 08:50:00,4481.79,4489.41,4481.32,4489.07,941,35
2026.05.20 08:55:00,4489.14,4490.19,4483.45,4484.06,1010,35
2026.05.20 09:00:00,4483.57,4486.01,4483.41,4484.4,904,35
2026.05.20 09:05:00,4484.46,4486.06,4481.47,4481.99,921,35
2026.05.20 09:10:00,4482.11,4482.36,4479.69,4480.2,912,35
2026.05.20 09:15:00,4479.96,4482.44,4479.02,4482.44,989,35
2026.05.20 09:20:00,4482.39,4483.59,4478.55,4479.25,917,35
2026.05.20 09:25:00,4479.22,4479.43,4472.79,4474.11,998,35
2026.05.20 09:30:00,4474.01,4482.79,4472.8,4482.3,1094,35
2026.05.20 09:35:00,4482.31,4483.28,4480.07,4483.22,1059,35
2026.05.20 09:40:00,4483.18,4484.77,4483.04,4483.16,942,35
2026.05.20 09:45:00,4483.28,4484.36,4481.75,4483.08,829,35
2026.05.20 09:50:00,4483.09,4490.12,4482.67,4489.36,953,35
2026.05.20 09:55:00,4489.39,4490.87,4484.38,4484.93,796,35
2026.05.20 10:00:00,4484.86,4487.4,4484.66,4485.8,861,35
2026.05.20 10:05:00,4485.81,4492.32,4485.81,4489.74,856,35
2026.05.20 10:10:00,4490.07,4490.97,4486.76,4487.92,765,35
2026.05.20 10:15:00,4487.93,4490.99,4487.2,4488.16,757,35
2026.05.20 10:20:00,4488.18,4492.43,4488.05,4491.42,854,35
2026.05.20 10:25:00,4491.4,4492.27,4488.74,4488.92,829,35
2026.05.20 10:30:00,4489.06,4492.48,4488.47,4492.48,816,35
2026.05.20 10:35:00,4492.45,4497.08,4492.19,4495.65,881,35
2026.05.20 10:40:00,4495.66,4496.73,4493.87,4494.19,903,35
2026.05.20 10:45:00,4494.24,4495.8,4492.14,4492.52,911,35
2026.05.20 10:50:00,4492.55,4494.94,4490.33,4494.58,861,35
2026.05.20 10:55:00,4494.61,4494.74,4492.5,4494.57,858,35
2026.05.20 11:00:00,4494.49,4496.65,4492.7,4494.12,927,35
2026.05.20 11:05:00,4494.21,4495.8,4494.12,4494.66,824,35
2026.05.20 11:10:00,4494.64,4496.19,4492.84,4493.0,817,35
2026.05.20 11:15:00,4492.95,4496.46,4491.65,4491.92,811,35
2026.05.20 11:20:00,4491.85,4496.42,4491.06,4495.87,782,35
2026.05.20 11:25:00,4495.9,4501.05,4495.44,4499.95,943,35
2026.05.20 11:30:00,4499.87,4500.37,4496.51,4498.61,922,35
2026.05.20 11:35:00,4498.58,4499.07,4495.89,4497.55,854,35
2026.05.20 11:40:00,4497.64,4498.31,4493.38,4495.16,860,35
2026.05.20 11:45:00,4495.14,4496.72,4491.99,4493.04,903,35
2026.05.20 11:50:00,4493.01,4498.09,4490.81,4498.09,913,35
2026.05.20 11:55:00,4497.99,4499.46,4496.07,4499.09,863,35
2026.05.20 12:00:00,4498.96,4501.12,4495.92,4496.4,879,35
2026.05.20 12:05:00,4496.62,4500.04,4495.77,4497.54,949,35
2026.05.20 12:10:00,4497.58,4497.76,4496.21,4496.49,829,35
2026.05.20 12:15:00,4496.52,4497.04,4493.93,4494.33,920,35
2026.05.20 12:20:00,4494.45,4496.95,4492.93,4496.33,971,35
2026.05.20 12:25:00,4496.34,4499.44,4496.19,4499.44,870,35
2026.05.20 12:30:00,4499.71,4504.29,4499.25,4503.61,969,35
2026.05.20 12:35:00,4503.58,4504.54,4501.0,4503.74,941,35
2026.05.20 12:40:00,4503.7,4504.44,4501.2,4502.85,905,35
2026.05.20 12:45:00,4502.86,4505.28,4501.75,4503.01,914,35
2026.05.20 12:50:00,4502.88,4502.99,4498.5,4498.54,910,35
2026.05.20 12:55:00,4498.48,4498.78,4493.88,4496.09,918,35
2026.05.20 13:00:00,4496.14,4501.2,4493.8,4497.61,1023,35
2026.05.20 13:05:00,4497.75,4501.72,4496.42,4498.69,1108,35
2026.05.20 13:10:00,4498.61,4506.08,4497.27,4505.13,1208,35
2026.05.20 13:15:00,4505.16,4505.22,4498.89,4499.12,1023,35
2026.05.20 13:20:00,4499.15,4500.24,4493.81,4494.18,1078,35
2026.05.20 13:25:00,4494.15,4494.85,4489.53,4489.53,1010,35
2026.05.20 13:30:00,4489.51,4492.96,4487.99,4491.5,1048,35
2026.05.20 13:35:00,4491.22,4492.87,4484.43,4485.23,1037,35
2026.05.20 13:40:00,4485.22,4490.22,4482.83,4489.87,1030,35
2026.05.20 13:45:00,4489.48,4491.98,4486.28,4486.97,1026,35
2026.05.20 13:50:00,4486.88,4489.41,4484.82,4485.97,1032,35
2026.05.20 13:55:00,4485.95,4486.29,4481.94,4482.99,965,35
2026.05.20 14:00:00,4484.08,4485.11,4480.82,4481.36,989,35
2026.05.20 14:05:00,4481.0,4481.57,4474.9,4476.14,999,35
2026.05.20 14:10:00,4476.03,4480.3,4467.0,4476.79,1089,35
2026.05.20 14:15:00,4477.42,4503.51,4476.49,4498.54,1203,35
2026.05.20 14:20:00,4498.05,4511.16,4495.78,4502.7,1159,35
2026.05.20 14:25:00,4502.75,4507.15,4499.25,4506.92,1098,35
2026.05.20 14:30:00,4506.87,4528.83,4506.87,4524.68,1176,35
2026.05.20 14:35:00,4524.57,4526.94,4515.5,4523.53,1141,35
2026.05.20 14:40:00,4523.67,4523.87,4517.24,4520.36,1042,35
2026.05.20 14:45:00,4521.55,4524.14,4516.71,4521.75,1041,35
2026.05.20 14:50:00,4521.88,4530.0,4520.99,4529.5,1035,35
2026.05.20 14:55:00,4529.53,4537.12,4528.72,4531.24,1041,35
2026.05.20 15:00:00,4531.04,4535.72,4529.29,4530.35,1020,35
2026.05.20 15:05:00,4530.26,4531.86,4523.76,4526.07,1000,35
2026.05.20 15:10:00,4526.28,4526.85,4523.09,4524.44,965,35
2026.05.20 15:15:00,4524.51,4552.82,4524.46,4543.27,1185,35
2026.05.20 15:20:00,4543.32,4545.32,4535.67,4536.09,1065,35
2026.05.20 15:25:00,4535.88,4537.17,4528.47,4529.31,1028,35
2026.05.20 15:30:00,4529.33,4534.91,4527.73,4534.81,1032,35
2026.05.20 15:35:00,4535.15,4539.08,4534.59,4537.57,953,35
2026.05.20 15:40:00,4537.63,4539.28,4534.62,4536.79,968,35
2026.05.20 15:45:00,4536.83,4537.65,4535.13,4537.11,932,35
2026.05.20 15:50:00,4537.09,4537.65,4532.3,4533.25,953,35
2026.05.20 15:55:00,4533.18,4534.0,4527.14,4528.99,989,35
2026.05.20 16:00:00,4529.13,4532.21,4528.28,4532.02,901,35
2026.05.20 16:05:00,4532.05,4535.24,4531.37,4533.3,901,35
2026.05.20 16:10:00,4533.28,4534.74,4531.38,4533.64,868,35
2026.05.20 16:15:00,4533.61,4533.61,4529.47,4530.7,862,35
2026.05.20 16:20:00,4530.72,4531.18,4524.96,4525.95,974,35
2026.05.20 16:25:00,4525.91,4527.44,4524.03,4525.79,936,35
2026.05.20 16:30:00,4525.95,4529.39,4524.12,4525.66,922,35
2026.05.20 16:35:00,4525.8,4528.48,4525.29,4527.36,850,35
2026.05.20 16:40:00,4527.45,4533.65,4527.26,4533.16,907,35
2026.05.20 16:45:00,4533.73,4534.8,4530.07,4532.2,902,35
2026.05.20 16:50:00,4532.13,4533.3,4530.9,4532.6,861,35
2026.05.20 16:55:00,4532.39,4535.43,4531.23,4534.44,847,35
2026.05.20 17:00:00,4534.63,4534.79,4531.37,4531.9,859,43
2026.05.20 17:05:00,4531.97,4535.49,4531.25,4535.49,840,43
2026.05.20 17:10:00,4535.59,4538.12,4533.19,4534.23,952,43
2026.05.20 17:15:00,4534.21,4535.47,4532.89,4535.02,831,43
2026.05.20 17:20:00,4535.04,4536.71,4533.03,4533.77,924,43
2026.05.20 17:25:00,4533.76,4536.25,4530.73,4532.26,946,43
2026.05.20 17:30:00,4532.89,4534.81,4529.7,4530.81,858,43
2026.05.20 17:35:00,4530.78,4536.36,4530.04,4535.86,895,43
2026.05.20 17:40:00,4535.76,4535.92,4532.84,4532.95,844,43
2026.05.20 17:45:00,4532.91,4535.13,4532.22,4533.48,859,43
2026.05.20 17:50:00,4533.49,4534.34,4531.82,4531.82,786,43
2026.05.20 17:55:00,4531.79,4532.43,4530.1,4531.08,837,43
2026.05.20 18:00:00,4531.28,4533.0,4528.9,4532.23,862,43
2026.05.20 18:05:00,4532.29,4533.48,4530.38,4532.8,888,43
2026.05.20 18:10:00,4532.82,4533.89,4532.13,4532.78,857,43
2026.05.20 18:15:00,4532.69,4536.48,4532.69,4536.09,919,43
2026.05.20 18:20:00,4536.12,4536.43,4532.64,4533.51,927,43
2026.05.20 18:25:00,4533.34,4534.94,4531.82,4534.89,911,43
2026.05.20 18:30:00,4534.87,4539.65,4534.87,4539.59,869,43
2026.05.20 18:35:00,4539.64,4543.37,4539.56,4542.74,913,43
2026.05.20 18:40:00,4542.77,4543.11,4536.82,4536.82,888,43
2026.05.20 18:45:00,4536.82,4540.45,4536.62,4539.56,926,43
2026.05.20 18:50:00,4539.55,4543.21,4539.07,4541.88,894,43
2026.05.20 18:55:00,4542.12,4544.92,4541.7,4542.23,873,43
2026.05.20 19:00:00,4542.25,4544.58,4541.84,4542.56,790,43
2026.05.20 19:05:00,4542.53,4544.02,4541.69,4543.28,874,43
2026.05.20 19:10:00,4543.31,4545.12,4542.83,4543.7,820,43
2026.05.20 19:15:00,4543.75,4545.61,4543.51,4545.57,835,43
2026.05.20 19:20:00,4545.58,4545.92,4543.23,4544.09,853,43
2026.05.20 19:25:00,4544.17,4545.53,4543.53,4544.92,831,43
2026.05.20 19:30:00,4545.01,4547.37,4545.01,4545.45,872,43
2026.05.20 19:35:00,4545.46,4550.2,4545.12,4548.12,875,43
2026.05.20 19:40:00,4547.93,4549.18,4545.35,4546.29,927,43
2026.05.20 19:45:00,4546.69,4547.56,4545.5,4546.2,804,43
2026.05.20 19:50:00,4545.52,4548.61,4545.23,4547.89,885,43
2026.05.20 19:55:00,4547.7,4548.33,4545.29,4545.6,900,43
2026.05.20 20:00:00,4545.6,4547.92,4545.58,4546.68,774,43
2026.05.20 20:05:00,4546.64,4546.91,4545.24,4546.2,579,43
2026.05.20 20:10:00,4546.36,4550.3,4545.64,4546.59,641,43
2026.05.20 20:15:00,4546.61,4548.23,4545.31,4547.17,682,43
2026.05.20 20:20:00,4546.29,4546.46,4543.09,4545.2,916,43
2026.05.20 20:25:00,4545.08,4546.5,4544.98,4545.56,883,43
2026.05.20 20:30:00,4545.63,4546.18,4543.54,4543.88,750,43
2026.05.20 20:35:00,4543.95,4544.84,4543.04,4543.66,628,51
2026.05.20 20:40:00,4543.34,4544.12,4542.53,4543.31,662,51
2026.05.20 20:45:00,4543.17,4544.48,4542.27,4542.76,669,52
2026.05.20 20:50:00,4542.77,4543.95,4541.93,4542.82,503,51
2026.05.20 20:55:00,4542.8,4543.88,4542.35,4543.17,338,48
2026.05.20 22:00:00,4547.26,4547.26,4543.14,4544.48,270,43
2026.05.20 22:05:00,4544.47,4546.8,4539.7,4539.7,612,43
2026.05.20 22:10:00,4539.65,4542.52,4538.69,4540.0,758,43
2026.05.20 22:15:00,4540.0,4540.43,4537.23,4537.67,670,43
2026.05.20 22:20:00,4537.76,4538.49,4535.27,4536.98,708,43
2026.05.20 22:25:00,4536.97,4539.15,4536.38,4538.85,513,43
2026.05.20 22:30:00,4538.87,4542.49,4538.7,4541.24,651,43
2026.05.20 22:35:00,4541.49,4543.38,4540.53,4542.71,532,43
2026.05.20 22:40:00,4542.65,4543.06,4540.41,4542.19,517,43
2026.05.20 22:45:00,4542.1,4544.58,4540.64,4541.33,635,43
2026.05.20 22:50:00,4541.33,4542.2,4537.25,4540.78,705,43
2026.05.20 22:55:00,4540.75,4541.71,4537.71,4539.73,649,43
2026.05.20 23:00:00,4539.79,4541.92,4539.79,4541.92,525,43
2026.05.20 23:05:00,4541.91,4543.04,4538.57,4538.57,593,43
2026.05.20 23:10:00,4538.56,4540.29,4537.9,4539.94,568,43
2026.05.20 23:15:00,4539.97,4540.55,4538.84,4538.93,531,43
2026.05.20 23:20:00,4538.88,4539.17,4536.27,4537.12,653,43
2026.05.20 23:25:00,4537.15,4538.37,4534.5,4538.37,692,43
2026.05.20 23:30:00,4538.36,4541.09,4537.87,4539.86,625,43
2026.05.20 23:35:00,4539.88,4545.32,4539.8,4545.32,594,43
2026.05.20 23:40:00,4545.3,4545.3,4542.44,4542.85,574,43
2026.05.20 23:45:00,4542.82,4546.92,4541.77,4545.09,764,43
2026.05.20 23:50:00,4545.07,4545.35,4542.89,4544.8,596,43
2026.05.20 23:55:00,4544.83,4546.44,4543.88,4546.44,640,43
2026.05.21 00:00:00,4546.43,4548.55,4540.06,4542.32,980,43
2026.05.21 00:05:00,4542.33,4544.94,4540.18,4544.3,1005,43
2026.05.21 00:10:00,4544.34,4545.49,4542.71,4544.73,983,43
2026.05.21 00:15:00,4544.71,4553.18,4540.09,4545.85,992,43
2026.05.21 00:20:00,4545.82,4546.35,4539.12,4541.13,900,43
2026.05.21 00:25:00,4541.17,4545.03,4537.35,4543.83,920,43
2026.05.21 00:30:00,4543.57,4545.09,4539.73,4544.36,884,43
2026.05.21 00:35:00,4544.33,4544.85,4542.24,4542.33,876,43
2026.05.21 00:40:00,4542.27,4543.81,4541.33,4543.63,759,43
2026.05.21 00:45:00,4543.61,4544.81,4541.93,4544.29,801,43
2026.05.21 00:50:00,4544.28,4548.65,4543.56,4547.69,823,43
2026.05.21 00:55:00,4547.51,4548.16,4544.73,4545.17,897,43
2026.05.21 01:00:00,4545.2,4549.25,4539.77,4543.6,1203,43
2026.05.21 01:05:00,4543.63,4550.84,4540.98,4549.68,1143,43
2026.05.21 01:10:00,4549.57,4560.22,4549.33,4559.73,1224,43
2026.05.21 01:15:00,4559.85,4561.19,4558.22,4559.35,1029,43
2026.05.21 01:20:00,4559.46,4567.52,4557.16,4564.98,1234,43
2026.05.21 01:25:00,4565.0,4567.37,4560.38,4567.05,1116,43
2026.05.21 01:30:00,4566.89,4569.11,4561.88,4562.69,970,43
2026.05.21 01:35:00,4562.68,4566.72,4561.47,4565.52,1029,43
2026.05.21 01:40:00,4565.5,4570.79,4565.5,4567.63,1071,43
2026.05.21 01:45:00,4567.61,4568.13,4565.25,4565.25,1064,43
2026.05.21 01:50:00,4565.1,4565.65,4559.0,4559.78,957,43
2026.05.21 01:55:00,4559.78,4561.81,4559.3,4560.88,966,43
2026.05.21 02:00:00,4561.12,4564.78,4556.7,4557.05,935,43
2026.05.21 02:05:00,4557.04,4559.46,4555.11,4555.65,1005,43
2026.05.21 02:10:00,4555.76,4555.76,4550.6,4551.64,1083,43
2026.05.21 02:15:00,4551.62,4553.03,4547.07,4548.79,960,43
2026.05.21 02:20:00,4548.77,4549.38,4546.31,4547.81,918,43
2026.05.21 02:25:00,4547.88,4548.39,4539.28,4540.06,952,43
2026.05.21 02:30:00,4539.94,4542.07,4534.06,4536.85,1137,43
2026.05.21 02:35:00,4536.82,4541.57,4536.82,4539.67,1096,43
2026.05.21 02:40:00,4539.73,4540.05,4534.29,4536.18,1197,43
2026.05.21 02:45:00,4536.21,4537.19,4531.43,4534.33,1062,43
2026.05.21 02:50:00,4534.31,4536.55,4533.23,4533.82,1026,43
2026.05.21 02:55:00,4533.85,4535.87,4532.52,4533.12,1055,43
2026.05.21 03:00:00,4533.03,4535.16,4531.51,4534.77,1074,43
2026.05.21 03:05:00,4534.84,4537.56,4534.32,4537.09,996,43
2026.05.21 03:10:00,4536.98,4538.91,4536.46,4537.75,860,43
2026.05.21 03:15:00,4537.88,4537.94,4532.88,4535.36,927,43
2026.05.21 03:20:00,4535.37,4540.17,4535.29,4537.61,881,43
2026.05.21 03:25:00,4537.61,4538.21,4534.13,4535.65,994,43
2026.05.21 03:30:00,4535.74,4537.17,4533.4,4534.18,772,43
2026.05.21 03:35:00,4534.19,4534.55,4531.72,4532.55,747,43
2026.05.21 03:40:00,4532.54,4536.1,4531.8,4533.93,745,43
2026.05.21 03:45:00,4533.92,4534.29,4531.42,4531.53,636,43
2026.05.21 03:50:00,4531.55,4531.82,4527.2,4528.05,829,43
2026.05.21 03:55:00,4527.92,4529.66,4527.23,4528.15,962,43
2026.05.21 04:00:00,4527.92,4532.88,4527.26,4531.85,834,43
2026.05.21 04:05:00,4531.85,4533.54,4530.82,4532.49,789,43
2026.05.21 04:10:00,4532.5,4536.42,4532.31,4535.91,740,43
2026.05.21 04:15:00,4535.91,4536.4,4534.31,4534.41,799,43
2026.05.21 04:20:00,4534.48,4537.07,4534.35,4536.7,603,43
2026.05.21 04:25:00,4536.69,4540.01,4536.62,4539.71,699,43
2026.05.21 04:30:00,4539.74,4540.18,4536.44,4536.78,759,43
2026.05.21 04:35:00,4536.79,4537.32,4533.73,4537.1,696,43
2026.05.21 04:40:00,4537.11,4538.14,4536.16,4537.1,553,43
2026.05.21 04:45:00,4537.12,4537.13,4535.37,4536.26,631,43
2026.05.21 04:50:00,4536.25,4538.64,4535.67,4535.81,590,43
2026.05.21 04:55:00,4535.94,4539.22,4535.94,4538.31,694,43
2026.05.21 05:00:00,4538.43,4540.15,4536.61,4538.04,815,43
2026.05.21 05:05:00,4538.01,4538.37,4530.91,4531.64,895,43
2026.05.21 05:10:00,4531.69,4533.14,4529.69,4530.64,892,43
2026.05.21 05:15:00,4530.66,4531.05,4526.05,4526.98,906,43
2026.05.21 05:20:00,4527.02,4527.29,4524.81,4524.9,850,43
2026.05.21 05:25:00,4524.92,4528.02,4521.46,4522.72,948,43
2026.05.21 05:30:00,4523.09,4526.96,4518.62,4525.73,1124,43
2026.05.21 05:35:00,4525.56,4527.16,4521.3,4525.62,1111,43
2026.05.21 05:40:00,4525.65,4526.68,4524.18,4525.88,1044,43
2026.05.21 05:45:00,4525.81,4526.67,4518.47,4522.9,1009,43
2026.05.21 05:50:00,4523.3,4529.84,4522.69,4529.65,916,43
2026.05.21 05:55:00,4529.64,4529.68,4525.7,4527.85,936,43
2026.05.21 06:00:00,4526.76,4535.3,4526.51,4533.44,964,43
2026.05.21 06:05:00,4533.48,4535.14,4530.95,4531.15,948,43
2026.05.21 06:10:00,4531.07,4532.29,4527.27,4531.51,1024,43
2026.05.21 06:15:00,4531.49,4532.76,4528.54,4530.41,942,43
2026.05.21 06:20:00,4530.4,4539.87,4529.45,4534.17,943,43
2026.05.21 06:25:00,4534.16,4535.25,4529.93,4532.94,929,43
2026.05.21 06:30:00,4532.95,4534.99,4528.06,4529.65,925,43
2026.05.21 06:35:00,4529.75,4531.28,4527.27,4527.49,892,43
2026.05.21 06:40:00,4527.81,4527.85,4522.82,4524.82,953,43
2026.05.21 06:45:00,4524.81,4526.23,4521.76,4523.71,878,43
2026.05.21 06:50:00,4523.75,4524.14,4520.41,4522.41,1036,43
2026.05.21 06:55:00,4522.42,4523.08,4518.73,4521.48,1017,43
2026.05.21 07:00:00,4521.64,4524.44,4519.28,4520.71,886,35
2026.05.21 07:05:00,4520.7,4522.38,4518.21,4521.94,838,35
2026.05.21 07:10:00,4521.86,4522.16,4519.17,4520.51,830,35
2026.05.21 07:15:00,4520.41,4521.45,4517.35,4521.13,869,35
2026.05.21 07:20:00,4521.19,4523.46,4517.16,4518.06,834,35
2026.05.21 07:25:00,4517.96,4518.71,4511.86,4512.78,880,35
2026.05.21 07:30:00,4512.83,4517.19,4512.2,4516.61,802,35
2026.05.21 07:35:00,4516.6,4517.36,4514.38,4515.37,841,35
2026.05.21 07:40:00,4515.35,4517.1,4514.03,4516.31,709,35
2026.05.21 07:45:00,4516.72,4518.04,4514.14,4518.0,722,35
2026.05.21 07:50:00,4517.98,4523.27,4515.67,4520.88,820,35
2026.05.21 07:55:00,4520.62,4522.69,4519.46,4519.59,796,35
2026.05.21 08:00:00,4519.61,4523.65,4518.27,4523.4,834,35
2026.05.21 08:05:00,4523.38,4529.07,4522.25,4528.56,908,35
2026.05.21 08:10:00,4528.48,4535.59,4527.52,4534.06,966,35
2026.05.21 08:15:00,4534.19,4536.69,4529.98,4530.36,963,35
2026.05.21 08:20:00,4530.32,4532.97,4529.53,4532.72,852,35
2026.05.21 08:25:00,4532.74,4536.61,4529.16,4535.72,857,35
2026.05.21 08:30:00,4535.03,4535.55,4528.25,4529.42,898,35
2026.05.21 08:35:00,4529.55,4531.12,4526.68,4527.99,888,35
2026.05.21 08:40:00,4528.1,4532.37,4527.86,4529.11,840,35
2026.05.21 08:45:00,4529.47,4532.85,4528.23,4530.52,834,35
2026.05.21 08:50:00,4530.5,4532.5,4529.96,4532.33,887,35
2026.05.21 08:55:00,4532.59,4534.52,4532.21,4532.45,885,35
2026.05.21 09:00:00,4532.11,4533.87,4531.95,4532.16,884,35
2026.05.21 09:05:00,4532.31,4535.91,4531.74,4533.65,909,35
2026.05.21 09:10:00,4533.6,4540.5,4533.03,4537.67,895,35
2026.05.21 09:15:00,4537.58,4541.09,4536.36,4540.4,890,35
2026.05.21 09:20:00,4540.45,4542.46,4537.08,4537.28,825,35
2026.05.21 09:25:00,4537.25,4539.5,4535.5,4536.87,870,35
2026.05.21 09:30:00,4536.78,4542.8,4533.68,4535.1,898,35
2026.05.21 09:35:00,4535.19,4536.62,4532.52,4532.63,824,35
2026.05.21 09:40:00,4532.72,4534.67,4529.46,4529.78,858,35
2026.05.21 09:45:00,4529.79,4531.98,4527.79,4531.37,879,35
2026.05.21 09:50:00,4531.35,4532.98,4531.28,4532.62,766,35
2026.05.21 09:55:00,4532.63,4532.97,4529.66,4530.59,798,35
2026.05.21 10:00:00,4530.5,4533.45,4529.98,4533.37,777,35
2026.05.21 10:05:00,4533.29,4535.22,4530.7,4534.67,867,35
2026.05.21 10:10:00,4534.86,4535.22,4529.98,4532.58,959,35
2026.05.21 10:15:00,4532.62,4534.66,4530.68,4534.35,920,35
2026.05.21 10:20:00,4534.41,4534.5,4532.01,4534.2,842,35
2026.05.21 10:25:00,4534.23,4534.67,4510.53,4518.0,1085,35
2026.05.21 10:30:00,4518.25,4518.25,4507.94,4514.55,1064,35
2026.05.21 10:35:00,4514.54,4518.19,4507.35,4508.75,988,35
2026.05.21 10:40:00,4508.65,4518.09,4504.85,4516.9,1020,35
2026.05.21 10:45:00,4516.8,4517.77,4513.66,4516.51,956,35
2026.05.21 10:50:00,4516.94,4517.27,4510.76,4515.77,964,35
2026.05.21 10:55:00,4515.63,4516.33,4510.8,4511.4,950,35
2026.05.21 11:00:00,4510.86,4519.77,4510.69,4516.14,981,35
2026.05.21 11:05:00,4516.24,4518.13,4514.94,4516.7,915,35
2026.05.21 11:10:00,4516.69,4518.19,4515.2,4516.26,916,35
2026.05.21 11:15:00,4516.14,4519.81,4515.6,4519.17,893,35
2026.05.21 11:20:00,4519.15,4521.1,4514.85,4515.82,927,35
2026.05.21 11:25:00,4515.8,4515.94,4512.47,4514.01,906,35
2026.05.21 11:30:00,4514.11,4515.88,4510.25,4510.6,842,35
2026.05.21 11:35:00,4510.64,4512.19,4508.04,4510.71,853,35
2026.05.21 11:40:00,4510.65,4513.98,4510.28,4512.4,867,35
2026.05.21 11:45:00,4512.24,4515.05,4512.03,4513.31,900,35
2026.05.21 11:50:00,4513.28,4517.23,4512.63,4514.19,859,35
2026.05.21 11:55:00,4514.26,4514.3,4510.81,4514.01,869,35
2026.05.21 12:00:00,4514.48,4516.74,4514.02,4515.45,893,35
2026.05.21 12:05:00,4515.4,4518.3,4513.67,4518.02,889,35
2026.05.21 12:10:00,4517.94,4519.17,4513.64,4514.61,907,35
2026.05.21 12:15:00,4514.64,4514.74,4509.81,4512.52,921,35
2026.05.21 12:20:00,4512.47,4512.57,4506.17,4506.62,953,35
2026.05.21 12:25:00,4506.59,4508.0,4504.37,4506.87,921,35
2026.05.21 12:30:00,4506.91,4517.52,4505.32,4514.57,964,35
2026.05.21 12:35:00,4514.88,4517.05,4508.55,4511.93,1001,35
2026.05.21 12:40:00,4511.86,4515.1,4510.27,4514.96,935,35
2026.05.21 12:45:00,4514.92,4518.07,4509.68,4510.23,946,35
2026.05.21 12:50:00,4510.18,4510.83,4507.23,4508.12,929,35
2026.05.21 12:55:00,4508.11,4509.53,4502.46,4504.0,932,35
2026.05.21 13:00:00,4503.7,4512.24,4499.55,4512.18,1097,35
2026.05.21 13:05:00,4512.16,4512.62,4501.71,4504.71,1003,35
2026.05.21 13:10:00,4504.73,4505.22,4500.86,4502.25,1015,35
2026.05.21 13:15:00,4502.08,4505.42,4497.12,4499.0,1039,35
2026.05.21 13:20:00,4498.89,4502.84,4496.73,4498.37,1015,35
2026.05.21 13:25:00,4498.7,4500.34,4495.5,4500.34,1086,35
2026.05.21 13:30:00,4500.71,4501.14,4490.04,4494.03,1102,35
2026.05.21 13:35:00,4494.06,4495.87,4488.54,4492.07,1078,35
2026.05.21 13:40:00,4492.09,4502.71,4491.9,4497.74,1023,35
2026.05.21 13:45:00,4497.6,4503.44,4495.0,4500.07,1043,35
2026.05.21 13:50:00,4499.67,4521.08,4499.44,4518.17,1121,35
2026.05.21 13:55:00,4517.93,4520.78,4511.8,4513.13,1104,35
2026.05.21 14:00:00,4513.19,4515.31,4505.58,4507.21,1059,35
2026.05.21 14:05:00,4507.41,4510.17,4502.7,4505.18,1037,35
2026.05.21 14:10:00,4504.97,4509.84,4503.62,4508.15,1049,35
2026.05.21 14:15:00,4508.46,4509.17,4498.62,4501.9,1090,35
2026.05.21 14:20:00,4501.91,4503.9,4498.12,4502.04,1057,35
2026.05.21 14:25:00,4502.09,4507.72,4501.25,4507.3,1040,35
2026.05.21 14:30:00,4507.31,4509.79,4505.09,4507.16,1007,35
2026.05.21 14:35:00,4507.15,4511.18,4506.53,4508.69,962,35
2026.05.21 14:40:00,4508.74,4509.06,4502.41,4504.74,975,35
2026.05.21 14:45:00,4504.66,4509.39,4501.7,4504.17,990,35
2026.05.21 14:50:00,4504.46,4509.25,4501.93,4509.02,998,35
2026.05.21 14:55:00,4509.07,4510.45,4507.05,4508.78,1009,35
2026.05.21 15:00:00,4508.71,4509.99,4503.05,4504.68,1029,35
2026.05.21 15:05:00,4504.75,4505.19,4496.58,4501.51,1044,35
2026.05.21 15:10:00,4501.43,4515.38,4499.39,4509.9,1069,35
2026.05.21 15:15:00,4509.87,4511.51,4506.99,4508.18,995,35
2026.05.21 15:20:00,4508.12,4509.86,4503.13,4504.41,989,35
2026.05.21 15:25:00,4504.13,4505.24,4502.23,4503.27,963,35
2026.05.21 15:30:00,4503.21,4508.74,4502.51,4507.29,941,35
2026.05.21 15:35:00,4507.22,4509.75,4506.6,4509.24,898,35
2026.05.21 15:40:00,4509.42,4509.46,4506.42,4506.92,887,35
2026.05.21 15:45:00,4506.9,4510.46,4506.57,4510.29,878,35
2026.05.21 15:50:00,4510.67,4512.61,4509.44,4510.9,935,35
2026.05.21 15:55:00,4510.88,4512.66,4509.29,4511.88,916,35
2026.05.21 16:00:00,4512.04,4518.81,4512.04,4515.49,974,35
2026.05.21 16:05:00,4515.5,4520.6,4515.0,4519.65,979,35
2026.05.21 16:10:00,4519.68,4519.94,4514.83,4517.1,965,35
2026.05.21 16:15:00,4517.16,4518.56,4514.53,4518.51,978,35
2026.05.21 16:20:00,4518.49,4518.74,4515.44,4516.83,1009,35
2026.05.21 16:25:00,4516.86,4517.86,4515.87,4516.43,999,35
2026.05.21 16:30:00,4516.35,4518.87,4516.1,4518.0,962,35
2026.05.21 16:35:00,4517.92,4519.3,4516.0,4516.63,897,35
2026.05.21 16:40:00,4516.81,4518.24,4515.47,4518.02,850,35
2026.05.21 16:45:00,4518.1,4520.18,4517.12,4517.29,898,35
2026.05.21 16:50:00,4517.48,4518.87,4516.22,4517.41,887,35
2026.05.21 16:55:00,4517.42,4519.61,4516.96,4519.4,927,35
2026.05.21 17:00:00,4519.63,4521.93,4515.98,4516.18,990,43
2026.05.21 17:05:00,4516.19,4518.3,4514.06,4517.8,948,43
2026.05.21 17:10:00,4517.79,4531.44,4517.76,4526.24,1112,43
2026.05.21 17:15:00,4526.13,4540.54,4526.08,4535.19,1109,43
2026.05.21 17:20:00,4535.18,4546.16,4533.12,4536.66,1119,43
2026.05.21 17:25:00,4536.6,4541.88,4535.46,4541.62,1000,43
2026.05.21 17:30:00,4541.61,4548.96,4538.58,4542.17,982,43
2026.05.21 17:35:00,4542.31,4544.89,4541.75,4542.37,960,43
2026.05.21 17:40:00,4542.41,4548.1,4542.29,4548.1,958,43
2026.05.21 17:45:00,4548.09,4553.39,4544.85,4553.28,989,43
2026.05.21 17:50:00,4553.18,4557.74,4551.61,4556.53,979,43
2026.05.21 17:55:00,4556.87,4559.14,4551.21,4551.39,1023,43
2026.05.21 18:00:00,4551.44,4556.03,4543.73,4544.28,1019,43
2026.05.21 18:05:00,4543.7,4549.61,4542.97,4548.67,1026,43
2026.05.21 18:10:00,4548.72,4549.2,4544.23,4545.91,1015,43
2026.05.21 18:15:00,4546.1,4549.64,4544.27,4549.3,990,43
2026.05.21 18:20:00,4549.29,4550.6,4546.67,4550.2,968,43
2026.05.21 18:25:00,4550.21,4550.52,4546.98,4548.31,953,43
2026.05.21 18:30:00,4548.32,4549.37,4545.08,4546.44,924,43
2026.05.21 18:35:00,4546.43,4546.43,4542.47,4543.26,918,43
2026.05.21 18:40:00,4543.62,4546.98,4542.73,4545.16,950,43
2026.05.21 18:45:00,4545.14,4545.97,4535.75,4538.06,983,43
2026.05.21 18:50:00,4538.32,4541.54,4527.73,4527.73,1058,43
2026.05.21 18:55:00,4527.72,4531.94,4527.35,4531.84,1058,43
2026.05.21 19:00:00,4531.39,4537.19,4531.39,4535.73,993,43
2026.05.21 19:05:00,4535.75,4537.21,4529.77,4536.54,981,43
2026.05.21 19:10:00,4536.51,4537.73,4534.4,4537.69,951,43
2026.05.21 19:15:00,4537.66,4541.37,4537.65,4541.37,936,43
2026.05.21 19:20:00,4541.32,4542.02,4538.94,4539.39,891,43
2026.05.21 19:25:00,4539.34,4540.34,4537.62,4538.77,916,43
2026.05.21 19:30:00,4538.62,4540.6,4538.54,4539.08,857,43
2026.05.21 19:35:00,4539.21,4542.35,4539.09,4542.08,829,43
2026.05.21 19:40:00,4542.22,4543.18,4539.08,4539.25,825,43
2026.05.21 19:45:00,4539.23,4542.04,4538.93,4541.48,828,43
2026.05.21 19:50:00,4542.16,4543.03,4534.64,4536.29,918,43
2026.05.21 19:55:00,4536.06,4543.71,4535.47,4542.98,1006,43
2026.05.21 20:00:00,4543.44,4544.07,4541.09,4541.93,876,43
2026.05.21 20:05:00,4541.91,4544.65,4541.07,4541.21,739,43
2026.05.21 20:10:00,4541.23,4543.09,4541.06,4542.45,631,43
2026.05.21 20:15:00,4542.03,4542.11,4541.17,4541.62,556,43
2026.05.21 20:20:00,4541.7,4542.61,4540.47,4540.79,555,43
2026.05.21 20:25:00,4540.83,4541.33,4540.14,4541.21,475,43
2026.05.21 20:30:00,4541.23,4542.06,4540.3,4540.78,467,43
2026.05.21 20:35:00,4540.81,4541.81,4540.19,4541.45,375,52
2026.05.21 20:40:00,4541.35,4541.69,4540.23,4540.58,339,52
2026.05.21 20:45:00,4540.55,4541.11,4540.17,4540.41,374,51
2026.05.21 20:50:00,4539.99,4541.88,4539.67,4541.54,423,51
2026.05.21 20:55:00,4541.56,4542.6,4541.48,4542.54,262,48
2026.05.21 22:00:00,4541.81,4545.84,4541.35,4544.73,231,43
2026.05.21 22:05:00,4544.74,4544.81,4540.36,4540.45,549,43
2026.05.21 22:10:00,4540.42,4543.27,4539.75,4541.82,317,43
2026.05.21 22:15:00,4541.8,4543.16,4541.48,4542.42,416,43
2026.05.21 22:20:00,4542.44,4542.49,4541.48,4541.75,336,43
2026.05.21 22:25:00,4541.77,4541.81,4540.04,4541.1,447,43
2026.05.21 22:30:00,4541.38,4541.63,4540.54,4540.81,284,43
2026.05.21 22:35:00,4540.82,4541.51,4539.72,4540.26,303,43
2026.05.21 22:40:00,4540.32,4543.66,4540.21,4542.61,482,43
2026.05.21 22:45:00,4542.47,4543.21,4541.74,4542.09,326,43
2026.05.21 22:50:00,4542.08,4542.29,4540.91,4540.97,369,43
2026.05.21 22:55:00,4541.03,4543.36,4540.77,4543.3,408,43
2026.05.21 23:00:00,4543.22,4545.06,4543.01,4543.53,559,43
2026.05.21 23:05:00,4543.47,4543.85,4542.62,4543.2,357,43
2026.05.21 23:10:00,4543.19,4544.3,4542.87,4543.71,353,43
2026.05.21 23:15:00,4543.74,4544.37,4541.14,4541.52,430,43
2026.05.21 23:20:00,4541.49,4541.77,4538.16,4539.05,499,43
2026.05.21 23:25:00,4539.07,4541.08,4538.83,4540.45,382,43
2026.05.21 23:30:00,4540.4,4540.43,4536.73,4537.54,532,43
2026.05.21 23:35:00,4537.58,4537.91,4535.53,4537.57,475,43
2026.05.21 23:40:00,4537.55,4537.79,4532.56,4532.56,626,43
2026.05.21 23:45:00,4532.58,4535.91,4532.58,4535.82,781,43
2026.05.21 23:50:00,4535.81,4536.45,4532.46,4532.73,675,43
2026.05.21 23:55:00,4532.75,4535.91,4532.75,4535.35,603,43
2026.05.22 00:00:00,4535.64,4536.82,4530.81,4531.95,906,43
2026.05.22 00:05:00,4531.95,4534.35,4531.5,4533.53,901,43
2026.05.22 00:10:00,4533.5,4533.51,4531.32,4531.33,868,43
2026.05.22 00:15:00,4531.32,4534.08,4530.21,4532.17,849,43
2026.05.22 00:20:00,4532.16,4537.26,4531.86,4533.97,869,43
2026.05.22 00:25:00,4533.9,4536.4,4532.89,4536.2,735,43
2026.05.22 00:30:00,4536.2,4538.69,4535.74,4536.86,836,43
2026.05.22 00:35:00,4536.88,4540.96,4536.17,4540.06,828,43
2026.05.22 00:40:00,4540.02,4540.89,4537.28,4537.83,810,43
2026.05.22 00:45:00,4537.92,4538.75,4533.87,4534.53,713,43
2026.05.22 00:50:00,4534.53,4535.95,4527.42,4529.09,929,43
2026.05.22 00:55:00,4528.9,4530.58,4525.55,4526.69,875,43
2026.05.22 01:00:00,4526.66,4536.22,4526.12,4529.91,1137,43
2026.05.22 01:05:00,4529.89,4530.87,4523.23,4525.1,1203,43
2026.05.22 01:10:00,4525.18,4529.82,4524.44,4529.59,1035,43
2026.05.22 01:15:00,4529.35,4532.66,4528.37,4531.46,969,43
2026.05.22 01:20:00,4531.69,4533.31,4527.5,4528.06,994,43
2026.05.22 01:25:00,4528.06,4531.96,4526.22,4528.95,921,43
2026.05.22 01:30:00,4528.92,4529.63,4524.09,4525.53,955,43
2026.05.22 01:35:00,4524.86,4526.32,4521.96,4522.99,1011,43
2026.05.22 01:40:00,4523.0,4527.42,4521.01,4524.95,1051,43
2026.05.22 01:45:00,4524.97,4528.84,4524.63,4527.71,1168,43
2026.05.22 01:50:00,4527.72,4531.82,4526.65,4527.36,1105,43
2026.05.22 01:55:00,4527.26,4527.67,4525.04,4526.21,1019,43
2026.05.22 02:00:00,4526.16,4528.34,4524.73,4526.78,992,43
2026.05.22 02:05:00,4526.77,4526.93,4521.38,4525.8,1096,43
2026.05.22 02:10:00,4525.84,4529.28,4524.86,4527.52,808,43
2026.05.22 02:15:00,4527.94,4528.95,4523.74,4523.83,816,43
2026.05.22 02:20:00,4523.76,4525.79,4522.41,4524.11,826,43
2026.05.22 02:25:00,4524.25,4525.25,4523.35,4524.51,716,43
2026.05.22 02:30:00,4524.48,4524.48,4518.42,4519.88,1119,43
2026.05.22 02:35:00,4519.81,4522.43,4519.65,4521.8,816,43
2026.05.22 02:40:00,4521.72,4524.45,4521.32,4522.51,859,43
2026.05.22 02:45:00,4522.52,4524.97,4521.95,4524.9,807,43
2026.05.22 02:50:00,4524.9,4526.93,4521.84,4522.0,821,43
2026.05.22 02:55:00,4522.02,4523.08,4519.39,4522.97,947,43
2026.05.22 03:00:00,4522.95,4525.02,4521.39,4524.91,924,43
2026.05.22 03:05:00,4524.92,4525.0,4521.05,4522.18,850,43
2026.05.22 03:10:00,4522.19,4524.49,4520.55,4521.01,806,43
2026.05.22 03:15:00,4521.01,4522.67,4519.92,4521.54,778,43
2026.05.22 03:20:00,4521.48,4522.82,4519.9,4520.44,763,43
2026.05.22 03:25:00,4520.49,4522.15,4519.08,4521.64,778,43
2026.05.22 03:30:00,4521.73,4526.06,4521.63,4524.0,961,43
2026.05.22 03:35:00,4524.02,4525.84,4522.89,4524.66,554,43
2026.05.22 03:40:00,4524.57,4527.52,4523.48,4526.76,561,43
2026.05.22 03:45:00,4526.74,4529.82,4526.58,4529.19,658,43
2026.05.22 03:50:00,4528.97,4529.34,4526.29,4527.45,566,43
2026.05.22 03:55:00,4527.62,4529.5,4527.12,4529.39,517,43
2026.05.22 04:00:00,4529.46,4530.0,4528.16,4528.52,554,43
2026.05.22 04:05:00,4528.53,4530.11,4528.21,4528.43,619,43
2026.05.22 04:10:00,4528.41,4529.87,4527.73,4529.08,613,43
2026.05.22 04:15:00,4529.08,4529.93,4528.05,4528.15,568,43
2026.05.22 04:20:00,4528.14,4529.21,4527.51,4528.06,624,43
2026.05.22 04:25:00,4528.09,4532.83,4527.9,4532.04,718,43
2026.05.22 04:30:00,4532.01,4532.65,4529.57,4529.79,702,43
2026.05.22 04:35:00,4529.79,4530.1,4526.05,4526.34,654,43
2026.05.22 04:40:00,4526.31,4529.21,4525.37,4528.94,646,43
2026.05.22 04:45:00,4528.96,4529.25,4528.09,4528.25,519,43
2026.05.22 04:50:00,4528.27,4530.05,4528.11,4528.75,472,43
2026.05.22 04:55:00,4528.72,4529.3,4526.97,4527.18,539,43
2026.05.22 05:00:00,4527.11,4529.55,4523.67,4525.53,735,43
2026.05.22 05:05:00,4525.55,4527.63,4525.41,4526.54,562,43
2026.05.22 05:10:00,4526.51,4526.72,4525.0,4525.35,543,43
2026.05.22 05:15:00,4525.33,4526.21,4523.3,4526.06,602,43
2026.05.22 05:20:00,4526.03,4528.73,4525.6,4526.97,619,43
2026.05.22 05:25:00,4526.99,4528.97,4525.86,4526.01,706,43
2026.05.22 05:30:00,4525.85,4531.17,4525.16,4528.6,1083,43
2026.05.22 05:35:00,4528.61,4533.88,4528.11,4533.62,1053,43
2026.05.22 05:40:00,4533.64,4534.06,4531.31,4534.05,1118,43
2026.05.22 05:45:00,4534.07,4534.2,4530.99,4532.36,866,43
2026.05.22 05:50:00,4532.22,4534.04,4528.51,4528.72,865,43
2026.05.22 05:55:00,4528.7,4528.81,4507.34,4511.01,1170,43
2026.05.22 06:00:00,4511.11,4519.05,4510.15,4518.65,1084,43
2026.05.22 06:05:00,4518.67,4523.09,4518.23,4522.61,1003,43
2026.05.22 06:10:00,4522.45,4524.22,4521.21,4521.49,1134,43
2026.05.22 06:15:00,4521.41,4522.83,4516.35,4518.62,982,43
2026.05.22 06:20:00,4518.66,4525.38,4517.12,4522.58,1048,43
2026.05.22 06:25:00,4522.59,4525.95,4521.88,4525.18,937,43
2026.05.22 06:30:00,4525.14,4527.34,4523.08,4525.66,951,43
2026.05.22 06:35:00,4525.65,4526.99,4522.72,4522.94,891,43
2026.05.22 06:40:00,4523.01,4526.53,4521.56,4526.53,935,43
2026.05.22 06:45:00,4526.58,4528.78,4525.14,4527.13,945,43
2026.05.22 06:50:00,4527.11,4528.32,4523.82,4525.0,989,43
2026.05.22 06:55:00,4525.02,4527.62,4524.89,4526.78,876,43
2026.05.22 07:00:00,4526.52,4527.08,4522.9,4526.06,851,35
2026.05.22 07:05:00,4526.14,4526.53,4522.78,4525.35,891,35
2026.05.22 07:10:00,4525.33,4526.13,4521.4,4522.43,864,35
2026.05.22 07:15:00,4522.56,4525.52,4522.23,4524.93,828,35
2026.05.22 07:20:00,4524.95,4527.28,4524.49,4526.38,775,35
2026.05.22 07:25:00,4526.42,4527.33,4524.36,4525.8,850,35
2026.05.22 07:30:00,4525.84,4525.85,4521.33,4522.53,854,35
2026.05.22 07:35:00,4522.51,4523.37,4517.4,4517.41,824,35
2026.05.22 07:40:00,4517.29,4520.87,4516.12,4519.86,867,35
2026.05.22 07:45:00,4519.84,4520.29,4517.56,4518.52,822,35
2026.05.22 07:50:00,4518.53,4522.78,4517.81,4521.67,877,35
2026.05.22 07:55:00,4521.66,4523.23,4521.12,4521.88,751,35
2026.05.22 08:00:00,4522.11,4525.98,4521.54,4524.93,894,35
2026.05.22 08:05:00,4524.94,4527.43,4523.67,4526.84,826,35
2026.05.22 08:10:00,4526.96,4530.03,4524.32,4524.76,900,35
2026.05.22 08:15:00,4524.8,4528.62,4523.82,4528.06,883,35
2026.05.22 08:20:00,4528.04,4531.08,4525.83,4527.94,896,35
2026.05.22 08:25:00,4528.11,4528.79,4524.33,4526.83,847,35
2026.05.22 08:30:00,4526.91,4527.12,4518.56,4519.93,861,35
2026.05.22 08:35:00,4519.92,4523.97,4516.98,4521.85,1466,35
2026.05.22 08:40:00,4521.85,4522.95,4521.02,4522.4,1691,35
2026.05.22 08:45:00,4522.41,4524.1,4522.31,4522.59,1401,35
2026.05.22 08:50:00,4522.59,4524.87,4521.73,4523.92,1417,35
2026.05.22 08:55:00,4523.98,4524.0,4521.47,4521.8,948,35
2026.05.22 09:00:00,4521.69,4524.74,4520.51,4523.85,770,35
2026.05.22 09:05:00,4523.84,4525.47,4520.13,4522.07,839,35
2026.05.22 09:10:00,4522.09,4523.06,4517.19,4517.22,795,35
2026.05.22 09:15:00,4517.19,4519.39,4515.04,4518.55,922,35
2026.05.22 09:20:00,4518.5,4519.75,4518.02,4519.18,825,35
2026.05.22 09:25:00,4519.04,4520.49,4517.07,4517.74,828,35
2026.05.22 09:30:00,4517.65,4519.44,4514.79,4519.44,888,35
2026.05.22 09:35:00,4519.42,4524.44,4518.38,4524.41,778,35
2026.05.22 09:40:00,4524.32,4525.95,4522.82,4525.1,770,35
2026.05.22 09:45:00,4525.3,4528.76,4524.62,4528.47,794,35
2026.05.22 09:50:00,4528.49,4536.1,4528.49,4533.2,913,35
2026.05.22 09:55:00,4533.19,4535.29,4532.14,4532.14,832,35
2026.05.22 10:00:00,4532.37,4532.71,4529.58,4529.59,757,35
2026.05.22 10:05:00,4529.57,4536.68,4529.55,4535.49,880,35
2026.05.22 10:10:00,4535.45,4536.76,4533.66,4533.66,829,35
2026.05.22 10:15:00,4533.85,4534.15,4531.38,4531.38,783,35
2026.05.22 10:20:00,4531.35,4531.47,4527.77,4529.73,803,35
2026.05.22 10:25:00,4529.78,4530.39,4524.52,4524.77,814,35
2026.05.22 10:30:00,4524.72,4525.39,4518.69,4518.75,883,35
2026.05.22 10:35:00,4518.88,4520.6,4514.54,4518.09,1000,35
2026.05.22 10:40:00,4518.07,4518.21,4512.18,4512.44,965,35
2026.05.22 10:45:00,4512.42,4514.79,4510.28,4512.79,955,35
2026.05.22 10:50:00,4512.91,4514.95,4512.37,4512.42,881,35
2026.05.22 10:55:00,4512.44,4515.01,4511.9,4514.47,834,35
2026.05.22 11:00:00,4514.29,4516.47,4513.77,4516.15,819,35
2026.05.22 11:05:00,4516.23,4517.22,4515.39,4516.22,808,35
2026.05.22 11:10:00,4516.25,4516.34,4513.88,4515.91,902,35
2026.05.22 11:15:00,4515.9,4515.91,4511.84,4512.97,879,35
2026.05.22 11:20:00,4512.93,4513.73,4512.14,4512.46,732,35
2026.05.22 11:25:00,4512.47,4514.92,4511.8,4511.99,758,35
2026.05.22 11:30:00,4512.04,4517.38,4511.46,4517.18,870,35
2026.05.22 11:35:00,4517.16,4520.25,4516.63,4518.68,798,35
2026.05.22 11:40:00,4518.71,4522.92,4517.01,4521.63,880,35
2026.05.22 11:45:00,4521.81,4525.12,4521.06,4522.41,887,35
2026.05.22 11:50:00,4522.43,4523.94,4521.77,4523.08,806,35
2026.05.22 11:55:00,4523.11,4523.43,4519.96,4520.6,836,35
2026.05.22 12:00:00,4520.42,4522.14,4519.03,4521.53,867,35
2026.05.22 12:05:00,4521.28,4523.06,4519.12,4519.91,902,35
2026.05.22 12:10:00,4519.85,4530.0,4519.51,4529.25,1008,35
2026.05.22 12:15:00,4529.13,4535.74,4526.06,4533.16,1007,35
2026.05.22 12:20:00,4533.2,4534.09,4524.31,4527.25,978,35
2026.05.22 12:25:00,4527.27,4528.31,4520.97,4521.69,942,35
2026.05.22 12:30:00,4521.62,4523.53,4517.52,4518.06,968,35
2026.05.22 12:35:00,4517.97,4518.7,4515.0,4517.71,1017,35
2026.05.22 12:40:00,4517.75,4519.65,4516.17,4518.63,943,35
2026.05.22 12:45:00,4518.55,4519.86,4517.42,4518.6,943,35
2026.05.22 12:50:00,4518.57,4521.26,4518.32,4519.81,984,35
2026.05.22 12:55:00,4519.87,4528.24,4519.08,4528.16,993,35
2026.05.22 13:00:00,4528.5,4530.15,4520.75,4523.82,1044,35
2026.05.22 13:05:00,4523.81,4532.58,4522.63,4531.7,923,35
2026.05.22 13:10:00,4532.22,4534.18,4526.99,4528.13,998,35
2026.05.22 13:15:00,4528.36,4529.73,4525.75,4527.17,953,35
2026.05.22 13:20:00,4527.21,4528.3,4523.29,4523.36,924,35
2026.05.22 13:25:00,4523.87,4524.2,4521.37,4521.94,968,35
2026.05.22 13:30:00,4521.44,4527.05,4519.96,4522.67,1037,35
2026.05.22 13:35:00,4522.71,4524.17,4518.31,4519.68,993,35
2026.05.22 13:40:00,4519.75,4519.75,4511.19,4517.6,1033,35
2026.05.22 13:45:00,4517.39,4518.9,4510.33,4510.84,1021,35
2026.05.22 13:50:00,4510.98,4517.63,4510.28,4517.04,1028,35
2026.05.22 13:55:00,4516.87,4516.87,4511.63,4513.68,967,35
2026.05.22 14:00:00,4513.44,4513.44,4503.1,4507.63,1101,35
2026.05.22 14:05:00,4507.83,4510.67,4504.61,4509.97,1055,35
2026.05.22 14:10:00,4510.04,4511.03,4492.9,4497.53,1055,35
2026.05.22 14:15:00,4497.19,4500.51,4492.71,4497.84,1109,35
2026.05.22 14:20:00,4497.97,4499.5,4491.93,4494.53,1072,35
2026.05.22 14:25:00,4494.5,4499.86,4491.75,4498.97,1034,35
2026.05.22 14:30:00,4499.24,4502.26,4497.22,4500.87,970,35
2026.05.22 14:35:00,4500.89,4504.13,4498.34,4500.34,1006,35
2026.05.22 14:40:00,4500.33,4505.95,4500.28,4504.42,932,35
2026.05.22 14:45:00,4504.14,4507.22,4504.1,4504.36,916,35
2026.05.22 14:50:00,4504.0,4504.6,4501.45,4503.69,895,35
2026.05.22 14:55:00,4503.61,4503.81,4500.35,4500.51,870,35
2026.05.22 15:00:00,4500.56,4505.84,4500.21,4505.64,910,35
2026.05.22 15:05:00,4505.57,4511.1,4505.31,4511.1,895,35
2026.05.22 15:10:00,4510.96,4511.89,4509.62,4511.12,948,35
2026.05.22 15:15:00,4511.23,4516.41,4511.0,4515.79,893,35
2026.05.22 15:20:00,4515.78,4515.84,4513.54,4514.32,895,35
2026.05.22 15:25:00,4514.33,4519.3,4513.47,4519.3,978,35
2026.05.22 15:30:00,4519.34,4522.29,4518.53,4519.23,937,35
2026.05.22 15:35:00,4518.91,4521.74,4518.36,4520.66,920,35
2026.05.22 15:40:00,4520.64,4521.24,4517.27,4518.16,951,35
2026.05.22 15:45:00,4518.22,4519.68,4514.62,4514.78,974,35
2026.05.22 15:50:00,4515.22,4518.06,4514.73,4516.86,891,35
2026.05.22 15:55:00,4517.03,4521.87,4516.95,4520.05,1066,35
2026.05.22 16:00:00,4519.97,4520.34,4516.93,4518.96,934,35
2026.05.22 16:05:00,4518.92,4519.62,4516.88,4517.83,851,35
2026.05.22 16:10:00,4517.78,4519.9,4517.5,4519.51,806,35
2026.05.22 16:15:00,4519.16,4519.26,4516.94,4517.06,831,35
2026.05.22 16:20:00,4517.07,4520.65,4516.87,4520.19,920,35
2026.05.22 16:25:00,4520.28,4524.17,4520.13,4523.66,876,35
2026.05.22 16:30:00,4523.67,4526.74,4521.68,4522.16,968,35
2026.05.22 16:35:00,4522.14,4522.77,4518.77,4519.53,966,35
2026.05.22 16:40:00,4519.5,4519.56,4513.83,4514.92,956,35
2026.05.22 16:45:00,4514.86,4517.98,4513.42,4513.57,1051,35
2026.05.22 16:50:00,4513.64,4514.71,4512.45,4513.95,989,35
2026.05.22 16:55:00,4513.94,4515.06,4512.3,4514.86,909,35
2026.05.22 17:00:00,4514.93,4519.12,4514.73,4518.63,991,35
2026.05.22 17:05:00,4518.62,4520.12,4517.73,4519.88,895,43
2026.05.22 17:10:00,4520.0,4520.89,4518.86,4519.23,930,43
2026.05.22 17:15:00,4519.02,4520.04,4514.64,4514.89,922,43
2026.05.22 17:20:00,4514.52,4516.7,4512.96,4514.69,977,43
2026.05.22 17:25:00,4515.73,4525.79,4515.46,4525.26,1001,43
2026.05.22 17:30:00,4525.32,4527.81,4519.9,4519.9,1017,43
2026.05.22 17:35:00,4519.92,4523.87,4519.25,4523.39,896,43
2026.05.22 17:40:00,4523.42,4524.31,4522.11,4522.12,858,43
2026.05.22 17:45:00,4522.1,4522.73,4520.73,4521.29,919,43
2026.05.22 17:50:00,4521.21,4521.96,4518.96,4519.59,943,43
2026.05.22 17:55:00,4519.57,4521.42,4518.51,4519.15,926,43
2026.05.22 18:00:00,4519.18,4519.35,4511.89,4515.43,951,43
2026.05.22 18:05:00,4515.59,4517.12,4513.96,4515.4,888,43
2026.05.22 18:10:00,4515.41,4515.42,4512.64,4513.73,857,43
2026.05.22 18:15:00,4513.72,4516.08,4512.44,4514.95,883,43
2026.05.22 18:20:00,4514.96,4517.55,4514.81,4516.5,903,35
2026.05.22 18:25:00,4516.51,4517.6,4515.2,4515.27,1202,35
2026.05.22 18:30:00,4515.27,4516.95,4513.77,4516.86,1041,35
2026.05.22 18:35:00,4516.86,4520.09,4514.62,4518.17,1215,35
2026.05.22 18:40:00,4518.16,4518.51,4514.66,4515.11,1266,35
2026.05.22 18:45:00,4515.09,4515.9,4512.82,4513.03,1142,35
2026.05.22 18:50:00,4513.04,4515.73,4512.8,4515.25,1028,35
2026.05.22 18:55:00,4515.25,4515.7,4513.06,4515.05,1153,35
2026.05.22 19:00:00,4515.05,4515.75,4509.32,4510.56,1700,35
2026.05.22 19:05:00,4510.56,4510.96,4507.85,4508.53,1467,35
2026.05.22 19:10:00,4508.51,4509.55,4506.92,4507.2,1273,35
2026.05.22 19:15:00,4507.2,4508.98,4506.93,4508.77,1257,35
2026.05.22 19:20:00,4508.78,4508.86,4507.06,4507.69,1001,35
2026.05.22 19:25:00,4507.69,4508.47,4506.23,4507.03,1011,35
2026.05.22 19:30:00,4506.96,4508.17,4504.14,4507.87,1052,35
2026.05.22 19:35:00,4507.86,4509.64,4507.17,4509.22,1074,35
2026.05.22 19:40:00,4509.17,4510.68,4508.64,4509.54,1186,35
2026.05.22 19:45:00,4509.55,4509.83,4506.83,4507.41,1052,35
2026.05.22 19:50:00,4507.41,4508.1,4506.55,4507.56,1083,35
2026.05.22 19:55:00,4507.63,4509.12,4507.15,4508.19,1269,35
2026.05.22 20:00:00,4508.19,4508.72,4504.69,4506.15,968,35
2026.05.22 20:05:00,4506.08,4507.13,4505.18,4506.96,487,43
2026.05.22 20:10:00,4506.96,4508.07,4506.22,4507.84,491,43
2026.05.22 20:15:00,4507.86,4509.29,4506.73,4508.91,545,43
2026.05.22 20:20:00,4508.82,4510.22,4508.68,4509.49,542,43
2026.05.22 20:25:00,4509.52,4510.34,4508.36,4510.14,443,35
2026.05.22 20:30:00,4510.14,4510.39,4505.83,4506.89,862,35
2026.05.22 20:35:00,4506.88,4507.33,4505.72,4506.55,598,43
2026.05.22 20:40:00,4506.36,4506.58,4504.36,4504.57,730,43
2026.05.22 20:45:00,4504.52,4508.29,4504.03,4506.83,736,43
2026.05.22 20:50:00,4506.74,4507.06,4504.89,4506.9,670,43
2026.05.22 20:55:00,4506.91,4509.65,4506.51,4509.2,444,42
2026.05.24 22:00:00,4543.03,4552.67,4541.42,4551.31,813,35
2026.05.24 22:05:00,4551.31,4557.14,4550.03,4554.59,2069,35
2026.05.24 22:10:00,4554.64,4557.8,4552.07,4555.2,1678,35
2026.05.24 22:15:00,4555.2,4556.39,4548.8,4552.21,1889,35
2026.05.24 22:20:00,4552.21,4555.57,4551.86,4554.33,1284,35
2026.05.24 22:25:00,4554.33,4555.22,4551.24,4551.94,1267,35
2026.05.24 22:30:00,4551.85,4560.75,4551.5,4558.71,1565,35
2026.05.24 22:35:00,4558.71,4559.22,4556.92,4557.95,1097,35
2026.05.24 22:40:00,4557.94,4558.37,4556.53,4558.2,862,35
2026.05.24 22:45:00,4558.31,4565.37,4557.9,4565.07,1515,35
2026.05.24 22:50:00,4565.07,4565.22,4561.99,4562.14,1242,35
2026.05.24 22:55:00,4562.12,4565.39,4561.6,4564.88,864,35
2026.05.24 23:00:00,4564.88,4568.63,4564.88,4568.25,1476,35
2026.05.24 23:05:00,4568.25,4573.91,4567.69,4572.64,1378,35
2026.05.24 23:10:00,4572.64,4576.37,4572.64,4574.39,1218,35
2026.05.24 23:15:00,4574.4,4577.44,4573.49,4574.12,1111,35
2026.05.24 23:20:00,4574.12,4578.26,4573.98,4576.82,922,35
2026.05.24 23:25:00,4576.83,4578.12,4573.67,4574.88,1119,35
2026.05.24 23:30:00,4574.88,4578.71,4574.81,4578.01,1196,35
2026.05.24 23:35:00,4578.02,4579.24,4577.6,4578.77,1101,35
2026.05.24 23:40:00,4578.75,4579.62,4576.91,4577.25,991,35
2026.05.24 23:45:00,4577.25,4578.26,4575.3,4576.9,1271,35
2026.05.24 23:50:00,4576.89,4576.89,4573.9,4574.86,1133,35
2026.05.24 23:55:00,4574.88,4574.96,4565.9,4567.05,1654,35
2026.05.25 00:00:00,4567.05,4571.36,4566.18,4568.7,1748,35
2026.05.25 00:05:00,4568.7,4574.21,4568.17,4572.89,1528,35
2026.05.25 00:10:00,4572.91,4575.86,4570.41,4572.58,1896,35
2026.05.25 00:15:00,4572.61,4573.4,4569.93,4571.36,1369,35
2026.05.25 00:20:00,4571.36,4574.45,4569.86,4574.41,1322,35
2026.05.25 00:25:00,4574.41,4575.39,4570.09,4572.2,1355,35
2026.05.25 00:30:00,4572.19,4574.84,4571.7,4573.71,1278,35
2026.05.25 00:35:00,4573.77,4575.53,4572.21,4574.87,1095,35
2026.05.25 00:40:00,4574.86,4574.86,4570.77,4571.42,1242,35
2026.05.25 00:45:00,4571.42,4579.53,4570.93,4576.57,1325,35
2026.05.25 00:50:00,4576.57,4577.51,4571.47,4573.36,1610,35
2026.05.25 00:55:00,4573.36,4574.28,4566.08,4569.22,1807,35
2026.05.25 01:00:00,4569.29,4576.12,4566.89,4568.2,2601,35
2026.05.25 01:05:00,4568.2,4569.8,4560.37,4561.85,2456,35
2026.05.25 01:10:00,4561.87,4566.6,4561.49,4565.55,2075,35
2026.05.25 01:15:00,4565.56,4566.31,4562.3,4566.19,1970,35
2026.05.25 01:20:00,4566.19,4572.89,4565.42,4571.26,1669,35
2026.05.25 01:25:00,4571.26,4575.38,4568.79,4573.36,1893,35
2026.05.25 01:30:00,4573.34,4574.71,4568.68,4568.8,1694,35
2026.05.25 01:35:00,4568.8,4571.76,4568.77,4570.36,1640,35
2026.05.25 01:40:00,4570.39,4570.96,4563.25,4563.41,1554,35
2026.05.25 01:45:00,4563.43,4564.67,4560.12,4563.6,2004,35
2026.05.25 01:50:00,4563.6,4567.18,4561.32,4566.31,1577,35
2026.05.25 01:55:00,4566.3,4566.91,4560.9,4562.71,1525,35
2026.05.25 02:00:00,4562.71,4565.31,4561.27,4562.47,1521,35
2026.05.25 02:05:00,4562.47,4568.17,4562.26,4567.61,1712,35
2026.05.25 02:10:00,4567.58,4567.93,4561.2,4562.1,1569,35
2026.05.25 02:15:00,4562.09,4562.41,4558.78,4561.57,1496,35
2026.05.25 02:20:00,4561.67,4563.29,4559.57,4562.57,1106,35
2026.05.25 02:25:00,4562.58,4563.0,4559.71,4562.8,1036,35
2026.05.25 02:30:00,4562.79,4565.42,4561.59,4563.56,1603,35
2026.05.25 02:35:00,4563.56,4565.59,4561.84,4565.24,1467,35
2026.05.25 02:40:00,4565.24,4569.37,4564.3,4569.35,1422,35
2026.05.25 02:45:00,4569.39,4570.08,4562.25,4563.2,1534,35
2026.05.25 02:50:00,4563.18,4564.82,4561.92,4561.92,1182,35
2026.05.25 02:55:00,4561.87,4562.78,4559.45,4561.27,1439,35
2026.05.25 03:00:00,4561.27,4564.33,4560.91,4563.06,1430,35
2026.05.25 03:05:00,4563.06,4563.37,4560.3,4562.9,1242,35
2026.05.25 03:10:00,4562.9,4563.49,4561.5,4563.04,1042,35
2026.05.25 03:15:00,4563.09,4563.35,4561.67,4562.03,1053,35
2026.05.25 03:20:00,4562.03,4564.38,4561.38,4561.43,1128,35
2026.05.25 03:25:00,4561.43,4561.97,4560.07,4560.55,1063,35
2026.05.25 03:30:00,4560.65,4562.42,4559.43,4561.4,959,35
2026.05.25 03:35:00,4561.39,4564.04,4561.34,4562.72,1142,35
2026.05.25 03:40:00,4562.72,4562.75,4558.04,4558.46,857,35
2026.05.25 03:45:00,4558.44,4559.1,4556.94,4558.52,703,43
2026.05.25 03:50:00,4558.51,4560.05,4556.53,4559.71,708,43
2026.05.25 03:55:00,4559.79,4561.16,4559.3,4559.61,704,43
2026.05.25 04:00:00,4559.62,4561.96,4559.3,4561.16,612,43
2026.05.25 04:05:00,4561.13,4562.02,4560.6,4561.61,555,43
2026.05.25 04:10:00,4561.59,4562.53,4559.93,4560.91,563,43
2026.05.25 04:15:00,4560.68,4561.9,4559.94,4561.01,537,43
2026.05.25 04:20:00,4561.03,4564.46,4561.03,4563.93,647,43
2026.05.25 04:25:00,4563.92,4565.68,4563.88,4565.07,604,43
2026.05.25 04:30:00,4565.08,4565.42,4560.04,4560.61,940,43
2026.05.25 04:35:00,4560.62,4562.42,4559.54,4561.92,547,43
2026.05.25 04:40:00,4561.96,4562.93,4560.62,4562.21,463,43
2026.05.25 04:45:00,4562.26,4564.29,4562.14,4563.77,378,43
2026.05.25 04:50:00,4563.7,4565.28,4563.23,4564.13,395,43
2026.05.25 04:55:00,4564.17,4565.61,4564.1,4564.74,542,43
2026.05.25 05:00:00,4564.74,4565.87,4562.95,4565.52,544,43
2026.05.25 05:05:00,4565.47,4565.86,4564.26,4564.43,423,43
2026.05.25 05:10:00,4564.46,4565.09,4562.88,4563.53,524,43
2026.05.25 05:15:00,4563.43,4563.6,4562.39,4562.83,485,43
2026.05.25 05:20:00,4562.81,4562.91,4556.35,4556.49,721,43
2026.05.25 05:25:00,4556.47,4556.98,4553.96,4554.09,736,43
2026.05.25 05:30:00,4554.11,4559.46,4552.64,4557.51,1141,43
2026.05.25 05:35:00,4557.54,4560.63,4557.46,4559.82,840,43
2026.05.25 05:40:00,4559.87,4560.84,4555.24,4556.85,829,43
2026.05.25 05:45:00,4556.81,4557.77,4554.37,4554.67,865,43
2026.05.25 05:50:00,4554.69,4555.07,4551.83,4553.79,910,43
2026.05.25 05:55:00,4553.83,4555.3,4552.76,4553.25,821,43
2026.05.25 06:00:00,4553.13,4555.71,4552.36,4552.97,1006,43
2026.05.25 06:05:00,4552.99,4553.61,4550.33,4552.04,1008,43
2026.05.25 06:10:00,4552.06,4554.18,4551.44,4553.76,908,43
2026.05.25 06:15:00,4553.73,4555.23,4552.43,4554.35,988,43
2026.05.25 06:20:00,4554.33,4556.63,4552.09,4556.27,937,43
2026.05.25 06:25:00,4556.27,4557.13,4553.82,4554.09,1001,43
2026.05.25 06:30:00,4554.1,4556.01,4553.45,4554.98,855,43
2026.05.25 06:35:00,4554.97,4557.27,4554.57,4555.26,838,43
2026.05.25 06:40:00,4555.27,4557.16,4555.04,4556.26,877,43
2026.05.25 06:45:00,4556.18,4559.14,4555.98,4557.6,948,43
2026.05.25 06:50:00,4557.63,4559.11,4556.3,4558.51,1037,43
2026.05.25 06:55:00,4558.41,4563.12,4558.37,4562.35,990,43
2026.05.25 07:00:00,4562.58,4564.71,4561.06,4563.98,801,35
2026.05.25 07:05:00,4564.0,4564.37,4561.38,4562.07,884,35
2026.05.25 07:10:00,4561.89,4564.33,4560.68,4560.74,948,35
2026.05.25 07:15:00,4560.71,4561.13,4553.23,4555.42,916,35
2026.05.25 07:20:00,4555.44,4556.18,4552.54,4555.68,913,35
2026.05.25 07:25:00,4555.75,4556.98,4553.99,4554.41,912,35
2026.05.25 07:30:00,4554.42,4561.75,4554.16,4559.07,854,35
2026.05.25 07:35:00,4559.1,4559.86,4557.25,4558.82,772,35
2026.05.25 07:40:00,4558.79,4560.97,4558.52,4559.84,730,35
2026.05.25 07:45:00,4559.82,4562.16,4558.63,4562.14,699,35
2026.05.25 07:50:00,4562.13,4565.02,4561.67,4563.81,725,35
2026.05.25 07:55:00,4563.77,4565.05,4563.32,4564.72,787,35
2026.05.25 08:00:00,4564.71,4564.93,4562.51,4562.65,800,35
2026.05.25 08:05:00,4562.64,4563.1,4559.77,4561.39,708,35
2026.05.25 08:10:00,4561.42,4561.98,4559.75,4561.02,594,35
2026.05.25 08:15:00,4561.04,4561.31,4559.45,4560.65,545,35
2026.05.25 08:20:00,4560.93,4561.05,4555.14,4555.19,766,35
2026.05.25 08:25:00,4555.21,4556.09,4553.72,4554.87,882,35
2026.05.25 08:30:00,4555.1,4557.88,4554.16,4556.81,701,35
2026.05.25 08:35:00,4556.97,4557.96,4554.89,4556.01,747,35
2026.05.25 08:40:00,4555.99,4556.41,4553.41,4554.53,686,35
2026.05.25 08:45:00,4554.54,4555.24,4553.35,4554.46,645,35
2026.05.25 08:50:00,4554.47,4556.35,4554.19,4555.93,612,35
2026.05.25 08:55:00,4555.94,4556.53,4555.52,4556.07,501,35
2026.05.25 09:00:00,4556.06,4558.66,4555.47,4557.16,569,35
2026.05.25 09:05:00,4557.15,4557.25,4554.96,4555.02,606,35
2026.05.25 09:10:00,4555.07,4557.2,4554.96,4555.4,596,35
2026.05.25 09:15:00,4555.38,4557.42,4555.38,4556.38,488,35
2026.05.25 09:20:00,4556.33,4556.52,4555.44,4556.42,516,35
2026.05.25 09:25:00,4556.44,4558.9,4556.36,4558.8,564,35
2026.05.25 09:30:00,4558.79,4565.06,4558.31,4565.03,848,35
2026.05.25 09:35:00,4565.01,4565.61,4562.96,4564.68,935,35
2026.05.25 09:40:00,4564.66,4565.99,4563.62,4565.69,679,35
2026.05.25 09:45:00,4565.68,4566.72,4564.51,4566.37,690,35
2026.05.25 09:50:00,4566.38,4568.47,4566.14,4567.16,697,35
2026.05.25 09:55:00,4567.1,4569.05,4566.77,4567.56,810,35
2026.05.25 10:00:00,4567.61,4569.79,4567.54,4568.97,745,35
2026.05.25 10:05:00,4568.96,4570.91,4568.88,4570.9,760,35
2026.05.25 10:10:00,4570.89,4572.44,4569.9,4571.87,931,35
2026.05.25 10:15:00,4571.86,4573.66,4571.19,4572.71,795,35
2026.05.25 10:20:00,4572.68,4572.75,4570.96,4572.23,740,35
2026.05.25 10:25:00,4572.24,4572.28,4569.83,4570.89,797,35
2026.05.25 10:30:00,4570.92,4573.1,4570.03,4572.51,668,35
2026.05.25 10:35:00,4572.52,4572.57,4570.58,4570.74,724,35
2026.05.25 10:40:00,4570.76,4570.92,4568.45,4569.98,848,35
2026.05.25 10:45:00,4570.03,4572.27,4570.03,4570.3,549,35
2026.05.25 10:50:00,4570.43,4570.43,4569.29,4569.91,494,35
2026.05.25 10:55:00,4569.89,4570.22,4568.44,4568.57,596,35
2026.05.25 11:00:00,4568.72,4568.74,4567.85,4568.46,479,35
2026.05.25 11:05:00,4568.47,4568.6,4567.55,4568.23,508,35
2026.05.25 11:10:00,4568.27,4572.39,4568.21,4572.04,586,35
2026.05.25 11:15:00,4572.02,4575.17,4571.73,4574.88,852,35
2026.05.25 11:20:00,4574.92,4575.06,4571.74,4571.81,695,35
2026.05.25 11:25:00,4571.8,4571.8,4569.47,4571.58,703,35
2026.05.25 11:30:00,4571.58,4574.23,4571.51,4573.26,829,35
2026.05.25 11:35:00,4573.08,4576.11,4572.71,4575.87,735,35
2026.05.25 11:40:00,4575.86,4576.09,4573.84,4574.46,780,35
2026.05.25 11:45:00,4574.47,4576.9,4571.1,4571.1,803,35
2026.05.25 11:50:00,4571.11,4571.85,4570.29,4570.57,660,35
2026.05.25 11:55:00,4570.58,4571.08,4569.37,4569.46,760,35
2026.05.25 12:00:00,4569.32,4569.49,4563.7,4564.41,992,35
2026.05.25 12:05:00,4564.37,4564.54,4557.17,4560.22,1137,35
2026.05.25 12:10:00,4560.19,4561.31,4556.04,4556.27,1059,35
2026.05.25 12:15:00,4556.21,4557.04,4553.74,4554.04,920,35
2026.05.25 12:20:00,4554.02,4556.66,4552.8,4556.35,951,35
2026.05.25 12:25:00,4556.25,4560.89,4556.03,4560.31,791,35
2026.05.25 12:30:00,4560.32,4564.17,4559.84,4564.15,828,35
2026.05.25 12:35:00,4564.17,4570.1,4563.16,4568.78,1040,35
2026.05.25 12:40:00,4568.79,4569.2,4566.29,4566.44,972,35
2026.05.25 12:45:00,4566.43,4568.0,4564.26,4566.18,867,35
2026.05.25 12:50:00,4566.17,4567.27,4565.87,4566.79,780,35
2026.05.25 12:55:00,4566.78,4568.71,4566.56,4567.62,864,35
2026.05.25 13:00:00,4567.56,4567.71,4561.58,4564.6,1209,35
2026.05.25 13:05:00,4564.61,4571.13,4564.49,4568.4,1094,35
2026.05.25 13:10:00,4568.32,4568.51,4562.62,4564.31,1142,35
2026.05.25 13:15:00,4564.33,4564.33,4560.5,4562.15,979,35
2026.05.25 13:20:00,4562.16,4564.54,4561.72,4563.44,937,35
2026.05.25 13:25:00,4563.46,4563.76,4560.83,4561.78,925,35
2026.05.25 13:30:00,4561.58,4564.3,4561.43,4564.13,957,35
2026.05.25 13:35:00,4564.14,4565.5,4562.95,4564.14,957,35
2026.05.25 13:40:00,4564.17,4565.45,4563.65,4564.98,925,35
2026.05.25 13:45:00,4564.96,4565.25,4560.19,4561.47,910,35
2026.05.25 13:50:00,4561.46,4563.39,4560.6,4563.28,890,35
2026.05.25 13:55:00,4563.31,4564.9,4563.01,4563.08,1004,35
2026.05.25 14:00:00,4563.04,4567.28,4562.35,4567.0,985,35
2026.05.25 14:05:00,4567.02,4569.84,4567.02,4569.48,927,35
2026.05.25 14:10:00,4569.38,4569.85,4566.89,4567.61,874,35
2026.05.25 14:15:00,4567.56,4568.86,4567.33,4568.27,780,35
2026.05.25 14:20:00,4568.29,4570.1,4567.57,4570.03,803,35
2026.05.25 14:25:00,4570.18,4570.46,4567.29,4567.81,923,35
2026.05.25 14:30:00,4567.83,4568.25,4565.03,4567.79,981,35
2026.05.25 14:35:00,4567.78,4568.27,4566.29,4567.53,765,35
2026.05.25 14:40:00,4567.58,4568.44,4566.43,4566.95,789,35
2026.05.25 14:45:00,4566.96,4568.36,4566.23,4568.11,886,35
2026.05.25 14:50:00,4568.26,4568.89,4565.74,4565.77,830,35
2026.05.25 14:55:00,4565.78,4566.96,4565.31,4566.75,860,35
2026.05.25 15:00:00,4566.64,4569.12,4566.57,4568.09,874,35
2026.05.25 15:05:00,4568.1,4568.1,4565.57,4566.6,816,35
2026.05.25 15:10:00,4566.58,4573.39,4566.01,4570.06,930,35
2026.05.25 15:15:00,4570.04,4570.75,4567.91,4570.38,868,35
2026.05.25 15:20:00,4570.35,4573.36,4570.2,4572.9,879,35
2026.05.25 15:25:00,4572.81,4574.67,4571.56,4573.27,899,35
2026.05.25 15:30:00,4573.33,4573.36,4569.86,4570.94,724,35
2026.05.25 15:35:00,4571.0,4571.05,4566.66,4568.64,814,35
2026.05.25 15:40:00,4568.68,4569.49,4567.76,4568.95,688,35
2026.05.25 15:45:00,4568.93,4570.54,4568.72,4570.29,634,35
2026.05.25 15:50:00,4570.28,4572.35,4570.2,4571.9,592,35
2026.05.25 15:55:00,4571.87,4572.69,4570.62,4570.82,505,35
2026.05.25 16:00:00,4570.87,4570.95,4568.56,4569.3,701,35
2026.05.25 16:05:00,4569.31,4569.98,4568.87,4569.31,529,35
2026.05.25 16:10:00,4569.32,4570.67,4569.25,4570.51,498,35
2026.05.25 16:15:00,4570.52,4570.55,4568.68,4568.77,504,35
2026.05.25 16:20:00,4568.79,4570.28,4568.72,4569.62,463,35
2026.05.25 16:25:00,4569.64,4570.21,4568.06,4568.16,481,35
2026.05.25 16:30:00,4568.14,4569.99,4567.92,4569.98,697,35
2026.05.25 16:35:00,4569.96,4571.02,4569.65,4570.95,572,35
2026.05.25 16:40:00,4570.94,4572.33,4570.42,4572.08,693,35
2026.05.25 16:45:00,4572.09,4573.29,4571.75,4572.9,610,35
2026.05.25 16:50:00,4572.89,4574.57,4570.82,4570.89,724,35
2026.05.25 16:55:00,4571.08,4573.52,4570.97,4573.52,644,35
2026.05.25 17:00:00,4573.33,4576.47,4573.31,4575.65,751,35
2026.05.25 17:05:00,4575.44,4576.11,4574.35,4575.93,586,43
2026.05.25 17:10:00,4575.94,4577.72,4573.72,4574.05,875,43
2026.05.25 17:15:00,4574.04,4574.47,4573.52,4573.81,585,43
2026.05.25 17:20:00,4573.79,4573.79,4571.17,4571.34,549,43
2026.05.25 17:25:00,4571.46,4571.53,4570.29,4571.33,448,43
2026.05.25 17:30:00,4571.26,4571.39,4569.73,4569.73,391,43
2026.05.25 17:35:00,4569.54,4569.85,4567.73,4567.79,406,43
2026.05.25 17:40:00,4567.77,4568.03,4566.32,4566.73,585,43
2026.05.25 17:45:00,4566.72,4566.72,4563.34,4565.03,788,43
2026.05.25 17:50:00,4565.17,4565.23,4563.6,4564.47,419,43
2026.05.25 17:55:00,4564.46,4565.61,4563.92,4565.0,403,43
2026.05.25 18:00:00,4564.98,4569.02,4564.31,4568.99,526,43
2026.05.25 18:05:00,4568.97,4571.31,4567.98,4570.09,475,43
2026.05.25 18:10:00,4570.12,4570.56,4568.01,4569.0,446,43
2026.05.25 18:15:00,4569.01,4570.07,4568.75,4568.75,386,43
2026.05.25 18:20:00,4568.76,4570.57,4567.25,4567.58,326,43
2026.05.25 18:25:00,4567.46,4570.51,4567.28,4570.49,371,43
2026.05.25 22:00:00,4572.26,4572.84,4570.48,4571.04,254,43
2026.05.25 22:05:00,4571.03,4572.88,4570.65,4572.51,492,43
2026.05.25 22:10:00,4572.54,4574.06,4572.09,4573.31,473,43
2026.05.25 22:15:00,4573.32,4575.28,4573.13,4573.78,503,43
2026.05.25 22:20:00,4573.78,4575.12,4572.87,4575.03,536,43
2026.05.25 22:25:00,4575.04,4575.37,4572.76,4573.06,444,43
2026.05.25 22:30:00,4573.07,4573.14,4570.9,4570.97,562,43
2026.05.25 22:35:00,4570.93,4573.33,4569.52,4572.68,591,43
2026.05.25 22:40:00,4572.72,4575.05,4571.64,4573.91,629,43
2026.05.25 22:45:00,4573.9,4575.12,4573.38,4573.81,495,43
2026.05.25 22:50:00,4573.84,4576.19,4573.83,4576.09,425,43
2026.05.25 22:55:00,4576.1,4576.52,4574.04,4574.77,671,43
2026.05.25 23:00:00,4574.79,4576.62,4573.81,4574.04,681,43
2026.05.25 23:05:00,4574.03,4576.62,4573.64,4576.14,503,43
2026.05.25 23:10:00,4576.14,4579.03,4575.39,4579.01,621,43
2026.05.25 23:15:00,4578.98,4580.53,4576.94,4577.28,528,43
2026.05.25 23:20:00,4577.35,4577.91,4572.76,4573.89,730,43
2026.05.25 23:25:00,4573.82,4573.9,4567.06,4568.0,727,43
2026.05.25 23:30:00,4568.18,4568.42,4560.24,4560.58,925,43
2026.05.25 23:35:00,4560.39,4562.27,4555.08,4561.49,1143,43
2026.05.25 23:40:00,4561.5,4562.16,4555.0,4556.38,871,43
2026.05.25 23:45:00,4556.49,4561.0,4556.49,4559.25,872,43
2026.05.25 23:50:00,4559.27,4562.75,4558.47,4562.68,709,43
2026.05.25 23:55:00,4562.18,4562.66,4559.08,4559.5,729,43
2026.05.26 00:00:00,4559.85,4559.85,4549.0,4550.47,1022,43
2026.05.26 00:05:00,4550.42,4552.39,4548.73,4549.47,1050,43
2026.05.26 00:10:00,4549.48,4553.04,4548.4,4552.1,1079,43
2026.05.26 00:15:00,4552.22,4553.25,4541.35,4545.78,992,43
2026.05.26 00:20:00,4545.75,4546.8,4541.34,4544.62,1026,43
2026.05.26 00:25:00,4544.62,4550.13,4544.1,4549.16,924,43
2026.05.26 00:30:00,4549.25,4552.88,4549.18,4551.86,867,43
2026.05.26 00:35:00,4551.86,4552.2,4546.16,4547.07,867,43
2026.05.26 00:40:00,4547.13,4549.54,4543.52,4548.11,978,43
2026.05.26 00:45:00,4547.95,4551.55,4544.72,4544.86,914,43
2026.05.26 00:50:00,4544.85,4546.16,4539.51,4542.12,1005,43
2026.05.26 00:55:00,4542.15,4550.06,4542.15,4549.49,971,43
2026.05.26 01:00:00,4549.51,4549.8,4542.3,4542.58,1104,43
2026.05.26 01:05:00,4542.66,4547.08,4542.35,4545.46,1090,43
2026.05.26 01:10:00,4545.75,4549.13,4545.65,4548.52,964,43
2026.05.26 01:15:00,4548.41,4548.98,4545.47,4546.71,902,43
2026.05.26 01:20:00,4546.71,4547.92,4541.61,4543.83,913,43
2026.05.26 01:25:00,4543.77,4546.25,4542.86,4543.62,976,43
2026.05.26 01:30:00,4543.61,4544.06,4537.05,4538.77,1042,43
2026.05.26 01:35:00,4538.75,4539.11,4527.49,4529.5,1058,43
2026.05.26 01:40:00,4529.69,4532.73,4527.92,4532.1,1060,43
2026.05.26 01:45:00,4532.17,4535.04,4531.28,4533.11,928,43
2026.05.26 01:50:00,4533.2,4536.13,4531.4,4534.99,988,43
2026.05.26 01:55:00,4534.82,4537.23,4534.5,4536.88,933,43
2026.05.26 02:00:00,4536.86,4538.05,4535.34,4536.39,833,43
2026.05.26 02:05:00,4536.31,4538.85,4535.35,4538.43,900,43
2026.05.26 02:10:00,4538.55,4539.45,4537.09,4538.37,774,43
2026.05.26 02:15:00,4538.61,4538.88,4536.44,4538.28,671,43
2026.05.26 02:20:00,4538.33,4538.34,4536.42,4538.08,664,43
2026.05.26 02:25:00,4537.94,4538.45,4536.25,4536.7,684,43
2026.05.26 02:30:00,4536.7,4537.06,4533.67,4534.58,889,43
2026.05.26 02:35:00,4534.57,4538.36,4534.15,4537.39,871,43
2026.05.26 02:40:00,4537.41,4538.42,4533.46,4533.88,815,43
2026.05.26 02:45:00,4533.87,4533.95,4531.17,4532.45,882,43
2026.05.26 02:50:00,4532.46,4533.45,4530.06,4532.24,825,43
2026.05.26 02:55:00,4532.3,4534.61,4531.93,4532.05,793,43
2026.05.26 03:00:00,4532.07,4536.25,4531.91,4533.54,841,43
2026.05.26 03:05:00,4533.5,4536.47,4533.44,4535.59,707,43
2026.05.26 03:10:00,4535.58,4538.13,4534.77,4536.81,737,43
2026.05.26 03:15:00,4536.78,4538.87,4536.64,4538.35,715,43
2026.05.26 03:20:00,4538.37,4543.59,4538.09,4541.83,879,43
2026.05.26 03:25:00,4541.8,4543.12,4541.15,4542.1,760,43
2026.05.26 03:30:00,4542.13,4544.34,4541.73,4544.33,612,43
2026.05.26 03:35:00,4544.35,4545.3,4543.06,4543.3,593,43
2026.05.26 03:40:00,4543.3,4544.32,4540.89,4541.34,574,43
2026.05.26 03:45:00,4541.2,4542.39,4540.77,4541.78,441,43
2026.05.26 03:50:00,4541.76,4543.68,4541.51,4542.55,501,43
2026.05.26 03:55:00,4542.58,4543.02,4541.19,4542.23,388,43
2026.05.26 04:00:00,4542.25,4543.11,4540.44,4540.44,417,43
2026.05.26 04:05:00,4540.4,4540.55,4539.01,4539.11,491,43
2026.05.26 04:10:00,4539.16,4539.79,4536.12,4537.44,627,43
2026.05.26 04:15:00,4537.43,4539.38,4536.44,4538.02,590,43
2026.05.26 04:20:00,4538.07,4538.37,4535.11,4535.36,385,43
2026.05.26 04:25:00,4535.36,4535.49,4532.41,4532.46,534,43
2026.05.26 04:30:00,4532.44,4533.1,4529.63,4530.23,785,43
2026.05.26 04:35:00,4530.23,4530.79,4525.78,4527.66,699,43
2026.05.26 04:40:00,4527.71,4529.13,4525.17,4526.1,632,43
2026.05.26 04:45:00,4526.1,4527.78,4524.64,4527.48,757,43
2026.05.26 04:50:00,4527.41,4528.94,4526.17,4527.61,667,43
2026.05.26 04:55:00,4527.7,4527.72,4523.45,4525.31,732,43
2026.05.26 05:00:00,4525.3,4529.33,4522.96,4528.69,930,43
2026.05.26 05:05:00,4528.71,4530.53,4526.19,4530.35,757,43
2026.05.26 05:10:00,4530.34,4531.33,4528.94,4529.13,682,43
2026.05.26 05:15:00,4528.99,4531.28,4528.82,4529.29,616,43
2026.05.26 05:20:00,4529.19,4531.06,4528.85,4529.84,549,43
2026.05.26 05:25:00,4529.8,4531.33,4528.7,4531.16,539,43
2026.05.26 05:30:00,4530.94,4533.82,4530.19,4533.47,973,43
2026.05.26 05:35:00,4533.46,4535.02,4532.25,4532.5,938,43
2026.05.26 05:40:00,4532.51,4532.79,4527.86,4529.65,1142,43
2026.05.26 05:45:00,4529.65,4529.82,4526.27,4527.73,1054,43
2026.05.26 05:50:00,4527.67,4528.1,4523.44,4526.84,1189,43
2026.05.26 05:55:00,4526.82,4528.68,4524.75,4527.17,859,43
2026.05.26 06:00:00,4527.04,4531.29,4526.87,4530.95,948,43
2026.05.26 06:05:00,4530.97,4532.16,4530.14,4530.89,973,43
2026.05.26 06:10:00,4530.95,4532.72,4528.94,4531.57,993,43
2026.05.26 06:15:00,4531.6,4532.11,4529.28,4530.73,844,43
2026.05.26 06:20:00,4530.77,4534.64,4529.97,4533.91,969,43
2026.05.26 06:25:00,4533.9,4536.06,4528.22,4530.37,833,43
2026.05.26 06:30:00,4530.3,4531.33,4528.63,4530.72,889,43
2026.05.26 06:35:00,4530.67,4533.25,4530.63,4531.53,821,43
2026.05.26 06:40:00,4531.64,4533.88,4531.19,4533.68,860,43
2026.05.26 06:45:00,4533.71,4533.93,4528.63,4529.51,930,43
2026.05.26 06:50:00,4529.53,4531.33,4528.38,4531.27,913,43
2026.05.26 06:55:00,4530.95,4533.32,4530.35,4530.88,774,43
2026.05.26 07:00:00,4531.06,4533.43,4529.07,4531.39,873,35
2026.05.26 07:05:00,4531.41,4533.82,4527.56,4527.59,906,35
2026.05.26 07:10:00,4527.37,4530.31,4525.86,4528.56,884,35
2026.05.26 07:15:00,4528.53,4528.53,4522.02,4526.73,910,35
2026.05.26 07:20:00,4526.75,4530.17,4525.12,4530.02,908,35
2026.05.26 07:25:00,4530.05,4531.1,4528.77,4529.54,824,35
2026.05.26 07:30:00,4529.59,4529.7,4523.02,4525.96,852,35
2026.05.26 07:35:00,4525.92,4526.37,4521.61,4523.11,882,35
2026.05.26 07:40:00,4523.09,4527.41,4522.03,4526.66,918,35
2026.05.26 07:45:00,4526.67,4533.35,4525.22,4533.33,940,35
2026.05.26 07:50:00,4533.3,4535.28,4531.48,4531.59,901,35
2026.05.26 07:55:00,4531.62,4538.84,4531.62,4538.14,989,35
2026.05.26 08:00:00,4538.16,4538.57,4535.26,4535.79,941,35
2026.05.26 08:05:00,4535.78,4536.12,4532.74,4533.11,884,35
2026.05.26 08:10:00,4533.04,4533.5,4527.08,4527.52,842,35
2026.05.26 08:15:00,4527.66,4529.81,4527.4,4529.53,787,35
2026.05.26 08:20:00,4529.54,4529.9,4526.2,4527.1,847,35
2026.05.26 08:25:00,4527.23,4527.98,4520.57,4522.39,945,35
2026.05.26 08:30:00,4522.25,4523.17,4520.08,4521.32,934,35
2026.05.26 08:35:00,4520.78,4523.77,4520.29,4522.28,889,35
2026.05.26 08:40:00,4522.41,4526.29,4521.79,4525.36,853,35
2026.05.26 08:45:00,4525.33,4527.33,4521.45,4522.22,881,35
2026.05.26 08:50:00,4522.21,4525.2,4520.19,4524.14,855,35
2026.05.26 08:55:00,4524.2,4524.4,4522.03,4523.64,826,35
2026.05.26 09:00:00,4524.16,4524.59,4522.52,4524.22,849,35
2026.05.26 09:05:00,4524.53,4524.94,4522.13,4523.35,732,35
2026.05.26 09:10:00,4523.33,4523.62,4519.29,4520.47,737,35
2026.05.26 09:15:00,4520.46,4525.48,4518.14,4524.53,914,35
2026.05.26 09:20:00,4524.47,4525.35,4520.79,4522.1,925,35
2026.05.26 09:25:00,4522.09,4526.38,4521.62,4524.8,898,35
2026.05.26 09:30:00,4524.81,4525.26,4517.01,4517.98,958,35
2026.05.26 09:35:00,4518.07,4518.67,4515.94,4516.65,864,35
2026.05.26 09:40:00,4516.68,4517.0,4512.0,4513.17,1015,35
2026.05.26 09:45:00,4513.13,4519.0,4513.0,4518.89,941,35
2026.05.26 09:50:00,4518.86,4519.4,4516.82,4518.94,800,35
2026.05.26 09:55:00,4518.93,4523.4,4517.58,4522.63,1066,35
2026.05.26 10:00:00,4522.69,4523.26,4519.62,4519.84,980,35
2026.05.26 10:05:00,4519.73,4525.36,4519.35,4525.36,796,35
2026.05.26 10:10:00,4525.49,4532.07,4525.0,4529.34,1145,35
2026.05.26 10:15:00,4529.28,4532.88,4527.49,4528.08,919,35
2026.05.26 10:20:00,4528.19,4532.44,4527.56,4531.51,855,35
2026.05.26 10:25:00,4531.53,4535.33,4531.43,4533.42,812,35
2026.05.26 10:30:00,4533.44,4538.64,4533.4,4538.58,895,35
2026.05.26 10:35:00,4538.59,4538.59,4533.73,4533.99,824,35
2026.05.26 10:40:00,4534.02,4534.67,4531.39,4533.02,855,35
2026.05.26 10:45:00,4533.13,4537.41,4533.04,4537.36,892,35
2026.05.26 10:50:00,4537.42,4540.42,4534.41,4534.63,1011,35
2026.05.26 10:55:00,4534.68,4535.42,4533.71,4534.44,875,35
2026.05.26 11:00:00,4534.71,4536.1,4532.78,4535.97,873,35
2026.05.26 11:05:00,4536.01,4536.12,4533.79,4534.94,767,35
2026.05.26 11:10:00,4534.91,4535.84,4531.65,4531.65,815,35
2026.05.26 11:15:00,4531.67,4532.63,4529.92,4529.92,859,35
2026.05.26 11:20:00,4529.93,4530.15,4525.28,4525.67,968,35
2026.05.26 11:25:00,4525.58,4526.08,4522.74,4523.7,989,35
2026.05.26 11:30:00,4523.52,4523.71,4517.32,4519.35,1120,35
2026.05.26 11:35:00,4519.28,4519.57,4507.1,4510.9,1112,35
2026.05.26 11:40:00,4510.77,4513.14,4504.42,4510.01,1204,35
2026.05.26 11:45:00,4509.98,4515.52,4508.34,4512.57,1083,35
2026.05.26 11:50:00,4512.48,4515.53,4510.61,4511.59,1136,35
2026.05.26 11:55:00,4511.54,4511.68,4503.5,4507.09,1194,35
2026.05.26 12:00:00,4507.06,4510.03,4504.54,4508.18,1085,35
2026.05.26 12:05:00,4508.17,4511.97,4506.29,4510.69,1045,35
2026.05.26 12:10:00,4510.57,4512.14,4507.56,4510.17,1051,35
2026.05.26 12:15:00,4510.18,4515.95,4509.5,4512.25,1025,35
2026.05.26 12:20:00,4511.92,4512.85,4508.14,4509.64,1057,35
2026.05.26 12:25:00,4509.65,4511.7,4503.67,4506.08,1017,35
2026.05.26 12:30:00,4506.16,4510.38,4500.65,4510.26,1231,35
2026.05.26 12:35:00,4510.31,4510.31,4501.49,4502.13,1090,35
2026.05.26 12:40:00,4502.21,4511.96,4502.08,4511.96,1044,35
2026.05.26 12:45:00,4511.94,4521.01,4510.49,4519.91,1175,35
2026.05.26 12:50:00,4519.79,4523.4,4517.57,4522.48,1170,35
2026.05.26 12:55:00,4522.38,4523.58,4519.19,4520.35,1002,35
2026.05.26 13:00:00,4520.33,4526.39,4519.33,4523.38,1131,35
2026.05.26 13:05:00,4523.4,4523.71,4519.49,4522.37,1055,35
2026.05.26 13:10:00,4522.32,4522.48,4516.47,4518.37,1050,35
2026.05.26 13:15:00,4518.68,4521.73,4518.11,4519.94,1082,35
2026.05.26 13:20:00,4519.97,4527.05,4519.95,4526.16,1087,35
2026.05.26 13:25:00,4526.32,4527.51,4522.28,4522.39,1047,35
2026.05.26 13:30:00,4522.58,4527.81,4521.79,4522.34,1052,35
2026.05.26 13:35:00,4522.43,4528.72,4521.25,4524.56,1006,35
2026.05.26 13:40:00,4524.6,4531.03,4524.26,4527.21,1020,35
2026.05.26 13:45:00,4527.52,4529.21,4525.29,4525.86,970,35
2026.05.26 13:50:00,4525.92,4526.25,4512.61,4515.75,1099,35
2026.05.26 13:55:00,4516.09,4517.66,4512.15,4513.87,1105,35
2026.05.26 14:00:00,4514.19,4517.92,4511.18,4517.38,1025,35
2026.05.26 14:05:00,4517.3,4520.26,4514.86,4515.42,997,35
2026.05.26 14:10:00,4515.47,4515.62,4507.8,4511.05,1033,35
2026.05.26 14:15:00,4510.87,4514.62,4508.59,4514.16,979,35
2026.05.26 14:20:00,4514.23,4517.27,4512.6,4515.89,963,35
2026.05.26 14:25:00,4515.96,4517.83,4514.93,4517.56,900,35
2026.05.26 14:30:00,4517.26,4521.56,4516.76,4517.56,922,35
2026.05.26 14:35:00,4517.53,4524.87,4517.47,4522.24,964,35
2026.05.26 14:40:00,4522.46,4523.73,4519.69,4521.33,878,35
2026.05.26 14:45:00,4521.22,4521.98,4518.55,4519.24,894,35
2026.05.26 14:50:00,4519.22,4519.47,4515.56,4515.63,871,35
2026.05.26 14:55:00,4515.77,4516.13,4512.64,4515.14,940,35
2026.05.26 15:00:00,4515.21,4515.43,4508.01,4511.48,985,35
2026.05.26 15:05:00,4511.4,4514.27,4508.88,4510.51,935,35
2026.05.26 15:10:00,4510.53,4512.47,4508.67,4509.41,956,35
2026.05.26 15:15:00,4509.43,4510.37,4505.07,4508.22,942,35
2026.05.26 15:20:00,4508.14,4508.55,4504.85,4505.96,890,35
2026.05.26 15:25:00,4505.95,4508.31,4504.8,4505.85,871,35
2026.05.26 15:30:00,4506.11,4508.31,4503.8,4505.63,938,35
2026.05.26 15:35:00,4505.56,4507.48,4502.24,4507.43,931,35
2026.05.26 15:40:00,4507.49,4508.95,4506.42,4508.24,899,35
2026.05.26 15:45:00,4508.25,4509.18,4506.39,4506.79,891,35
2026.05.26 15:50:00,4506.71,4510.72,4505.93,4509.65,840,35
2026.05.26 15:55:00,4509.67,4509.67,4506.07,4506.4,911,35
2026.05.26 16:00:00,4506.81,4508.44,4505.34,4506.09,900,35
2026.05.26 16:05:00,4506.06,4506.21,4502.19,4502.75,878,35
2026.05.26 16:10:00,4502.94,4503.2,4501.18,4501.46,902,35
2026.05.26 16:15:00,4501.44,4505.59,4499.63,4505.0,950,35
2026.05.26 16:20:00,4505.2,4505.98,4502.39,4505.95,962,35
2026.05.26 16:25:00,4505.91,4508.8,4505.43,4507.89,784,35
2026.05.26 16:30:00,4507.91,4511.18,4507.29,4509.61,905,35
2026.05.26 16:35:00,4509.58,4510.68,4508.04,4508.14,928,35
2026.05.26 16:40:00,4508.17,4508.83,4506.06,4506.43,888,35
2026.05.26 16:45:00,4506.44,4507.86,4503.13,4503.25,880,35
2026.05.26 16:50:00,4503.24,4505.75,4502.97,4504.96,883,35
2026.05.26 16:55:00,4504.98,4505.73,4504.37,4504.82,898,35
2026.05.26 17:00:00,4504.79,4507.31,4504.15,4505.56,934,43
2026.05.26 17:05:00,4505.54,4505.69,4503.15,4504.23,944,43
2026.05.26 17:10:00,4504.31,4504.75,4503.46,4503.67,853,43
2026.05.26 17:15:00,4503.48,4504.66,4503.19,4504.3,882,43
2026.05.26 17:20:00,4504.26,4506.52,4504.02,4506.51,899,43
2026.05.26 17:25:00,4506.47,4507.43,4500.32,4501.27,1043,43
2026.05.26 17:30:00,4501.16,4501.45,4497.91,4500.11,974,43
2026.05.26 17:35:00,4500.12,4500.93,4497.25,4498.99,952,43
2026.05.26 17:40:00,4499.01,4499.47,4496.89,4498.44,941,43
2026.05.26 17:45:00,4498.42,4500.84,4498.24,4500.36,864,43
2026.05.26 17:50:00,4500.38,4501.15,4495.93,4496.3,866,43
2026.05.26 17:55:00,4496.06,4496.79,4489.94,4490.78,1136,43
2026.05.26 18:00:00,4490.63,4493.15,4485.13,4487.58,1217,43
2026.05.26 18:05:00,4487.69,4489.02,4482.25,4488.72,1101,43
2026.05.26 18:10:00,4488.73,4490.93,4485.44,4487.23,884,43
2026.05.26 18:15:00,4487.17,4490.64,4486.36,4490.53,953,43
2026.05.26 18:20:00,4490.54,4492.91,4490.31,4492.24,841,43
2026.05.26 18:25:00,4492.22,4496.11,4491.97,4495.16,877,43
2026.05.26 18:30:00,4495.13,4498.35,4494.08,4497.26,766,43
2026.05.26 18:35:00,4497.28,4497.29,4495.19,4496.45,759,43
2026.05.26 18:40:00,4496.44,4496.62,4495.1,4496.03,747,43
2026.05.26 18:45:00,4496.04,4498.39,4496.01,4497.61,718,43
2026.05.26 18:50:00,4497.63,4499.56,4497.34,4498.61,786,43
2026.05.26 18:55:00,4498.59,4499.4,4498.06,4499.26,900,43
2026.05.26 19:00:00,4499.41,4501.07,4497.6,4499.7,856,43
2026.05.26 19:05:00,4499.75,4500.49,4498.62,4500.42,780,43
2026.05.26 19:10:00,4500.41,4501.09,4499.01,4499.32,659,43
2026.05.26 19:15:00,4499.35,4504.52,4499.28,4502.33,875,43
2026.05.26 19:20:00,4502.32,4504.07,4502.12,4503.18,753,43
2026.05.26 19:25:00,4503.09,4503.48,4501.14,4502.01,793,43
2026.05.26 19:30:00,4502.0,4503.54,4500.75,4503.45,798,43
2026.05.26 19:35:00,4503.47,4504.4,4503.01,4503.59,799,43
2026.05.26 19:40:00,4503.49,4505.82,4503.41,4504.75,794,43
2026.05.26 19:45:00,4504.79,4507.97,4504.06,4507.25,788,43
2026.05.26 19:50:00,4507.64,4507.84,4505.69,4505.93,838,43
2026.05.26 19:55:00,4506.14,4509.86,4505.64,4508.89,1043,43
2026.05.26 20:00:00,4508.94,4510.36,4507.11,4507.47,662,43
2026.05.26 20:05:00,4507.43,4508.98,4506.1,4506.97,548,43
2026.05.26 20:10:00,4506.91,4507.91,4506.29,4507.79,377,43
2026.05.26 20:15:00,4507.88,4509.83,4507.88,4508.36,392,43
2026.05.26 20:20:00,4508.38,4509.13,4507.39,4508.61,352,43
2026.05.26 20:25:00,4508.65,4508.87,4506.21,4506.48,357,43
2026.05.26 20:30:00,4506.49,4507.66,4506.28,4506.5,241,43
2026.05.26 20:35:00,4506.4,4508.22,4505.86,4508.2,304,51
2026.05.26 20:40:00,4508.15,4509.69,4507.72,4508.69,281,52
2026.05.26 20:45:00,4508.77,4510.13,4506.13,4506.48,435,52
2026.05.26 20:50:00,4506.33,4506.45,4503.96,4506.31,504,51
2026.05.26 20:55:00,4506.22,4507.78,4506.15,4506.73,331,47
2026.05.26 22:00:00,4505.35,4505.56,4502.65,4503.14,82,37
2026.05.26 22:05:00,4505.56,4510.15,4501.29,4504.57,311,35
2026.05.26 22:10:00,4504.58,4510.72,4501.73,4504.66,888,35
2026.05.26 22:15:00,4504.67,4507.35,4503.5,4506.71,505,35
2026.05.26 22:20:00,4507.01,4510.01,4503.59,4504.75,700,43
2026.05.26 22:25:00,4504.74,4507.12,4502.37,4504.28,654,43
2026.05.26 22:30:00,4504.3,4505.87,4499.98,4500.07,729,43
2026.05.26 22:35:00,4500.07,4501.88,4497.91,4501.41,630,43
2026.05.26 22:40:00,4501.44,4503.16,4500.29,4500.45,584,43
2026.05.26 22:45:00,4500.51,4502.54,4499.46,4502.12,471,43
2026.05.26 22:50:00,4502.15,4506.84,4501.76,4506.74,625,43
2026.05.26 22:55:00,4506.81,4512.37,4506.43,4510.86,671,43
2026.05.26 23:00:00,4510.88,4513.55,4509.51,4510.98,704,43
2026.05.26 23:05:00,4510.82,4512.88,4509.5,4509.71,526,43
2026.05.26 23:10:00,4509.76,4509.96,4507.52,4508.7,574,43
2026.05.26 23:15:00,4508.64,4510.03,4507.91,4509.01,504,43
2026.05.26 23:20:00,4508.99,4509.45,4504.38,4505.58,736,43
2026.05.26 23:25:00,4505.47,4512.11,4505.3,4512.11,646,43
2026.05.26 23:30:00,4512.12,4516.51,4510.99,4514.98,737,43
2026.05.26 23:35:00,4514.95,4515.59,4512.49,4515.42,726,43
2026.05.26 23:40:00,4515.38,4526.91,4514.97,4526.78,941,43
2026.05.26 23:45:00,4526.8,4527.96,4520.4,4521.06,945,43
2026.05.26 23:50:00,4521.11,4522.65,4520.28,4521.1,676,43
2026.05.26 23:55:00,4521.08,4521.08,4518.53,4519.65,754,43
2026.05.27 00:00:00,4519.56,4525.67,4517.25,4520.81,929,43
2026.05.27 00:05:00,4520.73,4524.09,4519.72,4522.15,818,43
2026.05.27 00:10:00,4522.16,4522.58,4520.03,4521.99,886,43
2026.05.27 00:15:00,4521.94,4522.44,4519.96,4521.15,806,43
2026.05.27 00:20:00,4521.18,4521.53,4515.93,4516.2,840,43
2026.05.27 00:25:00,4516.17,4518.77,4514.01,4517.85,856,43
2026.05.27 00:30:00,4517.88,4520.64,4517.43,4519.66,665,43
2026.05.27 00:35:00,4519.66,4520.54,4517.58,4517.58,731,43
2026.05.27 00:40:00,4517.12,4519.2,4516.79,4518.62,727,43
2026.05.27 00:45:00,4518.63,4522.11,4518.45,4519.01,689,43
2026.05.27 00:50:00,4519.03,4519.08,4516.07,4516.92,746,43
2026.05.27 00:55:00,4516.95,4518.91,4514.61,4515.04,842,43
2026.05.27 01:00:00,4515.04,4517.88,4514.0,4515.42,1084,43
2026.05.27 01:05:00,4515.57,4517.45,4512.54,4516.56,1051,43
2026.05.27 01:10:00,4516.58,4520.82,4515.69,4519.39,1038,43
2026.05.27 01:15:00,4519.37,4520.28,4515.61,4516.03,900,43
2026.05.27 01:20:00,4515.98,4521.04,4515.81,4519.09,888,43
2026.05.27 01:25:00,4519.07,4519.37,4514.36,4516.05,762,43
2026.05.27 01:30:00,4515.7,4517.02,4513.63,4514.94,811,43
2026.05.27 01:35:00,4514.98,4516.61,4511.46,4511.79,742,43
2026.05.27 01:40:00,4511.81,4513.52,4509.28,4509.95,773,43
2026.05.27 01:45:00,4510.09,4510.47,4506.8,4510.07,730,43
2026.05.27 01:50:00,4510.07,4510.08,4507.2,4507.52,626,43
2026.05.27 01:55:00,4507.46,4509.68,4506.92,4507.79,755,43
2026.05.27 02:00:00,4507.87,4509.47,4503.95,4505.39,848,43
2026.05.27 02:05:00,4505.43,4505.62,4502.09,4503.43,867,43
2026.05.27 02:10:00,4503.45,4504.48,4502.16,4504.07,854,43
2026.05.27 02:15:00,4504.06,4505.22,4498.97,4499.57,808,43
2026.05.27 02:20:00,4499.61,4504.82,4499.25,4504.04,683,43
2026.05.27 02:25:00,4504.05,4505.67,4503.85,4505.44,641,43
2026.05.27 02:30:00,4505.45,4505.61,4503.88,4505.24,741,43
2026.05.27 02:35:00,4505.25,4505.95,4500.22,4500.36,839,43
2026.05.27 02:40:00,4500.35,4502.23,4498.6,4499.83,792,43
2026.05.27 02:45:00,4499.82,4501.71,4498.07,4501.66,706,43
2026.05.27 02:50:00,4501.75,4504.77,4501.75,4503.71,774,43
2026.05.27 02:55:00,4503.72,4506.91,4503.54,4505.65,591,43
2026.05.27 03:00:00,4505.64,4509.69,4504.93,4507.58,711,43
2026.05.27 03:05:00,4507.59,4509.15,4505.5,4509.11,660,43
2026.05.27 03:10:00,4509.09,4510.13,4507.98,4509.05,678,43
2026.05.27 03:15:00,4509.06,4511.82,4508.39,4510.88,689,43
2026.05.27 03:20:00,4510.87,4511.4,4508.22,4508.75,664,43
2026.05.27 03:25:00,4508.76,4508.76,4505.52,4506.99,727,43
2026.05.27 03:30:00,4507.0,4507.14,4504.8,4505.0,559,43
2026.05.27 03:35:00,4504.5,4504.66,4501.59,4502.8,594,43
2026.05.27 03:40:00,4502.98,4505.13,4502.62,4504.03,531,43
2026.05.27 03:45:00,4504.05,4505.42,4503.43,4504.09,484,43
2026.05.27 03:50:00,4504.1,4504.62,4501.93,4502.13,504,43
2026.05.27 03:55:00,4502.15,4502.16,4496.52,4497.02,615,43
2026.05.27 04:00:00,4496.99,4500.47,4495.81,4499.5,726,43
2026.05.27 04:05:00,4499.52,4502.38,4499.08,4501.47,491,43
2026.05.27 04:10:00,4501.39,4503.1,4500.99,4502.92,476,43
2026.05.27 04:15:00,4502.94,4503.01,4500.53,4500.78,506,43
2026.05.27 04:20:00,4500.78,4503.24,4500.6,4502.22,547,43
2026.05.27 04:25:00,4502.24,4502.24,4499.43,4499.43,596,43
2026.05.27 04:30:00,4499.28,4501.7,4497.71,4501.24,668,43
2026.05.27 04:35:00,4501.23,4502.83,4499.81,4502.72,581,43
2026.05.27 04:40:00,4502.69,4508.33,4502.41,4508.33,689,43
2026.05.27 04:45:00,4508.28,4517.19,4508.28,4516.51,857,43
2026.05.27 04:50:00,4516.44,4517.15,4511.67,4512.01,793,43
2026.05.27 04:55:00,4511.87,4512.65,4509.19,4510.05,696,43
2026.05.27 05:00:00,4510.12,4513.83,4508.27,4513.58,678,43
2026.05.27 05:05:00,4513.58,4513.58,4510.27,4510.97,722,43
2026.05.27 05:10:00,4510.85,4511.01,4508.85,4509.01,671,43
2026.05.27 05:15:00,4509.0,4509.0,4505.18,4505.43,767,43
2026.05.27 05:20:00,4505.54,4506.92,4504.03,4506.03,808,43
2026.05.27 05:25:00,4505.95,4508.02,4505.59,4507.15,609,43
2026.05.27 05:30:00,4507.12,4508.69,4493.53,4496.52,1265,43
2026.05.27 05:35:00,4497.07,4500.7,4494.48,4499.42,1071,43
2026.05.27 05:40:00,4499.43,4499.99,4491.69,4493.36,1274,43
2026.05.27 05:45:00,4493.44,4497.94,4491.82,4497.84,1321,43
2026.05.27 05:50:00,4497.91,4502.25,4496.26,4498.68,1135,43
2026.05.27 05:55:00,4498.61,4499.65,4496.37,4497.42,1049,43
2026.05.27 06:00:00,4497.35,4499.11,4493.77,4495.01,1028,43
2026.05.27 06:05:00,4495.03,4498.89,4493.76,4497.81,1051,43
2026.05.27 06:10:00,4497.86,4498.44,4493.78,4494.0,1086,43
2026.05.27 06:15:00,4494.0,4495.82,4486.69,4489.31,1017,43
2026.05.27 06:20:00,4489.16,4490.34,4483.52,4486.66,1080,43
2026.05.27 06:25:00,4486.6,4489.04,4483.74,4486.28,1074,43
2026.05.27 06:30:00,4486.15,4486.41,4479.53,4483.48,1137,43
2026.05.27 06:35:00,4483.57,4485.56,4480.84,4483.31,1001,43
2026.05.27 06:40:00,4483.25,4487.47,4482.33,4487.39,986,43
2026.05.27 06:45:00,4487.31,4490.12,4486.81,4488.2,969,43
2026.05.27 06:50:00,4488.4,4489.23,4486.64,4487.22,821,43
2026.05.27 06:55:00,4487.25,4487.64,4483.46,4485.12,925,43
2026.05.27 07:00:00,4485.73,4488.31,4485.02,4486.71,873,35
2026.05.27 07:05:00,4487.05,4488.4,4482.94,4484.74,794,35
2026.05.27 07:10:00,4484.74,4484.74,4480.12,4480.27,860,35
2026.05.27 07:15:00,4480.37,4485.0,4480.29,4484.06,862,35
2026.05.27 07:20:00,4484.04,4489.09,4482.9,4486.36,841,35
2026.05.27 07:25:00,4486.3,4487.09,4484.76,4486.18,878,35
2026.05.27 07:30:00,4486.16,4488.48,4484.75,4485.56,856,35
2026.05.27 07:35:00,4485.76,4486.27,4481.15,4482.92,912,35
2026.05.27 07:40:00,4482.91,4484.53,4482.02,4482.69,821,35
2026.05.27 07:45:00,4482.64,4483.94,4478.27,4479.53,801,35
2026.05.27 07:50:00,4479.55,4480.4,4475.68,4479.13,1005,35
2026.05.27 07:55:00,4479.15,4482.39,4478.61,4481.93,871,35
2026.05.27 08:00:00,4481.41,4489.1,4481.41,4486.4,893,35
2026.05.27 08:05:00,4486.45,4487.53,4484.93,4485.84,860,35
2026.05.27 08:10:00,4485.93,4487.01,4483.74,4486.26,840,35
2026.05.27 08:15:00,4486.29,4490.66,4485.97,4489.7,840,35
2026.05.27 08:20:00,4489.72,4492.54,4487.73,4490.67,827,35
2026.05.27 08:25:00,4490.6,4490.96,4487.81,4489.04,790,35
2026.05.27 08:30:00,4489.05,4489.45,4486.08,4488.48,720,35
2026.05.27 08:35:00,4488.51,4492.77,4488.33,4492.77,724,35
2026.05.27 08:40:00,4492.78,4496.6,4492.6,4496.05,1038,35
2026.05.27 08:45:00,4496.26,4497.27,4492.51,4496.4,956,35
2026.05.27 08:50:00,4496.38,4498.64,4495.6,4498.15,837,35
2026.05.27 08:55:00,4498.12,4498.27,4494.76,4497.78,710,35
2026.05.27 09:00:00,4497.79,4497.79,4491.09,4491.82,875,35
2026.05.27 09:05:00,4491.89,4492.36,4488.61,4489.38,794,35
2026.05.27 09:10:00,4489.41,4493.15,4489.27,4491.69,713,35
2026.05.27 09:15:00,4491.67,4495.17,4491.67,4494.54,744,35
2026.05.27 09:20:00,4494.51,4495.18,4490.81,4491.05,706,35
2026.05.27 09:25:00,4490.97,4491.72,4489.31,4489.99,712,35
2026.05.27 09:30:00,4490.01,4490.69,4486.97,4490.6,868,35
2026.05.27 09:35:00,4490.61,4492.16,4490.17,4491.23,610,35
2026.05.27 09:40:00,4491.27,4491.74,4488.4,4488.58,576,35
2026.05.27 09:45:00,4488.55,4489.85,4488.14,4489.54,532,35
2026.05.27 09:50:00,4489.52,4492.98,4489.5,4492.46,624,35
2026.05.27 09:55:00,4492.51,4493.17,4490.1,4490.13,598,35
2026.05.27 10:00:00,4490.07,4490.53,4484.96,4486.42,734,35
2026.05.27 10:05:00,4486.33,4489.01,4486.16,4487.05,696,35
2026.05.27 10:10:00,4487.04,4487.63,4484.23,4485.43,687,35
2026.05.27 10:15:00,4485.35,4486.3,4479.67,4479.7,809,35
2026.05.27 10:20:00,4479.71,4481.09,4478.14,4479.79,812,35
2026.05.27 10:25:00,4479.8,4480.03,4476.4,4476.97,983,35
2026.05.27 10:30:00,4476.88,4477.04,4472.54,4473.77,974,35
2026.05.27 10:35:00,4473.71,4475.72,4461.86,4463.68,1211,35
2026.05.27 10:40:00,4463.25,4469.91,4462.58,4465.82,1233,35
2026.05.27 10:45:00,4465.57,4466.93,4444.1,4448.48,1259,35
2026.05.27 10:50:00,4447.23,4450.13,4442.54,4444.79,1387,35
2026.05.27 10:55:00,4444.72,4449.99,4442.63,4445.71,1301,35
2026.05.27 11:00:00,4445.92,4453.17,4445.49,4452.7,1126,35
2026.05.27 11:05:00,4452.69,4452.69,4446.45,4449.48,1073,35
2026.05.27 11:10:00,4449.61,4451.62,4443.54,4451.21,1054,35
2026.05.27 11:15:00,4451.05,4452.23,4447.79,4449.14,992,35
2026.05.27 11:20:00,4448.99,4448.99,4440.23,4445.58,1064,35
2026.05.27 11:25:00,4445.56,4446.12,4439.46,4440.85,1070,35
2026.05.27 11:30:00,4440.81,4441.7,4432.25,4436.85,1155,35
2026.05.27 11:35:00,4436.86,4441.66,4434.8,4441.06,1134,35
2026.05.27 11:40:00,4441.07,4444.14,4438.43,4443.08,958,35
2026.05.27 11:45:00,4443.02,4444.67,4439.01,4439.13,944,35
2026.05.27 11:50:00,4439.43,4439.49,4433.44,4433.6,1088,35
2026.05.27 11:55:00,4433.63,4433.96,4424.76,4428.25,1142,35
2026.05.27 12:00:00,4428.35,4437.45,4428.13,4434.33,1083,35
2026.05.27 12:05:00,4434.32,4437.67,4431.82,4433.11,994,35
2026.05.27 12:10:00,4432.97,4433.43,4428.9,4430.37,966,35
2026.05.27 12:15:00,4430.16,4454.3,4427.28,4447.53,1043,35
2026.05.27 12:20:00,4447.54,4466.33,4442.34,4455.1,1142,35
2026.05.27 12:25:00,4455.13,4460.75,4453.02,4454.62,1045,35
2026.05.27 12:30:00,4454.57,4460.21,4445.65,4447.32,1026,35
2026.05.27 12:35:00,4447.42,4453.39,4444.75,4452.24,1691,35
2026.05.27 12:40:00,4452.68,4452.74,4446.09,4447.04,1731,35
2026.05.27 12:45:00,4447.02,4448.12,4442.39,4444.91,1631,35
2026.05.27 12:50:00,4444.88,4446.69,4441.05,4446.1,1615,35
2026.05.27 12:55:00,4446.01,4446.35,4437.66,4438.54,1519,35
2026.05.27 13:00:00,4438.13,4438.73,4429.55,4432.28,1943,35
2026.05.27 13:05:00,4432.27,4432.3,4411.67,4414.66,2110,35
2026.05.27 13:10:00,4414.61,4420.17,4410.77,4416.73,2011,35
2026.05.27 13:15:00,4416.46,4421.19,4409.73,4411.47,1955,35
2026.05.27 13:20:00,4411.6,4417.08,4405.9,4416.52,1865,35
2026.05.27 13:25:00,4416.52,4419.25,4401.53,4405.17,2044,35
2026.05.27 13:30:00,4405.02,4424.52,4404.77,4423.83,2107,35
2026.05.27 13:35:00,4423.54,4425.57,4412.56,4418.08,2120,35
2026.05.27 13:40:00,4418.06,4423.37,4416.56,4419.2,2008,35
2026.05.27 13:45:00,4419.24,4428.58,4418.47,4420.36,1889,35
2026.05.27 13:50:00,4420.49,4433.95,4419.38,4425.51,1974,35
2026.05.27 13:55:00,4425.78,4428.33,4423.7,4427.43,1862,35
2026.05.27 14:00:00,4427.41,4437.94,4426.04,4437.93,1872,35
2026.05.27 14:05:00,4437.79,4448.13,4436.47,4444.23,1994,35
2026.05.27 14:10:00,4444.2,4455.4,4443.13,4447.96,1962,35
2026.05.27 14:15:00,4447.87,4452.16,4446.8,4451.07,1743,35
2026.05.27 14:20:00,4451.16,4455.21,4442.74,4444.09,2009,35
2026.05.27 14:25:00,4444.15,4446.15,4440.16,4445.53,1869,35
2026.05.27 14:30:00,4444.89,4449.13,4435.54,4440.87,1990,35
2026.05.27 14:35:00,4440.88,4445.33,4439.66,4444.05,1767,35
2026.05.27 14:40:00,4444.13,4444.89,4440.23,4443.01,1626,35
2026.05.27 14:45:00,4443.01,4446.19,4438.29,4438.36,1524,35
2026.05.27 14:50:00,4438.2,4439.66,4436.55,4439.54,1640,35
2026.05.27 14:55:00,4439.58,4439.58,4433.17,4434.01,1669,35
2026.05.27 15:00:00,4433.79,4438.27,4430.31,4436.13,1643,35
2026.05.27 15:05:00,4436.13,4437.05,4428.44,4429.52,1641,35
2026.05.27 15:10:00,4429.51,4432.51,4428.03,4431.96,1574,35
2026.05.27 15:15:00,4431.95,4433.08,4429.65,4430.88,1366,35
2026.05.27 15:20:00,4430.86,4433.95,4429.76,4433.35,1450,35
2026.05.27 15:25:00,4433.3,4435.76,4432.58,4435.61,1363,35
2026.05.27 15:30:00,4436.26,4441.45,4435.81,4438.6,1643,35
2026.05.27 15:35:00,4438.53,4440.69,4437.61,4440.69,1330,35
2026.05.27 15:40:00,4440.67,4441.14,4432.79,4434.01,1410,35
2026.05.27 15:45:00,4434.21,4438.7,4431.28,4432.74,1647,35
2026.05.27 15:50:00,4432.74,4435.12,4430.83,4434.0,1417,35
2026.05.27 15:55:00,4434.02,4437.15,4432.7,4436.39,1252,35
2026.05.27 16:00:00,4436.42,4441.93,4434.88,4437.55,1410,35
2026.05.27 16:05:00,4437.55,4437.96,4434.2,4436.87,1311,35
2026.05.27 16:10:00,4436.98,4440.78,4436.75,4440.1,1291,35
2026.05.27 16:15:00,4440.14,4443.04,4439.8,4441.76,1078,35
2026.05.27 16:20:00,4441.76,4444.13,4441.67,4444.09,1123,35
2026.05.27 16:25:00,4444.1,4447.47,4443.52,4446.71,1209,35
2026.05.27 16:30:00,4446.71,4449.56,4445.19,4448.31,1201,35
2026.05.27 16:35:00,4448.4,4450.79,4448.4,4449.72,1197,35
2026.05.27 16:40:00,4449.85,4453.01,4449.61,4450.7,1237,35
2026.05.27 16:45:00,4450.75,4452.73,4449.29,4451.96,1201,35
2026.05.27 16:50:00,4452.1,4453.3,4450.08,4450.66,1178,35
2026.05.27 16:55:00,4450.64,4451.34,4449.41,4450.73,1089,35
2026.05.27 17:00:00,4450.75,4450.88,4446.86,4449.13,1254,42
2026.05.27 17:05:00,4449.13,4451.51,4442.37,4443.06,1373,43
2026.05.27 17:10:00,4443.06,4445.72,4441.35,4443.99,1419,38
2026.05.27 17:15:00,4443.99,4447.18,4443.05,4446.74,1201,42
2026.05.27 17:20:00,4446.74,4448.24,4445.76,4446.5,1096,36
2026.05.27 17:25:00,4446.51,4451.06,4445.09,4449.61,1189,35
2026.05.27 17:30:00,4449.6,4453.2,4449.6,4451.91,1080,43
2026.05.27 17:35:00,4451.9,4454.37,4450.66,4450.66,1131,35
2026.05.27 17:40:00,4450.63,4451.95,4450.2,4450.51,976,43
2026.05.27 17:45:00,4450.51,4451.69,4449.88,4450.8,914,43
2026.05.27 17:50:00,4450.82,4453.87,4450.67,4452.75,1005,43
2026.05.27 17:55:00,4452.78,4453.93,4450.21,4450.21,973,43
2026.05.27 18:00:00,4450.05,4452.0,4449.19,4449.4,951,43
2026.05.27 18:05:00,4449.4,4449.96,4447.58,4447.92,1011,35
2026.05.27 18:10:00,4447.93,4450.07,4447.86,4449.92,824,43
2026.05.27 18:15:00,4449.9,4452.98,4449.76,4452.33,826,43
2026.05.27 18:20:00,4452.47,4458.49,4452.33,4454.84,1122,35
2026.05.27 18:25:00,4454.82,4455.78,4454.12,4455.47,1013,42
2026.05.27 18:30:00,4455.47,4456.6,4452.21,4452.54,1126,42
2026.05.27 18:35:00,4452.54,4453.33,4451.34,4452.95,723,35
2026.05.27 18:40:00,4452.96,4453.93,4452.77,4453.28,759,42
2026.05.27 18:45:00,4453.11,4453.58,4452.41,4453.26,655,42
2026.05.27 18:50:00,4453.32,4453.65,4452.17,4452.43,741,42
2026.05.27 18:55:00,4452.43,4454.87,4452.22,4454.22,729,43
2026.05.27 19:00:00,4454.21,4454.67,4451.8,4452.02,740,43
2026.05.27 19:05:00,4452.01,4453.16,4451.76,4452.58,655,43
2026.05.27 19:10:00,4452.61,4452.8,4450.31,4451.64,878,42
2026.05.27 19:15:00,4451.55,4452.21,4449.43,4449.89,949,42
2026.05.27 19:20:00,4449.92,4454.04,4449.75,4453.09,746,43
2026.05.27 19:25:00,4453.05,4453.15,4450.25,4450.87,922,43
2026.05.27 19:30:00,4450.87,4453.46,4449.42,4452.52,915,43
2026.05.27 19:35:00,4452.59,4454.61,4451.85,4454.45,815,43
2026.05.27 19:40:00,4454.45,4454.62,4453.06,4453.54,595,43
2026.05.27 19:45:00,4453.32,4453.68,4451.76,4451.91,632,43
2026.05.27 19:50:00,4451.72,4452.83,4450.57,4451.01,871,42
2026.05.27 19:55:00,4450.99,4450.99,4448.79,4450.83,990,42
2026.05.27 20:00:00,4450.76,4453.42,4449.91,4452.42,677,42
2026.05.27 20:05:00,4451.89,4453.33,4451.46,4452.75,504,42
2026.05.27 20:10:00,4452.73,4455.08,4452.24,4455.05,384,42
2026.05.27 20:15:00,4455.09,4458.81,4455.09,4457.91,697,42
2026.05.27 20:20:00,4457.89,4458.67,4455.91,4456.77,520,42
2026.05.27 20:25:00,4456.77,4456.8,4454.57,4454.96,413,35
2026.05.27 20:30:00,4454.97,4455.57,4454.35,4454.35,367,43
2026.05.27 20:35:00,4454.35,4454.39,4452.07,4452.33,417,43
2026.05.27 20:40:00,4452.27,4453.7,4451.46,4453.52,428,43
2026.05.27 20:45:00,4453.5,4454.55,4452.45,4454.21,427,43
2026.05.27 20:50:00,4454.21,4455.2,4453.95,4454.92,286,43
2026.05.27 20:55:00,4454.92,4456.26,4454.73,4456.25,295,35
2026.05.27 22:00:00,4463.58,4464.75,4455.48,4456.57,395,35
2026.05.27 22:05:00,4456.57,4462.16,4455.51,4458.81,678,42
2026.05.27 22:10:00,4458.81,4460.34,4457.17,4457.89,580,42
2026.05.27 22:15:00,4457.9,4460.35,4456.54,4459.4,521,35
2026.05.27 22:20:00,4459.4,4461.88,4457.53,4460.45,627,35
2026.05.27 22:25:00,4460.46,4461.69,4459.55,4459.8,622,42
2026.05.27 22:30:00,4459.79,4460.0,4455.15,4457.18,923,42
2026.05.27 22:35:00,4457.18,4461.79,4457.03,4461.36,644,35
2026.05.27 22:40:00,4461.38,4462.34,4458.03,4458.41,644,42
2026.05.27 22:45:00,4458.39,4458.76,4456.19,4456.48,536,42
2026.05.27 22:50:00,4456.47,4457.99,4455.36,4456.63,566,42
2026.05.27 22:55:00,4456.63,4457.72,4456.38,4457.24,434,42
2026.05.27 23:00:00,4457.25,4457.61,4454.94,4456.32,677,42
2026.05.27 23:05:00,4456.32,4456.82,4451.6,4452.72,857,35
2026.05.27 23:10:00,4452.7,4454.1,4451.63,4453.38,709,42
2026.05.27 23:15:00,4453.39,4454.94,4451.12,4453.63,775,42
2026.05.27 23:20:00,4453.64,4454.64,4449.42,4451.45,1049,35
2026.05.27 23:25:00,4451.38,4452.14,4449.04,4450.63,849,42
2026.05.27 23:30:00,4450.64,4451.37,4449.24,4449.59,770,35
2026.05.27 23:35:00,4449.58,4454.05,4449.53,4453.14,711,42
2026.05.27 23:40:00,4453.14,4453.94,4450.64,4450.65,751,35
2026.05.27 23:45:00,4450.72,4450.73,4446.03,4448.16,1021,42
2026.05.27 23:50:00,4448.15,4448.87,4443.71,4446.17,1054,36
2026.05.27 23:55:00,4446.12,4449.8,4445.61,4446.98,949,43
2026.05.28 00:00:00,4446.2,4452.54,4445.29,4449.34,1405,40
2026.05.28 00:05:00,4449.37,4449.95,4445.67,4449.06,1131,43
2026.05.28 00:10:00,4449.06,4449.88,4444.55,4444.66,1079,37
2026.05.28 00:15:00,4444.63,4453.87,4444.04,4452.13,1213,43
2026.05.28 00:20:00,4452.13,4453.53,4444.29,4445.86,1240,35
2026.05.28 00:25:00,4445.8,4447.74,4444.08,4446.13,1220,43
2026.05.28 00:30:00,4446.15,4449.97,4443.29,4449.38,1275,35
2026.05.28 00:35:00,4449.35,4452.62,4448.92,4450.52,981,42
2026.05.28 00:40:00,4450.52,4453.07,4449.96,4451.9,940,35
2026.05.28 00:45:00,4451.89,4455.05,4451.75,4453.55,952,43
2026.05.28 00:50:00,4453.52,4454.22,4451.42,4451.43,832,43
2026.05.28 00:55:00,4451.43,4457.75,4450.54,4456.96,1097,35
2026.05.28 01:00:00,4456.95,4458.32,4445.62,4445.81,1748,42
2026.05.28 01:05:00,4445.76,4447.94,4442.85,4444.38,1470,42
2026.05.28 01:10:00,4444.38,4446.32,4437.81,4438.12,1444,42
2026.05.28 01:15:00,4438.1,4440.44,4431.66,4433.31,1500,35
2026.05.28 01:20:00,4433.33,4434.97,4426.94,4431.15,1508,42
2026.05.28 01:25:00,4431.08,4431.31,4417.1,4419.34,1682,38
2026.05.28 01:30:00,4419.07,4425.58,4416.89,4425.13,1659,35
2026.05.28 01:35:00,4425.13,4426.33,4420.63,4422.74,1583,42
2026.05.28 01:40:00,4422.74,4423.01,4415.86,4417.48,1618,35
2026.05.28 01:45:00,4417.58,4420.32,4416.13,4417.48,1533,42
2026.05.28 01:50:00,4417.5,4419.75,4406.91,4409.31,1817,35
2026.05.28 01:55:00,4409.31,4411.48,4406.83,4409.85,1628,35
2026.05.28 02:00:00,4409.88,4412.48,4402.4,4403.88,1786,42
2026.05.28 02:05:00,4403.79,4408.32,4402.39,4407.72,1408,35
2026.05.28 02:10:00,4407.8,4408.14,4396.19,4402.61,1661,35
2026.05.28 02:15:00,4402.68,4406.0,4402.25,4404.12,1362,42
2026.05.28 02:20:00,4404.27,4406.03,4399.61,4405.93,1247,42
2026.05.28 02:25:00,4405.91,4408.33,4405.79,4406.07,1082,43
2026.05.28 02:30:00,4406.03,4410.24,4403.76,4408.88,1482,35
2026.05.28 02:35:00,4408.91,4409.16,4405.52,4406.79,1285,42
2026.05.28 02:40:00,4406.71,4408.39,4400.59,4401.88,1272,35
2026.05.28 02:45:00,4401.88,4402.24,4393.34,4396.01,1544,37
2026.05.28 02:50:00,4395.99,4398.35,4393.21,4395.29,1350,43
2026.05.28 02:55:00,4395.34,4398.8,4391.96,4394.2,1370,42
2026.05.28 03:00:00,4394.2,4396.29,4390.09,4395.56,1507,35
2026.05.28 03:05:00,4395.56,4397.79,4394.14,4396.57,1322,42
2026.05.28 03:10:00,4396.56,4397.36,4391.74,4394.04,1391,43
2026.05.28 03:15:00,4394.04,4394.41,4382.98,4384.39,1610,40
2026.05.28 03:20:00,4384.67,4387.68,4382.06,4386.53,1506,35
2026.05.28 03:25:00,4386.62,4388.03,4383.02,4387.42,1439,35
2026.05.28 03:30:00,4387.28,4387.68,4379.68,4379.74,1535,35
2026.05.28 03:35:00,4379.69,4379.92,4370.69,4374.04,1734,35
2026.05.28 03:40:00,4374.15,4377.63,4371.99,4376.61,1692,42
2026.05.28 03:45:00,4376.28,4379.05,4372.37,4374.89,1497,42
2026.05.28 03:50:00,4374.91,4376.32,4371.79,4375.48,1431,42
2026.05.28 03:55:00,4375.51,4376.88,4368.35,4374.75,1433,42
2026.05.28 04:00:00,4374.71,4377.52,4369.54,4375.08,1507,41
2026.05.28 04:05:00,4375.08,4381.84,4373.83,4380.99,1401,35
2026.05.28 04:10:00,4380.99,4381.57,4375.79,4376.3,1199,42
2026.05.28 04:15:00,4376.38,4376.88,4368.8,4369.21,1318,42
2026.05.28 04:20:00,4369.09,4372.72,4366.21,4371.39,1383,35
2026.05.28 04:25:00,4371.41,4371.88,4367.05,4368.27,1400,35
2026.05.28 04:30:00,4368.26,4372.39,4368.23,4371.4,1390,41
2026.05.28 04:35:00,4371.39,4373.58,4370.47,4372.17,1203,35
2026.05.28 04:40:00,4372.17,4375.23,4370.81,4374.22,1240,42
2026.05.28 04:45:00,4374.25,4375.3,4368.92,4369.49,1176,35
2026.05.28 04:50:00,4369.59,4372.55,4367.88,4371.03,1369,42
2026.05.28 04:55:00,4371.03,4374.67,4371.03,4372.9,1182,35
2026.05.28 05:00:00,4373.05,4374.24,4367.07,4369.83,1428,35
2026.05.28 05:05:00,4369.75,4374.06,4368.0,4371.84,1200,35
2026.05.28 05:10:00,4371.84,4376.92,4371.51,4375.18,1125,37
2026.05.28 05:15:00,4375.12,4376.03,4371.7,4374.31,1118,35
2026.05.28 05:20:00,4373.65,4377.53,4371.5,4377.0,1151,35
2026.05.28 05:25:00,4377.04,4379.8,4376.34,4378.49,1279,38
2026.05.28 05:30:00,4378.48,4387.55,4375.25,4386.51,1793,35
2026.05.28 05:35:00,4386.55,4391.12,4386.34,4391.12,1620,35
2026.05.28 05:40:00,4391.05,4393.54,4389.03,4389.32,1497,35
2026.05.28 05:45:00,4389.47,4394.9,4389.47,4392.28,1482,43
2026.05.28 05:50:00,4392.26,4395.7,4390.92,4393.32,1525,36
2026.05.28 05:55:00,4393.31,4393.6,4387.26,4387.8,1168,35
2026.05.28 06:00:00,4387.93,4390.68,4385.6,4387.7,1389,43
2026.05.28 06:05:00,4387.52,4387.83,4378.51,4379.77,1358,35
2026.05.28 06:10:00,4379.96,4381.63,4374.59,4375.97,1364,35
2026.05.28 06:15:00,4375.97,4380.41,4374.14,4379.49,1386,35
2026.05.28 06:20:00,4379.52,4384.66,4379.42,4381.91,1346,35
2026.05.28 06:25:00,4381.9,4384.65,4379.89,4380.3,1266,43
2026.05.28 06:30:00,4380.29,4384.77,4379.08,4383.28,1313,35
2026.05.28 06:35:00,4383.28,4385.34,4381.86,4381.97,1104,43
2026.05.28 06:40:00,4381.88,4383.67,4376.78,4380.35,1168,38
2026.05.28 06:45:00,4380.38,4384.38,4379.1,4383.27,1178,42
2026.05.28 06:50:00,4383.28,4383.91,4381.03,4382.66,1272,36
2026.05.28 06:55:00,4382.66,4384.59,4381.81,4383.4,1194,35
2026.05.28 07:00:00,4383.52,4389.74,4383.52,4387.53,1626,35
2026.05.28 07:05:00,4387.25,4392.37,4386.74,4391.92,1345,35
2026.05.28 07:10:00,4391.89,4391.89,4386.82,4388.74,1180,35
2026.05.28 07:15:00,4388.84,4395.11,4386.33,4394.17,1316,35
2026.05.28 07:20:00,4394.14,4396.19,4392.99,4394.14,1298,35
2026.05.28 07:25:00,4394.13,4396.0,4391.72,4392.61,1236,35
2026.05.28 07:30:00,4392.61,4393.72,4389.2,4389.38,1381,35
2026.05.28 07:35:00,4389.38,4392.52,4388.5,4389.13,1221,35
2026.05.28 07:40:00,4389.05,4389.81,4385.28,4389.26,1305,35
2026.05.28 07:45:00,4389.21,4390.9,4386.02,4387.92,1324,35
2026.05.28 07:50:00,4387.91,4389.28,4382.83,4385.4,1317,35
2026.05.28 07:55:00,4385.39,4388.67,4383.6,4387.38,1286,35
2026.05.28 08:00:00,4387.67,4392.85,4386.29,4387.28,1496,35
2026.05.28 08:05:00,4387.28,4393.49,4386.66,4393.49,1336,35
2026.05.28 08:10:00,4393.51,4394.9,4391.34,4393.35,1368,35
2026.05.28 08:15:00,4393.35,4394.55,4390.93,4391.7,1319,35
2026.05.28 08:20:00,4391.73,4394.28,4391.07,4392.48,1356,35
2026.05.28 08:25:00,4392.48,4392.91,4387.52,4389.72,1493,35
2026.05.28 08:30:00,4389.8,4391.8,4386.13,4391.8,1367,35
2026.05.28 08:35:00,4392.5,4394.9,4389.93,4391.87,1280,35
2026.05.28 08:40:00,4391.87,4393.35,4389.35,4389.79,1318,35
2026.05.28 08:45:00,4389.79,4391.33,4387.09,4390.84,1215,35
2026.05.28 08:50:00,4390.84,4391.74,4388.41,4388.57,954,35
2026.05.28 08:55:00,4388.57,4388.99,4385.8,4386.8,1140,35
2026.05.28 09:00:00,4386.68,4390.98,4386.27,4389.33,1309,35
2026.05.28 09:05:00,4389.3,4390.97,4388.15,4389.56,1084,35
2026.05.28 09:10:00,4389.61,4390.55,4386.47,4389.27,1183,35
2026.05.28 09:15:00,4389.27,4392.15,4388.48,4389.91,1145,35
2026.05.28 09:20:00,4389.91,4399.21,4389.79,4395.3,1422,35
2026.05.28 09:25:00,4395.24,4397.51,4393.36,4396.41,1328,35
2026.05.28 09:30:00,4396.07,4396.9,4391.58,4392.79,1470,35
2026.05.28 09:35:00,4392.8,4395.67,4391.5,4392.42,1291,35
2026.05.28 09:40:00,4392.52,4393.12,4390.15,4391.16,1204,35
2026.05.28 09:45:00,4391.15,4393.42,4389.69,4392.81,1176,35
2026.05.28 09:50:00,4392.79,4396.2,4392.33,4394.33,1301,35
2026.05.28 09:55:00,4394.04,4396.18,4392.74,4393.5,1153,35
2026.05.28 10:00:00,4393.5,4394.85,4391.38,4393.57,1148,35
2026.05.28 10:05:00,4393.55,4401.59,4393.53,4401.46,1268,35
2026.05.28 10:10:00,4401.59,4404.23,4398.33,4399.21,1348,35
2026.05.28 10:15:00,4399.67,4400.72,4397.99,4399.3,1095,35
2026.05.28 10:20:00,4399.29,4399.37,4393.8,4395.78,1288,35
2026.05.28 10:25:00,4395.77,4402.31,4395.51,4401.04,1244,35
2026.05.28 10:30:00,4401.03,4402.49,4398.11,4398.69,1273,35
2026.05.28 10:35:00,4398.7,4399.82,4396.77,4397.9,1155,35
2026.05.28 10:40:00,4397.91,4398.47,4388.13,4389.12,1502,35
2026.05.28 10:45:00,4389.1,4389.1,4379.79,4380.91,1663,35
2026.05.28 10:50:00,4380.92,4385.04,4375.22,4382.14,1798,35
2026.05.28 10:55:00,4382.06,4387.28,4382.01,4382.94,1525,35
2026.05.28 11:00:00,4382.61,4388.69,4381.54,4388.55,1532,35
2026.05.28 11:05:00,4388.69,4389.04,4385.45,4386.71,1344,35
2026.05.28 11:10:00,4386.78,4388.52,4385.38,4386.88,1159,35
2026.05.28 11:15:00,4386.62,4390.56,4386.51,4389.42,1296,35
2026.05.28 11:20:00,4389.42,4390.08,4385.26,4387.55,1223,35
2026.05.28 11:25:00,4387.46,4389.07,4384.34,4384.76,1086,35
2026.05.28 11:30:00,4384.77,4386.9,4381.14,4386.54,1319,35
2026.05.28 11:35:00,4386.54,4390.01,4385.89,4388.37,1317,35
2026.05.28 11:40:00,4388.36,4390.25,4385.0,4385.69,1334,35
2026.05.28 11:45:00,4385.7,4386.3,4383.01,4383.45,1277,35
2026.05.28 11:50:00,4383.31,4384.58,4381.0,4383.79,1392,35
2026.05.28 11:55:00,4383.71,4388.31,4383.04,4387.88,1385,35
2026.05.28 12:00:00,4387.8,4391.02,4387.8,4390.08,1308,35
2026.05.28 12:05:00,4390.06,4392.82,4389.36,4391.53,1277,35
2026.05.28 12:10:00,4391.54,4392.68,4388.53,4392.58,1242,35
2026.05.28 12:15:00,4392.55,4392.84,4387.57,4388.14,1266,35
2026.05.28 12:20:00,4388.75,4389.69,4379.46,4381.42,1563,35
2026.05.28 12:25:00,4381.45,4386.79,4381.06,4385.45,1281,35
2026.05.28 12:30:00,4385.46,4394.26,4384.05,4392.25,1767,35
2026.05.28 12:35:00,4392.3,4402.24,4391.3,4398.6,1799,35
2026.05.28 12:40:00,4398.61,4402.91,4397.24,4401.96,1678,35
2026.05.28 12:45:00,4402.32,4410.2,4401.53,4409.71,1663,35
2026.05.28 12:50:00,4409.71,4421.4,4408.95,4420.5,1846,35
2026.05.28 12:55:00,4420.46,4433.42,4420.46,4432.14,1940,35
2026.05.28 13:00:00,4432.23,4436.32,4428.76,4432.37,2082,35
2026.05.28 13:05:00,4432.38,4438.75,4426.02,4426.38,1926,35
2026.05.28 13:10:00,4426.39,4431.88,4424.98,4426.56,1790,35
2026.05.28 13:15:00,4426.55,4431.93,4425.71,4431.36,1610,35
2026.05.28 13:20:00,4431.36,4434.11,4427.12,4428.62,1651,35
2026.05.28 13:25:00,4428.35,4432.93,4427.62,4428.8,1619,35
2026.05.28 13:30:00,4428.91,4431.07,4418.36,4418.86,2037,35
2026.05.28 13:35:00,4418.86,4426.28,4418.2,4424.87,1996,35
2026.05.28 13:40:00,4424.9,4425.62,4419.49,4421.97,1919,35
2026.05.28 13:45:00,4421.97,4429.96,4421.46,4425.61,1808,35
2026.05.28 13:50:00,4425.43,4434.25,4425.43,4430.68,1887,35
2026.05.28 13:55:00,4430.71,4432.15,4426.52,4430.45,1803,35
2026.05.28 14:00:00,4430.04,4433.32,4420.68,4424.62,1931,35
2026.05.28 14:05:00,4424.36,4442.36,4423.94,4438.62,1978,35
2026.05.28 14:10:00,4438.68,4467.18,4431.77,4464.22,2115,35
2026.05.28 14:15:00,4464.27,4473.43,4451.53,4464.5,2271,35
2026.05.28 14:20:00,4464.56,4467.22,4453.25,4461.32,2179,35
2026.05.28 14:25:00,4461.41,4465.06,4458.75,4460.88,2081,35
2026.05.28 14:30:00,4460.88,4467.8,4456.04,4456.43,2075,35
2026.05.28 14:35:00,4456.44,4460.23,4452.81,4459.57,1948,35
2026.05.28 14:40:00,4459.58,4471.46,4458.42,4468.91,2034,35
2026.05.28 14:45:00,4469.01,4480.21,4466.21,4467.97,2148,35
2026.05.28 14:50:00,4468.02,4475.79,4466.64,4470.32,1987,35
2026.05.28 14:55:00,4470.27,4470.66,4462.01,4469.28,1923,35
2026.05.28 15:00:00,4469.6,4476.72,4468.66,4474.84,1953,35
2026.05.28 15:05:00,4474.84,4480.59,4472.38,4473.39,1901,35
2026.05.28 15:10:00,4473.42,4474.28,4470.36,4471.35,1815,35
2026.05.28 15:15:00,4471.64,4473.99,4470.69,4472.37,1559,35
2026.05.28 15:20:00,4472.36,4476.78,4469.22,4476.07,1741,35
2026.05.28 15:25:00,4476.27,4482.4,4475.29,4476.67,1765,35
2026.05.28 15:30:00,4476.66,4481.32,4476.66,4480.97,1648,35
2026.05.28 15:35:00,4480.93,4485.14,4478.3,4478.38,1720,35
2026.05.28 15:40:00,4478.46,4481.09,4477.17,4479.28,1551,35
2026.05.28 15:45:00,4479.3,4482.37,4478.73,4479.5,1403,35
2026.05.28 15:50:00,4479.87,4482.22,4479.49,4480.01,1433,35
2026.05.28 15:55:00,4480.01,4482.13,4478.62,4482.04,1292,35
2026.05.28 16:00:00,4482.05,4484.07,4477.87,4480.77,1534,35
2026.05.28 16:05:00,4481.01,4486.05,4480.64,4481.2,1374,35
2026.05.28 16:10:00,4481.21,4485.21,4481.2,4484.29,1454,35
2026.05.28 16:15:00,4484.29,4497.18,4484.09,4496.97,1885,35
2026.05.28 16:20:00,4496.95,4502.36,4494.65,4501.97,1839,35
2026.05.28 16:25:00,4501.98,4502.7,4498.54,4500.44,1713,35
2026.05.28 16:30:00,4500.59,4502.68,4497.58,4498.78,1537,35
2026.05.28 16:35:00,4498.78,4503.13,4497.51,4499.4,1467,35
2026.05.28 16:40:00,4499.4,4506.46,4498.88,4504.09,1615,35
2026.05.28 16:45:00,4504.06,4508.18,4504.06,4505.05,1566,35
2026.05.28 16:50:00,4505.05,4509.67,4505.05,4508.27,1579,35
2026.05.28 16:55:00,4508.08,4510.95,4507.76,4510.83,1374,35
2026.05.28 17:00:00,4510.96,4514.48,4509.37,4509.93,1580,35
2026.05.28 17:05:00,4509.99,4510.13,4505.86,4509.65,1483,35
2026.05.28 17:10:00,4509.65,4510.37,4503.51,4503.98,1439,35
2026.05.28 17:15:00,4503.93,4506.68,4503.2,4504.45,1311,35
2026.05.28 17:20:00,4504.42,4505.46,4502.35,4504.88,1445,35
2026.05.28 17:25:00,4504.91,4506.2,4501.14,4501.93,1503,35
2026.05.28 17:30:00,4501.96,4507.02,4501.96,4505.1,1097,43
2026.05.28 17:35:00,4505.1,4505.83,4503.8,4505.62,1175,43
2026.05.28 17:40:00,4505.61,4507.31,4504.25,4504.96,1055,43
2026.05.28 17:45:00,4504.9,4509.19,4504.59,4508.38,1153,35
2026.05.28 17:50:00,4508.39,4508.5,4506.56,4507.5,1077,43
2026.05.28 17:55:00,4507.49,4509.86,4507.43,4508.91,1109,43
2026.05.28 18:00:00,4508.93,4516.3,4508.77,4512.92,1450,35
2026.05.28 18:05:00,4512.87,4513.77,4509.37,4509.75,1318,43
2026.05.28 18:10:00,4509.74,4509.74,4506.09,4507.57,1312,35
2026.05.28 18:15:00,4507.57,4512.55,4505.66,4509.53,1406,42
2026.05.28 18:20:00,4509.63,4511.04,4507.49,4508.1,1296,43
2026.05.28 18:25:00,4508.1,4508.12,4505.4,4506.18,1285,43
2026.05.28 18:30:00,4506.19,4506.35,4501.32,4502.04,1256,43
2026.05.28 18:35:00,4501.98,4503.5,4500.74,4501.84,1150,35
2026.05.28 18:40:00,4501.83,4502.68,4500.41,4501.44,1141,35
2026.05.28 18:45:00,4501.5,4502.23,4498.45,4499.28,1265,35
2026.05.28 18:50:00,4499.29,4503.6,4498.8,4502.86,1094,43
2026.05.28 18:55:00,4502.87,4503.23,4500.45,4500.87,1056,43
2026.05.28 19:00:00,4501.07,4503.58,4499.96,4501.7,1092,43
2026.05.28 19:05:00,4501.68,4502.31,4499.0,4499.02,945,43
2026.05.28 19:10:00,4499.09,4501.73,4498.54,4499.47,977,36
2026.05.28 19:15:00,4499.47,4501.58,4499.47,4500.95,848,43
2026.05.28 19:20:00,4500.95,4502.88,4500.27,4502.39,817,43
2026.05.28 19:25:00,4502.49,4502.49,4499.62,4499.74,830,43
2026.05.28 19:30:00,4499.74,4501.8,4499.55,4500.9,895,43
2026.05.28 19:35:00,4500.94,4501.6,4499.26,4500.81,849,43
2026.05.28 19:40:00,4500.74,4500.96,4498.97,4499.19,812,43
2026.05.28 19:45:00,4499.19,4500.48,4497.99,4498.73,911,35
2026.05.28 19:50:00,4498.82,4499.92,4497.57,4498.86,1122,35
2026.05.28 19:55:00,4498.08,4499.41,4496.91,4497.91,1138,43
2026.05.28 20:00:00,4497.8,4498.18,4495.41,4495.68,902,43
2026.05.28 20:05:00,4495.75,4497.42,4494.84,4496.14,724,43
2026.05.28 20:10:00,4496.09,4498.58,4495.96,4497.02,715,43
2026.05.28 20:15:00,4497.04,4500.48,4496.34,4497.45,828,43
2026.05.28 20:20:00,4497.5,4498.84,4497.3,4497.64,467,42
2026.05.28 20:25:00,4497.61,4499.49,4496.91,4499.26,514,42
2026.05.28 20:30:00,4499.28,4500.73,4498.21,4500.18,564,42
2026.05.28 20:35:00,4500.19,4500.2,4496.37,4496.46,636,43
2026.05.28 20:40:00,4496.4,4496.74,4494.88,4495.45,516,42
2026.05.28 20:45:00,4495.49,4496.32,4494.84,4495.88,500,43
2026.05.28 20:50:00,4495.72,4496.04,4494.75,4495.77,408,43
2026.05.28 20:55:00,4495.82,4496.46,4495.37,4495.53,339,35
2026.05.28 22:00:00,4499.45,4499.45,4495.61,4497.2,238,42
2026.05.28 22:05:00,4497.27,4498.1,4491.58,4493.65,597,35
2026.05.28 22:10:00,4493.56,4495.12,4492.38,4493.65,465,43
2026.05.28 22:15:00,4493.61,4494.7,4492.99,4493.52,315,42
2026.05.28 22:20:00,4493.52,4494.7,4493.04,4493.75,648,41
2026.05.28 22:25:00,4493.72,4496.58,4492.63,4495.85,676,42
2026.05.28 22:30:00,4495.85,4496.53,4493.43,4493.97,749,42
2026.05.28 22:35:00,4493.94,4495.03,4492.93,4494.2,603,43
2026.05.28 22:40:00,4494.23,4496.47,4493.36,4495.47,657,43
2026.05.28 22:45:00,4495.57,4496.06,4494.41,4494.49,540,43
2026.05.28 22:50:00,4494.5,4494.73,4492.31,4493.68,622,43
2026.05.28 22:55:00,4493.67,4494.16,4490.72,4491.06,568,43
2026.05.28 23:00:00,4491.07,4495.16,4491.07,4495.15,888,42
2026.05.28 23:05:00,4495.15,4495.42,4493.88,4494.17,568,35
2026.05.28 23:10:00,4494.18,4494.78,4494.18,4494.55,372,43
2026.05.28 23:15:00,4494.58,4496.98,4493.81,4495.77,638,43
2026.05.28 23:20:00,4495.75,4495.75,4493.85,4494.53,511,43
2026.05.28 23:25:00,4494.5,4494.5,4491.67,4492.12,571,43
2026.05.28 23:30:00,4492.14,4494.5,4491.07,4494.04,745,43
2026.05.28 23:35:00,4494.04,4494.58,4491.76,4491.9,739,35
2026.05.28 23:40:00,4491.91,4492.08,4489.08,4489.92,873,42
2026.05.28 23:45:00,4489.94,4491.18,4488.64,4490.42,825,35
2026.05.28 23:50:00,4490.42,4494.45,4490.32,4492.15,775,42
2026.05.28 23:55:00,4492.15,4496.17,4491.67,4495.02,867,42
2026.05.29 00:00:00,4495.11,4497.73,4492.34,4494.94,1377,42
2026.05.29 00:05:00,4494.95,4496.42,4492.03,4494.59,1266,35
2026.05.29 00:10:00,4494.6,4498.01,4492.72,4497.27,1150,43
2026.05.29 00:15:00,4497.29,4499.74,4496.43,4498.99,1118,40
2026.05.29 00:20:00,4499.04,4500.36,4495.7,4497.52,984,42
2026.05.29 00:25:00,4497.53,4500.37,4496.26,4499.95,1016,42
2026.05.29 00:30:00,4499.84,4500.22,4495.16,4495.16,1117,42
2026.05.29 00:35:00,4495.05,4496.37,4493.3,4494.11,912,43
2026.05.29 00:40:00,4493.96,4498.46,4493.96,4498.22,914,42
2026.05.29 00:45:00,4497.92,4498.26,4493.17,4495.05,965,42
2026.05.29 00:50:00,4495.08,4496.72,4493.58,4493.99,944,43
2026.05.29 00:55:00,4494.0,4496.02,4493.53,4496.02,916,35
2026.05.29 01:00:00,4496.05,4503.34,4492.01,4500.75,1821,35
2026.05.29 01:05:00,4500.76,4509.16,4498.75,4508.67,1629,35
2026.05.29 01:10:00,4508.67,4515.5,4507.94,4515.05,1699,39
2026.05.29 01:15:00,4515.07,4520.73,4513.56,4518.82,1567,35
2026.05.29 01:20:00,4518.81,4520.29,4512.66,4512.66,1511,43
2026.05.29 01:25:00,4512.66,4513.33,4505.15,4505.3,1524,43
2026.05.29 01:30:00,4505.28,4505.64,4502.68,4503.95,1528,41
2026.05.29 01:35:00,4503.95,4508.28,4503.07,4506.87,1297,42
2026.05.29 01:40:00,4506.93,4508.35,4505.35,4506.2,1361,42
2026.05.29 01:45:00,4506.2,4506.65,4501.46,4501.96,1292,42
2026.05.29 01:50:00,4501.96,4506.4,4500.9,4506.01,1281,42
2026.05.29 01:55:00,4506.02,4507.49,4503.62,4506.38,1212,42
2026.05.29 02:00:00,4506.38,4510.84,4505.92,4510.6,1383,35
2026.05.29 02:05:00,4510.6,4511.07,4504.96,4505.72,1162,37
2026.05.29 02:10:00,4505.74,4507.88,4504.07,4506.73,1123,43
2026.05.29 02:15:00,4506.76,4508.77,4505.1,4505.79,988,42
2026.05.29 02:20:00,4505.8,4506.02,4502.91,4504.42,960,42
2026.05.29 02:25:00,4504.41,4504.92,4501.82,4502.97,819,42
2026.05.29 02:30:00,4502.98,4505.05,4498.2,4503.96,1364,42
2026.05.29 02:35:00,4503.95,4506.39,4502.98,4506.16,1084,43
2026.05.29 02:40:00,4506.16,4507.73,4504.78,4505.0,1031,43
2026.05.29 02:45:00,4505.01,4508.13,4504.69,4506.42,1034,43
2026.05.29 02:50:00,4506.41,4506.41,4502.12,4503.04,1168,43
2026.05.29 02:55:00,4503.03,4505.13,4501.18,4501.67,1115,43
2026.05.29 03:00:00,4501.67,4502.02,4498.67,4501.5,1331,42
2026.05.29 03:05:00,4501.5,4501.53,4496.52,4497.93,1227,42
2026.05.29 03:10:00,4497.93,4498.9,4494.91,4496.28,1214,43
2026.05.29 03:15:00,4496.29,4497.64,4495.11,4496.37,1193,41
2026.05.29 03:20:00,4496.3,4499.13,4496.27,4498.17,1014,43
2026.05.29 03:25:00,4498.17,4498.25,4495.17,4496.69,1198,42
2026.05.29 03:30:00,4496.69,4498.18,4496.39,4497.22,875,42
2026.05.29 03:35:00,4497.21,4497.89,4494.46,4496.12,1027,35
2026.05.29 03:40:00,4496.17,4499.22,4496.11,4497.97,757,43
2026.05.29 03:45:00,4497.92,4499.88,4497.86,4499.74,700,43
2026.05.29 03:50:00,4499.81,4500.58,4496.29,4499.62,919,43
2026.05.29 03:55:00,4499.62,4501.52,4498.43,4501.2,891,42
2026.05.29 04:00:00,4501.09,4505.39,4500.93,4502.55,1151,42
2026.05.29 04:05:00,4502.55,4503.7,4501.35,4503.23,808,43
2026.05.29 04:10:00,4503.23,4503.43,4501.75,4502.29,686,43
2026.05.29 04:15:00,4502.19,4504.83,4501.89,4504.47,860,43
2026.05.29 04:20:00,4504.46,4511.34,4504.0,4510.38,1040,35
2026.05.29 04:25:00,4510.41,4511.63,4508.9,4509.01,1036,43
2026.05.29 04:30:00,4509.02,4510.38,4508.36,4508.75,825,43
2026.05.29 04:35:00,4508.75,4510.74,4508.31,4509.69,758,35
2026.05.29 04:40:00,4509.7,4510.71,4509.0,4510.51,777,43
2026.05.29 04:45:00,4510.51,4510.9,4508.35,4509.2,794,43
2026.05.29 04:50:00,4509.14,4510.06,4507.94,4509.14,701,43
2026.05.29 04:55:00,4509.07,4514.49,4508.56,4514.06,866,43
2026.05.29 05:00:00,4514.01,4515.43,4509.63,4509.96,848,43
2026.05.29 05:05:00,4509.95,4510.92,4509.27,4509.91,676,43
2026.05.29 05:10:00,4509.91,4512.26,4508.65,4511.87,733,43
2026.05.29 05:15:00,4511.85,4512.13,4510.5,4511.73,666,43
2026.05.29 05:20:00,4511.73,4511.93,4509.61,4509.86,642,43
2026.05.29 05:25:00,4509.87,4510.65,4509.36,4509.86,594,43
2026.05.29 05:30:00,4509.46,4512.86,4507.43,4508.31,1311,35
2026.05.29 05:35:00,4508.31,4508.34,4502.61,4503.62,1226,38
2026.05.29 05:40:00,4503.6,4507.95,4502.69,4506.66,1253,42
2026.05.29 05:45:00,4506.67,4508.75,4505.43,4505.91,1174,42
2026.05.29 05:50:00,4505.9,4515.73,4503.9,4514.9,1159,42
2026.05.29 05:55:00,4514.9,4515.35,4510.54,4514.7,1073,42
2026.05.29 06:00:00,4514.82,4522.23,4514.09,4519.24,1663,35
2026.05.29 06:05:00,4519.19,4519.96,4514.15,4514.22,1275,35
2026.05.29 06:10:00,4514.2,4516.01,4510.89,4515.72,1376,43
2026.05.29 06:15:00,4515.66,4515.75,4509.89,4511.29,1252,43
2026.05.29 06:20:00,4511.29,4519.57,4511.11,4518.72,1289,43
2026.05.29 06:25:00,4518.72,4521.41,4516.13,4516.75,1373,43
2026.05.29 06:30:00,4516.86,4520.61,4516.6,4517.79,1283,43
2026.05.29 06:35:00,4517.86,4518.92,4513.45,4514.84,1370,42
2026.05.29 06:40:00,4514.83,4516.71,4511.28,4516.54,1395,43
2026.05.29 06:45:00,4516.52,4519.7,4515.16,4517.63,1143,43
2026.05.29 06:50:00,4517.68,4523.07,4516.82,4521.84,1238,42
2026.05.29 06:55:00,4521.83,4524.08,4521.52,4523.53,1266,35
2026.05.29 07:00:00,4522.74,4523.91,4518.93,4519.08,1512,35
2026.05.29 07:05:00,4518.7,4520.78,4517.9,4519.06,1398,35
2026.05.29 07:10:00,4519.06,4520.52,4515.93,4516.31,1373,35
2026.05.29 07:15:00,4516.31,4517.19,4514.31,4515.54,1487,35
2026.05.29 07:20:00,4515.6,4515.96,4511.48,4511.54,1415,35
2026.05.29 07:25:00,4511.49,4514.12,4510.4,4514.04,1440,35
2026.05.29 07:30:00,4514.05,4521.36,4512.63,4520.83,1542,35
2026.05.29 07:35:00,4520.82,4525.2,4520.3,4522.5,1681,35
2026.05.29 07:40:00,4522.52,4526.14,4520.92,4525.32,1349,35
2026.05.29 07:45:00,4525.3,4526.13,4523.33,4524.02,1283,35
2026.05.29 07:50:00,4524.03,4525.29,4522.01,4523.21,1060,35
2026.05.29 07:55:00,4523.19,4525.57,4522.6,4524.58,1036,35
2026.05.29 08:00:00,4524.59,4524.77,4518.76,4519.32,1484,35
2026.05.29 08:05:00,4519.34,4520.5,4515.58,4515.94,1413,35
2026.05.29 08:10:00,4515.91,4519.02,4514.21,4515.06,1374,35
2026.05.29 08:15:00,4515.05,4516.34,4513.02,4513.15,1385,35
2026.05.29 08:20:00,4513.15,4517.12,4512.48,4515.29,1423,35
2026.05.29 08:25:00,4515.39,4517.89,4514.45,4516.99,1329,35
2026.05.29 08:30:00,4516.93,4518.26,4514.81,4514.86,1088,35
2026.05.29 08:35:00,4514.88,4516.53,4513.75,4514.93,1196,35
2026.05.29 08:40:00,4514.94,4516.09,4514.04,4514.91,1006,35
2026.05.29 08:45:00,4514.66,4516.23,4510.46,4511.2,1201,35
2026.05.29 08:50:00,4511.19,4515.3,4509.92,4513.83,1179,35
2026.05.29 08:55:00,4513.83,4515.35,4512.91,4514.86,1051,35
2026.05.29 09:00:00,4514.94,4519.41,4513.08,4518.68,1505,35
2026.05.29 09:05:00,4518.68,4524.48,4517.37,4523.75,1331,35
2026.05.29 09:10:00,4523.75,4530.35,4523.23,4528.96,1507,35
2026.05.29 09:15:00,4529.0,4529.64,4526.8,4527.8,1384,35
2026.05.29 09:20:00,4527.77,4528.21,4522.13,4522.6,1380,35
2026.05.29 09:25:00,4522.61,4532.32,4522.32,4528.78,1352,35
2026.05.29 09:30:00,4528.8,4530.62,4524.85,4528.61,1475,35
2026.05.29 09:35:00,4528.56,4530.41,4526.6,4528.79,1386,35
2026.05.29 09:40:00,4528.79,4532.6,4528.01,4532.28,1293,35
2026.05.29 09:45:00,4532.29,4537.62,4531.69,4537.11,1477,35
2026.05.29 09:50:00,4537.12,4539.4,4531.26,4532.59,1424,35
2026.05.29 09:55:00,4532.6,4533.33,4529.71,4531.26,1227,35
2026.05.29 10:00:00,4530.94,4531.05,4525.45,4525.9,1300,35
2026.05.29 10:05:00,4525.9,4528.54,4525.87,4526.47,1164,35
2026.05.29 10:10:00,4526.47,4528.67,4525.84,4528.48,1096,35
2026.05.29 10:15:00,4528.45,4530.24,4525.66,4526.66,1279,35
2026.05.29 10:20:00,4526.63,4527.72,4525.81,4527.42,1140,35
2026.05.29 10:25:00,4527.45,4530.87,4527.23,4530.35,1104,35
2026.05.29 10:30:00,4530.36,4539.14,4530.2,4538.71,1425,35
2026.05.29 10:35:00,4538.73,4543.03,4538.03,4541.21,1447,35
2026.05.29 10:40:00,4541.34,4542.26,4536.25,4537.96,1199,35
2026.05.29 10:45:00,4537.98,4541.03,4536.31,4537.01,1249,35
2026.05.29 10:50:00,4536.99,4539.06,4536.65,4536.65,1048,35
2026.05.29 10:55:00,4536.59,4538.54,4535.28,4538.44,1240,35
2026.05.29 11:00:00,4538.41,4540.33,4535.56,4535.77,1363,35
2026.05.29 11:05:00,4535.76,4536.94,4532.1,4532.47,1169,35
2026.05.29 11:10:00,4532.49,4533.22,4530.91,4532.26,1238,35
2026.05.29 11:15:00,4532.27,4532.66,4529.41,4531.52,1253,35
2026.05.29 11:20:00,4531.49,4534.23,4530.21,4531.25,1205,35
2026.05.29 11:25:00,4531.25,4531.98,4526.87,4527.95,1399,35
2026.05.29 11:30:00,4527.98,4528.54,4525.7,4527.02,1159,35
2026.05.29 11:35:00,4527.02,4528.94,4526.57,4528.27,1057,35
2026.05.29 11:40:00,4528.28,4531.45,4528.17,4530.91,1053,35
2026.05.29 11:45:00,4530.91,4533.9,4529.18,4529.31,1068,35
2026.05.29 11:50:00,4529.3,4535.04,4527.4,4533.94,1487,35
2026.05.29 11:55:00,4533.94,4539.07,4533.6,4538.25,1307,35
2026.05.29 12:00:00,4538.26,4538.48,4528.15,4529.35,1406,35
2026.05.29 12:05:00,4529.34,4530.56,4527.12,4530.05,1418,35
2026.05.29 12:10:00,4530.05,4531.99,4526.84,4528.31,1417,35
2026.05.29 12:15:00,4528.3,4531.83,4527.66,4530.36,1175,35
2026.05.29 12:20:00,4530.0,4530.0,4519.93,4523.45,1600,35
2026.05.29 12:25:00,4523.51,4524.51,4520.56,4522.27,1317,35
2026.05.29 12:30:00,4522.29,4523.53,4514.77,4517.15,1670,35
2026.05.29 12:35:00,4517.03,4518.66,4515.23,4517.27,1582,35
2026.05.29 12:40:00,4517.28,4517.66,4512.81,4514.29,1423,35
2026.05.29 12:45:00,4514.12,4517.79,4512.71,4515.33,1513,35
2026.05.29 12:50:00,4515.51,4519.87,4514.27,4518.43,1555,35
2026.05.29 12:55:00,4518.43,4523.92,4516.52,4522.85,1334,35
2026.05.29 13:00:00,4523.02,4525.13,4517.01,4524.12,1832,35
2026.05.29 13:05:00,4524.16,4526.98,4520.25,4525.42,1664,35
2026.05.29 13:10:00,4525.44,4525.56,4520.71,4522.74,1484,35
2026.05.29 13:15:00,4522.84,4524.34,4521.13,4522.51,1367,35
2026.05.29 13:20:00,4522.51,4529.19,4522.39,4526.41,1423,35
2026.05.29 13:25:00,4526.27,4528.25,4525.36,4527.9,1519,35
2026.05.29 13:30:00,4527.92,4531.96,4524.89,4524.93,1954,35
2026.05.29 13:35:00,4524.98,4532.98,4522.16,4531.36,1950,35
2026.05.29 13:40:00,4531.27,4535.25,4530.29,4532.88,1687,35
2026.05.29 13:45:00,4532.76,4536.87,4529.47,4535.76,1750,35
2026.05.29 13:50:00,4535.7,4539.18,4531.97,4538.37,1762,35
2026.05.29 13:55:00,4538.16,4540.64,4535.14,4536.67,1729,35
2026.05.29 14:00:00,4536.66,4548.95,4535.04,4547.97,2000,35
2026.05.29 14:05:00,4547.98,4552.56,4546.38,4551.01,1857,35
2026.05.29 14:10:00,4550.76,4552.49,4543.74,4543.94,1776,35
2026.05.29 14:15:00,4543.93,4545.07,4537.73,4537.86,1916,35
2026.05.29 14:20:00,4537.86,4540.43,4531.03,4531.35,1874,35
2026.05.29 14:25:00,4531.6,4533.3,4526.24,4529.85,2079,35
2026.05.29 14:30:00,4529.44,4536.31,4525.19,4536.16,1937,35
2026.05.29 14:35:00,4536.16,4536.54,4530.89,4531.65,1919,35
2026.05.29 14:40:00,4531.56,4541.76,4531.56,4540.35,1925,35
2026.05.29 14:45:00,4540.35,4541.09,4536.59,4539.6,1731,35
2026.05.29 14:50:00,4539.52,4568.92,4539.52,4556.76,2141,35
2026.05.29 14:55:00,4556.84,4570.33,4555.61,4564.21,2111,35
2026.05.29 15:00:00,4564.0,4578.15,4564.0,4577.99,2102,35
2026.05.29 15:05:00,4577.9,4589.75,4573.89,4587.8,2119,35
2026.05.29 15:10:00,4587.71,4595.02,4585.83,4589.86,2055,35
2026.05.29 15:15:00,4589.86,4591.63,4585.81,4588.54,1978,35
2026.05.29 15:20:00,4588.5,4589.04,4581.44,4584.83,1938,35
2026.05.29 15:25:00,4584.8,4585.2,4578.11,4578.17,1764,35
2026.05.29 15:30:00,4578.39,4583.27,4577.7,4578.05,1699,35
2026.05.29 15:35:00,4578.18,4580.73,4571.96,4572.74,1891,35
2026.05.29 15:40:00,4572.77,4575.24,4561.26,4566.5,2052,35
2026.05.29 15:45:00,4566.51,4569.12,4557.72,4564.87,1931,35
2026.05.29 15:50:00,4564.88,4570.33,4563.22,4568.9,1669,35
2026.05.29 15:55:00,4568.89,4571.37,4568.28,4570.99,1584,35
2026.05.29 16:00:00,4571.06,4572.18,4567.68,4567.9,1554,35
2026.05.29 16:05:00,4568.05,4568.95,4563.84,4564.22,1501,35
2026.05.29 16:10:00,4564.22,4565.08,4559.95,4563.55,1490,35
2026.05.29 16:15:00,4563.49,4567.56,4562.88,4565.16,1420,35
2026.05.29 16:20:00,4565.18,4567.16,4563.66,4564.18,1371,35
2026.05.29 16:25:00,4564.18,4564.18,4560.49,4563.02,1508,35
2026.05.29 16:30:00,4563.01,4570.08,4561.74,4568.93,1712,35
2026.05.29 16:35:00,4568.78,4573.34,4567.67,4572.01,1606,35
2026.05.29 16:40:00,4571.96,4572.87,4568.63,4569.52,1451,35
2026.05.29 16:45:00,4569.52,4569.52,4564.46,4564.76,1502,35
2026.05.29 16:50:00,4564.32,4565.79,4560.8,4565.26,1478,35
2026.05.29 16:55:00,4565.24,4567.36,4562.46,4566.81,1299,35
2026.05.29 17:00:00,4566.83,4568.12,4564.18,4564.18,1222,35
2026.05.29 17:05:00,4564.21,4568.43,4563.29,4567.4,1259,35
2026.05.29 17:10:00,4567.37,4568.36,4563.89,4564.04,1265,42
2026.05.29 17:15:00,4564.03,4566.85,4563.6,4565.53,1305,35
2026.05.29 17:20:00,4565.52,4566.91,4560.79,4565.37,1456,43
2026.05.29 17:25:00,4565.41,4565.73,4561.32,4561.82,1400,42
2026.05.29 17:30:00,4561.81,4562.04,4557.9,4561.27,1395,35
2026.05.29 17:35:00,4561.38,4561.77,4558.32,4558.71,1305,42
2026.05.29 17:40:00,4558.78,4559.81,4553.26,4554.11,1412,42
2026.05.29 17:45:00,4554.1,4557.55,4553.09,4555.9,1309,35
2026.05.29 17:50:00,4555.91,4556.29,4552.32,4553.48,1291,35
2026.05.29 17:55:00,4553.48,4553.84,4551.48,4553.44,1464,43
2026.05.29 18:00:00,4553.44,4557.34,4552.45,4557.34,1476,35
2026.05.29 18:05:00,4557.42,4558.66,4555.6,4557.73,1247,43
2026.05.29 18:10:00,4557.73,4558.27,4556.11,4558.15,1147,35
2026.05.29 18:15:00,4558.14,4558.92,4555.52,4558.66,1353,43
2026.05.29 18:20:00,4558.65,4559.9,4557.33,4558.66,1166,39
2026.05.29 18:25:00,4558.66,4560.36,4557.93,4559.32,1287,43
2026.05.29 18:30:00,4559.24,4561.21,4559.24,4560.81,1128,35
2026.05.29 18:35:00,4560.82,4561.71,4559.81,4560.02,968,43
2026.05.29 18:40:00,4560.03,4560.18,4557.49,4557.89,1000,35
2026.05.29 18:45:00,4557.9,4557.91,4550.73,4552.99,1513,35
2026.05.29 18:50:00,4553.02,4554.62,4552.23,4554.18,1221,43
2026.05.29 18:55:00,4554.22,4556.78,4552.98,4553.4,1253,43
2026.05.29 19:00:00,4553.39,4554.88,4552.26,4554.43,1168,37
2026.05.29 19:05:00,4554.43,4558.48,4554.38,4558.45,984,36
2026.05.29 19:10:00,4558.45,4560.06,4557.87,4558.38,901,43
2026.05.29 19:15:00,4558.37,4559.04,4556.61,4557.46,904,43
2026.05.29 19:20:00,4557.42,4557.87,4555.72,4556.44,859,43
2026.05.29 19:25:00,4556.42,4556.85,4554.53,4555.2,908,43
2026.05.29 19:30:00,4555.11,4556.34,4552.93,4553.32,998,35
2026.05.29 19:35:00,4553.35,4553.9,4551.7,4552.33,908,43
2026.05.29 19:40:00,4552.33,4553.57,4551.05,4551.43,1020,43
2026.05.29 19:45:00,4551.43,4551.74,4548.19,4548.34,1141,35
2026.05.29 19:50:00,4548.32,4549.28,4545.53,4546.35,1358,36
2026.05.29 19:55:00,4546.35,4548.2,4542.91,4545.4,1491,35
2026.05.29 20:00:00,4545.18,4547.27,4542.67,4544.31,1138,43
2026.05.29 20:05:00,4544.37,4546.12,4543.23,4545.7,730,43
2026.05.29 20:10:00,4545.67,4549.27,4545.08,4548.78,698,43
2026.05.29 20:15:00,4548.78,4548.78,4545.34,4545.77,659,43
2026.05.29 20:20:00,4545.77,4545.77,4544.1,4544.99,528,43
2026.05.29 20:25:00,4545.0,4545.09,4542.07,4542.56,586,43
2026.05.29 20:30:00,4542.55,4543.23,4541.7,4543.14,558,43
2026.05.29 20:35:00,4543.0,4543.39,4541.99,4542.82,429,43
2026.05.29 20:40:00,4542.81,4543.98,4541.14,4543.6,620,43
2026.05.29 20:45:00,4543.61,4543.61,4541.54,4541.79,483,43
2026.05.29 20:50:00,4541.8,4543.12,4539.72,4539.89,689,43
2026.05.29 20:55:00,4539.82,4541.33,4539.49,4540.4,333,43
2026.05.31 22:00:00,4520.96,4525.17,4518.4,4520.71,736,35
2026.05.31 22:05:00,4520.71,4526.88,4519.79,4525.54,1118,37
2026.05.31 22:10:00,4525.52,4535.26,4523.69,4534.66,1174,43
2026.05.31 22:15:00,4534.66,4536.56,4531.24,4536.35,1109,43
2026.05.31 22:20:00,4536.26,4536.33,4531.18,4533.12,1079,41
2026.05.31 22:25:00,4533.11,4534.11,4531.57,4533.06,702,42
2026.05.31 22:30:00,4532.67,4536.45,4532.55,4535.54,1079,42
2026.05.31 22:35:00,4535.51,4536.3,4531.87,4531.87,831,42
2026.05.31 22:40:00,4531.9,4535.57,4530.75,4535.57,843,42
2026.05.31 22:45:00,4535.59,4540.3,4535.53,4538.21,1010,35
2026.05.31 22:50:00,4538.22,4538.98,4534.68,4534.82,711,41
2026.05.31 22:55:00,4534.86,4537.83,4534.82,4535.19,648,41
2026.05.31 23:00:00,4535.22,4540.24,4534.96,4539.6,995,41
2026.05.31 23:05:00,4539.6,4541.72,4538.62,4541.37,780,42
2026.05.31 23:10:00,4541.37,4543.11,4539.97,4542.37,685,35
2026.05.31 23:15:00,4542.46,4543.51,4541.0,4542.09,729,42
2026.05.31 23:20:00,4542.14,4543.43,4540.02,4541.91,730,43
2026.05.31 23:25:00,4541.94,4544.88,4541.68,4544.77,810,42
2026.05.31 23:30:00,4544.84,4545.58,4539.12,4539.36,976,42
2026.05.31 23:35:00,4539.39,4541.69,4538.32,4540.65,874,42
2026.05.31 23:40:00,4540.63,4542.6,4540.35,4541.85,800,42
2026.05.31 23:45:00,4541.85,4542.57,4538.47,4541.09,1094,43
2026.05.31 23:50:00,4541.04,4544.74,4540.25,4544.17,983,43
2026.05.31 23:55:00,4544.11,4544.66,4539.49,4539.55,949,43
2026.06.01 00:00:00,4539.51,4545.78,4537.22,4544.92,1363,35
2026.06.01 00:05:00,4544.84,4544.85,4540.47,4540.64,1000,43
2026.06.01 00:10:00,4540.6,4543.55,4539.24,4540.61,1110,43
2026.06.01 00:15:00,4540.49,4543.56,4537.62,4538.23,1184,42
2026.06.01 00:20:00,4538.23,4541.76,4538.07,4540.7,982,42
2026.06.01 00:25:00,4540.72,4544.2,4539.63,4542.91,1089,35
2026.06.01 00:30:00,4542.89,4544.83,4535.76,4537.98,1169,35
2026.06.01 00:35:00,4537.96,4538.74,4535.18,4536.79,1055,42
2026.06.01 00:40:00,4536.79,4537.33,4535.23,4535.87,981,43
2026.06.01 00:45:00,4535.87,4541.85,4535.85,4541.34,1077,43
2026.06.01 00:50:00,4541.33,4542.66,4538.0,4538.74,942,42
2026.06.01 00:55:00,4538.71,4541.8,4537.09,4540.64,1085,42
2026.06.01 01:00:00,4540.64,4540.94,4531.75,4534.24,1598,42
2026.06.01 01:05:00,4534.29,4535.35,4527.31,4529.11,1517,39
2026.06.01 01:10:00,4529.05,4534.25,4526.03,4533.77,1454,43
2026.06.01 01:15:00,4533.76,4534.32,4529.89,4530.25,1314,43
2026.06.01 01:20:00,4530.27,4536.85,4529.81,4532.03,1267,42
2026.06.01 01:25:00,4532.02,4532.88,4527.82,4528.71,1333,41
2026.06.01 01:30:00,4528.71,4532.56,4526.97,4532.56,1403,42
2026.06.01 01:35:00,4532.45,4533.2,4528.05,4529.81,1283,43
2026.06.01 01:40:00,4529.83,4533.7,4528.38,4533.06,1286,43
2026.06.01 01:45:00,4533.06,4533.44,4527.45,4528.46,1213,42
2026.06.01 01:50:00,4528.47,4531.15,4527.65,4529.92,1134,42
2026.06.01 01:55:00,4529.92,4530.02,4523.45,4525.31,1395,42
2026.06.01 02:00:00,4525.3,4527.61,4524.23,4524.95,1248,42
2026.06.01 02:05:00,4524.87,4531.89,4524.76,4528.29,1317,42
2026.06.01 02:10:00,4528.29,4533.92,4528.13,4531.98,1228,43
2026.06.01 02:15:00,4532.01,4534.59,4531.51,4531.79,944,43
2026.06.01 02:20:00,4531.72,4532.69,4530.07,4531.36,775,42
2026.06.01 02:25:00,4531.37,4531.61,4529.28,4530.23,634,42
2026.06.01 02:30:00,4530.23,4530.23,4523.48,4527.21,1326,43
2026.06.01 02:35:00,4527.24,4530.84,4527.08,4528.24,1160,43
2026.06.01 02:40:00,4528.23,4528.24,4522.38,4522.82,1225,43
2026.06.01 02:45:00,4522.81,4525.02,4521.81,4523.26,1233,43
2026.06.01 02:50:00,4523.28,4524.04,4522.12,4522.12,1159,43
2026.06.01 02:55:00,4522.12,4523.39,4520.97,4521.32,1072,43
2026.06.01 03:00:00,4521.32,4525.24,4521.19,4524.61,1056,35
2026.06.01 03:05:00,4524.5,4524.79,4517.31,4517.45,1233,35
2026.06.01 03:10:00,4517.3,4520.3,4515.47,4518.82,1245,35
2026.06.01 03:15:00,4518.81,4519.89,4513.86,4519.28,1202,36
2026.06.01 03:20:00,4519.28,4519.96,4517.33,4518.41,1119,41
2026.06.01 03:25:00,4518.42,4521.2,4517.95,4520.32,1102,42
2026.06.01 03:30:00,4520.39,4523.96,4519.8,4521.36,1080,42
2026.06.01 03:35:00,4521.64,4521.65,4514.42,4515.57,981,41
2026.06.01 03:40:00,4515.27,4515.87,4509.11,4510.76,1122,43
2026.06.01 03:45:00,4510.75,4513.22,4509.75,4512.42,953,43
2026.06.01 03:50:00,4512.39,4514.02,4511.55,4513.1,787,43
2026.06.01 03:55:00,4513.09,4516.36,4512.39,4516.31,880,35
2026.06.01 04:00:00,4516.2,4519.58,4515.6,4516.25,943,43
2026.06.01 04:05:00,4516.26,4517.13,4513.61,4513.96,842,42
2026.06.01 04:10:00,4514.02,4514.91,4512.36,4514.51,594,42
2026.06.01 04:15:00,4514.49,4518.35,4514.48,4516.72,682,42
2026.06.01 04:20:00,4516.82,4517.63,4515.88,4517.46,570,43
2026.06.01 04:25:00,4517.45,4517.48,4515.21,4515.74,636,43
2026.06.01 04:30:00,4515.74,4516.49,4513.95,4514.22,598,43
2026.06.01 04:35:00,4514.22,4515.55,4513.45,4515.06,723,43
2026.06.01 04:40:00,4515.04,4517.15,4514.23,4514.44,791,42
2026.06.01 04:45:00,4514.45,4514.62,4508.58,4510.29,838,43
2026.06.01 04:50:00,4510.28,4514.43,4509.56,4514.05,922,42
2026.06.01 04:55:00,4514.05,4514.96,4512.5,4514.37,731,43
2026.06.01 05:00:00,4514.42,4516.27,4513.47,4515.9,1006,43
2026.06.01 05:05:00,4515.9,4517.64,4515.42,4516.39,833,43
2026.06.01 05:10:00,4516.39,4519.13,4515.07,4518.02,868,35
2026.06.01 05:15:00,4518.14,4521.77,4517.39,4521.36,813,43
2026.06.01 05:20:00,4521.44,4523.04,4519.38,4522.37,970,43
2026.06.01 05:25:00,4522.33,4523.47,4520.27,4520.51,877,35
2026.06.01 05:30:00,4520.55,4521.76,4512.55,4513.76,1517,42
2026.06.01 05:35:00,4513.67,4522.09,4513.47,4520.08,1302,42
2026.06.01 05:40:00,4520.15,4521.11,4515.12,4519.72,1213,42
2026.06.01 05:45:00,4519.69,4525.06,4517.2,4524.0,1257,42
2026.06.01 05:50:00,4523.96,4524.48,4520.79,4523.43,1239,42
2026.06.01 05:55:00,4523.41,4523.41,4517.0,4518.11,1159,35
2026.06.01 06:00:00,4518.17,4518.68,4513.96,4516.25,1511,35
2026.06.01 06:05:00,4516.26,4518.55,4515.34,4516.92,1161,42
2026.06.01 06:10:00,4516.88,4517.4,4512.56,4514.05,1207,42
2026.06.01 06:15:00,4514.05,4515.73,4510.02,4511.11,1312,42
2026.06.01 06:20:00,4511.1,4511.1,4504.89,4506.07,1379,35
2026.06.01 06:25:00,4506.02,4514.37,4505.4,4513.8,1240,35
2026.06.01 06:30:00,4514.3,4514.66,4510.2,4510.52,1212,42
2026.06.01 06:35:00,4510.59,4510.82,4501.71,4504.47,1500,37
2026.06.01 06:40:00,4504.44,4506.11,4502.81,4504.44,1230,42
2026.06.01 06:45:00,4504.44,4504.61,4500.69,4504.5,1270,42
2026.06.01 06:50:00,4504.51,4504.52,4499.86,4503.44,1242,42
2026.06.01 06:55:00,4503.49,4504.56,4501.01,4501.59,1179,42
2026.06.01 07:00:00,4501.57,4508.45,4500.73,4507.77,1472,35
2026.06.01 07:05:00,4507.7,4509.92,4506.29,4506.47,1433,35
2026.06.01 07:10:00,4506.26,4509.56,4505.61,4507.14,1321,35
2026.06.01 07:15:00,4507.14,4508.26,4504.75,4506.71,1246,35
2026.06.01 07:20:00,4506.72,4507.19,4503.26,4505.11,1221,35
2026.06.01 07:25:00,4505.09,4505.98,4503.18,4503.86,1209,35
2026.06.01 07:30:00,4503.85,4507.84,4503.72,4504.51,1233,35
2026.06.01 07:35:00,4504.52,4506.42,4502.45,4503.37,1266,35
2026.06.01 07:40:00,4503.39,4503.7,4497.97,4498.11,1437,35
2026.06.01 07:45:00,4498.05,4500.35,4492.51,4494.38,1557,35
2026.06.01 07:50:00,4494.16,4496.57,4492.44,4495.64,1373,35
2026.06.01 07:55:00,4495.64,4502.93,4495.23,4502.85,1284,35
2026.06.01 08:00:00,4502.8,4504.29,4495.59,4495.65,1470,35
2026.06.01 08:05:00,4495.79,4499.3,4493.49,4493.92,1459,35
2026.06.01 08:10:00,4493.75,4498.63,4493.42,4495.52,1297,35
2026.06.01 08:15:00,4495.45,4496.5,4491.45,4494.86,1342,35
2026.06.01 08:20:00,4494.95,4496.84,4490.54,4492.64,1269,35
2026.06.01 08:25:00,4492.64,4496.18,4492.53,4495.85,1127,35
2026.06.01 08:30:00,4495.85,4496.54,4492.46,4495.58,1040,35
2026.06.01 08:35:00,4495.59,4496.26,4493.07,4494.51,1008,35
2026.06.01 08:40:00,4494.58,4500.54,4492.6,4500.21,1266,35
2026.06.01 08:45:00,4500.21,4502.28,4496.34,4501.12,1371,35
2026.06.01 08:50:00,4501.11,4501.49,4496.83,4497.12,1219,35
2026.06.01 08:55:00,4497.12,4499.47,4495.48,4498.01,1114,35
2026.06.01 09:00:00,4498.0,4500.72,4497.66,4500.4,1194,35
2026.06.01 09:05:00,4500.32,4500.44,4498.11,4499.49,1021,35
2026.06.01 09:10:00,4499.53,4500.1,4498.52,4499.48,1083,35
2026.06.01 09:15:00,4499.56,4505.56,4498.07,4505.48,1316,35
2026.06.01 09:20:00,4505.48,4506.33,4498.63,4499.48,1366,35
2026.06.01 09:25:00,4499.37,4499.71,4496.28,4496.28,1354,35
2026.06.01 09:30:00,4496.29,4497.35,4489.24,4490.68,1577,35
2026.06.01 09:35:00,4490.83,4497.94,4490.76,4497.82,1415,35
2026.06.01 09:40:00,4497.81,4499.24,4494.67,4498.23,1202,35
2026.06.01 09:45:00,4498.23,4498.45,4493.83,4495.37,1263,35
2026.06.01 09:50:00,4495.32,4498.3,4493.98,4497.75,1161,35
2026.06.01 09:55:00,4497.74,4497.74,4494.35,4495.84,1145,35
2026.06.01 10:00:00,4495.85,4498.99,4495.85,4498.11,1124,35
2026.06.01 10:05:00,4498.1,4501.15,4496.22,4500.01,1152,35
2026.06.01 10:10:00,4500.0,4502.24,4499.29,4501.41,1029,35
2026.06.01 10:15:00,4501.46,4502.03,4499.31,4500.09,983,35
2026.06.01 10:20:00,4500.1,4500.45,4496.02,4500.4,1180,35
2026.06.01 10:25:00,4500.39,4503.41,4500.25,4500.73,905,35
2026.06.01 10:30:00,4500.75,4505.26,4500.41,4504.74,1088,35
2026.06.01 10:35:00,4504.69,4506.61,4503.2,4503.21,1195,35
2026.06.01 10:40:00,4503.05,4507.4,4503.05,4505.87,1082,35
2026.06.01 10:45:00,4505.86,4510.32,4505.11,4509.29,1214,35
2026.06.01 10:50:00,4509.01,4510.87,4506.84,4507.18,1127,35
2026.06.01 10:55:00,4507.23,4507.34,4502.74,4503.93,1318,35
2026.06.01 11:00:00,4503.85,4506.62,4500.13,4500.13,1380,35
2026.06.01 11:05:00,4500.12,4505.69,4499.81,4505.53,1251,35
2026.06.01 11:10:00,4505.58,4505.59,4503.16,4504.88,1033,35
2026.06.01 11:15:00,4504.89,4509.78,4504.11,4509.69,1090,35
2026.06.01 11:20:00,4509.59,4512.77,4508.48,4508.84,1287,35
2026.06.01 11:25:00,4508.74,4511.89,4507.77,4510.58,1147,35
2026.06.01 11:30:00,4510.56,4512.29,4506.46,4506.67,1114,35
2026.06.01 11:35:00,4506.67,4510.91,4506.04,4509.98,1023,35
2026.06.01 11:40:00,4510.0,4510.59,4506.39,4507.07,1175,35
2026.06.01 11:45:00,4507.08,4509.68,4506.79,4508.63,1081,35
2026.06.01 11:50:00,4508.61,4508.61,4506.39,4507.35,1036,35
2026.06.01 11:55:00,4507.22,4507.96,4505.3,4505.64,1167,35
2026.06.01 12:00:00,4505.37,4506.84,4503.32,4505.9,1261,35
2026.06.01 12:05:00,4505.87,4509.06,4505.78,4507.71,1157,35
2026.06.01 12:10:00,4507.71,4509.59,4502.71,4503.06,1226,35
2026.06.01 12:15:00,4503.07,4505.57,4501.18,4503.34,1339,35
2026.06.01 12:20:00,4502.79,4503.24,4497.26,4501.74,1512,35
2026.06.01 12:25:00,4501.77,4507.72,4501.28,4505.44,1549,35
2026.06.01 12:30:00,4505.43,4505.48,4497.69,4500.89,1565,35
2026.06.01 12:35:00,4500.91,4503.37,4499.05,4503.37,1400,35
2026.06.01 12:40:00,4503.51,4508.12,4499.1,4507.29,1465,35
2026.06.01 12:45:00,4507.24,4510.33,4505.44,4506.83,1585,35
2026.06.01 12:50:00,4506.66,4508.44,4505.14,4505.6,1335,35
2026.06.01 12:55:00,4505.59,4506.01,4498.25,4502.14,1397,35
2026.06.01 13:00:00,4502.79,4503.84,4495.61,4501.8,1847,35
2026.06.01 13:05:00,4501.71,4502.32,4496.25,4501.05,1589,35
2026.06.01 13:10:00,4500.98,4501.0,4472.49,4484.12,2124,35
2026.06.01 13:15:00,4484.27,4489.45,4479.36,4482.13,2027,35
2026.06.01 13:20:00,4482.19,4483.01,4463.74,4465.71,2154,35
2026.06.01 13:25:00,4465.91,4469.24,4462.51,4465.04,2040,35
2026.06.01 13:30:00,4465.52,4469.96,4458.67,4466.0,2207,35
2026.06.01 13:35:00,4466.01,4478.4,4462.58,4472.91,2131,35
2026.06.01 13:40:00,4472.86,4474.36,4465.19,4467.19,2037,35
2026.06.01 13:45:00,4467.19,4469.52,4463.27,4464.73,2024,35
2026.06.01 13:50:00,4464.68,4465.37,4452.67,4454.63,2120,35
2026.06.01 13:55:00,4454.42,4455.37,4448.83,4450.08,1945,35
2026.06.01 14:00:00,4449.89,4454.37,4447.27,4454.27,2047,35
2026.06.01 14:05:00,4454.41,4461.46,4449.56,4460.22,1977,35
2026.06.01 14:10:00,4460.38,4462.2,4456.18,4461.36,1878,35
2026.06.01 14:15:00,4461.26,4465.07,4454.02,4457.36,1995,35
2026.06.01 14:20:00,4457.19,4461.61,4454.9,4455.21,1848,35
2026.06.01 14:25:00,4455.53,4456.23,4449.56,4456.23,1802,35
2026.06.01 14:30:00,4456.14,4460.42,4453.76,4458.41,1767,35
2026.06.01 14:35:00,4458.08,4460.31,4454.11,4455.39,1711,35
2026.06.01 14:40:00,4455.41,4461.31,4455.05,4459.9,1719,35
2026.06.01 14:45:00,4459.89,4461.2,4453.67,4454.74,1718,35
2026.06.01 14:50:00,4454.86,4456.48,4451.96,4455.98,1774,35
2026.06.01 14:55:00,4455.98,4458.79,4454.91,4458.63,1640,35
2026.06.01 15:00:00,4458.76,4462.47,4457.43,4460.15,1616,35
2026.06.01 15:05:00,4460.16,4465.17,4455.34,4462.51,1749,35
2026.06.01 15:10:00,4461.98,4465.25,4460.63,4464.14,1633,35
2026.06.01 15:15:00,4464.26,4467.25,4463.26,4465.22,1619,35
2026.06.01 15:20:00,4465.21,4467.96,4464.01,4466.95,1492,35
2026.06.01 15:25:00,4466.93,4470.15,4465.73,4468.3,1418,35
2026.06.01 15:30:00,4468.26,4478.68,4467.87,4477.07,2021,35
2026.06.01 15:35:00,4477.1,4479.66,4473.98,4476.56,1855,35
2026.06.01 15:40:00,4476.58,4477.31,4471.23,4472.26,1569,35
2026.06.01 15:45:00,4472.28,4474.65,4468.53,4469.66,1463,35
2026.06.01 15:50:00,4469.65,4472.1,4468.87,4471.06,1306,35
2026.06.01 15:55:00,4471.04,4475.3,4471.01,4474.06,1382,35
2026.06.01 16:00:00,4474.06,4478.37,4472.46,4473.21,1404,35
2026.06.01 16:05:00,4473.23,4474.16,4468.28,4468.67,1314,35
2026.06.01 16:10:00,4468.68,4468.77,4465.12,4467.12,1477,35
2026.06.01 16:15:00,4467.03,4467.37,4462.99,4466.68,1428,35
2026.06.01 16:20:00,4466.71,4468.7,4464.57,4468.17,1256,35
2026.06.01 16:25:00,4468.16,4469.22,4466.69,4467.88,1226,35
2026.06.01 16:30:00,4467.85,4471.89,4467.85,4469.35,1330,35
2026.06.01 16:35:00,4469.34,4471.01,4467.78,4469.13,1325,35
2026.06.01 16:40:00,4468.98,4469.96,4467.71,4467.96,1119,35
2026.06.01 16:45:00,4467.98,4471.85,4467.36,4471.79,1217,35
2026.06.01 16:50:00,4471.79,4480.66,4471.64,4479.76,1650,35
2026.06.01 16:55:00,4479.81,4482.16,4478.49,4480.05,1541,35
2026.06.01 17:00:00,4480.19,4480.84,4475.49,4476.19,1559,35
2026.06.01 17:05:00,4476.2,4477.31,4471.37,4473.29,1373,35
2026.06.01 17:10:00,4473.33,4475.94,4473.06,4474.88,1069,43
2026.06.01 17:15:00,4474.87,4475.67,4473.28,4475.65,1046,43
2026.06.01 17:20:00,4475.66,4476.5,4473.91,4475.0,1075,35
2026.06.01 17:25:00,4474.99,4482.63,4472.18,4482.54,1210,42
2026.06.01 17:30:00,4482.68,4485.38,4480.21,4481.15,1829,35
2026.06.01 17:35:00,4481.16,4484.49,4480.46,4482.74,1429,35
2026.06.01 17:40:00,4482.74,4491.32,4482.74,4491.3,1622,41
2026.06.01 17:45:00,4491.31,4495.47,4491.12,4491.36,1563,35
2026.06.01 17:50:00,4491.4,4492.01,4489.02,4491.27,1302,43
2026.06.01 17:55:00,4491.28,4491.52,4487.34,4487.42,1160,43
2026.06.01 18:00:00,4487.48,4488.38,4486.21,4486.7,1071,35
2026.06.01 18:05:00,4486.74,4490.09,4486.6,4489.7,975,43
2026.06.01 18:10:00,4489.7,4489.89,4487.97,4488.45,813,43
2026.06.01 18:15:00,4488.45,4489.22,4486.61,4489.1,893,43
2026.06.01 18:20:00,4489.11,4489.96,4488.45,4489.1,781,43
2026.06.01 18:25:00,4489.09,4489.23,4486.28,4486.57,965,43
2026.06.01 18:30:00,4486.78,4487.16,4484.77,4485.97,824,43
2026.06.01 18:35:00,4485.98,4487.16,4485.68,4486.01,676,43
2026.06.01 18:40:00,4486.0,4488.16,4485.73,4487.95,751,43
2026.06.01 18:45:00,4487.89,4488.5,4487.44,4488.45,680,43
2026.06.01 18:50:00,4488.46,4488.46,4487.05,4487.08,780,43
2026.06.01 18:55:00,4487.05,4488.51,4486.45,4486.58,820,43
2026.06.01 19:00:00,4486.59,4488.13,4485.11,4487.74,957,35
2026.06.01 19:05:00,4487.69,4488.03,4484.62,4485.13,720,42
2026.06.01 19:10:00,4485.14,4487.12,4485.14,4485.31,830,43
2026.06.01 19:15:00,4485.31,4486.39,4484.56,4485.76,806,43
2026.06.01 19:20:00,4485.75,4486.42,4484.96,4485.64,850,43
2026.06.01 19:25:00,4485.63,4486.19,4484.26,4484.64,767,43
2026.06.01 19:30:00,4484.64,4485.69,4483.48,4483.74,848,43
2026.06.01 19:35:00,4483.74,4485.42,4482.93,4484.38,966,43
2026.06.01 19:40:00,4484.35,4485.35,4483.23,4483.52,884,43
2026.06.01 19:45:00,4483.51,4484.28,4482.73,4483.53,935,43
2026.06.01 19:50:00,4483.64,4483.64,4479.7,4480.02,1182,43
2026.06.01 19:55:00,4480.05,4481.35,4478.91,4481.32,1194,43
2026.06.01 20:00:00,4481.32,4483.72,4480.08,4482.71,735,35
2026.06.01 20:05:00,4482.67,4484.18,4482.35,4483.33,592,40
2026.06.01 20:10:00,4483.29,4483.86,4482.3,4483.33,531,43
2026.06.01 20:15:00,4483.39,4484.24,4482.82,4482.85,403,43
2026.06.01 20:20:00,4482.83,4483.14,4482.03,4482.44,368,43
2026.06.01 20:25:00,4482.45,4483.57,4482.32,4483.04,368,43
2026.06.01 20:30:00,4483.07,4484.58,4481.92,4484.45,411,43
2026.06.01 20:35:00,4484.46,4484.56,4482.95,4483.93,443,42
2026.06.01 20:40:00,4483.93,4484.6,4482.18,4482.33,529,35
2026.06.01 20:45:00,4482.15,4483.91,4481.17,4483.81,522,42
2026.06.01 20:50:00,4483.82,4484.06,4482.25,4483.04,353,42
2026.06.01 20:55:00,4483.0,4485.83,4482.69,4484.66,361,42
2026.06.01 22:00:00,4486.08,4486.18,4482.57,4483.19,403,43
2026.06.01 22:05:00,4483.17,4483.66,4481.81,4482.51,402,43
2026.06.01 22:10:00,4482.52,4484.73,4482.06,4484.63,412,43
2026.06.01 22:15:00,4484.54,4485.26,4483.8,4484.11,454,35
2026.06.01 22:20:00,4484.19,4484.7,4481.63,4482.65,699,35
2026.06.01 22:25:00,4482.64,4483.96,4481.33,4481.49,498,43
2026.06.01 22:30:00,4481.42,4483.43,4481.24,4481.29,336,43
2026.06.01 22:35:00,4481.24,4482.81,4479.62,4482.71,511,43
2026.06.01 22:40:00,4482.71,4483.44,4480.87,4481.4,424,43
2026.06.01 22:45:00,4481.4,4485.59,4481.38,4484.11,420,35
2026.06.01 22:50:00,4484.12,4484.7,4483.38,4483.82,297,43
2026.06.01 22:55:00,4483.79,4486.54,4483.76,4485.52,555,43
2026.06.01 23:00:00,4485.39,4487.71,4481.86,4486.21,704,35
2026.06.01 23:05:00,4486.23,4486.29,4484.73,4485.13,325,43
2026.06.01 23:10:00,4485.21,4486.4,4485.07,4486.07,402,43
2026.06.01 23:15:00,4486.05,4487.98,4485.89,4486.49,396,35
2026.06.01 23:20:00,4486.38,4487.64,4485.36,4487.62,336,43
2026.06.01 23:25:00,4487.62,4488.17,4487.06,4487.17,354,43
2026.06.01 23:30:00,4487.17,4487.43,4484.49,4484.64,590,43
2026.06.01 23:35:00,4484.63,4485.53,4480.43,4484.5,766,43
2026.06.01 23:40:00,4484.49,4486.72,4483.22,4483.37,777,39
2026.06.01 23:45:00,4483.36,4483.44,4479.45,4480.89,969,42
2026.06.01 23:50:00,4480.88,4484.82,4480.78,4484.68,747,36
2026.06.01 23:55:00,4484.67,4485.81,4483.91,4484.27,614,35
2026.06.02 00:00:00,4484.45,4485.06,4481.33,4484.45,1165,43
2026.06.02 00:05:00,4484.43,4485.13,4476.55,4478.33,1474,43
2026.06.02 00:10:00,4478.36,4481.5,4478.05,4481.12,1354,43
2026.06.02 00:15:00,4481.0,4485.43,4480.9,4485.04,1395,35
2026.06.02 00:20:00,4485.04,4489.52,4484.05,4489.49,1205,43
2026.06.02 00:25:00,4489.43,4493.7,4488.51,4493.69,1201,42
2026.06.02 00:30:00,4493.74,4497.0,4488.74,4489.24,1297,42
2026.06.02 00:35:00,4489.3,4491.39,4488.38,4489.05,1131,43
2026.06.02 00:40:00,4489.05,4489.34,4484.87,4487.0,1151,43
2026.06.02 00:45:00,4486.96,4487.71,4480.66,4481.4,1133,43
2026.06.02 00:50:00,4481.37,4483.86,4481.25,4481.59,1204,43
2026.06.02 00:55:00,4481.55,4484.07,4480.64,4481.48,1171,42
2026.06.02 01:00:00,4481.31,4486.89,4473.8,4481.53,1890,35
2026.06.02 01:05:00,4481.49,4485.79,4478.96,4479.46,1618,42
2026.06.02 01:10:00,4479.49,4491.87,4478.87,4489.8,1759,42
2026.06.02 01:15:00,4489.79,4489.97,4481.56,4485.92,1728,38
2026.06.02 01:20:00,4485.94,4488.34,4481.0,4482.99,1526,42
2026.06.02 01:25:00,4483.08,4492.3,4482.92,4486.31,1575,42
2026.06.02 01:30:00,4486.3,4489.35,4485.95,4487.12,1413,42
2026.06.02 01:35:00,4487.18,4489.26,4480.51,4481.74,1403,41
2026.06.02 01:40:00,4481.74,4485.19,4479.45,4479.88,1419,42
2026.06.02 01:45:00,4479.85,4482.25,4471.86,4475.22,1603,35
2026.06.02 01:50:00,4475.19,4476.17,4462.73,4473.32,1707,43
2026.06.02 01:55:00,4473.12,4476.6,4471.18,4474.04,1581,43
2026.06.02 02:00:00,4473.95,4480.88,4472.6,4473.42,1745,42
2026.06.02 02:05:00,4473.84,4474.93,4472.14,4474.65,1309,43
2026.06.02 02:10:00,4474.64,4480.54,4473.84,4480.42,1340,43
2026.06.02 02:15:00,4480.39,4482.0,4478.53,4480.9,1156,35
2026.06.02 02:20:00,4480.97,4484.67,4480.97,4483.84,1094,43
2026.06.02 02:25:00,4483.82,4484.47,4481.43,4481.8,1021,43
2026.06.02 02:30:00,4481.81,4485.51,4479.76,4481.09,1329,43
2026.06.02 02:35:00,4481.08,4483.76,4478.78,4478.81,1120,43
2026.06.02 02:40:00,4478.81,4479.17,4474.18,4476.32,1205,43
2026.06.02 02:45:00,4476.37,4477.73,4473.54,4474.46,1188,42
2026.06.02 02:50:00,4474.4,4479.76,4474.16,4478.61,1059,43
2026.06.02 02:55:00,4478.61,4486.3,4478.56,4485.84,1092,43
2026.06.02 03:00:00,4485.84,4492.36,4485.54,4488.07,1384,35
2026.06.02 03:05:00,4488.1,4489.46,4485.54,4486.51,1102,43
2026.06.02 03:10:00,4486.51,4489.13,4486.16,4488.16,1076,43
2026.06.02 03:15:00,4488.08,4491.3,4487.98,4489.76,1079,43
2026.06.02 03:20:00,4489.76,4490.01,4485.72,4490.01,1175,43
2026.06.02 03:25:00,4490.0,4497.25,4489.24,4494.96,1281,42
2026.06.02 03:30:00,4494.96,4499.33,4492.74,4493.9,1348,35
2026.06.02 03:35:00,4493.9,4498.78,4493.68,4494.49,1077,35
2026.06.02 03:40:00,4494.48,4497.15,4494.19,4497.06,915,43
2026.06.02 03:45:00,4496.82,4499.35,4495.24,4498.02,808,43
2026.06.02 03:50:00,4497.79,4498.3,4496.83,4497.31,745,43
2026.06.02 03:55:00,4497.31,4499.25,4497.3,4499.2,674,43
2026.06.02 04:00:00,4499.19,4501.4,4497.74,4500.26,928,35
2026.06.02 04:05:00,4500.26,4503.19,4500.24,4502.08,897,43
2026.06.02 04:10:00,4502.08,4505.34,4502.08,4504.56,839,43
2026.06.02 04:15:00,4504.5,4510.0,4504.02,4507.65,1034,36
2026.06.02 04:20:00,4507.69,4508.09,4505.22,4505.44,954,43
2026.06.02 04:25:00,4505.44,4505.96,4504.11,4504.52,919,42
2026.06.02 04:30:00,4504.51,4507.75,4503.31,4507.61,1015,43
2026.06.02 04:35:00,4507.62,4508.89,4507.14,4508.73,837,43
2026.06.02 04:40:00,4508.72,4510.89,4508.16,4510.09,908,43
2026.06.02 04:45:00,4510.09,4515.82,4509.69,4512.49,797,43
2026.06.02 04:50:00,4512.52,4514.27,4511.66,4512.76,841,43
2026.06.02 04:55:00,4512.76,4518.07,4512.69,4517.25,990,43
2026.06.02 05:00:00,4517.27,4518.13,4515.21,4515.74,934,35
2026.06.02 05:05:00,4515.74,4517.42,4515.36,4515.99,859,43
2026.06.02 05:10:00,4515.95,4518.54,4514.91,4518.39,868,35
2026.06.02 05:15:00,4518.39,4519.51,4516.95,4518.51,1013,35
2026.06.02 05:20:00,4518.55,4520.52,4517.3,4518.68,929,43
2026.06.02 05:25:00,4518.44,4521.84,4516.44,4519.63,1078,43
2026.06.02 05:30:00,4519.69,4526.46,4519.56,4524.81,1780,43
2026.06.02 05:35:00,4526.36,4528.05,4523.08,4523.48,1417,42
2026.06.02 05:40:00,4523.5,4526.79,4522.63,4524.3,1192,43
2026.06.02 05:45:00,4524.3,4526.16,4521.76,4523.32,1275,42
2026.06.02 05:50:00,4522.94,4523.65,4518.24,4519.43,1249,42
2026.06.02 05:55:00,4519.41,4519.66,4515.93,4516.91,1309,35
2026.06.02 06:00:00,4516.91,4520.8,4516.8,4520.59,1322,35
2026.06.02 06:05:00,4520.59,4524.61,4520.23,4520.71,1246,42
2026.06.02 06:10:00,4520.74,4522.52,4518.64,4518.97,1228,35
2026.06.02 06:15:00,4518.97,4524.11,4517.91,4520.11,1349,35
2026.06.02 06:20:00,4520.13,4530.81,4520.13,4529.57,1369,35
2026.06.02 06:25:00,4529.56,4533.92,4525.99,4532.95,1516,39
2026.06.02 06:30:00,4532.95,4537.09,4532.85,4535.44,1394,43
2026.06.02 06:35:00,4535.21,4538.4,4533.67,4533.83,1274,35
2026.06.02 06:40:00,4533.84,4534.29,4531.6,4532.61,739,35
2026.06.02 06:45:00,4532.62,4535.46,4532.28,4533.57,652,43
2026.06.02 06:50:00,4533.54,4534.08,4531.84,4532.83,672,43
2026.06.02 06:55:00,4532.87,4536.68,4532.56,4535.63,737,43
2026.06.02 07:00:00,4535.74,4537.75,4533.23,4535.89,734,35
2026.06.02 07:05:00,4535.9,4537.92,4533.87,4537.77,783,35
2026.06.02 07:10:00,4537.71,4541.35,4537.71,4539.95,779,35
2026.06.02 07:15:00,4539.78,4540.45,4537.48,4539.25,775,35
2026.06.02 07:20:00,4539.24,4539.26,4536.51,4536.82,758,35
2026.06.02 07:25:00,4536.74,4537.08,4533.26,4533.98,702,35
2026.06.02 07:30:00,4533.91,4535.24,4531.81,4533.57,716,35
2026.06.02 07:35:00,4533.54,4534.03,4531.73,4532.84,717,35
2026.06.02 07:40:00,4532.83,4534.69,4531.11,4531.8,747,35
2026.06.02 07:45:00,4531.79,4532.24,4529.76,4531.57,753,35
2026.06.02 07:50:00,4531.56,4532.01,4527.92,4530.58,708,35
2026.06.02 07:55:00,4530.62,4535.43,4530.6,4535.02,806,35
2026.06.02 08:00:00,4535.08,4537.06,4533.04,4534.35,802,35
2026.06.02 08:05:00,4534.36,4539.04,4533.49,4535.43,792,35
2026.06.02 08:10:00,4535.4,4537.4,4534.29,4534.7,723,35
2026.06.02 08:15:00,4534.71,4535.4,4531.5,4532.45,744,35
2026.06.02 08:20:00,4532.47,4534.61,4530.17,4534.1,738,35
2026.06.02 08:25:00,4534.09,4534.24,4529.93,4531.09,751,35
2026.06.02 08:30:00,4530.97,4533.29,4530.62,4531.93,761,35
2026.06.02 08:35:00,4532.05,4532.17,4529.3,4530.1,711,35
2026.06.02 08:40:00,4530.08,4530.53,4528.2,4528.71,702,35
2026.06.02 08:45:00,4528.63,4530.16,4527.63,4529.46,718,35
2026.06.02 08:50:00,4529.45,4529.64,4527.57,4527.8,693,35
2026.06.02 08:55:00,4527.76,4528.31,4525.88,4526.6,804,35
2026.06.02 09:00:00,4526.7,4527.78,4525.22,4527.32,769,35
2026.06.02 09:05:00,4527.36,4530.78,4527.35,4528.87,764,35
2026.06.02 09:10:00,4528.78,4534.17,4528.78,4533.87,709,35
2026.06.02 09:15:00,4533.9,4535.67,4532.76,4534.6,778,35
2026.06.02 09:20:00,4534.59,4534.6,4528.66,4529.15,773,35
2026.06.02 09:25:00,4529.17,4530.09,4525.38,4526.73,800,35
2026.06.02 09:30:00,4526.72,4527.25,4521.91,4525.56,922,35
2026.06.02 09:35:00,4525.54,4526.67,4523.42,4524.3,699,35
2026.06.02 09:40:00,4524.29,4525.96,4522.11,4525.54,790,35
2026.06.02 09:45:00,4525.38,4527.21,4524.98,4526.27,726,35
2026.06.02 09:50:00,4526.29,4531.11,4525.84,4530.45,629,35
2026.06.02 09:55:00,4530.46,4531.45,4527.32,4529.91,677,35
2026.06.02 10:00:00,4529.74,4530.74,4527.58,4528.23,667,35
2026.06.02 10:05:00,4528.28,4530.27,4528.24,4529.32,661,35
2026.06.02 10:10:00,4529.33,4531.64,4528.21,4528.86,639,35
2026.06.02 10:15:00,4528.63,4529.55,4528.03,4529.02,644,35
2026.06.02 10:20:00,4529.05,4529.05,4524.57,4525.22,661,35
2026.06.02 10:25:00,4525.26,4528.56,4524.99,4528.33,615,35
2026.06.02 10:30:00,4528.31,4528.65,4526.95,4527.95,590,35
2026.06.02 10:35:00,4527.91,4528.4,4525.38,4526.59,606,35
2026.06.02 10:40:00,4526.6,4528.72,4526.14,4528.72,581,35
2026.06.02 10:45:00,4528.73,4532.89,4528.72,4530.62,728,35
2026.06.02 10:50:00,4530.61,4532.35,4529.48,4532.25,600,35
2026.06.02 10:55:00,4532.26,4533.91,4531.15,4533.1,656,35
2026.06.02 11:00:00,4533.13,4534.59,4530.79,4531.04,698,35
2026.06.02 11:05:00,4531.03,4531.27,4529.08,4529.83,730,35
2026.06.02 11:10:00,4529.84,4531.31,4528.68,4528.8,669,35
2026.06.02 11:15:00,4528.75,4529.57,4526.6,4527.89,635,35
2026.06.02 11:20:00,4527.91,4528.96,4527.39,4528.66,694,35
2026.06.02 11:25:00,4528.69,4529.96,4527.22,4529.96,636,35
2026.06.02 11:30:00,4530.32,4530.69,4528.74,4529.86,697,35
2026.06.02 11:35:00,4529.85,4529.97,4526.12,4527.28,714,35
2026.06.02 11:40:00,4527.17,4528.61,4526.71,4526.83,685,35
2026.06.02 11:45:00,4526.83,4529.64,4525.52,4529.03,763,35
2026.06.02 11:50:00,4529.01,4529.53,4528.37,4528.49,687,35
2026.06.02 11:55:00,4528.56,4530.44,4525.52,4527.43,767,35
2026.06.02 12:00:00,4527.61,4528.57,4525.93,4527.75,758,35
2026.06.02 12:05:00,4527.74,4528.2,4524.86,4527.29,781,35
2026.06.02 12:10:00,4527.27,4527.79,4525.92,4526.22,706,35
2026.06.02 12:15:00,4526.21,4527.74,4523.96,4526.74,796,35
2026.06.02 12:20:00,4526.82,4532.16,4526.36,4530.82,899,35
2026.06.02 12:25:00,4531.17,4533.85,4527.71,4529.22,901,35
2026.06.02 12:30:00,4529.1,4529.29,4522.01,4528.04,822,35
2026.06.02 12:35:00,4527.25,4533.56,4523.08,4524.75,900,35
2026.06.02 12:40:00,4524.72,4527.17,4523.83,4524.79,758,35
2026.06.02 12:45:00,4525.06,4525.88,4519.88,4520.2,797,35
2026.06.02 12:50:00,4520.19,4521.2,4514.09,4514.91,917,35
2026.06.02 12:55:00,4514.9,4517.43,4513.44,4514.2,944,35
2026.06.02 13:00:00,4514.94,4520.49,4513.29,4520.06,968,35
2026.06.02 13:05:00,4520.05,4524.71,4513.43,4516.43,989,35
2026.06.02 13:10:00,4516.39,4518.22,4511.97,4513.89,923,35
2026.06.02 13:15:00,4514.05,4517.04,4512.52,4512.7,893,35
2026.06.02 13:20:00,4512.73,4514.62,4510.29,4513.06,957,35
2026.06.02 13:25:00,4513.05,4515.57,4509.87,4510.73,873,35
2026.06.02 13:30:00,4510.72,4510.99,4506.67,4508.05,1022,35
2026.06.02 13:35:00,4508.04,4511.94,4506.16,4510.97,980,35
2026.06.02 13:40:00,4510.63,4514.36,4507.56,4508.37,968,35
2026.06.02 13:45:00,4508.35,4510.91,4506.52,4509.66,934,35
2026.06.02 13:50:00,4509.55,4513.61,4504.63,4504.63,938,35
2026.06.02 13:55:00,4504.45,4506.02,4502.58,4502.58,1106,35
2026.06.02 14:00:00,4502.4,4505.76,4498.31,4502.27,1005,35
2026.06.02 14:05:00,4502.29,4504.85,4500.53,4502.79,955,35
2026.06.02 14:10:00,4502.81,4506.97,4502.71,4504.1,962,35
2026.06.02 14:15:00,4504.11,4504.96,4492.58,4495.85,1020,35
2026.06.02 14:20:00,4496.05,4498.12,4490.25,4493.04,1016,35
2026.06.02 14:25:00,4492.93,4497.05,4492.07,4495.53,957,35
2026.06.02 14:30:00,4495.86,4499.64,4495.54,4499.27,899,35
2026.06.02 14:35:00,4499.2,4504.31,4499.19,4502.39,863,35
2026.06.02 14:40:00,4502.74,4505.27,4501.04,4504.4,862,35
2026.06.02 14:45:00,4504.23,4506.3,4502.98,4503.74,858,35
2026.06.02 14:50:00,4503.73,4504.25,4500.79,4504.11,857,35
2026.06.02 14:55:00,4504.06,4505.45,4501.15,4504.01,863,35
2026.06.02 15:00:00,4504.0,4506.78,4502.62,4502.65,855,35
2026.06.02 15:05:00,4502.98,4508.06,4501.5,4506.71,847,35
2026.06.02 15:10:00,4506.71,4507.47,4502.43,4503.42,851,35
2026.06.02 15:15:00,4503.34,4505.17,4503.31,4504.3,863,35
2026.06.02 15:20:00,4504.41,4506.15,4502.16,4503.85,789,35
2026.06.02 15:25:00,4503.73,4505.86,4501.47,4505.34,838,35
2026.06.02 15:30:00,4505.49,4506.72,4502.92,4506.19,840,35
2026.06.02 15:35:00,4506.15,4508.47,4504.42,4504.42,804,35
2026.06.02 15:40:00,4504.41,4504.68,4500.07,4502.32,839,35
2026.06.02 15:45:00,4502.41,4506.99,4501.71,4505.51,857,35
2026.06.02 15:50:00,4505.68,4505.74,4502.45,4503.78,725,35
2026.06.02 15:55:00,4503.68,4503.82,4501.27,4502.02,800,35
2026.06.02 16:00:00,4502.0,4502.84,4499.73,4500.82,863,35
2026.06.02 16:05:00,4500.75,4502.62,4498.12,4501.92,923,35
2026.06.02 16:10:00,4502.03,4502.08,4498.05,4498.12,861,35
2026.06.02 16:15:00,4498.07,4498.36,4494.28,4494.68,820,35
2026.06.02 16:20:00,4494.72,4496.15,4492.42,4494.59,951,35
2026.06.02 16:25:00,4494.84,4494.89,4490.25,4490.25,918,35
2026.06.02 16:30:00,4490.27,4491.4,4489.14,4489.61,935,35
2026.06.02 16:35:00,4489.52,4489.98,4486.37,4487.63,839,35
2026.06.02 16:40:00,4487.58,4490.81,4486.47,4489.73,940,35
2026.06.02 16:45:00,4489.66,4491.81,4489.08,4490.9,795,35
2026.06.02 16:50:00,4490.88,4491.61,4489.27,4489.4,813,35
2026.06.02 16:55:00,4489.36,4491.9,4489.29,4491.82,791,35
2026.06.02 17:00:00,4491.78,4492.9,4489.45,4490.29,853,35
2026.06.02 17:05:00,4490.12,4491.93,4486.92,4486.93,919,43
2026.06.02 17:10:00,4486.96,4489.87,4486.68,4489.48,971,43
2026.06.02 17:15:00,4489.49,4490.06,4486.67,4487.12,903,43
2026.06.02 17:20:00,4487.14,4488.63,4486.32,4488.09,925,43
2026.06.02 17:25:00,4488.22,4491.49,4487.35,4491.0,1050,43
2026.06.02 17:30:00,4490.79,4491.62,4488.39,4488.42,932,43
2026.06.02 17:35:00,4488.4,4488.72,4482.02,4482.78,1098,43
2026.06.02 17:40:00,4482.87,4485.34,4482.61,4484.48,1019,43
2026.06.02 17:45:00,4484.46,4486.18,4484.17,4485.87,849,43
2026.06.02 17:50:00,4485.83,4486.47,4483.48,4483.77,908,43
2026.06.02 17:55:00,4483.76,4484.88,4482.41,4484.52,903,43
2026.06.02 18:00:00,4484.57,4488.45,4484.26,4486.35,903,43
2026.06.02 18:05:00,4486.34,4487.48,4485.15,4487.41,829,43
2026.06.02 18:10:00,4487.4,4487.86,4484.93,4485.05,804,43
2026.06.02 18:15:00,4485.02,4486.01,4483.96,4484.86,898,43
2026.06.02 18:20:00,4484.82,4487.57,4484.38,4487.42,800,43
2026.06.02 18:25:00,4487.42,4490.85,4487.24,4488.25,902,43
2026.06.02 18:30:00,4488.32,4489.23,4486.75,4488.12,823,43
2026.06.02 18:35:00,4488.09,4488.13,4484.59,4485.23,856,43
2026.06.02 18:40:00,4485.15,4485.42,4478.62,4480.45,1030,43
2026.06.02 18:45:00,4480.42,4486.53,4480.14,4486.51,838,43
2026.06.02 18:50:00,4486.54,4490.39,4485.83,4487.27,865,43
2026.06.02 18:55:00,4487.29,4488.73,4486.96,4487.27,726,43
2026.06.02 19:00:00,4487.34,4489.05,4487.28,4488.63,747,43
2026.06.02 19:05:00,4488.62,4488.99,4488.0,4488.46,736,43
2026.06.02 19:10:00,4488.43,4488.78,4487.12,4487.17,683,43
2026.06.02 19:15:00,4487.15,4487.68,4486.29,4486.58,769,43
2026.06.02 19:20:00,4486.59,4486.96,4485.6,4486.15,692,43
2026.06.02 19:25:00,4486.16,4489.53,4486.04,4489.47,723,43
2026.06.02 19:30:00,4489.42,4490.24,4485.9,4486.4,697,43
2026.06.02 19:35:00,4486.41,4486.57,4483.33,4484.39,844,43
2026.06.02 19:40:00,4484.38,4487.37,4483.72,4487.2,763,43
2026.06.02 19:45:00,4487.25,4487.89,4485.57,4486.87,838,43
2026.06.02 19:50:00,4486.63,4487.39,4485.66,4486.08,812,43
2026.06.02 19:55:00,4486.32,4488.47,4486.22,4487.97,917,43
2026.06.02 20:00:00,4487.87,4487.96,4486.07,4487.3,527,43
2026.06.02 20:05:00,4487.33,4488.57,4487.11,4487.95,452,43
2026.06.02 20:10:00,4487.96,4489.8,4487.82,4489.75,456,43
2026.06.02 20:15:00,4489.77,4490.96,4489.41,4490.28,415,43
2026.06.02 20:20:00,4490.26,4490.27,4488.89,4489.21,344,43
2026.06.02 20:25:00,4489.38,4489.87,4488.42,4489.66,234,43
2026.06.02 20:30:00,4489.69,4490.83,4489.01,4489.45,329,43
2026.06.02 20:35:00,4489.44,4490.3,4489.05,4489.44,336,52
2026.06.02 20:40:00,4489.31,4490.17,4488.72,4488.84,325,51
2026.06.02 20:45:00,4488.79,4489.75,4488.48,4488.6,343,51
2026.06.02 20:50:00,4488.59,4488.63,4487.45,4487.45,389,51
2026.06.02 20:55:00,4487.46,4488.58,4486.64,4487.25,298,48
2026.06.02 22:00:00,4492.18,4492.19,4489.56,4490.24,233,43
2026.06.02 22:05:00,4490.23,4493.03,4488.07,4491.71,446,43
2026.06.02 22:10:00,4491.67,4491.9,4489.3,4489.3,474,43
2026.06.02 22:15:00,4489.28,4490.84,4488.33,4489.03,387,43
2026.06.02 22:20:00,4489.04,4491.52,4488.15,4488.58,517,43
2026.06.02 22:25:00,4488.53,4490.11,4487.47,4489.92,526,43
2026.06.02 22:30:00,4489.75,4491.14,4488.18,4488.2,520,43
2026.06.02 22:35:00,4488.45,4489.03,4487.12,4488.53,413,43
2026.06.02 22:40:00,4488.49,4489.64,4487.86,4488.86,359,43
2026.06.02 22:45:00,4488.82,4492.11,4484.0,4488.9,688,43
2026.06.02 22:50:00,4488.93,4490.16,4486.75,4486.85,679,43
2026.06.02 22:55:00,4486.87,4488.17,4484.63,4484.69,666,43
2026.06.02 23:00:00,4484.68,4488.62,4482.41,4484.8,738,43
2026.06.02 23:05:00,4484.82,4486.78,4480.6,4482.04,784,43
2026.06.02 23:10:00,4482.13,4483.14,4474.37,4477.34,995,43
2026.06.02 23:15:00,4477.21,4477.21,4469.11,4470.09,942,43
2026.06.02 23:20:00,4470.08,4472.1,4466.52,4467.7,937,43
2026.06.02 23:25:00,4467.62,4471.13,4462.16,4467.39,992,43
2026.06.02 23:30:00,4467.44,4468.86,4462.44,4466.27,851,43
2026.06.02 23:35:00,4466.26,4468.0,4463.43,4465.66,966,43
2026.06.02 23:40:00,4465.48,4474.81,4464.08,4474.75,955,43
2026.06.02 23:45:00,4474.77,4475.13,4468.84,4471.82,846,43
2026.06.02 23:50:00,4471.52,4474.32,4470.74,4473.78,722,43
2026.06.02 23:55:00,4473.14,4474.38,4471.34,4474.29,830,43
2026.06.03 00:00:00,4474.2,4479.17,4473.87,4478.53,810,43
2026.06.03 00:05:00,4478.49,4479.73,4475.32,4476.53,708,43
2026.06.03 00:10:00,4476.52,4476.65,4474.08,4475.73,671,43
2026.06.03 00:15:00,4475.77,4479.09,4474.22,4477.4,671,43
2026.06.03 00:20:00,4477.37,4482.34,4477.14,4478.73,707,43
2026.06.03 00:25:00,4478.73,4483.16,4478.62,4482.99,587,43
2026.06.03 00:30:00,4482.99,4485.17,4481.11,4484.94,666,43
2026.06.03 00:35:00,4484.95,4491.72,4484.53,4491.45,727,43
2026.06.03 00:40:00,4491.46,4496.68,4491.27,4495.75,912,43
2026.06.03 00:45:00,4495.8,4495.83,4489.0,4490.91,755,43
2026.06.03 00:50:00,4491.01,4492.09,4488.65,4488.99,709,43
2026.06.03 00:55:00,4488.96,4489.0,4485.87,4486.04,698,43
2026.06.03 01:00:00,4486.03,4487.31,4473.27,4473.71,1050,43
2026.06.03 01:05:00,4473.64,4475.47,4467.06,4474.15,1070,43
2026.06.03 01:10:00,4474.12,4477.37,4468.69,4471.34,1122,43
2026.06.03 01:15:00,4471.42,4472.56,4468.11,4469.38,1049,43
2026.06.03 01:20:00,4469.42,4471.21,4465.8,4466.11,1011,43
2026.06.03 01:25:00,4465.8,4467.93,4463.21,4467.06,1049,43
2026.06.03 01:30:00,4467.26,4472.84,4466.73,4471.2,917,43
2026.06.03 01:35:00,4471.21,4472.59,4466.27,4466.27,887,43
2026.06.03 01:40:00,4465.84,4471.26,4464.79,4470.34,914,43
2026.06.03 01:45:00,4470.35,4475.67,4470.01,4475.54,824,43
2026.06.03 01:50:00,4475.49,4477.04,4473.3,4473.94,799,43
2026.06.03 01:55:00,4473.9,4476.75,4472.22,4475.63,890,43
2026.06.03 02:00:00,4475.72,4476.11,4472.66,4473.62,754,43
2026.06.03 02:05:00,4473.61,4479.05,4473.16,4478.58,814,43
2026.06.03 02:10:00,4478.58,4481.31,4475.39,4480.48,955,43
2026.06.03 02:15:00,4480.55,4480.93,4474.04,4476.16,759,43
2026.06.03 02:20:00,4476.17,4478.56,4475.06,4478.21,727,43
2026.06.03 02:25:00,4478.22,4480.74,4477.87,4478.74,672,43
2026.06.03 02:30:00,4478.81,4479.81,4474.73,4478.92,892,43
2026.06.03 02:35:00,4478.89,4482.1,4478.04,4481.01,825,43
2026.06.03 02:40:00,4481.02,4485.03,4478.97,4479.11,885,43
2026.06.03 02:45:00,4478.98,4479.32,4472.91,4475.55,885,43
2026.06.03 02:50:00,4475.2,4480.11,4474.05,4479.48,861,43
2026.06.03 02:55:00,4479.56,4481.89,4477.11,4481.88,860,43
2026.06.03 03:00:00,4481.8,4487.2,4481.8,4485.89,914,43
2026.06.03 03:05:00,4485.88,4487.47,4484.6,4485.29,770,43
2026.06.03 03:10:00,4485.25,4485.98,4483.52,4485.3,790,43
2026.06.03 03:15:00,4485.39,4486.38,4483.25,4485.23,684,43
2026.06.03 03:20:00,4485.25,4487.11,4484.89,4485.3,716,43
2026.06.03 03:25:00,4485.32,4485.55,4483.03,4483.32,661,43
2026.06.03 03:30:00,4483.4,4485.41,4483.05,4483.97,562,43
2026.06.03 03:35:00,4484.09,4485.63,4483.36,4484.63,469,43
2026.06.03 03:40:00,4484.61,4485.1,4483.44,4484.31,393,43
2026.06.03 03:45:00,4484.34,4484.57,4482.39,4482.76,512,43
2026.06.03 03:50:00,4482.77,4486.12,4482.61,4483.74,408,43
2026.06.03 03:55:00,4483.7,4484.65,4483.2,4484.26,354,43
2026.06.03 04:00:00,4484.4,4486.38,4483.99,4485.8,477,43
2026.06.03 04:05:00,4485.79,4486.87,4484.76,4486.03,503,43
2026.06.03 04:10:00,4485.98,4486.77,4484.46,4486.68,486,43
2026.06.03 04:15:00,4486.72,4488.09,4481.19,4481.26,597,43
2026.06.03 04:20:00,4481.39,4481.71,4480.21,4480.57,375,43
2026.06.03 04:25:00,4480.43,4480.7,4477.0,4477.0,477,43
2026.06.03 04:30:00,4476.7,4477.23,4473.5,4474.58,618,43
2026.06.03 04:35:00,4474.59,4475.3,4470.74,4471.48,612,43
2026.06.03 04:40:00,4471.47,4473.66,4471.29,4473.34,487,43
2026.06.03 04:45:00,4473.34,4473.98,4470.23,4471.35,518,43
2026.06.03 04:50:00,4471.37,4471.4,4469.87,4470.14,395,43
2026.06.03 04:55:00,4470.15,4470.49,4468.3,4469.25,542,43
2026.06.03 05:00:00,4469.27,4471.48,4467.59,4470.71,749,43
2026.06.03 05:05:00,4470.73,4471.96,4467.05,4470.47,680,43
2026.06.03 05:10:00,4470.48,4473.48,4469.8,4473.19,673,43
2026.06.03 05:15:00,4473.15,4474.11,4471.88,4472.2,554,43
2026.06.03 05:20:00,4472.16,4472.97,4468.46,4468.46,655,43
2026.06.03 05:25:00,4468.42,4469.59,4466.32,4468.45,720,43
2026.06.03 05:30:00,4468.8,4468.8,4458.97,4464.97,1065,43
2026.06.03 05:35:00,4464.98,4468.76,4462.99,4466.76,963,43
2026.06.03 05:40:00,4466.71,4466.88,4460.04,4461.9,873,43
2026.06.03 05:45:00,4461.8,4466.68,4461.06,4465.89,892,43
2026.06.03 05:50:00,4465.84,4468.16,4462.31,4463.18,853,43
2026.06.03 05:55:00,4463.07,4463.91,4456.54,4456.84,830,43
2026.06.03 06:00:00,4456.91,4467.19,4456.8,4466.86,946,43
2026.06.03 06:05:00,4466.85,4466.86,4462.0,4464.99,890,43
2026.06.03 06:10:00,4465.0,4466.25,4462.69,4465.97,882,43
2026.06.03 06:15:00,4465.95,4470.77,4465.45,4468.1,904,43
2026.06.03 06:20:00,4468.09,4470.16,4459.18,4460.17,938,43
2026.06.03 06:25:00,4460.12,4463.01,4458.83,4462.32,874,43
2026.06.03 06:30:00,4462.35,4464.88,4457.05,4459.25,871,43
2026.06.03 06:35:00,4459.55,4463.8,4458.82,4462.8,861,43
2026.06.03 06:40:00,4462.81,4463.46,4458.06,4460.42,869,43
2026.06.03 06:45:00,4460.32,4460.32,4455.12,4458.88,908,43
2026.06.03 06:50:00,4458.73,4460.4,4457.57,4458.21,832,43
2026.06.03 06:55:00,4458.24,4462.85,4458.24,4462.85,824,43
2026.06.03 07:00:00,4462.94,4466.74,4459.82,4465.15,866,35
2026.06.03 07:05:00,4465.13,4469.04,4464.23,4468.66,774,35
2026.06.03 07:10:00,4468.62,4472.12,4468.11,4469.56,884,35
2026.06.03 07:15:00,4469.57,4469.9,4462.82,4463.74,839,35
2026.06.03 07:20:00,4463.83,4464.75,4461.86,4463.33,786,35
2026.06.03 07:25:00,4463.35,4464.45,4456.17,4456.17,888,35
2026.06.03 07:30:00,4456.15,4461.73,4454.26,4461.45,805,35
2026.06.03 07:35:00,4461.36,4463.18,4458.03,4458.25,816,35
2026.06.03 07:40:00,4458.26,4461.31,4454.61,4458.7,799,35
2026.06.03 07:45:00,4458.71,4459.97,4455.73,4458.8,793,35
2026.06.03 07:50:00,4458.54,4463.86,4458.54,4459.62,747,35
2026.06.03 07:55:00,4459.66,4459.71,4452.86,4453.22,838,35
2026.06.03 08:00:00,4453.33,4458.97,4450.95,4457.56,849,35
2026.06.03 08:05:00,4457.8,4458.11,4453.36,4455.11,815,35
2026.06.03 08:10:00,4455.1,4457.73,4454.22,4455.35,801,35
2026.06.03 08:15:00,4455.36,4456.97,4452.3,4453.95,788,35
2026.06.03 08:20:00,4453.98,4455.32,4450.63,4451.38,801,35
2026.06.03 08:25:00,4451.36,4457.57,4450.72,4457.42,902,35
2026.06.03 08:30:00,4457.36,4458.42,4454.83,4456.56,795,35
2026.06.03 08:35:00,4456.59,4457.47,4454.34,4455.55,692,35
2026.06.03 08:40:00,4455.53,4458.96,4455.35,4456.41,715,35
2026.06.03 08:45:00,4456.39,4457.73,4454.02,4454.21,781,35
2026.06.03 08:50:00,4454.15,4454.87,4442.64,4444.82,946,35
2026.06.03 08:55:00,4444.8,4445.75,4440.1,4443.93,1036,35
2026.06.03 09:00:00,4443.91,4451.85,4441.89,4451.0,911,35
2026.06.03 09:05:00,4451.06,4458.92,4451.06,4456.79,914,35
2026.06.03 09:10:00,4456.37,4456.86,4451.27,4451.29,859,35
2026.06.03 09:15:00,4451.22,4451.68,4447.02,4450.06,888,35
2026.06.03 09:20:00,4450.05,4451.87,4447.05,4447.69,904,35
2026.06.03 09:25:00,4447.71,4448.94,4439.36,4439.81,861,35
2026.06.03 09:30:00,4440.1,4444.25,4439.8,4441.87,929,35
2026.06.03 09:35:00,4441.78,4447.07,4438.92,4446.88,852,35
2026.06.03 09:40:00,4446.87,4448.3,4444.21,4446.6,790,35
2026.06.03 09:45:00,4446.12,4447.43,4444.08,4446.93,769,35
2026.06.03 09:50:00,4446.87,4447.87,4443.38,4443.38,732,35
2026.06.03 09:55:00,4443.34,4444.22,4440.81,4442.95,863,35
2026.06.03 10:00:00,4442.98,4447.87,4440.87,4447.87,830,35
2026.06.03 10:05:00,4447.88,4466.63,4447.01,4461.5,1037,35
2026.06.03 10:10:00,4461.54,4464.54,4459.45,4462.94,976,35
2026.06.03 10:15:00,4462.89,4463.78,4460.49,4462.49,887,35
2026.06.03 10:20:00,4462.56,4464.23,4456.23,4456.82,909,35
2026.06.03 10:25:00,4457.14,4460.65,4453.52,4459.91,938,35
2026.06.03 10:30:00,4459.95,4462.45,4458.7,4460.08,908,35
2026.06.03 10:35:00,4460.09,4460.36,4458.14,4458.93,772,35
2026.06.03 10:40:00,4459.04,4459.12,4453.16,4454.03,795,35
2026.06.03 10:45:00,4453.99,4456.6,4453.77,4455.93,808,35
2026.06.03 10:50:00,4456.06,4459.46,4456.06,4459.03,842,35
2026.06.03 10:55:00,4459.1,4461.13,4458.29,4458.9,735,35
2026.06.03 11:00:00,4458.89,4464.55,4458.89,4464.3,882,35
2026.06.03 11:05:00,4464.32,4467.97,4462.44,4463.18,958,35
2026.06.03 11:10:00,4463.17,4464.15,4460.93,4461.88,911,35
2026.06.03 11:15:00,4461.9,4462.58,4459.08,4460.95,897,35
2026.06.03 11:20:00,4460.94,4465.73,4460.94,4462.76,889,35
2026.06.03 11:25:00,4462.78,4464.68,4461.9,4464.46,754,35
2026.06.03 11:30:00,4464.36,4467.12,4463.76,4465.77,879,35
2026.06.03 11:35:00,4465.82,4466.22,4462.86,4463.34,732,35
2026.06.03 11:40:00,4463.35,4464.56,4459.41,4460.2,833,35
2026.06.03 11:45:00,4460.31,4463.35,4458.4,4462.13,867,35
2026.06.03 11:50:00,4462.19,4464.73,4461.6,4462.49,817,35
2026.06.03 11:55:00,4462.48,4463.33,4461.29,4462.33,765,35
2026.06.03 12:00:00,4462.71,4464.46,4459.71,4463.63,831,35
2026.06.03 12:05:00,4463.65,4464.37,4457.13,4458.27,910,35
2026.06.03 12:10:00,4458.68,4461.41,4458.21,4459.05,865,35
2026.06.03 12:15:00,4458.98,4459.02,4455.81,4456.22,839,35
2026.06.03 12:20:00,4455.68,4462.25,4455.68,4457.89,935,35
2026.06.03 12:25:00,4457.81,4457.98,4451.96,4452.67,979,35
2026.06.03 12:30:00,4452.99,4456.88,4450.95,4451.37,916,35
2026.06.03 12:35:00,4451.44,4453.82,4448.11,4449.45,870,35
2026.06.03 12:40:00,4449.72,4460.47,4449.72,4458.99,931,35
2026.06.03 12:45:00,4458.76,4461.62,4456.71,4461.22,928,35
2026.06.03 12:50:00,4461.27,4467.15,4460.5,4460.5,943,35
2026.06.03 12:55:00,4460.2,4462.37,4455.37,4460.26,919,35
2026.06.03 13:00:00,4460.22,4465.26,4457.92,4463.17,969,35
2026.06.03 13:05:00,4463.16,4465.26,4462.0,4462.51,918,35
2026.06.03 13:10:00,4462.53,4465.65,4461.82,4462.18,935,35
2026.06.03 13:15:00,4462.39,4463.19,4455.33,4457.33,876,35
2026.06.03 13:20:00,4457.37,4457.92,4446.99,4450.23,995,35
2026.06.03 13:25:00,4450.19,4450.56,4445.81,4448.49,930,35
2026.06.03 13:30:00,4448.96,4453.12,4446.36,4448.02,1013,35
2026.06.03 13:35:00,4448.33,4451.55,4446.22,4448.58,980,35
2026.06.03 13:40:00,4448.49,4450.03,4427.42,4427.53,1037,35
2026.06.03 13:45:00,4427.15,4438.16,4426.27,4436.92,1071,35
2026.06.03 13:50:00,4436.91,4446.61,4435.31,4444.44,1049,35
2026.06.03 13:55:00,4444.36,4450.05,4441.68,4445.73,1023,35
2026.06.03 14:00:00,4446.0,4451.45,4442.36,4446.34,1026,35
2026.06.03 14:05:00,4446.15,4452.15,4444.93,4450.36,1012,35
2026.06.03 14:10:00,4450.38,4456.66,4450.38,4454.47,1009,35
2026.06.03 14:15:00,4454.88,4458.12,4445.87,4449.05,1030,35
2026.06.03 14:20:00,4448.0,4451.47,4447.04,4449.52,1013,35
2026.06.03 14:25:00,4449.49,4452.16,4446.48,4451.99,969,35
2026.06.03 14:30:00,4451.96,4453.2,4447.44,4449.05,949,35
2026.06.03 14:35:00,4449.11,4453.57,4448.96,4451.6,936,35
2026.06.03 14:40:00,4451.73,4452.34,4447.09,4448.17,928,35
2026.06.03 14:45:00,4448.04,4455.02,4447.92,4454.06,906,35
2026.06.03 14:50:00,4453.78,4459.52,4450.77,4458.77,962,35
2026.06.03 14:55:00,4458.68,4458.9,4455.45,4457.16,901,35
2026.06.03 15:00:00,4457.21,4458.31,4452.64,4452.85,905,35
2026.06.03 15:05:00,4452.81,4452.96,4447.96,4449.13,933,35
2026.06.03 15:10:00,4449.11,4451.96,4445.03,4445.86,906,35
2026.06.03 15:15:00,4445.8,4450.84,4444.9,4445.88,984,35
2026.06.03 15:20:00,4445.89,4446.5,4439.53,4443.11,969,35
2026.06.03 15:25:00,4443.08,4445.09,4439.76,4445.09,959,35
2026.06.03 15:30:00,4444.54,4445.42,4440.46,4440.97,947,35
2026.06.03 15:35:00,4440.88,4442.66,4436.79,4438.99,882,35
2026.06.03 15:40:00,4438.99,4442.18,4438.49,4440.03,901,35
2026.06.03 15:45:00,4439.92,4442.3,4437.92,4441.73,858,35
2026.06.03 15:50:00,4441.49,4443.91,4439.95,4441.2,837,35
2026.06.03 15:55:00,4441.0,4442.82,4440.58,4442.17,856,35
2026.06.03 16:00:00,4442.42,4443.05,4439.66,4442.75,855,35
2026.06.03 16:05:00,4442.66,4443.61,4437.23,4439.37,845,35
2026.06.03 16:10:00,4439.39,4440.56,4437.5,4439.12,879,35
2026.06.03 16:15:00,4439.37,4441.25,4436.56,4438.44,847,35
2026.06.03 16:20:00,4438.39,4439.36,4434.16,4436.28,882,35
2026.06.03 16:25:00,4436.09,4437.74,4433.86,4437.52,901,35
2026.06.03 16:30:00,4437.48,4440.71,4437.1,4440.11,898,35
2026.06.03 16:35:00,4440.08,4440.27,4436.14,4436.48,909,35
2026.06.03 16:40:00,4436.38,4439.0,4435.31,4438.93,864,35
2026.06.03 16:45:00,4438.73,4440.36,4437.48,4437.85,899,35
2026.06.03 16:50:00,4437.86,4439.54,4436.8,4437.91,815,35
2026.06.03 16:55:00,4437.9,4442.78,4437.29,4441.76,841,35
2026.06.03 17:00:00,4442.29,4444.84,4441.65,4444.53,943,43
2026.06.03 17:05:00,4444.54,4448.23,4443.17,4446.92,964,43
2026.06.03 17:10:00,4446.84,4447.09,4441.54,4441.73,910,43
2026.06.03 17:15:00,4441.88,4443.33,4441.26,4442.32,878,43
2026.06.03 17:20:00,4442.31,4442.59,4440.05,4441.93,1004,43
2026.06.03 17:25:00,4441.89,4442.76,4437.63,4438.85,955,43
2026.06.03 17:30:00,4438.04,4440.56,4435.45,4439.92,918,43
2026.06.03 17:35:00,4439.83,4440.28,4437.89,4440.06,901,43
2026.06.03 17:40:00,4440.09,4442.13,4439.35,4440.49,938,43
2026.06.03 17:45:00,4440.48,4440.73,4437.62,4438.15,911,43
2026.06.03 17:50:00,4438.25,4439.52,4436.96,4437.91,894,43
2026.06.03 17:55:00,4437.89,4439.28,4437.65,4438.91,828,43
2026.06.03 18:00:00,4438.89,4440.48,4437.96,4439.38,859,43
2026.06.03 18:05:00,4439.41,4439.42,4436.24,4437.42,903,43
2026.06.03 18:10:00,4437.41,4438.46,4435.39,4436.78,959,43
2026.06.03 18:15:00,4436.77,4437.92,4435.46,4437.9,871,43
2026.06.03 18:20:00,4437.93,4439.11,4435.3,4438.88,855,43
2026.06.03 18:25:00,4438.84,4440.58,4438.36,4440.07,917,43
2026.06.03 18:30:00,4439.9,4442.45,4438.69,4438.72,836,43
2026.06.03 18:35:00,4438.89,4439.18,4436.8,4438.42,889,43
2026.06.03 18:40:00,4438.41,4440.22,4437.28,4439.86,880,43
2026.06.03 18:45:00,4439.83,4441.7,4439.46,4439.88,821,43
2026.06.03 18:50:00,4439.9,4440.8,4439.69,4440.29,830,43
2026.06.03 18:55:00,4440.27,4442.74,4439.7,4441.93,830,43
2026.06.03 19:00:00,4441.92,4449.2,4441.32,4449.01,1022,43
2026.06.03 19:05:00,4449.03,4449.64,4447.12,4447.69,852,43
2026.06.03 19:10:00,4447.81,4449.86,4446.64,4449.62,1006,43
2026.06.03 19:15:00,4449.67,4451.83,4448.46,4451.38,909,43
2026.06.03 19:20:00,4451.39,4452.12,4447.86,4447.92,817,43
2026.06.03 19:25:00,4447.98,4448.5,4446.41,4447.9,903,43
2026.06.03 19:30:00,4447.95,4449.53,4447.26,4448.31,808,43
2026.06.03 19:35:00,4448.29,4449.04,4447.72,4447.82,833,43
2026.06.03 19:40:00,4447.72,4448.72,4446.56,4446.77,739,43
2026.06.03 19:45:00,4446.78,4447.2,4444.72,4446.78,760,43
2026.06.03 19:50:00,4446.91,4446.91,4444.9,4445.46,835,43
2026.06.03 19:55:00,4444.69,4445.28,4442.95,4443.78,936,43
2026.06.03 20:00:00,4443.7,4445.28,4441.93,4441.98,657,43
2026.06.03 20:05:00,4441.91,4441.91,4438.52,4441.27,794,43
2026.06.03 20:10:00,4441.3,4441.82,4438.93,4439.94,552,43
2026.06.03 20:15:00,4439.98,4440.02,4437.3,4437.51,733,43
2026.06.03 20:20:00,4437.59,4439.96,4437.52,4439.47,653,43
2026.06.03 20:25:00,4439.48,4440.19,4438.15,4438.95,538,43
2026.06.03 20:30:00,4438.87,4439.42,4433.07,4433.69,690,43
2026.06.03 20:35:00,4433.7,4434.29,4432.62,4433.87,687,52
2026.06.03 20:40:00,4433.78,4434.55,4432.11,4433.3,674,52
2026.06.03 20:45:00,4433.23,4434.76,4431.33,4431.33,553,52
2026.06.03 20:50:00,4431.34,4434.17,4430.52,4434.1,616,52
2026.06.03 20:55:00,4434.08,4434.39,4433.2,4433.76,383,48
2026.06.03 22:00:00,4437.02,4439.97,4430.94,4431.97,326,43
2026.06.03 22:05:00,4431.96,4436.07,4431.96,4434.79,581,43
2026.06.03 22:10:00,4434.64,4435.68,4429.46,4431.72,669,43
2026.06.03 22:15:00,4431.84,4431.96,4423.79,4427.37,925,43
2026.06.03 22:20:00,4428.02,4430.58,4424.54,4429.95,840,43
2026.06.03 22:25:00,4429.99,4435.42,4429.99,4433.87,693,43
2026.06.03 22:30:00,4433.86,4439.79,4433.8,4439.67,852,43
2026.06.03 22:35:00,4439.63,4440.28,4435.72,4436.45,737,43
2026.06.03 22:40:00,4436.49,4438.48,4434.75,4436.64,701,43
2026.06.03 22:45:00,4436.7,4438.89,4436.57,4438.55,663,43
2026.06.03 22:50:00,4438.56,4441.3,4437.23,4439.41,710,43
2026.06.03 22:55:00,4439.42,4452.55,4439.21,4448.81,886,43
2026.06.03 23:00:00,4448.92,4450.1,4445.27,4446.29,820,43
2026.06.03 23:05:00,4446.16,4450.27,4445.45,4448.1,707,43
2026.06.03 23:10:00,4448.13,4448.16,4445.54,4447.74,635,43
2026.06.03 23:15:00,4447.73,4449.3,4447.21,4447.86,694,43
2026.06.03 23:20:00,4447.86,4450.84,4447.35,4449.28,705,43
2026.06.03 23:25:00,4449.27,4451.3,4448.33,4450.73,681,43
2026.06.03 23:30:00,4450.7,4451.91,4447.51,4451.03,710,43
2026.06.03 23:35:00,4451.02,4452.29,4448.48,4450.3,768,43
2026.06.03 23:40:00,4450.07,4453.9,4446.15,4453.53,868,43
2026.06.03 23:45:00,4453.47,4464.54,4453.47,4459.25,1230,43
2026.06.03 23:50:00,4459.24,4461.56,4457.86,4459.51,973,43
2026.06.03 23:55:00,4459.69,4460.31,4456.14,4457.18,977,43
2026.06.04 00:00:00,4457.17,4464.83,4455.0,4460.06,999,43
2026.06.04 00:05:00,4460.05,4461.83,4455.53,4456.2,949,43
2026.06.04 00:10:00,4456.22,4457.41,4453.02,4453.33,1026,43
2026.06.04 00:15:00,4453.37,4456.48,4450.0,4455.23,936,43
2026.06.04 00:20:00,4455.28,4455.89,4448.72,4449.98,877,43
2026.06.04 00:25:00,4449.67,4451.42,4447.58,4450.59,824,43
2026.06.04 00:30:00,4450.64,4452.79,4447.26,4451.07,863,43
2026.06.04 00:35:00,4450.94,4452.04,4445.13,4446.39,847,43
2026.06.04 00:40:00,4446.56,4448.26,4444.09,4448.24,819,43
2026.06.04 00:45:00,4448.34,4449.93,4445.03,4449.92,856,43
2026.06.04 00:50:00,4449.93,4452.81,4449.62,4451.25,868,43
2026.06.04 00:55:00,4451.22,4451.22,4446.61,4448.31,884,43
2026.06.04 01:00:00,4448.35,4456.65,4443.42,4453.68,1012,43
2026.06.04 01:05:00,4453.69,4459.43,4452.76,4459.43,966,43
2026.06.04 01:10:00,4459.49,4467.18,4459.18,4464.18,1033,43
2026.06.04 01:15:00,4463.9,4464.69,4459.51,4464.51,920,43
2026.06.04 01:20:00,4464.52,4473.37,4464.52,4469.76,904,43
2026.06.04 01:25:00,4469.63,4471.87,4465.8,4465.95,861,43
2026.06.04 01:30:00,4465.93,4469.99,4465.07,4465.85,933,43
2026.06.04 01:35:00,4465.88,4470.09,4464.83,4468.28,868,43
2026.06.04 01:40:00,4468.15,4468.71,4458.64,4459.09,1011,43
2026.06.04 01:45:00,4459.15,4466.76,4458.56,4465.9,988,43
2026.06.04 01:50:00,4465.92,4466.1,4456.78,4461.1,938,43
2026.06.04 01:55:00,4461.06,4467.11,4461.02,4465.68,928,43
2026.06.04 02:00:00,4465.68,4467.2,4461.97,4462.28,854,43
2026.06.04 02:05:00,4462.3,4462.78,4458.41,4458.6,790,43
2026.06.04 02:10:00,4458.07,4464.74,4455.46,4462.82,866,43
2026.06.04 02:15:00,4462.77,4463.37,4458.61,4461.81,781,43
2026.06.04 02:20:00,4461.79,4463.07,4459.56,4460.31,755,43
2026.06.04 02:25:00,4460.3,4462.66,4458.64,4460.61,758,43
2026.06.04 02:30:00,4460.6,4462.54,4457.94,4460.87,965,43
2026.06.04 02:35:00,4460.87,4461.01,4458.03,4458.07,828,43
2026.06.04 02:40:00,4457.88,4464.68,4457.88,4462.31,875,43
2026.06.04 02:45:00,4462.32,4470.94,4462.32,4470.31,960,43
2026.06.04 02:50:00,4470.28,4475.05,4468.94,4474.14,994,43
2026.06.04 02:55:00,4474.23,4476.34,4471.01,4474.92,1099,43
2026.06.04 03:00:00,4474.79,4476.11,4471.5,4472.81,872,43
2026.06.04 03:05:00,4472.9,4477.17,4472.84,4474.14,882,43
2026.06.04 03:10:00,4474.19,4475.19,4470.22,4471.76,1005,43
2026.06.04 03:15:00,4471.75,4472.26,4469.4,4469.73,779,43
2026.06.04 03:20:00,4469.66,4469.7,4467.41,4467.74,930,43
2026.06.04 03:25:00,4467.73,4469.59,4465.88,4469.31,855,43
2026.06.04 03:30:00,4469.22,4470.76,4466.99,4467.64,818,43
2026.06.04 03:35:00,4467.66,4467.66,4463.55,4465.01,792,43
2026.06.04 03:40:00,4465.0,4465.39,4460.86,4460.86,725,43
2026.06.04 03:45:00,4460.57,4461.04,4458.23,4459.66,845,43
2026.06.04 03:50:00,4459.64,4463.61,4458.92,4463.27,811,43
2026.06.04 03:55:00,4463.27,4464.78,4462.11,4463.71,677,43
2026.06.04 04:00:00,4463.73,4465.93,4462.98,4463.82,796,43
2026.06.04 04:05:00,4463.83,4465.73,4462.27,4463.97,684,43
2026.06.04 04:10:00,4463.98,4471.12,4463.38,4470.94,708,43
2026.06.04 04:15:00,4471.3,4472.4,4469.89,4471.59,698,43
2026.06.04 04:20:00,4471.61,4476.17,4471.23,4474.2,711,43
2026.06.04 04:25:00,4474.26,4475.56,4473.47,4474.6,759,43
2026.06.04 04:30:00,4474.5,4483.77,4474.49,4480.0,845,43
2026.06.04 04:35:00,4479.97,4481.61,4478.5,4481.01,808,43
2026.06.04 04:40:00,4480.97,4483.89,4479.41,4482.76,808,43
2026.06.04 04:45:00,4482.75,4483.48,4479.3,4479.45,670,43
2026.06.04 04:50:00,4479.43,4480.84,4478.79,4479.7,602,43
2026.06.04 04:55:00,4479.68,4481.14,4478.59,4480.93,582,43
2026.06.04 05:00:00,4480.99,4482.29,4477.03,4477.32,681,43
2026.06.04 05:05:00,4477.33,4478.29,4473.55,4473.67,623,43
2026.06.04 05:10:00,4473.59,4479.08,4471.5,4477.03,771,43
2026.06.04 05:15:00,4477.19,4477.47,4475.53,4476.3,672,43
2026.06.04 05:20:00,4476.31,4476.46,4472.1,4472.58,678,43
2026.06.04 05:25:00,4472.46,4474.1,4470.89,4473.21,673,43
2026.06.04 05:30:00,4473.18,4475.7,4471.04,4473.27,922,43
2026.06.04 05:35:00,4473.13,4474.62,4471.03,4471.16,869,43
2026.06.04 05:40:00,4471.18,4474.61,4470.69,4474.5,892,43
2026.06.04 05:45:00,4474.47,4474.72,4467.17,4467.41,1014,43
2026.06.04 05:50:00,4467.53,4471.05,4467.28,4468.99,905,43
2026.06.04 05:55:00,4468.93,4470.3,4466.76,4469.09,976,43
2026.06.04 06:00:00,4469.08,4474.41,4467.96,4473.61,883,43
2026.06.04 06:05:00,4473.6,4477.06,4471.93,4475.87,877,43
2026.06.04 06:10:00,4476.1,4477.01,4473.13,4473.57,779,43
2026.06.04 06:15:00,4473.58,4474.13,4466.59,4469.37,846,43
2026.06.04 06:20:00,4469.56,4470.33,4466.86,4467.86,888,43
2026.06.04 06:25:00,4467.89,4472.04,4467.7,4472.04,928,43
2026.06.04 06:30:00,4471.83,4475.53,4469.66,4474.76,879,43
2026.06.04 06:35:00,4474.75,4476.8,4470.49,4472.92,860,43
2026.06.04 06:40:00,4473.04,4473.1,4468.95,4469.18,862,43
2026.06.04 06:45:00,4469.06,4469.82,4462.9,4466.89,911,43
2026.06.04 06:50:00,4466.9,4469.92,4466.53,4467.57,778,43
2026.06.04 06:55:00,4467.44,4469.25,4466.58,4467.52,804,43
2026.06.04 07:00:00,4467.92,4470.69,4464.86,4470.13,822,35
2026.06.04 07:05:00,4470.2,4470.66,4464.25,4465.57,790,35
2026.06.04 07:10:00,4465.64,4465.65,4462.27,4464.02,765,35
2026.06.04 07:15:00,4463.98,4470.37,4462.79,4469.13,760,35
2026.06.04 07:20:00,4469.15,4469.15,4465.41,4465.97,698,35
2026.06.04 07:25:00,4465.94,4466.22,4461.86,4465.14,758,35
2026.06.04 07:30:00,4465.03,4466.82,4463.44,4463.7,715,35
2026.06.04 07:35:00,4463.65,4467.9,4462.7,4463.53,704,35
2026.06.04 07:40:00,4463.55,4464.49,4460.1,4461.34,771,35
2026.06.04 07:45:00,4461.3,4462.28,4460.4,4461.21,743,35
2026.06.04 07:50:00,4461.22,4462.22,4460.15,4461.34,740,35
2026.06.04 07:55:00,4461.24,4462.2,4459.4,4461.6,728,35
2026.06.04 08:00:00,4461.99,4466.33,4460.02,4465.64,819,35
2026.06.04 08:05:00,4465.66,4467.98,4464.47,4465.64,830,35
2026.06.04 08:10:00,4465.47,4465.96,4459.66,4460.6,809,35
2026.06.04 08:15:00,4460.46,4465.63,4460.39,4464.04,824,35
2026.06.04 08:20:00,4463.99,4464.05,4458.72,4459.83,831,35
2026.06.04 08:25:00,4459.85,4463.38,4458.62,4463.23,830,35
2026.06.04 08:30:00,4463.37,4469.32,4459.96,4464.59,879,35
2026.06.04 08:35:00,4464.57,4464.89,4460.01,4460.6,801,35
2026.06.04 08:40:00,4460.61,4463.57,4460.53,4463.29,803,35
2026.06.04 08:45:00,4463.34,4464.13,4459.92,4460.04,816,35
2026.06.04 08:50:00,4460.01,4463.99,4460.0,4463.46,756,35
2026.06.04 08:55:00,4463.44,4465.9,4462.73,4463.28,756,35
2026.06.04 09:00:00,4463.27,4468.6,4461.07,4467.11,836,35
2026.06.04 09:05:00,4467.15,4469.3,4464.8,4468.4,800,35
2026.06.04 09:10:00,4468.38,4468.75,4462.15,4463.39,747,35
2026.06.04 09:15:00,4463.4,4466.09,4462.88,4466.02,785,35
2026.06.04 09:20:00,4466.05,4467.55,4463.43,4466.06,770,35
2026.06.04 09:25:00,4465.97,4466.67,4464.35,4464.69,748,35
2026.06.04 09:30:00,4464.64,4467.68,4461.7,4466.64,785,35
2026.06.04 09:35:00,4466.63,4469.22,4464.59,4467.17,810,35
2026.06.04 09:40:00,4467.37,4468.65,4465.99,4467.87,696,35
2026.06.04 09:45:00,4468.02,4472.29,4467.39,4470.57,777,35
2026.06.04 09:50:00,4470.58,4475.61,4470.14,4474.87,775,35
2026.06.04 09:55:00,4474.91,4475.23,4469.5,4470.34,766,35
2026.06.04 10:00:00,4470.25,4472.04,4468.32,4470.09,756,35
2026.06.04 10:05:00,4470.08,4471.19,4469.03,4469.32,676,35
2026.06.04 10:10:00,4469.3,4471.96,4468.27,4471.14,733,35
2026.06.04 10:15:00,4471.29,4471.46,4468.56,4468.77,672,35
2026.06.04 10:20:00,4468.76,4468.91,4464.59,4467.09,720,35
2026.06.04 10:25:00,4466.78,4468.24,4464.2,4467.46,651,35
2026.06.04 10:30:00,4467.45,4469.64,4466.32,4467.84,635,35
2026.06.04 10:35:00,4467.86,4471.05,4467.61,4469.05,651,35
2026.06.04 10:40:00,4469.06,4472.73,4468.51,4471.2,676,35
2026.06.04 10:45:00,4471.77,4472.86,4470.78,4471.29,666,35
2026.06.04 10:50:00,4471.37,4471.41,4468.4,4471.05,766,35
2026.06.04 10:55:00,4471.06,4473.71,4469.45,4473.5,756,35
2026.06.04 11:00:00,4473.58,4475.27,4468.63,4472.15,772,35
2026.06.04 11:05:00,4472.21,4478.22,4471.84,4477.46,720,35
2026.06.04 11:10:00,4477.43,4478.73,4473.49,4473.51,737,35
2026.06.04 11:15:00,4473.53,4479.22,4473.42,4477.92,791,35
2026.06.04 11:20:00,4478.47,4480.11,4476.57,4478.82,812,35
2026.06.04 11:25:00,4478.83,4491.49,4477.61,4489.48,923,35
2026.06.04 11:30:00,4489.83,4492.24,4484.49,4485.25,873,35
2026.06.04 11:35:00,4485.2,4488.41,4482.18,4487.76,868,35
2026.06.04 11:40:00,4488.13,4492.18,4486.64,4491.36,943,35
2026.06.04 11:45:00,4491.49,4504.06,4491.46,4501.24,1002,35
2026.06.04 11:50:00,4501.11,4504.86,4500.73,4503.87,930,35
2026.06.04 11:55:00,4503.87,4514.66,4503.87,4511.68,974,35
2026.06.04 12:00:00,4511.46,4513.83,4496.89,4497.21,977,35
2026.06.04 12:05:00,4497.24,4503.66,4494.94,4498.14,921,35
2026.06.04 12:10:00,4498.27,4499.13,4491.6,4493.78,899,35
2026.06.04 12:15:00,4494.15,4495.55,4491.18,4492.39,818,35
2026.06.04 12:20:00,4492.25,4499.15,4492.24,4497.48,892,35
2026.06.04 12:25:00,4497.71,4499.87,4495.57,4498.49,760,35
2026.06.04 12:30:00,4498.46,4501.49,4496.97,4499.14,770,35
2026.06.04 12:35:00,4499.19,4502.07,4497.03,4498.97,773,35
2026.06.04 12:40:00,4499.01,4502.05,4498.93,4502.05,772,35
2026.06.04 12:45:00,4502.23,4505.0,4499.0,4504.93,812,35
2026.06.04 12:50:00,4504.98,4510.81,4502.03,4508.27,998,35
2026.06.04 12:55:00,4508.35,4509.98,4502.7,4504.08,809,35
2026.06.04 13:00:00,4504.0,4509.92,4500.09,4504.91,993,35
2026.06.04 13:05:00,4505.08,4508.92,4503.59,4504.92,970,35
2026.06.04 13:10:00,4504.94,4505.39,4501.98,4503.17,832,35
2026.06.04 13:15:00,4503.18,4508.72,4503.18,4507.75,844,35
2026.06.04 13:20:00,4507.61,4509.15,4504.15,4504.8,838,35
2026.06.04 13:25:00,4504.36,4506.44,4501.71,4504.54,884,35
2026.06.04 13:30:00,4504.42,4507.13,4502.41,4506.09,1045,35
2026.06.04 13:35:00,4505.99,4512.13,4505.03,4509.3,1048,35
2026.06.04 13:40:00,4509.35,4514.96,4505.08,4514.51,1053,35
2026.06.04 13:45:00,4515.0,4515.28,4507.18,4509.93,1022,35
2026.06.04 13:50:00,4509.97,4512.32,4497.75,4498.5,1014,35
2026.06.04 13:55:00,4498.55,4502.75,4495.48,4495.82,1015,35
2026.06.04 14:00:00,4495.72,4499.85,4494.53,4495.32,1020,35
2026.06.04 14:05:00,4495.28,4499.78,4487.73,4489.82,984,35
2026.06.04 14:10:00,4490.1,4492.21,4485.95,4487.65,1038,35
2026.06.04 14:15:00,4487.6,4493.71,4485.3,4487.51,946,35
2026.06.04 14:20:00,4487.47,4489.42,4484.47,4485.21,944,35
2026.06.04 14:25:00,4485.2,4487.8,4484.01,4486.15,950,35
2026.06.04 14:30:00,4486.17,4486.73,4481.3,4484.2,986,35
2026.06.04 14:35:00,4484.16,4484.23,4477.67,4480.16,951,35
2026.06.04 14:40:00,4480.07,4480.64,4472.37,4474.78,959,35
2026.06.04 14:45:00,4474.89,4475.51,4465.19,4466.24,1011,35
2026.06.04 14:50:00,4466.34,4470.19,4456.97,4463.76,1065,35
2026.06.04 14:55:00,4464.22,4466.25,4460.08,4465.75,1000,35
2026.06.04 15:00:00,4465.97,4470.61,4463.77,4470.35,933,35
2026.06.04 15:05:00,4470.41,4472.52,4467.18,4470.3,856,35
2026.06.04 15:10:00,4470.51,4474.56,4470.05,4471.84,920,35
2026.06.04 15:15:00,4471.92,4473.71,4471.25,4473.31,796,35
2026.06.04 15:20:00,4473.33,4473.79,4470.62,4470.69,806,35
2026.06.04 15:25:00,4470.78,4472.11,4469.06,4470.89,870,35
2026.06.04 15:30:00,4470.86,4472.8,4469.6,4471.85,858,35
2026.06.04 15:35:00,4472.12,4477.1,4471.02,4476.93,792,35
2026.06.04 15:40:00,4477.0,4477.2,4471.05,4472.6,717,35
2026.06.04 15:45:00,4472.55,4475.56,4469.91,4474.35,809,35
2026.06.04 15:50:00,4474.42,4479.03,4474.42,4477.92,906,35
2026.06.04 15:55:00,4477.88,4478.65,4476.39,4477.38,872,35
2026.06.04 16:00:00,4477.37,4478.6,4476.07,4476.34,992,35
2026.06.04 16:05:00,4476.28,4482.66,4475.31,4482.62,861,35
2026.06.04 16:10:00,4482.55,4484.02,4479.06,4479.06,982,35
2026.06.04 16:15:00,4479.11,4484.99,4479.11,4483.34,928,35
2026.06.04 16:20:00,4483.33,4484.79,4480.2,4484.22,925,35
2026.06.04 16:25:00,4484.2,4485.03,4482.39,4483.53,815,35
2026.06.04 16:30:00,4483.52,4483.99,4479.65,4480.58,980,35
2026.06.04 16:35:00,4480.61,4483.5,4480.22,4481.94,897,35
2026.06.04 16:40:00,4481.84,4482.97,4481.03,4481.43,907,35
2026.06.04 16:45:00,4481.49,4483.42,4480.28,4481.57,876,35
2026.06.04 16:50:00,4481.54,4482.43,4480.68,4481.81,976,35
2026.06.04 16:55:00,4481.82,4483.93,4481.64,4482.77,980,35
2026.06.04 17:00:00,4482.63,4482.63,4480.45,4481.28,816,43
2026.06.04 17:05:00,4481.29,4482.02,4479.52,4479.52,833,43
2026.06.04 17:10:00,4479.39,4480.43,4475.94,4475.94,913,43
2026.06.04 17:15:00,4475.99,4476.09,4474.05,4475.46,907,43
2026.06.04 17:20:00,4475.45,4475.9,4474.03,4475.33,862,43
2026.06.04 17:25:00,4475.26,4479.24,4475.25,4476.7,1034,43
2026.06.04 17:30:00,4476.72,4481.48,4476.6,4479.89,888,43
2026.06.04 17:35:00,4479.97,4480.48,4477.63,4477.79,901,43
2026.06.04 17:40:00,4477.78,4478.24,4475.99,4476.62,979,43
2026.06.04 17:45:00,4476.63,4478.94,4476.6,4478.54,821,43
2026.06.04 17:50:00,4478.55,4480.23,4478.08,4478.34,906,43
2026.06.04 17:55:00,4478.35,4478.66,4477.49,4478.06,853,43
2026.06.04 18:00:00,4478.11,4479.92,4476.58,4477.07,776,43
2026.06.04 18:05:00,4477.29,4477.98,4476.22,4477.33,733,43
2026.06.04 18:10:00,4477.31,4479.25,4477.08,4478.81,809,43
2026.06.04 18:15:00,4478.9,4479.18,4477.32,4478.62,773,43
2026.06.04 18:20:00,4478.63,4480.47,4478.07,4480.08,839,43
2026.06.04 18:25:00,4480.05,4480.92,4477.24,4478.06,818,43
2026.06.04 18:30:00,4477.57,4477.78,4473.24,4473.46,840,43
2026.06.04 18:35:00,4473.49,4474.06,4472.61,4473.6,835,43
2026.06.04 18:40:00,4473.53,4474.61,4473.12,4474.01,771,43
2026.06.04 18:45:00,4474.03,4476.22,4473.73,4475.28,780,43
2026.06.04 18:50:00,4475.64,4479.4,4475.48,4478.14,787,43
2026.06.04 18:55:00,4478.3,4478.64,4477.04,4477.99,871,43
2026.06.04 19:00:00,4478.02,4483.34,4477.95,4481.36,844,43
2026.06.04 19:05:00,4481.35,4481.36,4477.4,4478.31,815,43
2026.06.04 19:10:00,4478.32,4478.51,4476.05,4478.02,840,43
2026.06.04 19:15:00,4478.04,4479.22,4477.6,4478.53,738,43
2026.06.04 19:20:00,4478.56,4479.33,4477.8,4479.14,670,43
2026.06.04 19:25:00,4479.12,4480.11,4478.57,4480.0,785,43
2026.06.04 19:30:00,4479.99,4480.26,4477.81,4478.58,764,43
2026.06.04 19:35:00,4478.56,4479.32,4477.34,4478.96,714,43
2026.06.04 19:40:00,4479.01,4480.1,4477.26,4477.72,748,43
2026.06.04 19:45:00,4477.7,4478.42,4476.68,4478.28,732,43
2026.06.04 19:50:00,4478.31,4478.72,4476.87,4478.16,931,43
2026.06.04 19:55:00,4477.96,4482.28,4476.99,4480.67,917,43
2026.06.04 20:00:00,4480.71,4481.56,4479.02,4479.55,644,43
2026.06.04 20:05:00,4479.54,4480.18,4478.74,4479.33,496,43
2026.06.04 20:10:00,4479.54,4479.93,4477.71,4477.71,485,43
2026.06.04 20:15:00,4477.64,4478.99,4477.51,4477.59,413,43
2026.06.04 20:20:00,4477.56,4478.12,4476.74,4477.65,427,43
2026.06.04 20:25:00,4477.66,4477.96,4476.52,4477.6,404,43
2026.06.04 20:30:00,4477.51,4477.51,4475.27,4475.81,468,43
2026.06.04 20:35:00,4475.82,4476.26,4474.99,4476.09,380,52
2026.06.04 20:40:00,4476.07,4477.27,4475.0,4475.01,411,52
2026.06.04 20:45:00,4475.02,4475.64,4474.27,4474.63,404,52
2026.06.04 20:50:00,4474.74,4475.74,4474.45,4475.64,363,52
2026.06.04 20:55:00,4475.42,4475.55,4474.29,4474.56,261,48
2026.06.04 22:00:00,4474.69,4475.38,4472.95,4473.73,186,43
2026.06.04 22:05:00,4473.61,4476.14,4473.56,4474.97,344,43
2026.06.04 22:10:00,4474.93,4476.05,4473.91,4475.16,471,43
2026.06.04 22:15:00,4475.19,4478.51,4474.44,4477.78,489,43
2026.06.04 22:20:00,4477.79,4479.21,4477.27,4479.19,573,43
2026.06.04 22:25:00,4479.18,4480.74,4477.66,4478.82,552,43
2026.06.04 22:30:00,4478.79,4481.44,4477.55,4478.04,631,43
2026.06.04 22:35:00,4478.06,4479.79,4477.43,4479.07,517,43
2026.06.04 22:40:00,4479.1,4479.45,4475.12,4475.12,612,43
2026.06.04 22:45:00,4475.09,4476.09,4472.21,4473.57,540,43
2026.06.04 22:50:00,4473.59,4474.04,4469.54,4469.6,602,43
2026.06.04 22:55:00,4469.55,4471.83,4468.75,4469.45,723,43
2026.06.04 23:00:00,4469.61,4471.24,4464.16,4469.93,967,43
2026.06.04 23:05:00,4469.93,4473.17,4466.86,4471.53,825,43
2026.06.04 23:10:00,4471.5,4473.97,4470.57,4470.87,669,43
2026.06.04 23:15:00,4470.87,4471.34,4468.89,4469.82,669,43
2026.06.04 23:20:00,4469.75,4471.92,4466.55,4471.41,747,43
2026.06.04 23:25:00,4471.46,4473.27,4468.12,4469.15,578,43
2026.06.04 23:30:00,4469.14,4469.53,4463.94,4465.56,618,43
2026.06.04 23:35:00,4465.56,4466.58,4462.34,4463.6,607,43
2026.06.04 23:40:00,4463.64,4464.94,4461.88,4463.16,585,43
2026.06.04 23:45:00,4463.15,4463.84,4460.36,4463.82,730,43
2026.06.04 23:50:00,4463.81,4465.92,4463.0,4464.17,889,43
2026.06.04 23:55:00,4464.2,4464.74,4461.04,4461.47,856,43
2026.06.05 00:00:00,4461.53,4463.87,4459.38,4462.04,923,43
2026.06.05 00:05:00,4462.08,4464.91,4459.74,4461.14,980,43
2026.06.05 00:10:00,4461.24,4462.45,4454.24,4455.35,979,43
2026.06.05 00:15:00,4455.22,4457.5,4452.07,4452.25,1023,43
2026.06.05 00:20:00,4452.37,4455.42,4450.53,4454.3,888,43
2026.06.05 00:25:00,4454.29,4457.56,4453.15,4457.44,869,43
2026.06.05 00:30:00,4457.4,4461.01,4456.12,4460.3,840,43
2026.06.05 00:35:00,4460.56,4466.82,4460.54,4464.09,924,43
2026.06.05 00:40:00,4464.13,4466.19,4462.77,4463.05,779,43
2026.06.05 00:45:00,4463.33,4466.45,4461.16,4461.36,884,43
2026.06.05 00:50:00,4461.24,4465.58,4460.75,4465.05,803,43
2026.06.05 00:55:00,4465.02,4465.02,4458.43,4459.28,916,43
2026.06.05 01:00:00,4459.16,4466.89,4452.78,4466.24,1055,43
2026.06.05 01:05:00,4466.1,4469.95,4463.31,4464.5,1058,43
2026.06.05 01:10:00,4464.45,4465.13,4459.77,4460.26,1116,43
2026.06.05 01:15:00,4459.94,4464.87,4457.63,4463.13,1036,43
2026.06.05 01:20:00,4463.08,4463.8,4453.98,4455.19,1067,43
2026.06.05 01:25:00,4454.81,4459.49,4449.29,4458.58,972,43
2026.06.05 01:30:00,4458.75,4459.64,4453.76,4453.94,1015,43
2026.06.05 01:35:00,4454.01,4456.46,4448.43,4449.47,992,43
2026.06.05 01:40:00,4449.58,4451.26,4445.25,4445.88,935,43
2026.06.05 01:45:00,4446.17,4449.37,4443.97,4446.46,917,43
2026.06.05 01:50:00,4446.43,4450.44,4444.51,4450.32,989,43
2026.06.05 01:55:00,4450.25,4450.88,4444.94,4446.67,1011,43
2026.06.05 02:00:00,4446.57,4450.97,4442.38,4449.35,946,43
2026.06.05 02:05:00,4449.29,4449.57,4444.64,4447.85,1042,43
2026.06.05 02:10:00,4447.72,4450.38,4445.92,4449.27,1057,43
2026.06.05 02:15:00,4449.22,4450.61,4445.86,4447.51,777,43
2026.06.05 02:20:00,4447.5,4453.13,4447.33,4452.81,801,43
2026.06.05 02:25:00,4452.81,4454.82,4449.92,4451.05,776,43
2026.06.05 02:30:00,4451.04,4451.68,4442.14,4444.84,1075,43
2026.06.05 02:35:00,4444.86,4446.64,4441.02,4445.14,1011,43
2026.06.05 02:40:00,4445.07,4445.17,4438.38,4442.85,1025,43
2026.06.05 02:45:00,4442.8,4447.21,4442.21,4445.48,931,43
2026.06.05 02:50:00,4445.52,4449.85,4443.18,4443.2,935,43
2026.06.05 02:55:00,4443.17,4443.83,4439.9,4440.44,1065,43
2026.06.05 03:00:00,4440.44,4441.14,4436.61,4438.37,945,43
2026.06.05 03:05:00,4438.36,4440.48,4436.76,4439.84,879,43
2026.06.05 03:10:00,4439.78,4440.81,4438.1,4440.72,946,43
2026.06.05 03:15:00,4440.72,4443.76,4437.97,4438.65,863,43
2026.06.05 03:20:00,4438.65,4438.87,4435.17,4437.25,965,43
2026.06.05 03:25:00,4437.21,4439.04,4436.25,4436.56,937,43
2026.06.05 03:30:00,4436.68,4441.42,4436.23,4439.65,781,43
2026.06.05 03:35:00,4439.68,4441.17,4436.56,4440.56,845,43
2026.06.05 03:40:00,4440.58,4442.28,4440.16,4440.82,698,43
2026.06.05 03:45:00,4440.82,4441.56,4439.88,4441.01,627,43
2026.06.05 03:50:00,4440.95,4442.18,4439.12,4440.48,686,43
2026.06.05 03:55:00,4440.5,4443.22,4440.46,4442.24,717,43
2026.06.05 04:00:00,4442.25,4444.57,4441.11,4442.4,677,43
2026.06.05 04:05:00,4442.44,4443.59,4439.63,4440.55,731,43
2026.06.05 04:10:00,4440.72,4441.61,4438.25,4441.54,769,43
2026.06.05 04:15:00,4441.65,4443.72,4438.84,4439.14,743,43
2026.06.05 04:20:00,4439.02,4441.57,4438.92,4439.63,632,43
2026.06.05 04:25:00,4439.64,4443.58,4439.29,4439.51,745,43
2026.06.05 04:30:00,4439.52,4439.84,4437.29,4439.36,696,43
2026.06.05 04:35:00,4439.2,4441.62,4438.8,4441.58,673,43
2026.06.05 04:40:00,4441.54,4444.03,4439.18,4440.74,688,43
2026.06.05 04:45:00,4440.76,4442.17,4439.56,4441.01,635,43
2026.06.05 04:50:00,4440.96,4444.19,4440.81,4444.15,743,43
2026.06.05 04:55:00,4444.18,4446.23,4443.89,4444.85,703,43
2026.06.05 05:00:00,4444.92,4449.81,4443.13,4447.44,821,43
2026.06.05 05:05:00,4447.44,4449.72,4446.94,4447.19,768,43
2026.06.05 05:10:00,4447.19,4449.58,4446.33,4448.83,776,43
2026.06.05 05:15:00,4448.8,4449.1,4444.07,4445.53,786,43
2026.06.05 05:20:00,4445.49,4446.23,4442.12,4444.76,713,43
2026.06.05 05:25:00,4444.73,4445.65,4444.01,4444.6,600,43
2026.06.05 05:30:00,4444.59,4445.99,4439.53,4442.62,1164,43
2026.06.05 05:35:00,4442.67,4447.89,4442.07,4445.44,1005,43
2026.06.05 05:40:00,4445.56,4446.51,4442.89,4443.62,957,43
2026.06.05 05:45:00,4443.63,4448.1,4442.04,4447.48,873,43
2026.06.05 05:50:00,4447.45,4447.8,4442.63,4443.46,783,43
2026.06.05 05:55:00,4443.47,4444.82,4438.52,4439.87,866,43
2026.06.05 06:00:00,4439.96,4442.44,4435.25,4437.4,895,43
2026.06.05 06:05:00,4437.26,4441.24,4437.12,4440.24,881,43
2026.06.05 06:10:00,4440.21,4441.94,4436.04,4436.3,904,43
2026.06.05 06:15:00,4436.1,4436.81,4428.93,4436.47,990,43
2026.06.05 06:20:00,4436.45,4445.1,4434.65,4443.99,883,43
2026.06.05 06:25:00,4444.31,4446.25,4440.39,4442.38,894,43
2026.06.05 06:30:00,4442.47,4448.1,4442.28,4446.5,860,43
2026.06.05 06:35:00,4446.52,4449.98,4446.31,4448.23,870,43
2026.06.05 06:40:00,4448.5,4448.99,4446.46,4448.38,801,43
2026.06.05 06:45:00,4448.45,4456.03,4446.85,4453.46,865,43
2026.06.05 06:50:00,4453.38,4456.12,4451.18,4451.21,811,43
2026.06.05 06:55:00,4451.22,4453.56,4449.32,4452.82,823,43
2026.06.05 07:00:00,4452.49,4455.86,4451.81,4454.55,853,35
2026.06.05 07:05:00,4455.63,4458.3,4453.16,4457.25,779,35
2026.06.05 07:10:00,4457.24,4463.25,4456.08,4458.37,781,35
2026.06.05 07:15:00,4458.44,4464.09,4458.44,4461.73,805,35
2026.06.05 07:20:00,4461.74,4465.52,4459.91,4464.06,839,35
2026.06.05 07:25:00,4464.01,4467.5,4461.55,4467.33,825,35
2026.06.05 07:30:00,4467.07,4467.22,4464.53,4466.08,810,35
2026.06.05 07:35:00,4466.06,4466.11,4461.45,4462.0,759,35
2026.06.05 07:40:00,4462.24,4465.6,4459.51,4462.04,726,35
2026.06.05 07:45:00,4462.03,4463.96,4461.79,4462.66,653,35
2026.06.05 07:50:00,4462.63,4464.73,4461.49,4461.85,680,35
2026.06.05 07:55:00,4462.18,4462.79,4460.68,4460.8,709,35
2026.06.05 08:00:00,4460.57,4463.31,4458.69,4461.52,746,35
2026.06.05 08:05:00,4461.55,4462.48,4459.54,4460.6,776,35
2026.06.05 08:10:00,4460.45,4461.73,4459.42,4461.07,750,35
2026.06.05 08:15:00,4461.18,4463.36,4459.85,4462.91,766,35
2026.06.05 08:20:00,4462.87,4465.51,4462.02,4463.77,750,35
2026.06.05 08:25:00,4463.78,4466.67,4463.05,4466.67,772,35
2026.06.05 08:30:00,4466.18,4468.1,4463.25,4463.41,779,35
2026.06.05 08:35:00,4463.4,4463.75,4461.64,4461.82,662,35
2026.06.05 08:40:00,4461.83,4463.27,4460.93,4461.73,642,35
2026.06.05 08:45:00,4461.78,4464.43,4461.42,4463.42,632,35
2026.06.05 08:50:00,4463.4,4463.76,4461.98,4463.72,720,35
2026.06.05 08:55:00,4463.69,4463.69,4462.23,4462.71,574,35
2026.06.05 09:00:00,4462.7,4463.33,4460.89,4461.02,627,35
2026.06.05 09:05:00,4461.0,4462.92,4459.58,4460.65,631,35
2026.06.05 09:10:00,4460.68,4468.95,4458.86,4465.88,821,35
2026.06.05 09:15:00,4466.13,4469.13,4464.15,4467.57,916,35
2026.06.05 09:20:00,4467.64,4468.89,4466.4,4466.52,806,35
2026.06.05 09:25:00,4466.51,4467.67,4461.95,4462.89,784,35
2026.06.05 09:30:00,4462.83,4466.45,4459.24,4463.69,838,35
2026.06.05 09:35:00,4463.53,4465.32,4462.61,4463.18,724,35
2026.06.05 09:40:00,4463.26,4466.04,4463.17,4465.81,664,35
2026.06.05 09:45:00,4465.87,4469.16,4465.07,4465.19,687,35
2026.06.05 09:50:00,4465.16,4465.77,4464.42,4465.34,587,35
2026.06.05 09:55:00,4465.33,4465.34,4462.6,4464.79,740,35
2026.06.05 10:00:00,4464.83,4464.9,4463.1,4463.37,647,35
2026.06.05 10:05:00,4463.49,4464.82,4463.18,4464.74,562,35
2026.06.05 10:10:00,4464.72,4465.18,4463.44,4465.18,593,35
2026.06.05 10:15:00,4465.17,4465.83,4464.48,4465.37,657,35
2026.06.05 10:20:00,4465.39,4467.98,4465.3,4467.15,678,35
2026.06.05 10:25:00,4467.15,4467.18,4465.0,4465.98,613,35
2026.06.05 10:30:00,4466.01,4466.87,4462.61,4462.89,625,35
2026.06.05 10:35:00,4462.92,4464.08,4462.11,4463.19,625,35
2026.06.05 10:40:00,4463.22,4464.57,4461.8,4464.47,654,35
2026.06.05 10:45:00,4464.5,4467.22,4464.36,4466.73,727,35
2026.06.05 10:50:00,4466.74,4467.79,4465.7,4466.07,576,35
2026.06.05 10:55:00,4466.3,4466.85,4465.85,4466.83,626,35
2026.06.05 11:00:00,4466.41,4466.69,4463.56,4463.85,768,35
2026.06.05 11:05:00,4463.86,4466.87,4463.23,4466.65,755,35
2026.06.05 11:10:00,4466.54,4466.76,4461.15,4461.32,591,35
2026.06.05 11:15:00,4461.26,4463.41,4460.84,4461.71,709,35
2026.06.05 11:20:00,4461.76,4463.75,4458.72,4461.43,745,35
2026.06.05 11:25:00,4461.44,4466.02,4461.42,4465.99,751,35
2026.06.05 11:30:00,4465.61,4467.12,4464.45,4465.11,698,35
2026.06.05 11:35:00,4465.14,4466.91,4463.4,4463.4,717,35
2026.06.05 11:40:00,4463.59,4465.64,4463.09,4464.84,726,35
2026.06.05 11:45:00,4464.75,4467.13,4464.01,4466.85,714,35
2026.06.05 11:50:00,4466.87,4475.12,4466.6,4471.96,878,35
2026.06.05 11:55:00,4471.97,4472.44,4467.85,4470.15,774,35
2026.06.05 12:00:00,4470.14,4470.77,4464.1,4465.2,766,35
2026.06.05 12:05:00,4465.15,4468.07,4464.86,4467.87,689,35
2026.06.05 12:10:00,4467.95,4470.89,4466.76,4469.35,794,35
2026.06.05 12:15:00,4469.33,4473.72,4468.34,4472.91,780,35
2026.06.05 12:20:00,4472.87,4475.69,4467.33,4468.38,852,35
2026.06.05 12:25:00,4468.42,4469.0,4461.62,4464.82,880,35
2026.06.05 12:30:00,4465.43,4465.74,4447.04,4452.69,1083,35
2026.06.05 12:35:00,4452.66,4453.67,4439.66,4443.9,1051,35
2026.06.05 12:40:00,4443.74,4448.07,4442.77,4446.01,994,35
2026.06.05 12:45:00,4446.07,4448.98,4440.04,4440.18,959,35
2026.06.05 12:50:00,4440.02,4440.64,4417.05,4417.05,1093,35
2026.06.05 12:55:00,4417.09,4419.93,4404.9,4406.42,1093,35
2026.06.05 13:00:00,4406.65,4418.49,4399.59,4411.68,1133,35
2026.06.05 13:05:00,4411.72,4419.78,4407.97,4416.25,1063,35
2026.06.05 13:10:00,4415.68,4420.54,4414.51,4418.45,1003,35
2026.06.05 13:15:00,4418.31,4420.83,4416.16,4417.62,948,35
2026.06.05 13:20:00,4417.52,4420.48,4409.27,4409.87,1003,35
2026.06.05 13:25:00,4409.91,4414.97,4403.77,4404.58,991,35
2026.06.05 13:30:00,4404.88,4409.49,4398.21,4404.71,1124,35
2026.06.05 13:35:00,4404.69,4404.69,4385.98,4391.84,1121,35
2026.06.05 13:40:00,4391.81,4398.19,4388.44,4389.41,1109,35
2026.06.05 13:45:00,4389.41,4391.04,4383.31,4383.67,1114,35
2026.06.05 13:50:00,4383.43,4388.12,4381.92,4385.17,1094,35
2026.06.05 13:55:00,4385.29,4385.91,4365.77,4366.0,1101,35
2026.06.05 14:00:00,4366.31,4379.08,4363.99,4371.93,1166,35
2026.06.05 14:05:00,4371.55,4377.14,4363.65,4374.64,1120,35
2026.06.05 14:10:00,4374.72,4377.19,4364.34,4366.28,1095,35
2026.06.05 14:15:00,4366.07,4370.15,4364.68,4369.23,1043,35
2026.06.05 14:20:00,4369.37,4370.12,4355.49,4357.52,1103,35
2026.06.05 14:25:00,4357.35,4361.32,4353.12,4360.99,1088,35
2026.06.05 14:30:00,4360.73,4363.95,4349.63,4353.11,1122,35
2026.06.05 14:35:00,4353.04,4354.6,4347.86,4348.52,1059,35
2026.06.05 14:40:00,4348.58,4350.49,4344.73,4349.24,1044,35
2026.06.05 14:45:00,4349.02,4359.34,4348.41,4356.41,1035,35
2026.06.05 14:50:00,4356.21,4366.97,4355.15,4363.05,1037,35
2026.06.05 14:55:00,4362.98,4370.09,4360.94,4369.52,988,35
2026.06.05 15:00:00,4369.6,4372.5,4362.75,4368.35,1051,35
2026.06.05 15:05:00,4368.32,4369.55,4361.91,4362.0,972,35
2026.06.05 15:10:00,4361.97,4362.15,4353.31,4353.31,1007,35
2026.06.05 15:15:00,4352.88,4355.94,4349.04,4355.26,1059,35
2026.06.05 15:20:00,4355.08,4357.85,4348.03,4352.64,1013,35
2026.06.05 15:25:00,4352.65,4355.01,4349.43,4352.12,975,35
2026.06.05 15:30:00,4351.75,4354.81,4345.39,4346.81,952,35
2026.06.05 15:35:00,4347.0,4349.4,4336.22,4339.74,986,35
2026.06.05 15:40:00,4339.71,4341.59,4335.33,4338.51,971,35
2026.06.05 15:45:00,4338.64,4340.87,4336.54,4339.05,925,35
2026.06.05 15:50:00,4339.07,4341.82,4336.98,4340.82,938,35
2026.06.05 15:55:00,4340.66,4341.4,4333.96,4335.43,970,35
2026.06.05 16:00:00,4335.45,4338.82,4330.62,4334.1,988,35
2026.06.05 16:05:00,4333.9,4333.93,4328.9,4332.81,1010,35
2026.06.05 16:10:00,4332.59,4337.93,4331.46,4333.59,916,35
2026.06.05 16:15:00,4333.08,4333.28,4325.7,4330.43,984,35
2026.06.05 16:20:00,4330.58,4330.65,4325.33,4328.53,942,35
2026.06.05 16:25:00,4328.5,4333.78,4328.34,4329.61,965,35
2026.06.05 16:30:00,4329.47,4330.05,4323.3,4328.72,999,35
2026.06.05 16:35:00,4328.63,4332.22,4324.95,4331.7,977,35
2026.06.05 16:40:00,4331.69,4332.08,4326.07,4327.73,923,35
2026.06.05 16:45:00,4327.38,4334.34,4325.16,4333.9,991,35
2026.06.05 16:50:00,4333.94,4338.56,4333.18,4338.06,932,35
2026.06.05 16:55:00,4338.31,4344.82,4336.61,4344.49,996,35
2026.06.05 17:00:00,4344.56,4346.8,4339.49,4344.09,960,35
2026.06.05 17:05:00,4343.96,4343.96,4338.67,4339.12,923,43
2026.06.05 17:10:00,4339.14,4341.65,4336.5,4339.49,979,43
2026.06.05 17:15:00,4339.55,4342.15,4336.1,4338.49,956,43
2026.06.05 17:20:00,4338.51,4341.52,4336.02,4339.09,975,43
2026.06.05 17:25:00,4338.94,4342.89,4336.16,4342.28,1022,43
2026.06.05 17:30:00,4342.41,4343.74,4339.94,4342.99,947,43
2026.06.05 17:35:00,4342.98,4345.3,4339.57,4344.96,859,43
2026.06.05 17:40:00,4344.94,4347.46,4340.14,4341.12,918,43
2026.06.05 17:45:00,4341.04,4342.8,4337.57,4339.91,911,43
2026.06.05 17:50:00,4339.86,4343.59,4338.67,4343.36,915,43
2026.06.05 17:55:00,4343.34,4343.58,4341.07,4341.66,888,43
2026.06.05 18:00:00,4341.97,4342.05,4333.53,4333.56,945,43
2026.06.05 18:05:00,4333.65,4334.14,4329.46,4329.91,916,43
2026.06.05 18:10:00,4329.88,4331.45,4322.72,4322.72,958,43
2026.06.05 18:15:00,4322.7,4326.58,4321.51,4325.91,996,43
2026.06.05 18:20:00,4325.95,4330.03,4325.8,4327.22,970,43
2026.06.05 18:25:00,4327.16,4327.97,4322.87,4325.69,982,43
2026.06.05 18:30:00,4326.08,4326.96,4318.99,4325.1,990,43
2026.06.05 18:35:00,4325.03,4325.83,4319.07,4320.23,914,43
2026.06.05 18:40:00,4320.36,4321.18,4315.19,4318.02,900,43
2026.06.05 18:45:00,4317.92,4321.58,4316.0,4321.52,952,43
2026.06.05 18:50:00,4321.18,4321.18,4316.77,4320.6,946,43
2026.06.05 18:55:00,4319.87,4326.8,4318.94,4322.32,989,43
2026.06.05 19:00:00,4322.55,4323.65,4316.5,4320.76,979,43
2026.06.05 19:05:00,4320.61,4321.05,4316.32,4319.74,925,43
2026.06.05 19:10:00,4319.77,4320.07,4315.2,4315.3,935,43
2026.06.05 19:15:00,4315.17,4318.84,4313.83,4318.37,947,43
2026.06.05 19:20:00,4318.21,4321.71,4315.36,4319.08,1614,43
2026.06.05 19:25:00,4319.1,4324.21,4318.81,4323.76,1822,43
2026.06.05 19:30:00,4323.71,4325.03,4320.56,4322.88,1732,43
2026.06.05 19:35:00,4322.86,4324.74,4320.41,4322.14,1604,43
2026.06.05 19:40:00,4322.14,4322.23,4313.98,4318.69,1786,43
2026.06.05 19:45:00,4318.69,4322.26,4317.74,4320.65,1811,43
2026.06.05 19:50:00,4320.65,4323.75,4317.69,4318.42,1768,43
2026.06.05 19:55:00,4317.74,4321.17,4317.07,4318.6,1699,43
2026.06.05 20:00:00,4318.45,4318.79,4312.58,4313.54,1555,43
2026.06.05 20:05:00,4313.56,4314.6,4311.64,4313.8,1374,43
2026.06.05 20:10:00,4313.79,4316.71,4312.24,4315.43,1254,43
2026.06.05 20:15:00,4315.68,4316.64,4313.77,4315.35,1224,43
2026.06.05 20:20:00,4315.41,4319.87,4314.6,4319.74,1212,43
2026.06.05 20:25:00,4319.75,4326.21,4318.58,4322.51,1123,43
2026.06.05 20:30:00,4322.54,4323.62,4321.58,4322.39,1093,43
2026.06.05 20:35:00,4322.39,4325.12,4321.59,4322.78,1107,43
2026.06.05 20:40:00,4322.64,4324.8,4320.92,4323.96,1102,43
2026.06.05 20:45:00,4324.2,4329.9,4324.14,4327.48,1129,43
2026.06.05 20:50:00,4327.49,4329.95,4325.44,4327.93,1204,43
2026.06.05 20:55:00,4327.94,4331.13,4327.67,4328.01,593,43
2026.06.07 22:00:00,4329.86,4329.86,4309.98,4320.72,824,43
2026.06.07 22:05:00,4320.71,4320.91,4310.29,4318.68,1769,43
2026.06.07 22:10:00,4318.6,4330.28,4312.68,4329.82,1664,43
2026.06.07 22:15:00,4330.17,4330.51,4323.7,4327.11,1760,43
2026.06.07 22:20:00,4326.96,4329.12,4321.9,4322.84,1582,43
2026.06.07 22:25:00,4322.8,4324.13,4316.07,4316.63,1508,43
2026.06.07 22:30:00,4316.57,4323.26,4315.01,4323.16,1703,43
2026.06.07 22:35:00,4323.18,4328.87,4322.1,4325.69,1289,43
2026.06.07 22:40:00,4325.64,4326.64,4324.34,4325.88,1017,43
2026.06.07 22:45:00,4325.8,4326.0,4319.26,4322.48,1315,43
2026.06.07 22:50:00,4322.49,4326.62,4321.2,4323.16,1146,43
2026.06.07 22:55:00,4323.24,4323.24,4315.68,4317.17,1732,43
2026.06.07 23:00:00,4317.18,4326.79,4317.18,4325.8,1557,43
2026.06.07 23:05:00,4325.79,4327.09,4322.51,4326.64,1372,43
2026.06.07 23:10:00,4326.65,4334.1,4325.86,4330.7,1360,43
2026.06.07 23:15:00,4330.64,4334.03,4329.67,4331.14,1280,43
2026.06.07 23:20:00,4331.15,4331.76,4328.65,4330.21,1174,43
2026.06.07 23:25:00,4330.09,4334.43,4328.97,4333.91,1053,43
2026.06.07 23:30:00,4333.75,4336.41,4332.9,4333.79,1358,43
2026.06.07 23:35:00,4333.84,4337.64,4333.0,4336.62,1138,43
2026.06.07 23:40:00,4336.62,4340.34,4336.42,4338.9,1241,43
2026.06.07 23:45:00,4338.93,4342.96,4335.21,4341.9,1615,43
2026.06.07 23:50:00,4341.89,4343.68,4339.17,4343.16,1223,43
2026.06.07 23:55:00,4343.18,4346.85,4342.18,4343.91,1540,43
2026.06.08 00:00:00,4343.73,4346.69,4340.56,4344.59,1681,43
2026.06.08 00:05:00,4344.58,4345.78,4341.11,4345.33,1603,43
2026.06.08 00:10:00,4345.34,4345.55,4341.02,4343.58,1443,43
2026.06.08 00:15:00,4343.66,4347.76,4341.58,4347.52,1482,43
2026.06.08 00:20:00,4347.55,4352.28,4347.31,4350.88,1461,43
2026.06.08 00:25:00,4350.88,4353.45,4349.16,4351.4,1602,43
2026.06.08 00:30:00,4351.4,4352.36,4346.24,4349.07,1444,43
2026.06.08 00:35:00,4349.1,4351.89,4345.96,4347.71,1437,43
2026.06.08 00:40:00,4347.77,4348.73,4341.91,4345.27,1625,43
2026.06.08 00:45:00,4345.25,4345.66,4339.58,4342.47,1642,43
2026.06.08 00:50:00,4342.49,4343.33,4339.79,4341.52,1678,43
2026.06.08 00:55:00,4341.52,4345.3,4340.59,4342.17,1739,43
2026.06.08 01:00:00,4342.07,4345.63,4336.11,4339.19,2228,43
2026.06.08 01:05:00,4339.06,4340.92,4331.0,4336.5,2193,43
2026.06.08 01:10:00,4336.77,4337.6,4326.59,4326.97,2111,43
2026.06.08 01:15:00,4326.97,4327.43,4314.26,4317.85,2276,43
2026.06.08 01:20:00,4317.79,4325.02,4311.33,4321.75,2358,43
2026.06.08 01:25:00,4321.75,4323.21,4311.09,4314.42,2268,43
2026.06.08 01:30:00,4314.41,4317.79,4299.98,4315.34,2530,43
2026.06.08 01:35:00,4315.37,4317.65,4311.41,4317.13,2319,43
2026.06.08 01:40:00,4317.13,4327.2,4316.47,4326.03,2347,43
2026.06.08 01:45:00,4325.95,4329.63,4323.04,4323.64,2306,43
2026.06.08 01:50:00,4323.5,4327.95,4319.28,4324.31,2124,43
2026.06.08 01:55:00,4324.11,4328.46,4322.9,4325.57,2044,43
2026.06.08 02:00:00,4325.7,4330.58,4321.08,4322.74,2082,43
2026.06.08 02:05:00,4322.73,4324.44,4316.66,4318.76,2117,43
2026.06.08 02:10:00,4318.78,4319.0,4314.61,4316.68,1865,43
2026.06.08 02:15:00,4316.69,4319.63,4311.38,4312.14,1794,43
2026.06.08 02:20:00,4312.12,4316.37,4311.66,4316.28,1589,43
2026.06.08 02:25:00,4316.29,4316.93,4311.34,4314.84,1565,43
2026.06.08 02:30:00,4314.89,4316.78,4308.66,4309.63,2152,43
2026.06.08 02:35:00,4309.63,4312.37,4307.28,4311.82,1831,43
2026.06.08 02:40:00,4311.8,4317.69,4308.98,4315.83,1865,43
2026.06.08 02:45:00,4315.85,4320.71,4314.25,4317.26,1906,43
2026.06.08 02:50:00,4317.23,4317.74,4308.85,4311.8,1918,43
2026.06.08 02:55:00,4311.84,4315.52,4309.53,4310.52,1868,43
2026.06.08 03:00:00,4310.52,4314.13,4310.03,4311.1,1711,43
2026.06.08 03:05:00,4311.1,4311.89,4306.22,4308.49,1889,43
2026.06.08 03:10:00,4308.49,4308.55,4304.27,4304.77,1683,43
2026.06.08 03:15:00,4304.74,4307.9,4303.52,4307.45,1479,43
2026.06.08 03:20:00,4307.44,4311.85,4306.4,4310.62,1714,43
2026.06.08 03:25:00,4310.69,4310.82,4305.97,4307.19,1321,43
2026.06.08 03:30:00,4307.19,4309.38,4304.8,4306.95,1370,43
2026.06.08 03:35:00,4306.95,4308.83,4306.05,4307.59,1235,43
2026.06.08 03:40:00,4307.66,4309.89,4306.5,4309.8,1346,43
2026.06.08 03:45:00,4309.8,4313.43,4309.33,4312.24,1426,43
2026.06.08 03:50:00,4312.27,4317.03,4311.14,4314.97,1265,43
2026.06.08 03:55:00,4314.88,4316.79,4313.91,4316.79,1115,43
2026.06.08 04:00:00,4316.79,4320.41,4314.05,4314.68,1407,43
2026.06.08 04:05:00,4314.66,4319.04,4313.4,4317.92,1408,43
2026.06.08 04:10:00,4317.94,4319.34,4316.28,4318.62,1251,43
2026.06.08 04:15:00,4318.62,4321.65,4317.46,4318.53,1256,43
2026.06.08 04:20:00,4318.49,4318.84,4315.92,4317.87,1415,43
2026.06.08 04:25:00,4317.85,4320.74,4316.99,4319.8,1395,43
2026.06.08 04:30:00,4319.8,4320.21,4311.22,4313.3,1836,43
2026.06.08 04:35:00,4313.27,4313.8,4310.6,4311.12,1245,43
2026.06.08 04:40:00,4311.27,4311.94,4307.52,4307.57,806,43
2026.06.08 04:45:00,4307.57,4311.35,4307.56,4310.11,822,43
2026.06.08 04:50:00,4310.13,4313.89,4309.42,4311.49,828,43
2026.06.08 04:55:00,4311.45,4313.41,4308.76,4312.55,882,43
2026.06.08 05:00:00,4312.54,4316.0,4311.64,4315.24,882,43
2026.06.08 05:05:00,4315.21,4315.34,4309.48,4310.35,726,43
2026.06.08 05:10:00,4310.42,4311.71,4304.69,4304.69,780,43
2026.06.08 05:15:00,4304.45,4310.61,4304.34,4309.22,770,43
2026.06.08 05:20:00,4309.24,4313.87,4309.19,4311.13,777,43
2026.06.08 05:25:00,4311.19,4313.1,4308.96,4311.66,832,43
2026.06.08 05:30:00,4311.72,4312.59,4286.49,4286.96,1054,43
2026.06.08 05:35:00,4287.0,4290.79,4268.39,4290.54,1112,43
2026.06.08 05:40:00,4290.45,4292.8,4282.89,4287.98,1049,43
2026.06.08 05:45:00,4287.93,4292.09,4284.97,4286.67,1053,43
2026.06.08 05:50:00,4286.69,4295.75,4285.55,4289.61,1021,43
2026.06.08 05:55:00,4289.66,4294.93,4285.86,4291.9,955,43
2026.06.08 06:00:00,4292.26,4308.02,4292.23,4303.35,1032,43
2026.06.08 06:05:00,4303.49,4306.67,4299.51,4302.54,982,43
2026.06.08 06:10:00,4302.44,4306.19,4299.19,4303.7,939,43
2026.06.08 06:15:00,4303.52,4307.31,4299.56,4303.18,919,43
2026.06.08 06:20:00,4303.17,4311.31,4302.64,4308.35,962,43
2026.06.08 06:25:00,4308.26,4310.54,4305.34,4305.78,937,43
2026.06.08 06:30:00,4305.83,4306.31,4299.16,4299.16,938,43
2026.06.08 06:35:00,4299.17,4300.25,4295.15,4296.35,958,43
2026.06.08 06:40:00,4296.3,4299.96,4293.96,4298.24,936,43
2026.06.08 06:45:00,4298.04,4300.16,4296.02,4297.31,873,43
2026.06.08 06:50:00,4297.22,4300.75,4296.31,4297.67,917,43
2026.06.08 06:55:00,4297.58,4300.06,4293.07,4299.72,891,43
2026.06.08 07:00:00,4299.98,4302.7,4295.61,4299.08,977,35
2026.06.08 07:05:00,4299.25,4301.36,4294.76,4300.44,902,35
2026.06.08 07:10:00,4300.32,4308.18,4298.47,4305.09,925,35
2026.06.08 07:15:00,4305.11,4310.56,4300.2,4306.26,935,35
2026.06.08 07:20:00,4306.08,4315.03,4305.57,4314.15,884,35
2026.06.08 07:25:00,4314.06,4317.02,4305.7,4306.06,889,35
2026.06.08 07:30:00,4306.15,4309.13,4304.79,4308.11,878,35
2026.06.08 07:35:00,4308.29,4311.35,4304.11,4307.65,912,35
2026.06.08 07:40:00,4307.78,4307.78,4301.32,4301.77,865,35
2026.06.08 07:45:00,4301.79,4302.6,4298.42,4298.45,920,35
2026.06.08 07:50:00,4298.14,4299.25,4295.57,4296.46,851,35
2026.06.08 07:55:00,4296.42,4299.36,4294.31,4294.33,859,35
2026.06.08 08:00:00,4294.7,4296.98,4290.23,4293.22,942,35
2026.06.08 08:05:00,4293.23,4295.9,4289.62,4294.42,891,35
2026.06.08 08:10:00,4294.4,4295.86,4290.97,4291.67,843,35
2026.06.08 08:15:00,4291.65,4293.55,4288.63,4293.06,915,35
2026.06.08 08:20:00,4293.04,4293.18,4287.81,4288.57,849,35
2026.06.08 08:25:00,4288.55,4290.18,4285.32,4288.18,859,35
2026.06.08 08:30:00,4288.53,4291.97,4286.69,4291.19,906,35
2026.06.08 08:35:00,4291.23,4291.24,4286.38,4287.58,801,35
2026.06.08 08:40:00,4287.59,4291.15,4286.43,4290.66,891,35
2026.06.08 08:45:00,4290.37,4293.83,4289.49,4291.28,857,35
2026.06.08 08:50:00,4291.32,4293.27,4286.47,4288.32,832,35
2026.06.08 08:55:00,4288.06,4290.27,4285.42,4288.76,926,35
2026.06.08 09:00:00,4289.0,4292.09,4288.67,4290.75,864,35
2026.06.08 09:05:00,4290.7,4290.97,4284.28,4285.26,804,35
2026.06.08 09:10:00,4285.18,4289.0,4284.78,4288.98,769,35
2026.06.08 09:15:00,4288.77,4290.31,4287.06,4287.84,755,35
2026.06.08 09:20:00,4287.83,4290.87,4286.07,4286.5,750,35
2026.06.08 09:25:00,4286.51,4287.75,4279.4,4279.7,839,35
2026.06.08 09:30:00,4279.65,4280.89,4272.95,4273.82,954,35
2026.06.08 09:35:00,4273.78,4295.59,4273.5,4293.81,1019,35
2026.06.08 09:40:00,4293.39,4296.4,4289.55,4293.75,932,35
2026.06.08 09:45:00,4293.91,4301.65,4293.01,4301.17,917,35
2026.06.08 09:50:00,4301.14,4301.63,4291.58,4293.61,913,35
2026.06.08 09:55:00,4293.63,4295.61,4291.03,4294.26,846,35
2026.06.08 10:00:00,4295.03,4295.03,4286.6,4290.53,850,35
2026.06.08 10:05:00,4290.57,4297.46,4289.33,4294.91,836,35
2026.06.08 10:10:00,4294.88,4297.48,4293.59,4294.55,841,35
2026.06.08 10:15:00,4294.49,4295.9,4289.98,4290.06,857,35
2026.06.08 10:20:00,4290.14,4292.77,4289.71,4291.33,829,35
2026.06.08 10:25:00,4291.27,4295.21,4290.34,4293.63,804,35
2026.06.08 10:30:00,4293.65,4305.35,4292.19,4303.38,867,35
2026.06.08 10:35:00,4303.06,4305.52,4299.29,4299.76,939,35
2026.06.08 10:40:00,4299.84,4304.79,4299.24,4304.79,821,35
2026.06.08 10:45:00,4304.8,4304.95,4299.22,4300.48,856,35
2026.06.08 10:50:00,4300.52,4302.02,4298.32,4298.47,801,35
2026.06.08 10:55:00,4298.45,4302.99,4296.79,4301.95,830,35
2026.06.08 11:00:00,4301.65,4302.33,4297.1,4299.91,845,35
2026.06.08 11:05:00,4300.03,4306.49,4300.03,4306.49,783,35
2026.06.08 11:10:00,4306.29,4318.36,4304.67,4318.36,987,35
2026.06.08 11:15:00,4318.22,4327.86,4312.61,4327.06,1043,35
2026.06.08 11:20:00,4327.05,4330.88,4323.15,4324.88,998,35
2026.06.08 11:25:00,4325.14,4329.54,4322.26,4325.21,889,35
2026.06.08 11:30:00,4325.18,4333.2,4324.86,4329.98,956,35
2026.06.08 11:35:00,4329.8,4330.46,4324.32,4325.33,886,35
2026.06.08 11:40:00,4325.56,4327.4,4322.2,4324.0,878,35
2026.06.08 11:45:00,4324.06,4326.32,4321.29,4323.75,857,35
2026.06.08 11:50:00,4324.24,4328.51,4323.51,4326.6,852,35
2026.06.08 11:55:00,4326.61,4332.63,4325.14,4331.07,919,35
2026.06.08 12:00:00,4331.16,4334.61,4327.61,4330.41,964,35
2026.06.08 12:05:00,4330.39,4334.68,4327.48,4330.47,899,35
2026.06.08 12:10:00,4330.48,4330.97,4322.57,4322.83,873,35
2026.06.08 12:15:00,4322.25,4326.28,4320.2,4325.08,847,35
2026.06.08 12:20:00,4325.05,4329.84,4323.29,4328.88,896,35
2026.06.08 12:25:00,4328.88,4331.19,4327.94,4329.77,919,35
2026.06.08 12:30:00,4330.09,4334.67,4327.96,4328.18,918,35
2026.06.08 12:35:00,4328.15,4333.9,4327.56,4330.17,942,35
2026.06.08 12:40:00,4330.26,4339.32,4328.36,4335.68,951,35
2026.06.08 12:45:00,4335.75,4337.82,4332.28,4332.58,934,35
2026.06.08 12:50:00,4332.56,4333.64,4327.23,4329.95,898,35
2026.06.08 12:55:00,4330.14,4334.47,4328.77,4333.04,919,35
2026.06.08 13:00:00,4333.39,4334.84,4325.92,4329.01,1033,35
2026.06.08 13:05:00,4329.3,4330.3,4323.5,4324.17,955,35
2026.06.08 13:10:00,4324.59,4326.71,4323.19,4323.87,912,35
2026.06.08 13:15:00,4324.02,4325.72,4321.23,4325.26,940,35
2026.06.08 13:20:00,4325.41,4335.98,4325.27,4331.63,998,35
2026.06.08 13:25:00,4331.75,4333.7,4329.3,4331.18,919,35
2026.06.08 13:30:00,4331.2,4340.11,4331.02,4333.12,1096,35
2026.06.08 13:35:00,4333.17,4346.43,4332.53,4341.11,1130,35
2026.06.08 13:40:00,4340.46,4344.45,4335.26,4336.31,1102,35
2026.06.08 13:45:00,4336.76,4338.58,4332.59,4332.67,1084,35
2026.06.08 13:50:00,4332.74,4339.12,4328.38,4334.22,1067,35
2026.06.08 13:55:00,4334.14,4336.86,4326.18,4326.63,1051,35
2026.06.08 14:00:00,4326.87,4330.7,4322.17,4322.27,1066,35
2026.06.08 14:05:00,4322.55,4327.07,4319.12,4320.51,1065,35
2026.06.08 14:10:00,4320.61,4320.73,4316.67,4319.18,1045,35
2026.06.08 14:15:00,4319.4,4321.84,4316.89,4321.58,1039,35
2026.06.08 14:20:00,4321.59,4324.23,4317.14,4318.35,1043,35
2026.06.08 14:25:00,4318.46,4322.79,4315.89,4320.04,1052,35
2026.06.08 14:30:00,4319.63,4324.16,4318.62,4322.12,1028,35
2026.06.08 14:35:00,4322.09,4323.04,4314.98,4319.77,994,35
2026.06.08 14:40:00,4319.51,4323.29,4316.04,4322.9,1022,35
2026.06.08 14:45:00,4322.92,4328.28,4317.39,4317.58,1012,35
2026.06.08 14:50:00,4317.61,4326.96,4317.07,4326.41,1000,35
2026.06.08 14:55:00,4326.45,4331.32,4324.55,4330.71,945,35
2026.06.08 15:00:00,4331.04,4336.33,4328.84,4328.95,968,35
2026.06.08 15:05:00,4328.96,4330.71,4324.92,4328.45,939,35
2026.06.08 15:10:00,4328.35,4328.86,4325.21,4325.32,894,35
2026.06.08 15:15:00,4325.35,4332.19,4322.51,4331.58,963,35
2026.06.08 15:20:00,4331.96,4335.94,4329.24,4335.33,956,35
2026.06.08 15:25:00,4335.08,4335.08,4328.9,4330.81,995,35
2026.06.08 15:30:00,4330.89,4333.6,4328.53,4332.16,981,35
2026.06.08 15:35:00,4332.19,4337.35,4331.23,4336.51,933,35
2026.06.08 15:40:00,4336.53,4339.26,4335.23,4339.08,928,35
2026.06.08 15:45:00,4338.93,4340.92,4334.43,4335.3,907,35
2026.06.08 15:50:00,4335.33,4343.17,4335.33,4342.71,936,35
2026.06.08 15:55:00,4342.63,4345.56,4341.05,4341.6,928,35
2026.06.08 16:00:00,4341.75,4343.82,4338.75,4341.21,914,35
2026.06.08 16:05:00,4341.18,4343.22,4338.84,4339.77,927,35
2026.06.08 16:10:00,4339.78,4342.12,4338.08,4340.99,925,35
2026.06.08 16:15:00,4341.0,4343.89,4340.33,4342.91,917,35
2026.06.08 16:20:00,4342.99,4343.76,4339.68,4341.05,919,35
2026.06.08 16:25:00,4341.11,4343.04,4340.41,4340.88,883,35
2026.06.08 16:30:00,4341.32,4345.04,4340.7,4342.58,891,35
2026.06.08 16:35:00,4342.59,4346.37,4340.61,4341.3,862,35
2026.06.08 16:40:00,4341.29,4344.07,4340.67,4344.07,896,35
2026.06.08 16:45:00,4343.93,4346.05,4342.3,4344.82,832,35
2026.06.08 16:50:00,4345.16,4345.65,4337.92,4338.02,925,35
2026.06.08 16:55:00,4338.03,4341.52,4337.83,4340.64,893,35
2026.06.08 17:00:00,4340.69,4342.38,4336.79,4337.87,894,35
2026.06.08 17:05:00,4337.89,4342.02,4337.61,4338.48,891,43
2026.06.08 17:10:00,4338.47,4339.11,4336.25,4338.69,893,43
2026.06.08 17:15:00,4338.65,4340.21,4336.21,4338.23,913,43
2026.06.08 17:20:00,4338.2,4340.42,4335.16,4335.5,934,43
2026.06.08 17:25:00,4335.62,4340.29,4333.97,4339.1,930,43
2026.06.08 17:30:00,4339.12,4339.52,4333.6,4335.53,900,43
2026.06.08 17:35:00,4335.55,4335.95,4331.96,4334.86,916,43
2026.06.08 17:40:00,4334.82,4335.26,4333.66,4334.0,908,43
2026.06.08 17:45:00,4333.99,4337.0,4333.98,4336.94,912,43
2026.06.08 17:50:00,4336.95,4338.17,4336.05,4336.62,861,43
2026.06.08 17:55:00,4336.39,4339.26,4335.61,4339.13,900,43
2026.06.08 18:00:00,4339.0,4344.77,4338.51,4343.71,905,43
2026.06.08 18:05:00,4343.73,4345.27,4342.24,4343.54,929,43
2026.06.08 18:10:00,4343.75,4344.28,4341.02,4341.2,881,43
2026.06.08 18:15:00,4341.37,4343.74,4341.36,4342.31,944,43
2026.06.08 18:20:00,4342.33,4344.88,4341.72,4343.8,860,43
2026.06.08 18:25:00,4343.75,4345.79,4341.92,4342.49,914,43
2026.06.08 18:30:00,4342.48,4344.74,4340.45,4340.46,823,43
2026.06.08 18:35:00,4340.57,4341.55,4336.8,4337.09,854,43
2026.06.08 18:40:00,4337.04,4338.54,4336.27,4336.6,847,43
2026.06.08 18:45:00,4336.61,4336.91,4334.44,4334.54,830,43
2026.06.08 18:50:00,4334.48,4336.79,4332.99,4334.32,851,43
2026.06.08 18:55:00,4334.36,4336.01,4333.35,4334.53,877,43
2026.06.08 19:00:00,4334.38,4338.09,4333.97,4336.87,790,43
2026.06.08 19:05:00,4336.85,4336.86,4332.39,4332.41,819,43
2026.06.08 19:10:00,4332.39,4332.46,4329.54,4329.8,871,43
2026.06.08 19:15:00,4329.78,4331.55,4328.09,4328.7,883,43
2026.06.08 19:20:00,4328.71,4330.3,4326.59,4326.74,868,43
2026.06.08 19:25:00,4326.68,4328.21,4326.07,4327.63,862,43
2026.06.08 19:30:00,4327.66,4330.4,4326.2,4327.16,909,43
2026.06.08 19:35:00,4327.22,4328.36,4325.02,4325.82,845,43
2026.06.08 19:40:00,4325.67,4325.85,4324.15,4325.03,821,43
2026.06.08 19:45:00,4325.04,4327.47,4324.72,4327.06,836,43
2026.06.08 19:50:00,4327.7,4329.91,4327.63,4328.26,815,43
2026.06.08 19:55:00,4328.35,4328.96,4323.23,4326.5,966,43
2026.06.08 20:00:00,4327.26,4329.81,4326.49,4329.46,742,43
2026.06.08 20:05:00,4329.45,4329.67,4327.56,4327.76,491,43
2026.06.08 20:10:00,4327.89,4328.28,4326.33,4328.14,573,43
2026.06.08 20:15:00,4328.19,4328.19,4324.43,4325.8,578,43
2026.06.08 20:20:00,4325.51,4327.55,4325.26,4326.88,525,43
2026.06.08 20:25:00,4326.9,4326.97,4324.5,4326.41,538,43
2026.06.08 20:30:00,4326.44,4327.77,4325.5,4327.72,434,43
2026.06.08 20:35:00,4327.7,4328.37,4326.66,4327.5,453,52
2026.06.08 20:40:00,4327.51,4327.51,4325.31,4326.18,527,52
2026.06.08 20:45:00,4326.16,4327.31,4325.48,4327.26,446,52
2026.06.08 20:50:00,4327.25,4329.74,4326.77,4329.05,433,52
2026.06.08 20:55:00,4328.92,4329.85,4328.87,4329.12,239,48
2026.06.08 22:00:00,4330.5,4330.7,4326.55,4326.72,221,43
2026.06.08 22:05:00,4326.73,4327.94,4324.88,4326.85,336,43
2026.06.08 22:10:00,4326.84,4328.03,4324.38,4325.2,440,43
2026.06.08 22:15:00,4325.11,4325.19,4322.68,4324.5,565,43
2026.06.08 22:20:00,4324.48,4326.4,4324.38,4325.93,553,43
2026.06.08 22:25:00,4325.98,4327.18,4324.51,4325.09,536,43
2026.06.08 22:30:00,4324.93,4327.42,4324.93,4325.53,622,43
2026.06.08 22:35:00,4325.53,4326.55,4325.3,4325.82,429,43
2026.06.08 22:40:00,4325.83,4327.46,4324.97,4327.41,437,43
2026.06.08 22:45:00,4327.41,4327.91,4326.36,4326.92,420,43
2026.06.08 22:50:00,4326.85,4328.37,4326.08,4328.08,291,43
2026.06.08 22:55:00,4328.1,4328.86,4327.63,4327.81,405,43
2026.06.08 23:00:00,4327.86,4328.0,4327.18,4327.59,448,43
2026.06.08 23:05:00,4327.63,4327.69,4325.35,4326.39,376,43
2026.06.08 23:10:00,4326.39,4328.81,4325.67,4327.56,464,43
2026.06.08 23:15:00,4327.56,4328.37,4326.16,4327.28,469,43
2026.06.08 23:20:00,4327.29,4327.53,4325.1,4325.12,539,43
2026.06.08 23:25:00,4325.13,4325.13,4320.57,4320.81,539,43
2026.06.08 23:30:00,4320.75,4321.05,4315.49,4317.99,752,43
2026.06.08 23:35:00,4318.43,4322.09,4318.31,4321.84,631,43
2026.06.08 23:40:00,4321.82,4322.33,4319.23,4319.6,576,43
2026.06.08 23:45:00,4319.58,4319.98,4313.58,4313.78,811,43
2026.06.08 23:50:00,4313.79,4319.16,4312.83,4316.99,801,43
2026.06.08 23:55:00,4316.91,4317.84,4314.26,4317.68,916,43
2026.06.09 00:00:00,4317.71,4319.58,4315.37,4317.4,965,43
2026.06.09 00:05:00,4317.26,4321.63,4316.79,4318.45,936,43
2026.06.09 00:10:00,4318.4,4323.65,4318.4,4322.53,917,43
2026.06.09 00:15:00,4322.44,4323.36,4320.04,4320.14,928,43
2026.06.09 00:20:00,4320.06,4320.44,4317.29,4318.78,860,43
2026.06.09 00:25:00,4318.75,4319.45,4316.69,4316.7,807,43
2026.06.09 00:30:00,4316.7,4319.45,4315.07,4318.93,747,43
2026.06.09 00:35:00,4319.03,4322.86,4318.11,4318.98,786,43
2026.06.09 00:40:00,4318.97,4321.07,4317.59,4318.54,814,43
2026.06.09 00:45:00,4318.39,4318.94,4314.97,4316.93,662,43
2026.06.09 00:50:00,4316.96,4319.84,4315.76,4315.8,742,43
2026.06.09 00:55:00,4315.7,4321.06,4315.33,4319.78,773,43
2026.06.09 01:00:00,4319.74,4323.96,4318.53,4321.29,1027,43
2026.06.09 01:05:00,4321.04,4327.78,4320.61,4325.09,934,43
2026.06.09 01:10:00,4325.14,4326.71,4321.3,4323.87,864,43
2026.06.09 01:15:00,4323.88,4329.76,4322.29,4323.89,943,43
2026.06.09 01:20:00,4323.93,4332.16,4322.69,4327.51,925,43
2026.06.09 01:25:00,4327.5,4338.07,4327.42,4335.21,934,43
2026.06.09 01:30:00,4335.32,4337.94,4332.93,4336.96,907,43
2026.06.09 01:35:00,4337.01,4338.66,4334.27,4335.11,819,43
2026.06.09 01:40:00,4335.12,4338.33,4332.75,4335.71,863,43
2026.06.09 01:45:00,4335.75,4338.15,4333.84,4333.96,887,43
2026.06.09 01:50:00,4333.98,4337.23,4333.82,4336.65,881,43
2026.06.09 01:55:00,4336.54,4338.12,4333.06,4336.38,870,43
2026.06.09 02:00:00,4336.48,4336.72,4331.43,4332.62,861,43
2026.06.09 02:05:00,4332.59,4332.75,4328.12,4330.97,948,43
2026.06.09 02:10:00,4330.93,4333.35,4329.23,4332.75,805,43
2026.06.09 02:15:00,4332.67,4334.36,4329.99,4332.4,876,43
2026.06.09 02:20:00,4332.42,4335.4,4331.4,4334.36,822,43
2026.06.09 02:25:00,4334.38,4336.02,4332.13,4335.38,769,43
2026.06.09 02:30:00,4335.41,4339.56,4333.52,4335.53,833,43
2026.06.09 02:35:00,4335.25,4335.46,4330.96,4334.95,910,43
2026.06.09 02:40:00,4335.07,4338.65,4333.43,4338.65,824,43
2026.06.09 02:45:00,4338.51,4340.87,4337.39,4337.55,909,43
2026.06.09 02:50:00,4337.54,4340.32,4334.8,4338.59,884,43
2026.06.09 02:55:00,4338.63,4339.26,4334.85,4335.92,870,43
2026.06.09 03:00:00,4335.91,4337.53,4331.49,4331.83,851,43
2026.06.09 03:05:00,4331.8,4341.47,4330.96,4338.2,889,43
2026.06.09 03:10:00,4338.24,4340.11,4337.17,4338.64,769,43
2026.06.09 03:15:00,4338.64,4342.09,4338.59,4339.46,840,43
2026.06.09 03:20:00,4339.39,4340.07,4333.32,4334.72,822,43
2026.06.09 03:25:00,4334.62,4337.29,4334.14,4336.62,817,43
2026.06.09 03:30:00,4336.53,4337.91,4333.3,4333.91,728,43
2026.06.09 03:35:00,4333.87,4336.46,4333.58,4335.16,651,43
2026.06.09 03:40:00,4335.19,4338.17,4334.71,4337.59,639,43
2026.06.09 03:45:00,4337.59,4341.83,4337.59,4338.58,714,43
2026.06.09 03:50:00,4338.6,4340.24,4337.13,4339.46,617,43
2026.06.09 03:55:00,4339.43,4340.12,4334.44,4336.54,598,43
2026.06.09 04:00:00,4336.56,4336.56,4333.23,4335.32,673,43
2026.06.09 04:05:00,4335.3,4338.03,4334.79,4337.18,635,43
2026.06.09 04:10:00,4337.16,4339.29,4332.14,4332.19,687,43
2026.06.09 04:15:00,4332.16,4332.77,4329.39,4329.93,629,43
2026.06.09 04:20:00,4329.9,4331.42,4328.63,4331.06,618,43
2026.06.09 04:25:00,4331.08,4331.68,4329.13,4330.37,546,43
2026.06.09 04:30:00,4330.34,4330.47,4324.06,4325.11,750,43
2026.06.09 04:35:00,4325.15,4330.4,4325.15,4329.83,729,43
2026.06.09 04:40:00,4329.82,4329.83,4326.85,4328.09,589,43
2026.06.09 04:45:00,4327.95,4329.29,4326.85,4329.15,548,43
2026.06.09 04:50:00,4329.25,4331.45,4327.21,4327.55,621,43
2026.06.09 04:55:00,4327.57,4332.75,4326.17,4332.2,671,43
2026.06.09 05:00:00,4332.52,4336.52,4332.25,4336.14,599,43
2026.06.09 05:05:00,4336.14,4337.04,4332.39,4332.48,616,43
2026.06.09 05:10:00,4332.53,4334.27,4330.84,4331.28,705,43
2026.06.09 05:15:00,4331.29,4334.42,4330.84,4333.38,766,43
2026.06.09 05:20:00,4333.37,4335.36,4331.05,4333.38,734,43
2026.06.09 05:25:00,4333.39,4333.74,4332.03,4332.49,698,43
2026.06.09 05:30:00,4332.25,4344.19,4332.18,4342.66,1002,43
2026.06.09 05:35:00,4342.68,4343.98,4339.76,4343.36,947,43
2026.06.09 05:40:00,4343.38,4351.31,4342.41,4347.91,978,43
2026.06.09 05:45:00,4348.39,4348.93,4343.06,4346.37,943,43
2026.06.09 05:50:00,4346.29,4346.32,4343.07,4345.36,900,43
2026.06.09 05:55:00,4345.36,4345.36,4341.54,4343.33,897,43
2026.06.09 06:00:00,4343.23,4348.62,4342.7,4344.65,919,43
2026.06.09 06:05:00,4344.6,4346.75,4342.88,4343.92,863,43
2026.06.09 06:10:00,4344.02,4344.62,4339.99,4341.27,868,43
2026.06.09 06:15:00,4341.26,4343.63,4340.74,4342.69,820,43
2026.06.09 06:20:00,4342.62,4345.75,4340.82,4344.55,832,43
2026.06.09 06:25:00,4344.54,4345.23,4338.13,4338.99,894,43
2026.06.09 06:30:00,4339.18,4339.18,4331.7,4333.67,913,43
2026.06.09 06:35:00,4333.63,4339.32,4333.13,4337.76,876,43
2026.06.09 06:40:00,4337.77,4338.71,4334.34,4336.58,773,43
2026.06.09 06:45:00,4336.57,4340.14,4336.21,4339.54,815,43
2026.06.09 06:50:00,4339.62,4339.62,4334.71,4335.26,893,43
2026.06.09 06:55:00,4335.17,4336.14,4330.28,4330.54,857,43
2026.06.09 07:00:00,4330.32,4334.72,4328.59,4331.55,922,35
2026.06.09 07:05:00,4331.53,4333.68,4329.79,4332.37,874,35
2026.06.09 07:10:00,4332.42,4332.54,4326.73,4326.73,830,35
2026.06.09 07:15:00,4326.58,4329.73,4323.0,4328.73,908,35
2026.06.09 07:20:00,4328.72,4330.62,4325.77,4330.01,814,35
2026.06.09 07:25:00,4330.43,4332.12,4328.84,4331.02,830,35
2026.06.09 07:30:00,4331.01,4331.17,4325.54,4326.65,840,35
2026.06.09 07:35:00,4326.64,4326.65,4322.14,4325.5,847,35
2026.06.09 07:40:00,4325.53,4328.42,4324.88,4328.42,789,35
2026.06.09 07:45:00,4328.34,4330.16,4326.01,4326.26,749,35
2026.06.09 07:50:00,4326.12,4329.21,4325.15,4328.59,791,35
2026.06.09 07:55:00,4328.53,4328.68,4325.85,4326.49,715,35
2026.06.09 08:00:00,4326.54,4327.12,4322.73,4323.15,897,35
2026.06.09 08:05:00,4323.05,4326.82,4321.2,4326.45,858,35
2026.06.09 08:10:00,4326.68,4336.12,4326.35,4331.6,920,35
2026.06.09 08:15:00,4331.69,4335.13,4331.4,4332.3,892,35
2026.06.09 08:20:00,4332.26,4334.32,4331.95,4332.13,845,35
2026.06.09 08:25:00,4332.31,4335.47,4331.54,4334.34,905,35
2026.06.09 08:30:00,4334.52,4335.93,4331.01,4331.09,783,35
2026.06.09 08:35:00,4331.08,4334.73,4330.29,4334.37,716,35
2026.06.09 08:40:00,4334.42,4336.63,4333.12,4334.99,751,35
2026.06.09 08:45:00,4335.01,4335.32,4327.39,4328.14,794,35
2026.06.09 08:50:00,4328.16,4330.04,4325.81,4329.91,825,35
2026.06.09 08:55:00,4329.89,4330.54,4326.49,4326.49,751,35
2026.06.09 09:00:00,4326.48,4329.03,4325.1,4328.8,816,35
2026.06.09 09:05:00,4328.88,4330.5,4327.16,4330.06,791,35
2026.06.09 09:10:00,4330.06,4330.91,4327.54,4328.18,803,35
2026.06.09 09:15:00,4328.29,4330.54,4328.03,4329.95,741,35
2026.06.09 09:20:00,4329.9,4336.01,4329.7,4333.3,828,35
2026.06.09 09:25:00,4333.69,4334.35,4324.08,4326.8,868,35
2026.06.09 09:30:00,4326.23,4329.11,4325.64,4326.5,860,35
2026.06.09 09:35:00,4326.52,4330.98,4326.39,4329.13,757,35
2026.06.09 09:40:00,4329.18,4329.75,4325.05,4327.09,767,35
2026.06.09 09:45:00,4327.1,4330.18,4326.65,4329.76,767,35
2026.06.09 09:50:00,4329.78,4333.52,4329.61,4333.06,655,35
2026.06.09 09:55:00,4333.16,4333.36,4330.77,4332.12,645,35
2026.06.09 10:00:00,4331.96,4333.03,4330.14,4330.67,742,35
2026.06.09 10:05:00,4330.69,4331.14,4325.19,4327.16,816,35
2026.06.09 10:10:00,4326.63,4335.53,4326.5,4335.25,840,35
2026.06.09 10:15:00,4335.44,4336.35,4334.06,4334.71,834,35
2026.06.09 10:20:00,4334.69,4334.75,4331.25,4332.53,727,35
2026.06.09 10:25:00,4332.36,4336.75,4331.75,4333.62,763,35
2026.06.09 10:30:00,4333.75,4335.0,4332.21,4333.71,645,35
2026.06.09 10:35:00,4333.22,4333.93,4331.86,4331.91,629,35
2026.06.09 10:40:00,4331.93,4332.49,4329.69,4332.47,768,35
2026.06.09 10:45:00,4332.48,4333.0,4330.48,4330.59,698,35
2026.06.09 10:50:00,4330.62,4336.48,4330.23,4335.06,723,35
2026.06.09 10:55:00,4335.05,4340.57,4334.69,4339.06,786,35
2026.06.09 11:00:00,4338.75,4340.26,4335.58,4335.84,827,35
2026.06.09 11:05:00,4335.97,4338.89,4335.58,4337.09,746,35
2026.06.09 11:10:00,4337.36,4337.97,4335.93,4337.77,731,35
2026.06.09 11:15:00,4337.74,4339.3,4336.09,4339.13,787,35
2026.06.09 11:20:00,4339.14,4340.36,4337.07,4337.14,737,35
2026.06.09 11:25:00,4337.13,4338.73,4336.21,4338.56,732,35
2026.06.09 11:30:00,4338.67,4338.7,4336.83,4337.7,640,35
2026.06.09 11:35:00,4337.69,4338.23,4336.73,4337.3,688,35
2026.06.09 11:40:00,4337.08,4339.91,4336.99,4338.82,778,35
2026.06.09 11:45:00,4339.0,4340.52,4337.18,4340.05,791,35
2026.06.09 11:50:00,4340.06,4343.63,4340.06,4341.21,799,35
2026.06.09 11:55:00,4341.25,4343.28,4339.54,4339.79,695,35
2026.06.09 12:00:00,4339.81,4343.37,4339.64,4342.28,718,35
2026.06.09 12:05:00,4342.24,4343.91,4341.6,4343.63,720,35
2026.06.09 12:10:00,4343.62,4343.98,4340.8,4341.02,760,35
2026.06.09 12:15:00,4341.08,4342.86,4338.83,4342.82,817,35
2026.06.09 12:20:00,4342.8,4342.8,4337.02,4338.46,849,35
2026.06.09 12:25:00,4338.49,4339.6,4335.16,4335.9,807,35
2026.06.09 12:30:00,4335.74,4339.78,4334.7,4336.65,883,35
2026.06.09 12:35:00,4336.57,4341.25,4335.93,4340.45,833,35
2026.06.09 12:40:00,4340.36,4341.89,4338.79,4340.71,832,35
2026.06.09 12:45:00,4340.62,4344.14,4339.74,4341.22,818,35
2026.06.09 12:50:00,4341.23,4343.6,4337.17,4337.28,863,35
2026.06.09 12:55:00,4337.3,4341.77,4336.63,4341.27,851,35
2026.06.09 13:00:00,4341.91,4345.38,4338.01,4339.31,994,35
2026.06.09 13:05:00,4339.05,4344.18,4338.62,4341.31,958,35
2026.06.09 13:10:00,4341.42,4342.4,4339.65,4340.88,854,35
2026.06.09 13:15:00,4341.11,4341.92,4333.89,4333.89,934,35
2026.06.09 13:20:00,4333.76,4335.97,4331.58,4333.4,924,35
2026.06.09 13:25:00,4333.29,4335.33,4330.16,4330.77,955,35
2026.06.09 13:30:00,4330.76,4333.9,4328.69,4329.7,1031,35
2026.06.09 13:35:00,4329.97,4334.34,4329.44,4331.84,999,35
2026.06.09 13:40:00,4331.81,4331.91,4324.99,4330.13,972,35
2026.06.09 13:45:00,4329.91,4363.45,4329.06,4352.09,1060,35
2026.06.09 13:50:00,4352.12,4352.66,4333.58,4334.13,1087,35
2026.06.09 13:55:00,4334.03,4334.53,4326.43,4328.82,1031,35
2026.06.09 14:00:00,4328.64,4335.83,4326.49,4329.21,1052,35
2026.06.09 14:05:00,4329.13,4332.16,4324.78,4328.37,1050,35
2026.06.09 14:10:00,4328.06,4328.78,4319.6,4321.12,1074,35
2026.06.09 14:15:00,4321.0,4323.0,4305.87,4311.45,1118,35
2026.06.09 14:20:00,4311.5,4320.05,4309.29,4318.47,1097,35
2026.06.09 14:25:00,4318.66,4323.73,4315.81,4318.27,1078,35
2026.06.09 14:30:00,4317.5,4320.66,4310.08,4314.61,1118,35
2026.06.09 14:35:00,4314.62,4314.89,4302.5,4305.22,1080,35
2026.06.09 14:40:00,4305.24,4307.48,4284.97,4284.97,1099,35
2026.06.09 14:45:00,4284.87,4290.03,4278.34,4283.94,1154,35
2026.06.09 14:50:00,4283.79,4298.19,4281.61,4298.16,1128,35
2026.06.09 14:55:00,4297.88,4300.74,4292.76,4300.5,1070,35
2026.06.09 15:00:00,4300.8,4301.96,4291.22,4293.13,1071,35
2026.06.09 15:05:00,4293.67,4296.76,4290.01,4295.66,1074,35
2026.06.09 15:10:00,4295.68,4299.17,4289.74,4294.85,1066,35
2026.06.09 15:15:00,4294.61,4296.84,4291.19,4291.77,1004,35
2026.06.09 15:20:00,4291.45,4294.34,4284.96,4285.42,1055,35
2026.06.09 15:25:00,4285.44,4288.67,4276.87,4278.63,1099,35
2026.06.09 15:30:00,4278.79,4281.8,4263.54,4274.47,1160,35
2026.06.09 15:35:00,4274.67,4274.67,4263.03,4270.09,1144,35
2026.06.09 15:40:00,4269.84,4279.92,4269.17,4279.73,1113,35
2026.06.09 15:45:00,4279.87,4285.61,4278.22,4280.82,1056,35
2026.06.09 15:50:00,4280.36,4283.84,4276.36,4279.73,1077,35
2026.06.09 15:55:00,4279.8,4284.81,4272.18,4272.18,1068,35
2026.06.09 16:00:00,4272.1,4280.89,4270.8,4273.67,1043,35
2026.06.09 16:05:00,4273.22,4274.32,4260.67,4263.68,1104,35
2026.06.09 16:10:00,4263.31,4266.96,4258.23,4259.41,1103,35
2026.06.09 16:15:00,4259.51,4263.49,4252.92,4254.43,1119,35
2026.06.09 16:20:00,4254.32,4263.58,4252.98,4262.13,1091,35
2026.06.09 16:25:00,4261.87,4266.42,4261.28,4263.33,1076,35
2026.06.09 16:30:00,4262.86,4264.7,4259.94,4261.93,1065,35
2026.06.09 16:35:00,4261.91,4267.62,4236.7,4241.22,1099,35
2026.06.09 16:40:00,4241.08,4248.21,4236.46,4244.71,1173,35
2026.06.09 16:45:00,4244.24,4254.27,4243.92,4249.78,1126,35
2026.06.09 16:50:00,4249.09,4251.34,4238.72,4239.91,1105,35
2026.06.09 16:55:00,4239.95,4252.28,4239.75,4252.28,1070,35
2026.06.09 17:00:00,4252.31,4263.54,4251.01,4262.34,1062,43
2026.06.09 17:05:00,4262.33,4263.84,4258.57,4262.67,1088,43
2026.06.09 17:10:00,4262.78,4264.35,4257.55,4261.31,1067,43
2026.06.09 17:15:00,4260.39,4265.52,4258.6,4263.91,1015,43
2026.06.09 17:20:00,4263.22,4267.65,4262.5,4266.31,1035,43
2026.06.09 17:25:00,4266.14,4266.62,4260.68,4263.06,1034,43
2026.06.09 17:30:00,4263.01,4266.08,4260.89,4265.45,994,43
2026.06.09 17:35:00,4265.52,4266.17,4261.75,4262.8,991,43
2026.06.09 17:40:00,4262.7,4268.0,4261.97,4264.68,976,43
2026.06.09 17:45:00,4264.76,4266.65,4256.52,4257.12,1024,43
2026.06.09 17:50:00,4257.15,4259.99,4255.87,4258.34,971,43
2026.06.09 17:55:00,4258.3,4264.67,4258.1,4262.98,969,43
2026.06.09 18:00:00,4263.26,4265.55,4259.51,4262.36,951,43
2026.06.09 18:05:00,4262.25,4266.81,4260.71,4266.67,941,43
2026.06.09 18:10:00,4266.77,4266.8,4262.61,4265.25,978,43
2026.06.09 18:15:00,4265.2,4269.85,4262.77,4269.13,975,43
2026.06.09 18:20:00,4269.18,4274.09,4267.29,4273.29,971,43
2026.06.09 18:25:00,4273.35,4273.4,4267.8,4270.79,957,43
2026.06.09 18:30:00,4270.57,4273.9,4268.75,4270.59,934,43
2026.06.09 18:35:00,4270.75,4270.86,4268.29,4269.04,868,43
2026.06.09 18:40:00,4269.06,4269.95,4263.57,4264.16,944,43
2026.06.09 18:45:00,4264.32,4265.21,4262.25,4265.06,871,43
2026.06.09 18:50:00,4265.1,4268.02,4263.89,4265.86,868,43
2026.06.09 18:55:00,4265.89,4271.41,4265.36,4269.77,865,43
2026.06.09 19:00:00,4269.9,4270.55,4266.25,4269.68,913,43
2026.06.09 19:05:00,4269.54,4271.56,4264.77,4264.99,930,43
2026.06.09 19:10:00,4264.91,4264.91,4257.87,4258.64,881,43
2026.06.09 19:15:00,4258.54,4258.86,4254.73,4255.27,975,43
2026.06.09 19:20:00,4255.3,4256.29,4252.73,4255.55,967,43
2026.06.09 19:25:00,4255.57,4257.78,4253.97,4257.25,939,43
2026.06.09 19:30:00,4257.13,4260.03,4256.31,4259.41,939,43
2026.06.09 19:35:00,4259.38,4259.74,4252.62,4253.52,946,43
2026.06.09 19:40:00,4253.53,4253.53,4250.07,4250.89,952,43
2026.06.09 19:45:00,4250.91,4252.45,4249.83,4250.86,915,43
2026.06.09 19:50:00,4250.97,4258.86,4250.97,4258.82,1003,43
2026.06.09 19:55:00,4258.86,4259.6,4256.24,4258.56,973,43
2026.06.09 20:00:00,4258.81,4261.0,4255.58,4260.64,855,43
2026.06.09 20:05:00,4260.69,4260.69,4257.19,4257.49,726,43
2026.06.09 20:10:00,4257.46,4259.28,4256.62,4258.36,662,43
2026.06.09 20:15:00,4258.33,4260.32,4258.03,4258.57,614,43
2026.06.09 20:20:00,4258.75,4259.66,4257.78,4258.16,462,43
2026.06.09 20:25:00,4258.17,4259.88,4258.0,4258.95,454,43
2026.06.09 20:30:00,4258.9,4259.05,4257.58,4257.73,402,43
2026.06.09 20:35:00,4257.74,4260.82,4257.74,4260.26,460,52
2026.06.09 20:40:00,4260.39,4261.84,4260.15,4261.27,526,52
2026.06.09 20:45:00,4261.33,4261.97,4260.28,4261.63,516,52
2026.06.09 20:50:00,4261.6,4261.66,4259.56,4260.1,368,52
2026.06.09 20:55:00,4260.12,4260.58,4258.73,4258.82,261,48
2026.06.09 22:00:00,4255.5,4256.16,4251.07,4255.78,236,43
2026.06.09 22:05:00,4255.42,4256.66,4250.92,4253.43,556,43
2026.06.09 22:10:00,4253.51,4256.47,4252.99,4255.18,521,43
2026.06.09 22:15:00,4255.2,4256.04,4252.95,4253.55,508,43
2026.06.09 22:20:00,4253.43,4256.14,4253.3,4254.25,548,43
2026.06.09 22:25:00,4254.16,4256.57,4253.07,4256.54,505,43
2026.06.09 22:30:00,4256.55,4257.18,4252.34,4253.22,657,43
2026.06.09 22:35:00,4253.14,4254.49,4250.29,4252.92,715,43
2026.06.09 22:40:00,4252.74,4254.91,4247.68,4249.04,985,43
2026.06.09 22:45:00,4249.1,4249.86,4237.32,4239.09,1029,43
2026.06.09 22:50:00,4239.11,4240.85,4232.25,4234.94,1100,43
2026.06.09 22:55:00,4234.99,4237.97,4233.95,4237.16,801,43
2026.06.09 23:00:00,4237.06,4246.32,4235.5,4246.04,809,43
2026.06.09 23:05:00,4245.99,4247.13,4241.56,4241.59,781,43
2026.06.09 23:10:00,4241.58,4242.63,4235.54,4235.96,954,43
2026.06.09 23:15:00,4235.97,4236.42,4227.77,4232.97,1092,43
2026.06.09 23:20:00,4232.51,4234.37,4225.52,4227.33,868,43
2026.06.09 23:25:00,4227.39,4227.97,4222.8,4224.1,917,43
2026.06.09 23:30:00,4224.15,4229.79,4221.68,4225.56,930,43
2026.06.09 23:35:00,4225.61,4226.16,4221.35,4221.72,873,43
2026.06.09 23:40:00,4221.92,4224.35,4216.33,4218.4,994,43
2026.06.09 23:45:00,4218.42,4218.42,4211.34,4213.12,1240,43
2026.06.09 23:50:00,4213.17,4221.13,4210.39,4220.75,1179,43
2026.06.09 23:55:00,4220.76,4224.53,4217.78,4221.84,1189,43
2026.06.10 00:00:00,4221.88,4223.8,4218.39,4220.6,974,43
2026.06.10 00:05:00,4220.45,4226.58,4219.29,4225.41,976,43
2026.06.10 00:10:00,4224.69,4225.63,4216.54,4224.94,1007,43
2026.06.10 00:15:00,4224.68,4228.1,4218.41,4227.42,946,43
2026.06.10 00:20:00,4227.43,4228.23,4222.77,4225.05,933,43
2026.06.10 00:25:00,4225.07,4225.45,4217.96,4218.02,979,43
2026.06.10 00:30:00,4217.95,4218.87,4205.72,4206.19,1015,43
2026.06.10 00:35:00,4205.95,4209.3,4201.84,4207.71,1015,43
2026.06.10 00:40:00,4207.86,4208.24,4198.9,4204.19,990,43
2026.06.10 00:45:00,4204.73,4205.91,4199.76,4203.69,935,43
2026.06.10 00:50:00,4203.57,4208.49,4200.47,4207.31,981,43
2026.06.10 00:55:00,4207.34,4220.58,4207.3,4218.04,974,43
2026.06.10 01:00:00,4218.76,4218.76,4194.44,4194.44,1088,43
2026.06.10 01:05:00,4194.47,4199.52,4187.31,4195.09,1077,43
2026.06.10 01:10:00,4195.27,4206.46,4193.65,4203.27,1032,43
2026.06.10 01:15:00,4203.09,4216.38,4200.56,4213.03,1019,43
2026.06.10 01:20:00,4213.31,4213.31,4199.15,4200.79,1029,43
2026.06.10 01:25:00,4201.14,4204.31,4197.32,4201.81,983,43
2026.06.10 01:30:00,4201.79,4204.57,4196.19,4202.43,1047,43
2026.06.10 01:35:00,4202.33,4206.56,4197.64,4200.51,1032,43
2026.06.10 01:40:00,4200.6,4201.99,4184.48,4187.06,1033,43
2026.06.10 01:45:00,4186.98,4193.42,4184.26,4192.81,989,43
2026.06.10 01:50:00,4192.53,4195.36,4183.75,4191.91,967,43
2026.06.10 01:55:00,4191.89,4192.75,4187.26,4188.58,954,43
2026.06.10 02:00:00,4188.56,4191.58,4183.83,4186.86,958,43
2026.06.10 02:05:00,4186.92,4186.99,4179.44,4181.01,1029,43
2026.06.10 02:10:00,4181.03,4186.24,4179.81,4182.63,1049,43
2026.06.10 02:15:00,4182.99,4186.47,4179.83,4180.77,924,43
2026.06.10 02:20:00,4180.81,4187.05,4180.01,4183.29,896,43
2026.06.10 02:25:00,4183.16,4188.28,4178.13,4187.91,904,43
2026.06.10 02:30:00,4188.26,4192.52,4174.02,4179.15,1048,43
2026.06.10 02:35:00,4179.13,4189.36,4178.69,4184.37,1134,43
2026.06.10 02:40:00,4184.63,4189.33,4180.29,4184.26,1007,43
2026.06.10 02:45:00,4184.2,4190.59,4183.43,4187.33,1148,43
2026.06.10 02:50:00,4187.46,4188.43,4173.81,4174.75,1171,43
2026.06.10 02:55:00,4174.75,4176.41,4173.14,4174.02,1083,43
2026.06.10 03:00:00,4173.92,4176.92,4172.84,4176.69,930,43
2026.06.10 03:05:00,4176.65,4180.67,4173.96,4175.27,1017,43
2026.06.10 03:10:00,4175.25,4178.45,4173.96,4178.14,902,43
2026.06.10 03:15:00,4178.26,4181.08,4175.42,4175.88,870,43
2026.06.10 03:20:00,4175.89,4176.18,4173.65,4175.01,892,43
2026.06.10 03:25:00,4175.03,4180.17,4174.79,4177.1,967,43
2026.06.10 03:30:00,4177.37,4180.63,4176.18,4180.28,840,43
2026.06.10 03:35:00,4179.92,4183.23,4176.61,4180.37,935,43
2026.06.10 03:40:00,4180.37,4182.6,4178.08,4179.72,869,43
2026.06.10 03:45:00,4179.68,4186.39,4179.49,4185.32,1014,43
2026.06.10 03:50:00,4184.94,4185.81,4182.17,4184.88,892,43
2026.06.10 03:55:00,4184.78,4184.99,4181.74,4184.78,875,43
2026.06.10 04:00:00,4184.73,4187.08,4181.96,4186.21,886,43
2026.06.10 04:05:00,4185.98,4186.48,4181.87,4184.25,827,43
2026.06.10 04:10:00,4184.23,4184.34,4180.62,4181.11,738,43
2026.06.10 04:15:00,4181.12,4182.18,4178.61,4181.45,832,43
2026.06.10 04:20:00,4181.39,4182.89,4176.33,4178.25,852,43
2026.06.10 04:25:00,4178.24,4180.36,4173.58,4174.34,918,43
2026.06.10 04:30:00,4174.36,4175.2,4172.98,4174.34,854,43
2026.06.10 04:35:00,4174.25,4175.24,4172.98,4174.68,817,43
2026.06.10 04:40:00,4174.71,4175.13,4173.05,4173.38,807,43
2026.06.10 04:45:00,4173.56,4175.03,4172.34,4173.84,785,43
2026.06.10 04:50:00,4173.87,4175.81,4173.58,4174.94,782,43
2026.06.10 04:55:00,4174.93,4175.83,4173.65,4174.72,799,43
2026.06.10 05:00:00,4174.94,4178.18,4173.32,4174.54,843,43
2026.06.10 05:05:00,4174.54,4178.94,4173.63,4176.37,929,43
2026.06.10 05:10:00,4176.52,4180.55,4175.38,4179.59,799,43
2026.06.10 05:15:00,4179.88,4180.29,4175.44,4176.55,802,43
2026.06.10 05:20:00,4176.49,4183.0,4175.83,4180.62,861,43
2026.06.10 05:25:00,4180.65,4187.15,4179.61,4187.01,822,43
2026.06.10 05:30:00,4188.01,4193.21,4181.63,4190.9,990,43
2026.06.10 05:35:00,4190.41,4194.61,4187.86,4194.12,1020,43
2026.06.10 05:40:00,4194.12,4198.76,4193.26,4197.98,1007,43
2026.06.10 05:45:00,4198.02,4205.33,4197.34,4202.57,1053,43
2026.06.10 05:50:00,4202.55,4206.46,4200.39,4203.66,996,43
2026.06.10 05:55:00,4203.69,4208.93,4203.63,4205.1,1106,43
2026.06.10 06:00:00,4205.28,4212.55,4205.07,4210.98,961,43
2026.06.10 06:05:00,4210.75,4221.74,4209.22,4213.9,978,43
2026.06.10 06:10:00,4214.1,4215.98,4209.18,4212.84,968,43
2026.06.10 06:15:00,4212.85,4215.41,4210.97,4214.3,901,43
2026.06.10 06:20:00,4214.32,4216.59,4208.23,4209.03,930,43
2026.06.10 06:25:00,4209.21,4215.95,4209.21,4211.78,891,43
2026.06.10 06:30:00,4211.35,4213.3,4208.05,4210.39,890,43
2026.06.10 06:35:00,4210.37,4211.95,4207.61,4208.98,910,43
2026.06.10 06:40:00,4208.94,4209.27,4204.96,4207.37,848,43
2026.06.10 06:45:00,4207.47,4209.66,4203.06,4203.08,918,43
2026.06.10 06:50:00,4203.15,4206.45,4201.69,4202.16,978,43
2026.06.10 06:55:00,4202.03,4205.77,4201.63,4203.73,929,43
2026.06.10 07:00:00,4203.6,4205.65,4201.25,4203.61,905,35
2026.06.10 07:05:00,4203.54,4207.52,4201.93,4207.11,876,35
2026.06.10 07:10:00,4206.41,4207.57,4197.33,4200.31,864,35
2026.06.10 07:15:00,4200.22,4202.92,4197.84,4198.66,824,35
2026.06.10 07:20:00,4198.6,4203.51,4198.07,4199.09,827,35
2026.06.10 07:25:00,4199.1,4199.1,4193.54,4194.8,864,35
2026.06.10 07:30:00,4194.71,4197.19,4191.74,4194.63,850,35
2026.06.10 07:35:00,4194.62,4195.58,4190.19,4190.6,850,35
2026.06.10 07:40:00,4190.2,4193.36,4187.83,4189.56,813,35
2026.06.10 07:45:00,4189.59,4192.81,4189.17,4190.23,885,35
2026.06.10 07:50:00,4189.97,4190.16,4181.63,4182.07,888,35
2026.06.10 07:55:00,4182.08,4187.6,4181.63,4186.39,894,35
2026.06.10 08:00:00,4186.07,4187.38,4161.33,4164.18,1026,35
2026.06.10 08:05:00,4164.22,4171.25,4161.94,4167.32,987,35
2026.06.10 08:10:00,4167.33,4172.11,4161.42,4166.32,952,35
2026.06.10 08:15:00,4166.62,4179.08,4166.06,4173.39,948,35
2026.06.10 08:20:00,4173.54,4174.58,4168.14,4170.89,942,35
2026.06.10 08:25:00,4170.97,4173.45,4169.37,4172.14,917,35
2026.06.10 08:30:00,4172.04,4172.15,4166.32,4168.04,875,35
2026.06.10 08:35:00,4168.07,4175.75,4168.07,4172.84,891,35
2026.06.10 08:40:00,4172.89,4179.17,4169.96,4170.44,883,35
2026.06.10 08:45:00,4170.43,4174.55,4166.42,4174.22,940,35
2026.06.10 08:50:00,4174.03,4176.39,4171.07,4171.08,896,35
2026.06.10 08:55:00,4171.21,4172.71,4167.69,4168.53,938,35
2026.06.10 09:00:00,4168.94,4169.57,4165.28,4167.06,912,35
2026.06.10 09:05:00,4166.94,4171.54,4166.41,4170.4,910,35
2026.06.10 09:10:00,4170.37,4174.1,4164.71,4165.08,896,35
2026.06.10 09:15:00,4165.04,4174.93,4164.39,4171.23,920,35
2026.06.10 09:20:00,4171.15,4171.17,4166.14,4168.28,870,35
2026.06.10 09:25:00,4168.25,4171.83,4164.22,4166.11,840,35
2026.06.10 09:30:00,4165.82,4177.39,4165.8,4176.88,925,35
2026.06.10 09:35:00,4176.69,4179.6,4171.19,4172.33,899,35
2026.06.10 09:40:00,4172.31,4172.76,4167.42,4171.41,908,35
2026.06.10 09:45:00,4171.45,4174.85,4165.88,4168.28,887,35
2026.06.10 09:50:00,4168.05,4168.59,4163.05,4166.05,897,35
2026.06.10 09:55:00,4165.76,4169.13,4165.28,4168.67,811,35
2026.06.10 10:00:00,4168.71,4171.08,4167.23,4169.23,814,35
2026.06.10 10:05:00,4169.24,4169.77,4155.66,4159.29,899,35
2026.06.10 10:10:00,4159.32,4162.3,4155.88,4160.98,892,35
2026.06.10 10:15:00,4160.91,4164.79,4159.57,4164.32,849,35
2026.06.10 10:20:00,4164.37,4169.71,4163.66,4166.68,882,35
2026.06.10 10:25:00,4166.7,4169.28,4162.61,4164.92,854,35
2026.06.10 10:30:00,4164.64,4168.9,4164.05,4165.02,845,35
2026.06.10 10:35:00,4165.04,4169.04,4164.58,4167.13,841,35
2026.06.10 10:40:00,4167.47,4171.4,4164.15,4171.4,858,35
2026.06.10 10:45:00,4171.43,4177.47,4169.72,4177.47,904,35
2026.06.10 10:50:00,4176.82,4178.52,4171.41,4171.69,925,35
2026.06.10 10:55:00,4171.57,4178.29,4171.43,4174.36,897,35
2026.06.10 11:00:00,4174.75,4176.03,4160.13,4161.02,966,35
2026.06.10 11:05:00,4161.3,4164.48,4153.47,4161.26,1066,35
2026.06.10 11:10:00,4161.27,4168.85,4161.0,4168.73,998,35
2026.06.10 11:15:00,4168.45,4171.62,4164.71,4164.81,959,35
2026.06.10 11:20:00,4164.74,4170.7,4163.67,4163.67,957,35
2026.06.10 11:25:00,4163.48,4166.52,4156.8,4166.47,1055,35
2026.06.10 11:30:00,4166.02,4167.84,4161.13,4164.76,983,35
2026.06.10 11:35:00,4164.75,4165.64,4156.23,4156.25,976,35
2026.06.10 11:40:00,4156.41,4160.0,4154.22,4154.43,961,35
2026.06.10 11:45:00,4154.44,4155.67,4152.23,4155.57,924,35
2026.06.10 11:50:00,4155.36,4163.31,4153.55,4154.44,979,35
2026.06.10 11:55:00,4154.62,4155.67,4145.73,4147.43,988,35
2026.06.10 12:00:00,4147.39,4152.44,4145.44,4146.89,998,35
2026.06.10 12:05:00,4147.18,4150.72,4144.64,4144.97,980,35
2026.06.10 12:10:00,4144.9,4145.02,4134.56,4136.2,1017,35
2026.06.10 12:15:00,4135.9,4142.75,4135.5,4136.29,986,35
2026.06.10 12:20:00,4136.22,4137.34,4133.88,4134.46,922,35
2026.06.10 12:25:00,4134.29,4142.0,4130.7,4140.74,981,35
2026.06.10 12:30:00,4141.45,4173.67,4139.86,4162.23,1176,35
2026.06.10 12:35:00,4162.61,4172.81,4155.82,4160.75,1131,35
2026.06.10 12:40:00,4160.86,4166.51,4155.18,4160.3,1103,35
2026.06.10 12:45:00,4160.54,4169.41,4156.22,4157.6,1094,35
2026.06.10 12:50:00,4157.99,4158.24,4148.78,4151.69,1078,35
2026.06.10 12:55:00,4151.78,4152.68,4142.23,4146.8,1061,35
2026.06.10 13:00:00,4146.92,4156.16,4144.88,4153.15,1085,35
2026.06.10 13:05:00,4152.98,4157.88,4148.64,4154.11,1052,35
2026.06.10 13:10:00,4154.46,4157.08,4148.94,4151.36,998,35
2026.06.10 13:15:00,4151.07,4151.07,4134.25,4135.63,1070,35
2026.06.10 13:20:00,4134.9,4146.27,4132.89,4144.28,1031,35
2026.06.10 13:25:00,4144.24,4151.0,4143.45,4149.68,1021,35
2026.06.10 13:30:00,4147.55,4153.71,4142.76,4142.76,1131,35
2026.06.10 13:35:00,4142.85,4168.81,4141.95,4166.13,1150,35
2026.06.10 13:40:00,4165.9,4177.91,4163.49,4177.91,1096,35
2026.06.10 13:45:00,4179.11,4185.56,4173.75,4185.56,1099,35
2026.06.10 13:50:00,4185.69,4186.1,4176.09,4179.96,1118,35
2026.06.10 13:55:00,4180.19,4183.87,4175.57,4179.49,1079,35
2026.06.10 14:00:00,4179.72,4180.84,4170.72,4171.55,1110,35
2026.06.10 14:05:00,4171.46,4176.31,4170.21,4173.39,1048,35
2026.06.10 14:10:00,4173.38,4179.91,4170.55,4174.2,1072,35
2026.06.10 14:15:00,4174.63,4175.21,4167.32,4168.37,1078,35
2026.06.10 14:20:00,4168.17,4172.85,4162.63,4170.29,1041,35
2026.06.10 14:25:00,4169.79,4171.5,4159.39,4161.16,1059,35
2026.06.10 14:30:00,4161.01,4163.25,4155.4,4160.16,1058,35
2026.06.10 14:35:00,4160.67,4162.39,4152.85,4157.75,1041,35
2026.06.10 14:40:00,4157.53,4161.32,4149.72,4149.79,1032,35
2026.06.10 14:45:00,4149.81,4151.53,4138.02,4140.37,1048,35
2026.06.10 14:50:00,4140.12,4142.77,4137.38,4138.04,1072,35
2026.06.10 14:55:00,4137.92,4138.72,4117.94,4124.83,1140,35
2026.06.10 15:00:00,4125.15,4136.42,4122.99,4129.03,1124,35
2026.06.10 15:05:00,4129.11,4129.18,4122.14,4126.48,1068,35
2026.06.10 15:10:00,4126.44,4127.32,4119.12,4123.45,1088,35
2026.06.10 15:15:00,4123.28,4124.05,4113.41,4115.52,1079,35
2026.06.10 15:20:00,4115.47,4133.79,4115.46,4130.29,1093,35
2026.06.10 15:25:00,4130.06,4136.85,4127.63,4127.76,1079,35
2026.06.10 15:30:00,4128.02,4131.09,4123.71,4128.06,1082,35
2026.06.10 15:35:00,4128.08,4130.65,4122.43,4124.5,1046,35
2026.06.10 15:40:00,4124.47,4129.92,4121.9,4128.67,1066,35
2026.06.10 15:45:00,4128.59,4131.06,4108.5,4118.09,1101,35
2026.06.10 15:50:00,4117.42,4125.7,4106.77,4120.31,1151,35
2026.06.10 15:55:00,4120.01,4128.93,4115.49,4128.77,1089,35
2026.06.10 16:00:00,4129.53,4131.59,4122.87,4126.73,1057,35
2026.06.10 16:05:00,4126.66,4131.22,4124.25,4130.09,1004,35
2026.06.10 16:10:00,4130.05,4132.9,4125.33,4129.22,997,35
2026.06.10 16:15:00,4129.1,4133.87,4127.93,4132.92,986,35
2026.06.10 16:20:00,4133.07,4134.57,4128.41,4129.73,996,35
2026.06.10 16:25:00,4129.9,4132.33,4125.96,4127.5,976,35
2026.06.10 16:30:00,4127.7,4129.96,4121.06,4129.12,1004,35
2026.06.10 16:35:00,4129.3,4132.08,4125.96,4127.87,1011,35
2026.06.10 16:40:00,4127.61,4128.18,4120.53,4122.19,966,35
2026.06.10 16:45:00,4122.0,4122.8,4115.95,4120.34,1004,35
2026.06.10 16:50:00,4120.05,4123.03,4117.89,4120.22,957,35
2026.06.10 16:55:00,4120.23,4122.14,4117.24,4121.87,947,35
2026.06.10 17:00:00,4121.85,4134.87,4121.31,4132.08,940,35
2026.06.10 17:05:00,4132.09,4132.3,4119.04,4120.08,991,43
2026.06.10 17:10:00,4119.95,4120.23,4114.69,4117.88,974,43
2026.06.10 17:15:00,4117.85,4120.06,4113.2,4113.67,953,43
2026.06.10 17:20:00,4113.78,4116.28,4110.02,4111.72,994,43
2026.06.10 17:25:00,4111.43,4115.22,4109.12,4110.91,977,43
2026.06.10 17:30:00,4111.0,4112.35,4105.68,4111.1,1015,43
2026.06.10 17:35:00,4111.09,4111.8,4104.97,4105.18,965,43
2026.06.10 17:40:00,4105.25,4106.27,4101.84,4102.24,932,43
2026.06.10 17:45:00,4102.3,4112.4,4100.79,4111.33,1046,43
2026.06.10 17:50:00,4111.27,4113.21,4104.99,4109.74,1024,43
2026.06.10 17:55:00,4109.68,4113.42,4109.23,4111.58,963,43
2026.06.10 18:00:00,4111.57,4120.35,4111.57,4119.72,980,43
2026.06.10 18:05:00,4119.7,4120.36,4114.35,4114.38,948,43
2026.06.10 18:10:00,4114.53,4117.69,4114.53,4115.79,902,43
2026.06.10 18:15:00,4115.78,4118.0,4110.26,4112.38,921,43
2026.06.10 18:20:00,4112.34,4114.95,4111.01,4112.71,906,43
2026.06.10 18:25:00,4112.68,4114.85,4109.58,4112.25,934,43
2026.06.10 18:30:00,4112.56,4112.56,4108.93,4109.19,920,43
2026.06.10 18:35:00,4109.1,4109.96,4106.51,4107.33,957,43
2026.06.10 18:40:00,4107.42,4109.85,4104.55,4104.85,915,43
2026.06.10 18:45:00,4104.94,4107.6,4104.08,4104.29,919,43
2026.06.10 18:50:00,4104.35,4104.36,4096.73,4101.37,966,43
2026.06.10 18:55:00,4101.36,4103.08,4099.06,4101.45,920,43
2026.06.10 19:00:00,4101.45,4101.91,4095.76,4096.16,930,43
2026.06.10 19:05:00,4096.04,4099.04,4094.73,4094.83,909,43
2026.06.10 19:10:00,4094.85,4094.87,4087.19,4088.8,932,43
2026.06.10 19:15:00,4088.83,4091.92,4087.42,4089.73,923,43
2026.06.10 19:20:00,4089.72,4089.96,4082.47,4084.81,933,43
2026.06.10 19:25:00,4084.62,4085.78,4081.44,4084.75,929,43
2026.06.10 19:30:00,4084.87,4088.9,4083.64,4086.18,967,43
2026.06.10 19:35:00,4086.19,4087.05,4082.12,4086.25,934,43
2026.06.10 19:40:00,4086.2,4091.83,4086.07,4091.45,913,43
2026.06.10 19:45:00,4091.41,4092.15,4085.52,4088.25,979,43
2026.06.10 19:50:00,4088.04,4091.47,4085.61,4087.17,967,43
2026.06.10 19:55:00,4086.64,4086.64,4081.61,4082.59,961,43
2026.06.10 20:00:00,4082.24,4082.9,4074.92,4077.45,1001,43
2026.06.10 20:05:00,4077.44,4077.78,4069.93,4071.02,913,43
2026.06.10 20:10:00,4070.98,4073.53,4069.16,4072.11,843,43
2026.06.10 20:15:00,4072.1,4074.57,4071.07,4073.88,817,43
2026.06.10 20:20:00,4073.85,4076.87,4073.04,4076.35,745,43
2026.06.10 20:25:00,4076.71,4079.91,4075.96,4078.28,730,43
2026.06.10 20:30:00,4078.26,4078.26,4074.39,4075.98,695,43
2026.06.10 20:35:00,4075.97,4078.04,4073.71,4076.23,565,52
2026.06.10 20:40:00,4076.08,4076.08,4071.28,4072.66,703,52
2026.06.10 20:45:00,4072.52,4072.59,4067.37,4067.77,773,52
2026.06.10 20:50:00,4067.73,4069.18,4066.97,4068.99,626,52
2026.06.10 20:55:00,4069.01,4071.32,4069.0,4070.52,484,48
2026.06.10 22:00:00,4070.19,4071.49,4058.72,4061.93,357,43
2026.06.10 22:05:00,4063.22,4063.32,4050.67,4050.95,975,43
2026.06.10 22:10:00,4051.07,4057.07,4050.22,4056.09,1015,43
2026.06.10 22:15:00,4056.36,4057.05,4042.83,4047.44,1156,43
2026.06.10 22:20:00,4047.45,4047.59,4036.1,4038.37,1150,43
2026.06.10 22:25:00,4038.4,4044.78,4036.12,4044.57,975,43
2026.06.10 22:30:00,4044.6,4054.32,4044.56,4050.57,1031,43
2026.06.10 22:35:00,4050.53,4066.04,4050.27,4065.21,953,43
2026.06.10 22:40:00,4065.23,4068.84,4060.06,4062.65,948,43
2026.06.10 22:45:00,4062.64,4066.55,4057.75,4061.96,1044,43
2026.06.10 22:50:00,4061.99,4064.15,4051.86,4053.51,1106,43
2026.06.10 22:55:00,4053.93,4054.05,4045.48,4046.17,1117,43
2026.06.10 23:00:00,4046.33,4053.76,4044.23,4049.48,950,43
2026.06.10 23:05:00,4049.49,4050.14,4038.7,4040.4,991,43
2026.06.10 23:10:00,4040.42,4042.35,4023.69,4029.73,1178,43
2026.06.10 23:15:00,4029.78,4041.9,4024.83,4039.02,1287,43
2026.06.10 23:20:00,4038.68,4047.35,4037.0,4043.26,1070,43
2026.06.10 23:25:00,4043.22,4064.61,4041.47,4061.49,1129,43
2026.06.10 23:30:00,4061.49,4063.88,4056.25,4057.86,1090,43
2026.06.10 23:35:00,4057.91,4063.37,4057.0,4060.66,860,43
2026.06.10 23:40:00,4060.65,4064.27,4054.66,4056.13,947,43
2026.06.10 23:45:00,4056.11,4057.27,4048.97,4050.07,1162,43
2026.06.10 23:50:00,4050.05,4052.26,4048.88,4050.98,998,43
2026.06.10 23:55:00,4050.72,4052.24,4044.48,4047.05,1155,43
2026.06.11 00:00:00,4048.17,4059.51,4041.12,4043.81,1054,43
2026.06.11 00:05:00,4043.79,4049.98,4039.74,4042.98,1040,43
2026.06.11 00:10:00,4042.88,4055.68,4036.23,4052.13,1021,43
2026.06.11 00:15:00,4052.4,4072.57,4049.83,4064.82,1096,43
2026.06.11 00:20:00,4064.85,4070.49,4061.16,4061.54,1029,43
2026.06.11 00:25:00,4061.64,4071.01,4057.45,4067.58,1023,43
2026.06.11 00:30:00,4067.13,4076.58,4061.74,4064.36,972,43
2026.06.11 00:35:00,4064.29,4068.69,4059.18,4063.29,957,43
2026.06.11 00:40:00,4063.28,4074.36,4062.13,4063.33,940,43
2026.06.11 00:45:00,4063.35,4071.28,4063.24,4071.23,961,43
2026.06.11 00:50:00,4071.12,4074.93,4068.6,4069.25,953,43
2026.06.11 00:55:00,4069.21,4077.94,4068.96,4075.66,981,43
2026.06.11 01:00:00,4075.63,4089.96,4072.78,4078.83,1118,43
2026.06.11 01:05:00,4078.72,4082.04,4066.25,4078.54,1089,43
2026.06.11 01:10:00,4078.49,4089.3,4078.47,4086.68,1050,43
2026.06.11 01:15:00,4086.46,4099.28,4085.51,4093.8,1041,43
2026.06.11 01:20:00,4093.18,4102.81,4092.01,4102.52,1087,43
2026.06.11 01:25:00,4102.44,4108.62,4101.67,4104.46,1079,43
2026.06.11 01:30:00,4104.41,4112.47,4103.8,4110.56,1093,43
2026.06.11 01:35:00,4110.62,4114.91,4109.55,4114.62,1031,43
2026.06.11 01:40:00,4114.61,4117.85,4110.09,4113.56,1032,43
2026.06.11 01:45:00,4113.67,4117.05,4106.26,4110.55,1088,43
2026.06.11 01:50:00,4110.53,4111.32,4103.49,4103.96,1163,43
2026.06.11 01:55:00,4103.57,4103.71,4097.86,4101.95,1062,43
2026.06.11 02:00:00,4101.97,4102.68,4094.49,4100.8,993,43
2026.06.11 02:05:00,4100.86,4100.86,4092.13,4094.78,1013,43
2026.06.11 02:10:00,4094.74,4097.49,4089.29,4089.57,1139,43
2026.06.11 02:15:00,4089.48,4095.76,4087.71,4093.88,1057,43
2026.06.11 02:20:00,4093.83,4094.32,4088.93,4090.02,931,43
2026.06.11 02:25:00,4090.04,4090.05,4081.67,4082.45,938,43
2026.06.11 02:30:00,4082.46,4085.11,4071.37,4073.25,1051,43
2026.06.11 02:35:00,4073.19,4076.31,4065.18,4067.02,1063,43
2026.06.11 02:40:00,4067.02,4067.83,4055.28,4059.47,1164,43
2026.06.11 02:45:00,4058.89,4059.82,4052.46,4054.89,1096,43
2026.06.11 02:50:00,4054.93,4063.96,4054.91,4062.52,1122,43
2026.06.11 02:55:00,4062.49,4073.29,4062.35,4067.84,1110,43
2026.06.11 03:00:00,4067.87,4075.41,4067.76,4074.92,1025,43
2026.06.11 03:05:00,4074.94,4078.47,4069.65,4076.32,1137,43
2026.06.11 03:10:00,4076.38,4076.38,4064.36,4065.4,1192,43
2026.06.11 03:15:00,4065.55,4071.22,4065.18,4065.44,1070,43
2026.06.11 03:20:00,4065.61,4065.69,4060.19,4062.56,1049,43
2026.06.11 03:25:00,4062.58,4063.88,4056.91,4063.13,1223,43
2026.06.11 03:30:00,4062.86,4067.87,4062.47,4067.3,938,43
2026.06.11 03:35:00,4067.46,4070.4,4064.34,4070.25,887,43
2026.06.11 03:40:00,4070.32,4071.76,4066.02,4067.37,963,43
2026.06.11 03:45:00,4067.37,4068.78,4064.89,4065.63,815,43
2026.06.11 03:50:00,4065.67,4075.53,4064.86,4072.8,966,43
2026.06.11 03:55:00,4072.84,4075.14,4071.99,4072.71,855,43
2026.06.11 04:00:00,4072.71,4075.71,4071.31,4072.59,913,43
2026.06.11 04:05:00,4072.6,4079.86,4070.01,4079.84,1038,43
2026.06.11 04:10:00,4079.92,4083.0,4077.92,4082.65,975,43
2026.06.11 04:15:00,4082.67,4083.33,4079.02,4081.41,963,43
2026.06.11 04:20:00,4081.39,4085.25,4079.96,4081.07,863,43
2026.06.11 04:25:00,4081.13,4082.04,4076.17,4077.52,892,43
2026.06.11 04:30:00,4077.49,4083.75,4077.49,4077.61,878,43
2026.06.11 04:35:00,4077.63,4079.46,4074.78,4078.61,846,43
2026.06.11 04:40:00,4078.5,4083.87,4078.28,4081.98,877,43
2026.06.11 04:45:00,4082.04,4085.72,4081.93,4083.26,847,43
2026.06.11 04:50:00,4083.24,4085.21,4079.55,4083.77,937,43
2026.06.11 04:55:00,4083.77,4084.94,4081.29,4082.51,814,43
2026.06.11 05:00:00,4082.54,4082.93,4075.25,4077.88,986,43
2026.06.11 05:05:00,4077.98,4080.58,4075.25,4079.23,923,43
2026.06.11 05:10:00,4079.28,4079.54,4076.44,4077.11,920,43
2026.06.11 05:15:00,4077.08,4080.98,4074.97,4079.18,962,43
2026.06.11 05:20:00,4079.19,4081.06,4076.34,4076.8,1012,43
2026.06.11 05:25:00,4076.7,4079.85,4072.5,4074.95,1047,43
2026.06.11 05:30:00,4074.95,4095.92,4074.38,4095.17,1091,43
2026.06.11 05:35:00,4095.11,4096.35,4090.5,4093.72,1094,43
2026.06.11 05:40:00,4093.86,4099.51,4093.86,4099.36,1128,43
2026.06.11 05:45:00,4099.27,4106.17,4096.16,4100.37,1104,43
2026.06.11 05:50:00,4100.35,4100.93,4093.38,4093.94,1055,43
2026.06.11 05:55:00,4093.9,4098.45,4093.63,4094.19,1028,43
2026.06.11 06:00:00,4094.02,4094.63,4084.45,4084.45,991,43
2026.06.11 06:05:00,4084.77,4085.59,4078.85,4080.68,1024,43
2026.06.11 06:10:00,4080.66,4084.34,4076.22,4084.21,978,43
2026.06.11 06:15:00,4084.19,4088.39,4081.73,4086.63,940,43
2026.06.11 06:20:00,4086.72,4091.1,4086.55,4091.02,942,43
2026.06.11 06:25:00,4091.08,4092.84,4086.07,4086.62,938,43
2026.06.11 06:30:00,4086.56,4087.91,4083.78,4084.05,914,43
2026.06.11 06:35:00,4084.21,4091.12,4082.91,4088.19,897,43
2026.06.11 06:40:00,4088.11,4092.72,4086.9,4092.66,834,43
2026.06.11 06:45:00,4092.83,4094.12,4090.95,4091.74,846,43
2026.06.11 06:50:00,4091.75,4097.46,4091.11,4097.46,966,43
2026.06.11 06:55:00,4097.44,4097.45,4091.77,4094.74,912,43
2026.06.11 07:00:00,4094.75,4097.75,4092.73,4094.76,960,35
2026.06.11 07:05:00,4094.79,4097.55,4092.96,4093.58,889,35
2026.06.11 07:10:00,4093.63,4098.33,4091.77,4096.71,908,35
2026.06.11 07:15:00,4096.61,4106.16,4096.32,4104.9,959,35
2026.06.11 07:20:00,4104.88,4107.95,4102.84,4107.73,915,35
2026.06.11 07:25:00,4107.72,4110.14,4106.35,4107.46,863,35
2026.06.11 07:30:00,4107.59,4110.51,4106.08,4107.15,870,35
2026.06.11 07:35:00,4107.44,4108.82,4101.67,4104.66,848,35
2026.06.11 07:40:00,4104.69,4109.36,4103.0,4107.5,869,35
2026.06.11 07:45:00,4107.48,4107.99,4103.34,4103.35,851,35
2026.06.11 07:50:00,4102.85,4104.15,4099.08,4102.92,907,35
2026.06.11 07:55:00,4102.93,4106.02,4102.59,4104.85,835,35
2026.06.11 08:00:00,4103.95,4112.14,4103.95,4106.17,924,35
2026.06.11 08:05:00,4106.21,4111.8,4105.25,4111.7,917,35
2026.06.11 08:10:00,4111.68,4112.54,4105.33,4106.1,916,35
2026.06.11 08:15:00,4106.35,4108.42,4102.9,4105.66,898,35
2026.06.11 08:20:00,4105.63,4105.63,4100.47,4102.8,932,35
2026.06.11 08:25:00,4102.94,4103.57,4097.08,4097.51,853,35
2026.06.11 08:30:00,4097.52,4097.95,4093.84,4095.33,927,35
2026.06.11 08:35:00,4095.34,4099.39,4094.7,4095.27,903,35
2026.06.11 08:40:00,4095.28,4096.84,4090.26,4090.59,846,35
2026.06.11 08:45:00,4090.46,4092.05,4088.82,4089.25,936,35
2026.06.11 08:50:00,4089.29,4091.69,4086.74,4086.81,863,35
2026.06.11 08:55:00,4086.83,4087.77,4084.52,4084.52,870,35
2026.06.11 09:00:00,4084.44,4087.37,4083.2,4085.17,870,35
2026.06.11 09:05:00,4085.25,4087.22,4080.84,4080.86,956,35
2026.06.11 09:10:00,4080.95,4087.39,4080.71,4086.06,900,35
2026.06.11 09:15:00,4085.93,4088.77,4085.17,4086.53,927,35
2026.06.11 09:20:00,4086.54,4086.54,4083.66,4084.99,888,35
2026.06.11 09:25:00,4084.95,4085.08,4078.94,4079.38,1027,35
2026.06.11 09:30:00,4079.27,4082.87,4077.33,4080.72,969,35
2026.06.11 09:35:00,4080.7,4088.63,4080.59,4088.6,914,35
2026.06.11 09:40:00,4088.58,4091.79,4087.48,4091.66,885,35
2026.06.11 09:45:00,4091.64,4096.24,4091.24,4093.91,842,35
2026.06.11 09:50:00,4093.95,4095.82,4090.21,4094.0,856,35
2026.06.11 09:55:00,4094.16,4094.69,4089.8,4091.52,788,35
2026.06.11 10:00:00,4091.51,4094.29,4089.72,4091.79,795,35
2026.06.11 10:05:00,4091.88,4094.06,4090.49,4090.49,826,35
2026.06.11 10:10:00,4090.54,4092.77,4088.11,4092.02,865,35
2026.06.11 10:15:00,4092.03,4093.08,4086.72,4086.76,849,35
2026.06.11 10:20:00,4086.92,4094.45,4086.8,4093.6,826,35
2026.06.11 10:25:00,4093.58,4093.61,4087.68,4087.86,875,35
2026.06.11 10:30:00,4087.64,4092.8,4086.45,4092.26,882,35
2026.06.11 10:35:00,4092.15,4092.9,4088.68,4090.78,812,35
2026.06.11 10:40:00,4090.83,4092.16,4089.49,4090.41,770,35
2026.06.11 10:45:00,4090.42,4091.39,4087.46,4088.42,759,35
2026.06.11 10:50:00,4088.49,4092.85,4088.45,4089.63,763,35
2026.06.11 10:55:00,4089.62,4091.39,4087.55,4089.78,826,35
2026.06.11 11:00:00,4089.8,4093.02,4086.75,4091.73,906,35
2026.06.11 11:05:00,4091.83,4093.09,4088.23,4091.15,924,35
2026.06.11 11:10:00,4091.17,4093.08,4086.18,4086.18,831,35
2026.06.11 11:15:00,4086.02,4089.43,4084.04,4086.68,920,35
2026.06.11 11:20:00,4086.71,4088.48,4083.25,4086.14,961,35
2026.06.11 11:25:00,4086.18,4091.16,4084.27,4090.19,898,35
2026.06.11 11:30:00,4090.15,4095.85,4087.95,4088.2,998,35
2026.06.11 11:35:00,4087.63,4088.82,4082.63,4083.47,938,35
2026.06.11 11:40:00,4083.72,4086.93,4081.68,4084.79,912,35
2026.06.11 11:45:00,4084.7,4086.23,4082.45,4084.99,933,35
2026.06.11 11:50:00,4085.04,4087.61,4084.4,4086.13,842,35
2026.06.11 11:55:00,4086.12,4087.32,4079.79,4080.25,930,35
2026.06.11 12:00:00,4080.24,4087.11,4078.24,4086.41,935,35
2026.06.11 12:05:00,4086.4,4086.77,4079.39,4079.77,906,35
2026.06.11 12:10:00,4079.78,4079.78,4072.75,4076.35,989,35
2026.06.11 12:15:00,4076.28,4081.94,4075.09,4075.15,924,35
2026.06.11 12:20:00,4075.54,4078.2,4061.36,4068.88,1063,35
2026.06.11 12:25:00,4069.11,4072.8,4062.88,4068.95,1025,35
2026.06.11 12:30:00,4068.9,4073.88,4057.57,4062.46,1075,35
2026.06.11 12:35:00,4062.05,4066.88,4057.76,4065.89,1039,35
2026.06.11 12:40:00,4066.14,4076.94,4064.95,4073.28,1033,35
2026.06.11 12:45:00,4073.03,4081.03,4069.97,4077.27,1021,35
2026.06.11 12:50:00,4077.31,4081.37,4073.17,4080.17,986,35
2026.06.11 12:55:00,4080.12,4085.04,4076.92,4081.78,993,35
2026.06.11 13:00:00,4082.24,4085.74,4077.84,4083.76,1060,35
2026.06.11 13:05:00,4083.78,4086.11,4078.88,4085.55,996,35
2026.06.11 13:10:00,4085.6,4085.88,4072.06,4073.07,1021,35
2026.06.11 13:15:00,4073.2,4077.31,4072.84,4072.9,986,35
2026.06.11 13:20:00,4072.76,4078.91,4072.74,4075.85,991,35
2026.06.11 13:25:00,4075.55,4081.8,4072.14,4075.29,975,35
2026.06.11 13:30:00,4075.1,4081.38,4071.84,4075.19,1142,35
2026.06.11 13:35:00,4075.24,4082.51,4068.25,4072.5,1113,35
2026.06.11 13:40:00,4072.48,4078.53,4067.02,4076.06,1124,35
2026.06.11 13:45:00,4076.36,4092.48,4073.49,4083.66,1153,35
2026.06.11 13:50:00,4083.85,4092.48,4083.85,4084.97,1101,35
2026.06.11 13:55:00,4085.51,4091.25,4082.49,4083.15,1092,35
2026.06.11 14:00:00,4083.17,4085.26,4075.71,4077.89,1071,35
2026.06.11 14:05:00,4077.69,4077.7,4060.49,4062.4,1106,35
2026.06.11 14:10:00,4062.51,4063.24,4052.82,4060.87,1123,35
2026.06.11 14:15:00,4061.06,4066.54,4056.16,4063.56,1107,35
2026.06.11 14:20:00,4063.39,4081.92,4063.0,4079.41,1095,35
2026.06.11 14:25:00,4079.44,4084.56,4073.77,4074.75,1099,35
2026.06.11 14:30:00,4074.74,4077.18,4070.54,4072.76,1100,35
2026.06.11 14:35:00,4072.37,4079.86,4071.0,4078.82,1076,35
2026.06.11 14:40:00,4078.81,4083.47,4076.14,4076.22,1058,35
2026.06.11 14:45:00,4076.37,4079.56,4072.77,4078.57,1049,35
2026.06.11 14:50:00,4078.17,4080.86,4073.64,4076.99,1053,35
2026.06.11 14:55:00,4076.93,4079.03,4072.12,4073.35,1071,35
2026.06.11 15:00:00,4073.42,4076.27,4070.26,4073.42,1088,35
2026.06.11 15:05:00,4073.56,4086.38,4072.09,4080.96,1095,35
2026.06.11 15:10:00,4080.9,4087.79,4079.75,4080.51,1078,35
2026.06.11 15:15:00,4080.57,4086.48,4079.65,4081.98,1016,35
2026.06.11 15:20:00,4081.84,4089.21,4076.69,4078.73,1038,35
2026.06.11 15:25:00,4078.88,4084.59,4074.71,4081.58,1021,35
2026.06.11 15:30:00,4081.5,4082.53,4077.33,4079.61,1031,35
2026.06.11 15:35:00,4079.59,4086.87,4078.67,4085.93,1016,35
2026.06.11 15:40:00,4085.82,4090.31,4085.82,4088.09,1010,35
2026.06.11 15:45:00,4088.23,4091.64,4087.69,4089.66,990,35
2026.06.11 15:50:00,4090.07,4095.28,4088.0,4090.38,967,35
2026.06.11 15:55:00,4090.41,4090.41,4085.91,4088.9,963,35
2026.06.11 16:00:00,4088.72,4093.19,4087.04,4087.38,986,35
2026.06.11 16:05:00,4087.55,4093.65,4086.67,4092.53,968,35
2026.06.11 16:10:00,4092.39,4103.24,4091.09,4102.58,1035,35
2026.06.11 16:15:00,4102.55,4107.47,4096.18,4096.83,995,35
2026.06.11 16:20:00,4097.01,4098.36,4087.27,4087.76,1004,35
2026.06.11 16:25:00,4087.72,4088.78,4079.16,4079.29,1002,35
2026.06.11 16:30:00,4079.08,4087.76,4078.31,4084.61,1012,35
2026.06.11 16:35:00,4084.38,4086.34,4081.57,4082.54,937,35
2026.06.11 16:40:00,4082.68,4085.18,4081.08,4081.92,921,35
2026.06.11 16:45:00,4081.74,4084.16,4080.2,4081.31,917,35
2026.06.11 16:50:00,4081.06,4082.34,4077.94,4079.59,944,35
2026.06.11 16:55:00,4079.69,4082.21,4079.22,4080.15,902,35
2026.06.11 17:00:00,4080.32,4080.68,4071.88,4074.66,972,43
2026.06.11 17:05:00,4074.67,4077.6,4074.28,4076.56,993,43
2026.06.11 17:10:00,4076.6,4078.66,4072.91,4075.92,927,43
2026.06.11 17:15:00,4075.9,4078.81,4074.33,4078.25,977,43
2026.06.11 17:20:00,4078.18,4081.13,4075.98,4080.33,959,43
2026.06.11 17:25:00,4080.32,4102.28,4078.3,4101.12,986,43
2026.06.11 17:30:00,4101.82,4149.56,4101.82,4149.03,1192,43
2026.06.11 17:35:00,4149.02,4154.61,4138.49,4150.38,1175,43
2026.06.11 17:40:00,4150.93,4169.86,4147.4,4166.5,1092,43
2026.06.11 17:45:00,4166.07,4166.35,4153.13,4153.98,1111,43
2026.06.11 17:50:00,4154.38,4161.31,4146.92,4153.23,1116,43
2026.06.11 17:55:00,4153.41,4157.03,4146.6,4151.66,1071,43
2026.06.11 18:00:00,4151.87,4155.47,4136.51,4138.65,856,43
2026.06.11 18:05:00,4138.51,4140.86,4131.24,4135.54,348,43
2026.06.11 18:10:00,4135.42,4146.72,4135.05,4146.72,870,43
2026.06.11 18:15:00,4146.53,4162.79,4145.14,4161.04,1058,43
2026.06.11 18:20:00,4161.13,4162.27,4151.12,4155.76,1095,43
2026.06.11 18:25:00,4155.65,4156.51,4150.47,4152.81,1072,43
2026.06.11 18:30:00,4153.06,4157.88,4149.15,4153.99,1042,43
2026.06.11 18:35:00,4153.96,4158.58,4152.68,4156.38,1013,43
2026.06.11 18:40:00,4156.43,4165.07,4155.1,4164.73,970,43
2026.06.11 18:45:00,4164.46,4171.6,4163.92,4167.95,983,43
2026.06.11 18:50:00,4167.94,4169.95,4164.05,4164.72,961,43
2026.06.11 18:55:00,4164.72,4165.36,4160.29,4161.75,966,43
2026.06.11 19:00:00,4162.05,4174.19,4162.05,4174.16,1023,43
2026.06.11 19:05:00,4174.03,4175.57,4169.51,4174.02,1021,43
2026.06.11 19:10:00,4173.95,4189.1,4172.97,4188.16,1079,43
2026.06.11 19:15:00,4188.31,4196.7,4186.08,4195.67,1047,43
2026.06.11 19:20:00,4195.65,4198.06,4188.57,4191.68,1033,43
2026.06.11 19:25:00,4191.23,4198.26,4189.15,4195.46,994,43
2026.06.11 19:30:00,4195.56,4214.85,4195.56,4214.85,1106,43
2026.06.11 19:35:00,4214.81,4219.77,4208.28,4208.34,1037,43
2026.06.11 19:40:00,4208.53,4217.5,4208.35,4210.1,1027,43
2026.06.11 19:45:00,4210.15,4214.94,4209.82,4210.18,973,43
2026.06.11 19:50:00,4210.41,4215.36,4209.05,4215.36,990,43
2026.06.11 19:55:00,4215.4,4215.4,4207.24,4208.81,966,43
2026.06.11 20:00:00,4209.28,4215.76,4208.13,4208.27,895,43
2026.06.11 20:05:00,4208.32,4216.3,4208.04,4214.77,867,43
2026.06.11 20:10:00,4214.74,4218.41,4212.07,4213.72,829,43
2026.06.11 20:15:00,4213.69,4214.81,4212.12,4213.26,764,43
2026.06.11 20:20:00,4213.24,4216.27,4212.7,4215.49,807,43
2026.06.11 20:25:00,4215.18,4215.44,4212.15,4213.96,773,43
2026.06.11 20:30:00,4215.29,4216.16,4212.06,4213.74,914,43
2026.06.11 20:35:00,4213.6,4215.49,4210.16,4210.95,849,52
2026.06.11 20:40:00,4211.38,4212.44,4209.51,4209.55,809,52
2026.06.11 20:45:00,4209.49,4211.83,4208.94,4211.08,691,52
2026.06.11 20:50:00,4211.09,4212.88,4210.04,4211.99,664,52
2026.06.11 20:55:00,4211.79,4212.26,4210.19,4210.27,353,48
2026.06.11 22:00:00,4218.62,4218.62,4205.64,4208.36,284,43
2026.06.11 22:05:00,4208.35,4210.85,4207.01,4209.34,567,43
2026.06.11 22:10:00,4209.33,4210.92,4206.97,4209.6,704,43
2026.06.11 22:15:00,4209.67,4210.9,4207.21,4208.19,679,43
2026.06.11 22:20:00,4208.12,4211.65,4205.65,4206.44,800,43
2026.06.11 22:25:00,4206.45,4215.83,4206.31,4214.93,657,43
2026.06.11 22:30:00,4214.9,4216.24,4211.26,4214.21,897,43
2026.06.11 22:35:00,4214.2,4215.54,4211.9,4215.54,688,43
2026.06.11 22:40:00,4215.63,4228.14,4215.11,4225.68,1058,43
2026.06.11 22:45:00,4225.55,4236.07,4225.18,4231.79,1175,43
2026.06.11 22:50:00,4231.68,4235.73,4224.59,4235.59,1149,43
2026.06.11 22:55:00,4235.53,4246.18,4233.03,4243.16,1127,43
2026.06.11 23:00:00,4243.2,4245.69,4224.59,4227.0,1196,43
2026.06.11 23:05:00,4227.0,4230.23,4223.4,4225.65,1040,43
2026.06.11 23:10:00,4225.71,4227.82,4221.45,4223.6,826,43
2026.06.11 23:15:00,4223.61,4226.4,4221.22,4222.29,915,43
2026.06.11 23:20:00,4222.31,4223.01,4215.69,4215.95,916,43
2026.06.11 23:25:00,4216.1,4218.01,4214.08,4215.93,856,43
2026.06.11 23:30:00,4216.42,4223.49,4214.45,4216.68,1011,43
2026.06.11 23:35:00,4216.74,4220.62,4214.51,4216.46,927,43
2026.06.11 23:40:00,4216.53,4220.6,4214.58,4219.36,877,43
2026.06.11 23:45:00,4219.34,4224.38,4217.21,4219.3,1059,43
2026.06.11 23:50:00,4219.31,4223.1,4215.16,4216.33,1084,43
2026.06.11 23:55:00,4216.35,4221.93,4216.18,4219.88,1023,43
2026.06.12 00:00:00,4219.78,4222.41,4212.6,4219.15,1028,43
2026.06.12 00:05:00,4218.67,4225.63,4215.76,4217.19,997,43
2026.06.12 00:10:00,4217.24,4218.85,4215.39,4216.81,938,43
2026.06.12 00:15:00,4216.75,4216.87,4207.3,4216.39,1040,43
2026.06.12 00:20:00,4216.42,4224.2,4214.89,4223.92,1043,43
2026.06.12 00:25:00,4223.83,4230.42,4220.12,4220.31,1107,43
2026.06.12 00:30:00,4220.29,4228.47,4219.72,4221.47,968,43
2026.06.12 00:35:00,4221.51,4223.99,4214.09,4214.76,973,43
2026.06.12 00:40:00,4214.74,4214.89,4202.64,4203.88,1047,43
2026.06.12 00:45:00,4203.9,4207.96,4201.09,4202.0,1030,43
2026.06.12 00:50:00,4201.97,4205.41,4200.66,4200.69,981,43
2026.06.12 00:55:00,4200.75,4208.29,4200.63,4208.24,1061,43
2026.06.12 01:00:00,4208.2,4210.54,4183.63,4184.69,1095,43
2026.06.12 01:05:00,4184.65,4193.38,4182.9,4192.99,1025,43
2026.06.12 01:10:00,4192.68,4193.05,4184.87,4187.0,1117,43
2026.06.12 01:15:00,4186.99,4193.73,4185.67,4189.24,1059,43
2026.06.12 01:20:00,4189.18,4192.23,4187.25,4189.35,1022,43
2026.06.12 01:25:00,4189.39,4189.6,4179.0,4181.01,1052,43
2026.06.12 01:30:00,4180.77,4186.73,4176.96,4179.82,1035,43
2026.06.12 01:35:00,4179.8,4180.43,4171.34,4178.95,1058,43
2026.06.12 01:40:00,4178.87,4183.64,4176.59,4179.33,1105,43
2026.06.12 01:45:00,4179.18,4191.31,4179.18,4191.29,1175,43
2026.06.12 01:50:00,4191.31,4191.31,4186.04,4186.3,1047,43
2026.06.12 01:55:00,4186.62,4189.61,4184.18,4188.42,584,43
